eid	origin	source	name	slot	rarity	groups	mechanic	status	also_seen_in	dupe_count
E0001	catalog	CARD_CATALOG	72 Transformations		Epic	skill;Magician;random;collection;meta	Cue: copy any spotlit card's skill; transformations are counted across the run, and at 72 this card permanently upgrades to Legendary stats.			0
E0002	catalog	CARD_CATALOG	Air		Uncommon	type;movement	Whenever its stack settles, this card floats to the top of its stack.			0
E0003	catalog	CARD_CATALOG	Ascetic		Uncommon	stamp;protection;hazard	Immune to row- and floor-targeting hazards.		designdocs	1
E0004	catalog	CARD_CATALOG	Audience Patience		Uncommon	rule;economy;combo	Each show, patience starts at N; each grab/place spends 1 patience, a unique effect trigger refunds 1; at 0 patience the Entrance drops automatically.			0
E0005	catalog	CARD_CATALOG	Automaton		Rare	type;charges;movement	Every Next this card performs its cue automatically for free, but it can never be cued manually.			0
E0006	catalog	CARD_CATALOG	Avalanche		Rare	skill;Special Effects;economy;combo	After scoring, reduces the show's goal by the number of cards currently on the board.			0
E0007	catalog	CARD_CATALOG	Bahurupiya		Rare	type;random;deck-manip	At the start of each show this card arrives as a random different class, deterministic per seed, counting for that class's group effects.			0
E0008	catalog	CARD_CATALOG	Balls		Common	suit;prop;status;combo	Ball props arc down the column, picking talent targets at spawn, and apply the Juggling status; a Juggling card pays out its column score when it later scores.	Added		0
E0009	catalog	CARD_CATALOG	Bauta		Rare	stamp;info;gamble;secret	This card's rarity and identity are hidden from inspections, towns, and effects until it scores.			0
E0010	catalog	CARD_CATALOG	Bian Lian		Rare	skill;Magician;Clown;movement;secret	Cue: instantly swap this card's rank and suit with an adjacent card's.			0
E0011	catalog	CARD_CATALOG	Blondin's Crossing		Rare	skill;Acrobat;movement;formation	Once per show: shift an entire row one column left or right, wrapping around the board edge.		designdocs	1
E0012	catalog	CARD_CATALOG	Blowdown		Rare	hazard;discard;random	Weather boss: at show start and each Next, a random seeded Grand Entrance card is discarded.		designdocs	1
E0013	catalog	CARD_CATALOG	Bottom Deal		Common	skill;Fortune Teller;deck-manip	Cue: this turn, draws come from the bottom of the deck instead of the top.			0
E0014	catalog	CARD_CATALOG	Brass Check		Common	stamp;economy;token;Producer	Whenever this card's effects trigger, mint a Gold token card onto the top of the draw deck.			0
E0015	catalog	CARD_CATALOG	Brass Ring		Rare	rule;combo;economy;movement	A token rotates one column per turn; if that column scores while the ring is on it, the meld pays double and a Ticket Stub is banked.			0
E0016	catalog	CARD_CATALOG	Brodie's Leap		Uncommon	skill;Escape Artist;gamble;economy;secret	Banks fame each show for a stunt that never happened; if ever exposed by an inspection effect, loses double everything banked.			0
E0017	catalog	CARD_CATALOG	Buried Alive		Rare	skill;Escape Artist;gamble;growth	Cue: remove a card from the game for 2 shows; it returns upgraded one rarity, with a seeded chance it does not return at all.			0
E0018	catalog	CARD_CATALOG	Canvas		Common	type;protection	The first debuff or status applied to this card each show is discarded.			0
E0019	catalog	CARD_CATALOG	Cascade Scorer		Common	rule;combo	On Submit, scores all rows of the board first, then all columns simultaneously per row band.			0
E0020	catalog	CARD_CATALOG	Cheat Day		Uncommon	skill;Concessions;growth;economy	If the show is won with cards still in the draw deck, every remaining card in the deck gains +1 rank permanently.			0
E0021	catalog	CARD_CATALOG	Chindon'ya		Uncommon	consumable;economy	Consumable: the next town's fame requirement drops 15%.		designdocs	1
E0022	catalog	CARD_CATALOG	Clever Hans		Uncommon	skill;Animal Trainer;formation;secret	Counts as a copy of its highest adjacent neighbor's rank; if it has no neighbors, its rank is 1.			0
E0023	catalog	CARD_CATALOG	Clown Car		Epic	skill;Clown;deck-manip;combo	On Next, draws one extra card into this card's column, plus one more per Clown-class card scored last submit.		designdocs	1
E0024	catalog	CARD_CATALOG	Colleano's Somersault		Uncommon	skill;Acrobat;movement;spotlight	Cue: swaps positions with the single card covering it.			0
E0025	catalog	CARD_CATALOG	Column Poker		Uncommon	skill;Special Effects;formation;combo	While spotlit, every full 5-card band of this card's column is evaluated as a poker hand at scoring.			0
E0026	catalog	CARD_CATALOG	Common		Common	skill;Producer;economy;meta	While in the deck, doubles the chance of Rare cards appearing in packs/shops.			0
E0027	catalog	CARD_CATALOG	Contract Ink		Uncommon	stamp;economy;persistence	Scores +X points per show it is played; if benched two shows in a row, it is removed from the deck.		designdocs	1
E0028	catalog	CARD_CATALOG	Custard Pie		Uncommon	skill;Clown;combo;prop	Cue: target card's suit becomes Balls; if that completes a flush row, gain bonus multiplier immediately.		designdocs	1
E0029	catalog	CARD_CATALOG	Dead Man's Hand		Legendary	rule;secret;gamble	Hidden rule: scoring two pair, Aces over Eights, in one row pays a jackpot and triggers a map event.			0
E0030	catalog	CARD_CATALOG	Dedi's Mercy		Rare	skill;Magician;protection;destruction	Once per show, when one of your cards is destroyed, restore it to the discard pile instead.			0
E0031	catalog	CARD_CATALOG	Deus ex Machina		Legendary	consumable;protection;meta	Consumable, once per run: when a show is lost, it is instead won at exactly the goal.			0
E0032	catalog	CARD_CATALOG	Diabolo		Uncommon	skill;Acrobat;movement;combo	Every Next, alternates between two adjacent columns, granting bonus points to the top card of the column it leaves.			0
E0033	catalog	CARD_CATALOG	Digital		Uncommon	type;protection	This card cannot be discarded from the board by any effect.			0
E0034	catalog	CARD_CATALOG	Double Trigger		Rare	stamp;combo	All of this card's effects trigger twice, once per scoring pass.			0
E0035	catalog	CARD_CATALOG	Drumroll		Common	skill;Special Effects;combo	The last meld scored each act gets bonus multiplier.			0
E0036	catalog	CARD_CATALOG	Duende		Legendary	skill;Special Effects;combo;secret	When an act scores 5 or more distinct combo classes and every meld that act raised the combo, this card triggers and triples the act's payout.			0
E0037	catalog	CARD_CATALOG	Earth		Uncommon	type;movement	Whenever its stack settles, this card sinks to the bottom of its stack, carrying its stamp with it.			0
E0038	catalog	CARD_CATALOG	Echoing Trigger		Uncommon	skill;meta-effect;combo	All triggers on the board repeat once, per card per scoring pass.		designdocs	1
E0039	catalog	CARD_CATALOG	Edith's Bayonet		Rare	skill;Escape Artist;destruction;growth	Cue: permanently destroy one Knives-suit card and add its rank to this card's own, forever.			0
E0040	catalog	CARD_CATALOG	Electric		Epic	suit;prop;formation;combo	When an Electric card scores, an arc prop hops card-to-card through orthogonally adjacent cards, adding points per link, until it reaches a gap.	Added		0
E0041	catalog	CARD_CATALOG	Epic		Epic	skill;Producer;economy;meta	While in the deck, doubles the chance of Legendary cards appearing in packs/shops.			0
E0042	catalog	CARD_CATALOG	Escaramuza		Uncommon	skill;Dancer;formation	When the board's column heights read the same left-to-right as right-to-left at scoring, gain bonus multiplier on the act.			0
E0043	catalog	CARD_CATALOG	Exchange Voucher		Uncommon	skill;Producer;movement;deck-manip	Usable from anywhere (including the deck): cue to swap this card's position with any card on screen.			0
E0044	catalog	CARD_CATALOG	Extra Point		Common	skill;meta-effect;combo	Gain extra flat points on score (currently +10).		designdocs	1
E0045	catalog	CARD_CATALOG	Eye of God		Legendary	skill;god-cycle;info;secret	Reveals all decks (including draw order), the hidden rules deck, and the true identity of every card, including Gaffs, Humbugs, and Riders.			0
E0046	catalog	CARD_CATALOG	Fairy Floss		Common	skill;Concessions;status;formation	When scored, gives +1 rank to all adjacent cards for the rest of the show.			0
E0047	catalog	CARD_CATALOG	Final Act		Rare	type;deck-manip;combo	After every shuffle, this card sinks below all non-Heavy cards and only enters play after the rest of the deck is drawn; it scores a bonus multiplier as the closer.			0
E0048	catalog	CARD_CATALOG	Firetown's Snub		Uncommon	hazard;prop;status	Town hazard: Flames-suit effects score nothing here, and Burning statuses do not multiply.			0
E0049	catalog	CARD_CATALOG	Fireworks		Epic	suit;prop;Special Effects;economy	When a Fireworks card scores, its rocket prop rises up the column and banks the column score directly.	Added		0
E0050	catalog	CARD_CATALOG	First Act		Uncommon	type;deck-manip	After every shuffle, this card moves to the top of the deck and enters play alone before any other card that Next.			0
E0051	catalog	CARD_CATALOG	First of May		Uncommon	skill;Producer;growth;event-granted	A random Common card that permanently upgrades to its Rare version after scoring 10 times across the run.			0
E0052	catalog	CARD_CATALOG	Flagpole Sitter		Uncommon	skill;Acrobat;persistence;formation	Gains bonus points for each consecutive show it ends as the top card of the same column; any move resets the streak to zero.			0
E0053	catalog	CARD_CATALOG	Flames		Common	suit;prop;status;combo	Fire props arc down the column applying Burning; a Burning card's suit effect fires with multiplied prop count, and fire cascades can chain within the same act.	Added		0
E0054	catalog	CARD_CATALOG	Flash		Uncommon	type;combo;gamble	The first time this card would score each show it scores triple; every later score that show is zero.			0
E0055	catalog	CARD_CATALOG	Flash Mob		Epic	skill;Acrobat;movement;formation	Cue, once per show: deploy the entire Grand Entrance onto the board in one action, columns assigned left-to-right automatically.			0
E0056	catalog	CARD_CATALOG	Flea Circus		Common	skill;Animal Trainer;combo	When scored, counts as five rank-1 cards for combo-counting purposes (not points).			0
E0057	catalog	CARD_CATALOG	Fool's License		Rare	skill;Clown;rule;secret	While spotlit, choose one rule card in the rules deck whose effect is ignored.			0
E0058	catalog	CARD_CATALOG	Foot of God		Legendary	skill;god-cycle;movement	Cue: this card switches locations with any card on screen (board, Entrance, or decks).			0
E0059	catalog	CARD_CATALOG	Frankenstein		Rare	skill;Magician;formation;persistence	On submit, merges with the cards directly above and below it into one 3-card stack of summed rank that stays in the zone after scoring.		designdocs	1
E0060	catalog	CARD_CATALOG	Free Undo		Common	rule;meta	Grants one free undo per turn that does not carry over.			0
E0061	catalog	CARD_CATALOG	Genie's Wish		Rare	consumable;deck-manip;collection	Consumable: choose any card in your deck and create a full copy of it in the Entrance for this show, which becomes permanent in the deck afterward.			0
E0062	catalog	CARD_CATALOG	Ghost Light		Uncommon	stamp;spotlight	This card does not block the Spotlight of cards beneath it; they stay active as if uncovered.		designdocs	2
E0063	catalog	CARD_CATALOG	Glass		Uncommon	type;destruction;gamble	Scores double points, and is destroyed permanently after its third score.			0
E0064	catalog	CARD_CATALOG	Global		Rare	stamp;spotlight;deck-manip	This card's modifiers are active from anywhere: board, Entrance, draw deck, or discard.			0
E0065	catalog	CARD_CATALOG	Gold		Rare	suit;economy;token;Producer	Gold-suit cards count as currency at full trade value in shops; when a Gold card scores, it mints a Heavy Gold token card to the deck bottom.	Modified (type instead of suit, effect is that it increases its own cost, is heavy) (gold gen should be its own talent)		0
E0066	catalog	CARD_CATALOG	Gold Card		Common	skill;Producer;economy;token	Money token: full trade value at shops, always sinks to the deck bottom (Heavy), and scores 0 in melds.			0
E0067	catalog	CARD_CATALOG	Golden Buzzer		Legendary	consumable;protection;meta	Consumable, once per run: skips one town's requirement entirely for an instant win with full rewards.			0
E0068	catalog	CARD_CATALOG	Grand Spec		Epic	skill;Special Effects;formation;combo	If all columns scored a meld this act, doubles the act's combo multiplier.			0
E0069	catalog	CARD_CATALOG	Grand Vanish		Epic	skill;Magician;protection;formation	Cue, once per show: hide an entire column so it cannot be seen, targeted, scored, or touched for one turn; it then returns with bonus points on every card.			0
E0070	catalog	CARD_CATALOG	Greasepaint		Uncommon	stamp;Clown	This card counts as a Clown-class card in addition to its own class.		designdocs	1
E0071	catalog	CARD_CATALOG	Grock's Instrument		Rare	skill;Clown;movement;gamble	Each act this card would score, it instead hops one column away and banks the points; when it has no legal hop left, it scores everything banked at once.			0
E0072	catalog	CARD_CATALOG	Half-Step		Uncommon	pip;movement;freakshow	This card has rank N and a half, letting it stack legally between rank N and N+1 in runs, but it never participates in poker melds.	Added (makes more sense as hat)		0
E0073	catalog	CARD_CATALOG	Hall of Mirrors		Epic	hazard;secret;formation	Boss: duplicates the board's reflection with fake copies of your cards interleaved into rows; they score 0.			0
E0074	catalog	CARD_CATALOG	Hanafuda Reskin		Rare	skill;Costume Designer;secret;protection	When a town outlaws a suit, all your cards of that suit count as the suit of the adjacent card for that show.			0
E0075	catalog	CARD_CATALOG	Hand of God		Legendary	skill;god-cycle;movement;deck-manip	Cue: move any card to any board location ignoring legality, or reorder the cards inside any deck.		designdocs	1
E0076	catalog	CARD_CATALOG	Harlequin		Rare	pip;prop;combo	This card counts as both of its printed suits for every comparison, meld, and suit effect, firing both suits' props.	vetoed (2 suit suit is boring)		0
E0077	catalog	CARD_CATALOG	Heavy		Common	type;deck-manip	After any shuffle or return to deck, this card sinks to the deck bottom.			0
E0078	catalog	CARD_CATALOG	Helium		Common	type;deck-manip	After any shuffle or return to deck, this card rises to the top and is always the first card drawn on Next.			0
E0079	catalog	CARD_CATALOG	Hey Rube!		Rare	hazard;status;formation	Boss: each submit, every card in the rightmost column gets Exhausted unless an Escape Artist-class card stands in that column.			0
E0080	catalog	CARD_CATALOG	Hikinuki		Uncommon	skill;Costume Designer;collection;combo	On scoring, swaps this card's stamp with any stamp held in reserve.			0
E0081	catalog	CARD_CATALOG	HONK		Common	skill;Clown;joke	Cue: makes a honk sound, with unlimited uses and no other effect.			0
E0082	catalog	CARD_CATALOG	Hoops		Common	suit;prop;combo	When a Hoops card scores, hoop props sweep the scored row and re-score every skill card they pass through; talented spawners suppress their own suit effect.	Added		0
E0083	catalog	CARD_CATALOG	Hooptown's Snub		Uncommon	hazard;prop	Town hazard: Hoops-suit effects score nothing here.			0
E0084	catalog	CARD_CATALOG	Hopak Burst		Uncommon	skill;Acrobat;Dancer;movement;formation	Cue, 1 charge per show: jumps this card's entire stack one row upward in its column, sliding everything beneath up.			0
E0085	catalog	CARD_CATALOG	Human Cannonball		Rare	skill;Acrobat;movement	Cue: fire the bottom card of any column to the top of any other column.		designdocs	1
E0086	catalog	CARD_CATALOG	Humbug		Rare	skill;Producer;secret;gamble	While covered, counts as a copy of the most valuable card in its row; when uncovered, is revealed as junk (rank 2, base score only).		designdocs	1
E0087	catalog	CARD_CATALOG	Hungry Hippo		Uncommon	skill;Animal Trainer;destruction;growth	Consumes cards dropped onto it, adding their rank to its own up to a cap of 13, and returns everything eaten at show end.		designdocs	1
E0088	catalog	CARD_CATALOG	Hype Poster		Uncommon	consumable;gamble;economy	Consumable: doubles the next show's fame requirement, in exchange for its rewards (pack quality, rarity odds) scaling up two tiers.			0
E0089	catalog	CARD_CATALOG	Input Column		Common	rule;movement	One per column: on Next, drops its upper-zone stack into the paired board column, then draws a card from the deck to refill.			0
E0090	catalog	CARD_CATALOG	Iron Body		Uncommon	stamp;protection	Immune to the first destruction or debuff that targets this card each show.		designdocs	1
E0091	catalog	CARD_CATALOG	Joey Grimaldi		Epic	leader;Clown;movement;combo	Leader: once per turn, freely swaps the ranks of any two adjacent cards without spending a cue.			0
E0092	catalog	CARD_CATALOG	John Robinson		Uncommon	hazard;economy	Elite hazard: the show is shortened to 2 submits instead of 3, with the goal unchanged.			0
E0093	catalog	CARD_CATALOG	Juggletown's Snub		Uncommon	hazard;prop;status	Town hazard: Balls-suit effects score nothing here, though Juggling statuses still apply.			0
E0094	catalog	CARD_CATALOG	Jumbo		Epic	skill;Animal Trainer;formation;movement	Heavy: no cards may be placed on this card, but it can be placed on anything; scores bonus points per card beneath it when scored.		designdocs	1
E0095	catalog	CARD_CATALOG	Karagöz & Hacivat		Rare	skill;Dancer;formation;spotlight	Bound pair: each gains bonus multiplier while they are in opposite zones (one in the Entrance, one on the board).			0
E0096	catalog	CARD_CATALOG	Kayfabe		Epic	rule;secret;gamble	While in play, all Gaff/Humbug/fake cards count as real and score as what they pretend to be; removing this card reverts that.			0
E0097	catalog	CARD_CATALOG	Klyaksa		Common	skill;Animal Trainer;Clown;token	Comes with a free rank-1 token card that shuffles into the deck and follows this card's column when drawn.			0
E0098	catalog	CARD_CATALOG	Knifetown's Snub		Uncommon	hazard;prop	Town hazard: Knives-suit effects score nothing here.			0
E0099	catalog	CARD_CATALOG	Knives		Common	suit;prop;economy	Knife props launch from the opposite row edge and score plain non-skill prop cards they pass; the spawner also scores itself.	Added	braindump	1
E0100	catalog	CARD_CATALOG	Kuroko		Rare	stamp;spotlight;protection	This card does not block Spotlight beneath it and cannot be targeted by boss or town effects.			0
E0101	catalog	CARD_CATALOG	Label		Uncommon	rule;info;secret	While this rule card is in the (normally hidden) rules deck, its effect text is announced on the board.			0
E0102	catalog	CARD_CATALOG	Liberty Horses		Uncommon	skill;Animal Trainer;deck-manip;formation	On Next, all Animal-class cards in the Grand Entrance rearrange into ascending rank order before dropping.			0
E0103	catalog	CARD_CATALOG	Lithograph		Rare	type;spotlight	While this card sits in the Grand Entrance its skill is active globally; on the board it has no effect.			0
E0104	catalog	CARD_CATALOG	Lloyd's Policy		Rare	stamp;protection;economy	The first time this card would be destroyed or debuffed, prevent it and mint 2 Gold tokens instead.		designdocs	1
E0105	catalog	CARD_CATALOG	Lot Lice		Common	hazard;economy	Town hazard: the first submit each show scores 0 fame.		designdocs	1
E0106	catalog	CARD_CATALOG	Lucky Streak		Uncommon	skill;Fortune Teller;meta;random	Grants +1 reroll per shop visit; after it activates, repeated actions for the rest of the show never repeat identical results.			0
E0107	catalog	CARD_CATALOG	Mabel's Tigers		Rare	skill;Animal Trainer;destruction;growth	Consumes prop (skill-less) cards dropped on it, gaining +1 rank per card eaten, with no cap, permanently.			0
E0108	catalog	CARD_CATALOG	Madame Zora's Eye		Rare	skill;Fortune Teller;info	The next card to be drawn is always visible above the deck slot while this card is anywhere in play.		designdocs	1
E0109	catalog	CARD_CATALOG	Mallakhamb Pole		Uncommon	skill;Acrobat;formation;combo	While spotlit, every card in this card's column gains bonus points per row of column height when the column scores.			0
E0110	catalog	CARD_CATALOG	Marked		Common	stamp;info;deck-manip	Always shows this card's position in the draw deck.			0
E0111	catalog	CARD_CATALOG	Marotte		Uncommon	stamp;destruction;protection	When this card is destroyed, a rank-1 copy of it (same skill, no stamp) survives in its place.			0
E0112	catalog	CARD_CATALOG	Maximum Effort		Uncommon	stamp;gamble;persistence	Doubles this card's points on score; afterward it is Exhausted (scores nothing) until a show passes in which it was never played.			0
E0113	catalog	CARD_CATALOG	Meal Call		Uncommon	skill;Concessions;status;protection	Cue, once per show: every card on the board removes one debuff or status.			0
E0114	catalog	CARD_CATALOG	Metamorphosis		Rare	skill;Magician;deck-manip;gamble	Cue: swap this card with any card in the draw deck (seen or unseen), taking its board position.		designdocs	1
E0115	catalog	CARD_CATALOG	Milk Can		Uncommon	skill;Escape Artist;protection;deck-manip	Cue: place one board card inside the can, safe and out of play; cue again on a later turn to retrieve it to the Entrance.			0
E0116	catalog	CARD_CATALOG	Misdirection		Uncommon	skill;Magician;spotlight	While spotlit, the topmost covered card in each adjacent column is also treated as spotlit.		designdocs	1
E0117	catalog	CARD_CATALOG	Mr. Punch		Uncommon	skill;Clown;destruction;combo	Each act, gains points for every adjacent card debuffed or destroyed.			0
E0118	catalog	CARD_CATALOG	Mud Show		Common	hazard;movement;economy	Town hazard: every stack pickup this show costs 1 discard from the deck top.			0
E0119	catalog	CARD_CATALOG	Mystery Box		Common	skill;Magician;random	On game start, this card becomes a random skill for the rest of the run, deterministic per seed.			0
E0120	catalog	CARD_CATALOG	Null		Uncommon	type;hazard;freakshow	Junk material inserted by hazards: occupies a slot, scores nothing, and melds nothing.			0
E0121	catalog	CARD_CATALOG	OG Grabber		Common	rule;movement	Default grab legality: a stack may be picked up if it is an ascending or descending run with no two same-suit cards adjacent.			0
E0122	catalog	CARD_CATALOG	OG Placer		Common	rule;movement	Default placement legality: a stack may be placed where the join continues a legal run without same-suit contact.			0
E0123	catalog	CARD_CATALOG	Outlawed		Rare	type;gamble;economy	In pious/lawful towns this card cannot score at all; everywhere else it scores double.			0
E0124	catalog	CARD_CATALOG	Pagliacci		Uncommon	skill;Clown;status;gamble	Gains bonus multiplier while this card carries any debuff or negative status.			0
E0125	catalog	CARD_CATALOG	Pandora's Box		Uncommon	skill;Magician;random	On game start becomes a random skill; on game end resets back to this skill.		braindump;designdocs	2
E0126	catalog	CARD_CATALOG	Paper		Common	type	Default material with no modifier behavior.	Added		0
E0127	catalog	CARD_CATALOG	Paper the House		Rare	consumable;protection;economy	Consumable: auto-passes one town's fame check, but grants zero fame and zero rewards from it.		designdocs	1
E0128	catalog	CARD_CATALOG	Peanut Pitch		Common	skill;Concessions;charges	Cue, 3 charges per show: gives bonus points to any one card on the board.			0
E0129	catalog	CARD_CATALOG	Pepper's Ghost		Rare	skill;Magician;formation;combo	While spotlit, an intangible duplicate of this card appears in the opposite zone; it scores in melds but cannot be touched, moved, or targeted.			0
E0130	catalog	CARD_CATALOG	Performance Rings		Rare	rule;formation;combo	Rows 1-5 pay 1x, rows 6-10 pay 2x, rows 11-15 pay 3x, and so on by board depth.			0
E0131	catalog	CARD_CATALOG	Pierrot		Uncommon	skill;Clown;Dancer;gamble	Gains bonus multiplier on odd-numbered shows of the tour; has no effect otherwise.			0
E0132	catalog	CARD_CATALOG	Pink Lemonade		Common	skill;Concessions;combo	When a Flames card and a Concessions card score in the same row, gain bonus points and draw 1 card.		designdocs	1
E0133	catalog	CARD_CATALOG	Poker Crown		Uncommon	skill;Special Effects;formation;combo	When scored, this card and the 4 cards directly above it in its column are also evaluated as a poker hand, once.			0
E0134	catalog	CARD_CATALOG	Poker Evaluator		Common	rule;combo	Evaluates each scored line for its best poker hand; only the best poker hand per line pays.			0
E0135	catalog	CARD_CATALOG	Popcorn Cascade		Uncommon	skill;Concessions;deck-manip;combo	Whenever a column of 4 or more cards scores, draw 1 card.			0
E0136	catalog	CARD_CATALOG	Presentation		Uncommon	skill;Dancer;combo;movement	While spotlit, each time a placed card's rank is higher than the last card placed, gain +1 combo for the act.			0
E0137	catalog	CARD_CATALOG	Press Bribery		Epic	skill;Producer;protection;gamble;meta	Once: on failing a city, keep touring as if it were won; if still unspent by the final city, converts to an automatic win there.			0
E0138	catalog	CARD_CATALOG	Psycho		Rare	skill;Magician;deck-manip;movement	Every Next, automatically plays the top card of the draw deck into this card's column.			0
E0139	catalog	CARD_CATALOG	Railroad Jump		Rare	hazard;destruction;meta	Map-edge hazard: traveling this route costs one card, permanently removed from the deck.			0
E0140	catalog	CARD_CATALOG	Rare		Rare	skill;Producer;economy;meta	While in the deck, doubles the chance of Epic cards appearing in packs/shops.			0
E0141	catalog	CARD_CATALOG	Revealing		Uncommon	stamp;spotlight	This card's modifiers stay active while covered.			0
E0142	catalog	CARD_CATALOG	Ring Column		Common	rule;formation	One per column: adds one board (lower zone) column at game creation; its rank equals which column it is.			0
E0143	catalog	CARD_CATALOG	Ringmaster's Grip		Rare	stamp;movement	This card and the stack it heads can always be picked up, regardless of stack legality.		designdocs	1
E0144	catalog	CARD_CATALOG	Roman Numerals		Common	pip;cosmetic	This card's rank displays as Roman numerals; melds, stacking and comparisons are unaffected.	Added		0
E0145	catalog	CARD_CATALOG	Rosin		Uncommon	type;movement;formation	Cards placed onto this card cannot be picked up again, but score +1 bonus per ring deeper than they stand.			0
E0146	catalog	CARD_CATALOG	Sawdust		Common	type;discard;Concessions	When this card is discarded from the board, its slot keeps a marker that gives the next card placed there bonus points on its first score.			0
E0147	catalog	CARD_CATALOG	Sawing in Half		Uncommon	skill;Magician;deck-manip;movement	Cue: split a target card into two same-suit cards of half rank (one rounded up, one down); this card exhausts for the show.		designdocs	1
E0148	catalog	CARD_CATALOG	Searing Knife		Rare	skill;Escape Artist;gamble;formation;hazard	When scored, its column pays 3x this act but is locked (no placement or grabs) for the next 2 turns.			0
E0149	catalog	CARD_CATALOG	Second Act		Uncommon	type;deck-manip	After every shuffle, this card is placed exactly at the deck's midpoint and enters play alone.			0
E0150	catalog	CARD_CATALOG	Self-Granted Title		Rare	stamp;economy;info	This card counts as one rarity higher for all effects and bonuses, but not for pack or shop pool rolls.			0
E0151	catalog	CARD_CATALOG	Sin of Gluttony		Epic	skill;Animal Trainer;destruction;growth	Consumes cards from anywhere (board, Entrance, or decks, via cue), with no cap, permanently gaining rank.			0
E0152	catalog	CARD_CATALOG	Slapstick		Common	skill;Clown;movement;combo	Cue: swap the ranks of this card and one adjacent card.		designdocs	1
E0153	catalog	CARD_CATALOG	Sliced Bread		Uncommon	skill;Special Effects;formation;combo	On submission, if a same-suit card sits lower in this card's stack, gain a point per card between them.		designdocs	1
E0154	catalog	CARD_CATALOG	Snake Oil		Common	consumable;gamble;status	Consumable: gives +3 rank to one card this show, with a seeded 1-in-4 chance of doing nothing.			0
E0155	catalog	CARD_CATALOG	Soundcheck		Uncommon	rule;movement;meta	At show start, grants one free move (grab and place one stack) before the first Next, without spending an act.			0
E0156	catalog	CARD_CATALOG	Spangle		Common	stamp;combo	The first time this card is part of any scored meld each act, it adds +1 to the act's combo.			0
E0157	catalog	CARD_CATALOG	Spiderweb		Uncommon	skill;Dancer;formation	When scored, gains +1 point per card diagonally adjacent to it.			0
E0158	catalog	CARD_CATALOG	Spirit Photo		Uncommon	consumable;gamble;token	Consumable: creates an intangible ghost copy of an owned card that plays for one show at half score, then disappears.			0
E0159	catalog	CARD_CATALOG	Stone		Uncommon	type;movement;protection	Once placed on the board this card cannot be grabbed again, and it scores a bonus for remaining unmoved.			0
E0160	catalog	CARD_CATALOG	Straitjacket		Common	skill;Escape Artist;movement;gamble	Starts each show unable to be moved; frees itself and scores bonus points the first time its column scores.		designdocs	1
E0161	catalog	CARD_CATALOG	Sword Swallower		Epic	rule;secret;formation	Hidden rule: a column that is one perfect descending run from top to floor pays a large bonus and mints a Knife-suit card.			0
E0162	catalog	CARD_CATALOG	Symmetrical Show		Rare	rule;combo;formation	Poker hands are also evaluated on columns in addition to rows.			0
E0163	catalog	CARD_CATALOG	Tappable Clown		Uncommon	skill;Clown;random;charges	3 charges per show: cue to deterministically re-roll the ranks of all adjacent cards.			0
E0164	catalog	CARD_CATALOG	Temperance Town		Uncommon	hazard;economy	Town hazard: Concessions-class cards are disabled and shop prices are doubled.		designdocs	1
E0165	catalog	CARD_CATALOG	The Accountant		Rare	skill;meta-effect;combo;economy	At payout, before row x column multiplication, shift up to 20% of the larger axis total onto the smaller, costing 2 combo to invoke.			0
E0166	catalog	CARD_CATALOG	The Acrobat		Uncommon	skill;Acrobat;movement	This card can be grabbed even while covered; the cards above cascade down one slot.			0
E0167	catalog	CARD_CATALOG	The Advance Campaign		Rare	skill;Producer;economy;gamble	Cue before a show: spend N Gold tokens to multiply that show's fame payout by 1 + N/10.		designdocs	1
E0168	catalog	CARD_CATALOG	The Advance Man		Uncommon	consumable;info;meta	Consumable: reveals all fog-of-war nodes within 2 edges of the player's position, including contents.			0
E0169	catalog	CARD_CATALOG	The Aerialist		Legendary	leader;combo;gamble	Leader: re-scores the topmost meld once per submit, but is destroyed permanently if her column ever fails to score.		designdocs	1
E0170	catalog	CARD_CATALOG	The Alchemist		Uncommon	skill;meta-effect;status	Cue: transmute all statuses of one class on a target card into another class, count preserved.			0
E0171	catalog	CARD_CATALOG	The Ambitious Card		Rare	skill;Magician;deck-manip	This card always rises to the top of the draw deck after any shuffle or discard, and scores bonus points if drawn the same show it was discarded.			0
E0172	catalog	CARD_CATALOG	The Amendment		Rare	skill;meta-effect;rule;collection	Attach any owned stamp to a rule card in the rules deck.			0
E0173	catalog	CARD_CATALOG	The Anarchist		Epic	hazard;rule;secret	Boss: each submit, disables one of your beneficial rule cards for the rest of the show, in an order it chooses.			0
E0174	catalog	CARD_CATALOG	The Apprentice		Rare	skill;meta-effect;growth;collection	Blank skill; each show it permanently learns the first effect it observes firing, up to three learned effects.			0
E0175	catalog	CARD_CATALOG	The Avatar		Rare	stamp;info;secret	This card copies another deck card's name, class, and identity for all checks until it has scored 3 times, at which point it is unmasked.			0
E0176	catalog	CARD_CATALOG	The Backward-Backward		Rare	skill;Acrobat;movement;combo	Cue: reverse the run direction of one column for the rest of the show, so descending counts as ascending and vice versa.			0
E0177	catalog	CARD_CATALOG	The Balance		Legendary	hazard;formation;combo;secret	Final-tier boss: cannot be beaten by score; win by ending the show with row total and column total within 10% of each other.			0
E0178	catalog	CARD_CATALOG	The Belt		Legendary	stamp;economy;persistence;secret	Exactly one card in the save file holds this stamp at a time; it scores double, and a Belt-challenge boss can take it and it must be won back.			0
E0179	catalog	CARD_CATALOG	The Best Bower		Uncommon	pip;combo	This card counts as every suit for flush evaluation, but not for suit-stacking rules.	Added (added effect that it randomly acts as any prop from the game)		0
E0180	catalog	CARD_CATALOG	The Bishop		Uncommon	skill;freakshow;movement;destruction	May be placed onto any card along an open diagonal, capturing it; blocked by occupied slots between.			0
E0181	catalog	CARD_CATALOG	The Blank		Common	pip;movement;freakshow	This card has no rank or suit: it can stack on anything and anything can stack on it, but it never melds and scores 0.	Added		0
E0182	catalog	CARD_CATALOG	The Blockhead		Common	skill;Escape Artist;prop;protection	Absorbs one Knife prop per show, banking it as flat points instead of being hit.			0
E0183	catalog	CARD_CATALOG	The Booking		Uncommon	rule;gamble;economy	Declares a goal/term for the show (e.g. score X with no Knife melds); fulfilling it grants bonus fame, missing it triggers a worse penalty.			0
E0184	catalog	CARD_CATALOG	The Boot Code		Rare	skill;Special Effects;secret;combo	Passes a buff down its row card-to-card without triggering, invisible to effects that count or punish triggers.			0
E0185	catalog	CARD_CATALOG	The Bullet Catch		Legendary	skill;Magician;gamble;destruction	When scored in the Spotlight, scores 10x rank, but has a seeded 1-in-13 chance of being destroyed instead.		designdocs	1
E0186	catalog	CARD_CATALOG	The Butoh Walker		Rare	skill;Dancer;movement;growth	Moves one slot automatically every other turn; every slot it leaves permanently grants bonus points to the next card scored there.			0
E0187	catalog	CARD_CATALOG	The Butterfly Trick		Common	skill;Magician;token;movement	Cue: create two rank-1 paper-token cards of any suit that drift down one chosen column, one row per Next.			0
E0188	catalog	CARD_CATALOG	The Calliope		Uncommon	skill;Special Effects;combo	Gains +1 combo for every different class that scored this act.			0
E0189	catalog	CARD_CATALOG	The Calm Voice		Rare	skill;Magician;protection;economy	Once per run, negate a disaster event or boss effect and gain fame equal to its severity instead.			0
E0190	catalog	CARD_CATALOG	The Candy Butcher		Uncommon	skill;Concessions;economy;token	Whenever a full 5-card row meld scores, mints one Ticket Stub to the deck.			0
E0191	catalog	CARD_CATALOG	The Cannon King		Epic	leader;prop;combo	Leader: Fireworks-suit cards may score directly from the Grand Entrance without entering the board.			0
E0192	catalog	CARD_CATALOG	The Capoeirista		Rare	skill;Escape Artist;Dancer;secret	Registered as a Dancer but functions as an Escape Artist; town bans on Escape Artist-type acts still let it perform.			0
E0193	catalog	CARD_CATALOG	The Card Index		Rare	skill;Magician;deck-manip	Cue, once per show: search the draw deck for any card and put it into the Grand Entrance.			0
E0194	catalog	CARD_CATALOG	The Castell		Epic	skill;Dancer;Acrobat;formation;gamble	Formation: a stack of 6+ cards topped by the lowest-ranked card pays a large bonus at scoring; if the stack is broken by a hazard first, lose double the bonus instead.			0
E0195	catalog	CARD_CATALOG	The Charivari		Uncommon	skill;Dancer;Clown;formation;combo	If 4 or more cards are placed into the board on the first turn of a show, gain bonus multiplier on the first act's payout.			0
E0196	catalog	CARD_CATALOG	The Cheap Pop		Common	skill;Producer;economy	When scored, grants a small bonus fame in every town.			0
E0197	catalog	CARD_CATALOG	The Claque		Rare	consumable;economy;gamble	Consumable: raises this show's fame floor to 60% of goal, but costs 1 Gold at every subsequent show forever.			0
E0198	catalog	CARD_CATALOG	The Cliffhanger		Rare	skill;Fortune Teller;gamble;economy	Cue at show end: the next town's goal drops 30%, but this card must score in that show or lose double the discount as fame.			0
E0199	catalog	CARD_CATALOG	The Clock Hang		Rare	skill;Acrobat;gamble;spotlight	May be placed half-off the board past the last column; while hanging it is double-spotlit (its skill fires twice), but any board-shift effect discards it.			0
E0200	catalog	CARD_CATALOG	The Comedic Drop		Uncommon	skill;Clown;discard;gamble	Cue: discard this card mid-show for a bonus larger than scoring it would have paid.		designdocs	1
E0201	catalog	CARD_CATALOG	The Conductor		Rare	skill;meta-effect;combo;deck-manip	All on-Next effects are held each turn and fire together at Submit instead, in a chosen order.			0
E0202	catalog	CARD_CATALOG	The Conjuror		Epic	leader;token;deck-manip	Leader: once per turn, produce a rank-1 token card of any suit into the Entrance.			0
E0203	catalog	CARD_CATALOG	The Contagion		Uncommon	skill;meta-effect;status;formation	Each Next, every status on this card's neighbors copies one card further outward, with merge-by-class capping the counts.			0
E0204	catalog	CARD_CATALOG	The Contortionist		Rare	skill;Acrobat;formation;movement	May share one board slot with another card; both cards count in melds.			0
E0205	catalog	CARD_CATALOG	The Contrary		Rare	rule;combo;random	Descending runs count as ascending, and the worst poker hand scores instead of the best, on each row.		designdocs	1
E0206	catalog	CARD_CATALOG	The Convention		Legendary	skill;meta-effect;rule;meta	Enact one new law chosen from a fixed slate of three (e.g. runs wrap King-to-Ace, 4-card poker hands score, discards feed 10% of rank as points); it becomes a permanent rule card for the rest of the run.			0
E0207	catalog	CARD_CATALOG	The Cooler		Rare	consumable;deck-manip;secret	Consumable, once per run: replaces the remaining draw deck with a copy in a chosen order.			0
E0208	catalog	CARD_CATALOG	The Costume Fitting		Common	skill;Costume Designer;collection	On show start, copies the stamp of one adjacent card for the duration of the show.			0
E0209	catalog	CARD_CATALOG	The Costumier		Epic	leader;collection	Leader: all your cards may hold 2 stamps.			0
E0210	catalog	CARD_CATALOG	The Courier		Epic	skill;Acrobat;formation;combo	While spotlit, this card counts as a member of both its own column's and the adjacent column's melds.			0
E0211	catalog	CARD_CATALOG	The Critic		Rare	skill;meta-effect;combo;gamble	After each act, the effect that triggered most is silenced for the next act; any effect that triggered exactly once scores a bonus.			0
E0212	catalog	CARD_CATALOG	The Crowd Surf		Rare	skill;Acrobat;gamble;movement	Cue: pass this card across the tops of all columns to the far edge, scoring bonus points per column crossed; if any crossed column is empty, this card is discarded instead.			0
E0213	catalog	CARD_CATALOG	The Cue Card		Common	skill;meta-effect;combo;charges	Cue: manually fire one adjacent card's trigger hook exactly as if the game had triggered it, including combo credit and stamps.			0
E0214	catalog	CARD_CATALOG	The Dalang		Legendary	leader;info;combo	Leader: while in play, the player chooses the trigger order of all card effects each scoring pass.		designdocs	1
E0215	catalog	CARD_CATALOG	The Designated Loser		Common	hazard;gamble;secret	A boss show with a trivial goal that is normally always won, but has a hidden seeded 1-in-1000 chance the goal silently triples mid-show.			0
E0216	catalog	CARD_CATALOG	The Digesting Duck		Uncommon	skill;Animal Trainer;Magician;deck-manip	Consumes cards dropped on it like Gluttony, but secretly stores them; cue to return any one stored card to the Entrance.			0
E0217	catalog	CARD_CATALOG	The Discoverie		Rare	consumable;info;secret	Consumable, 3 uses: reveals every Gaff/fake in play (yours, the shop's, the town's); banned (a crime event) in pious towns.			0
E0218	catalog	CARD_CATALOG	The Double		Uncommon	skill;Escape Artist;protection	Assign a 'star' card at show start; the first destruction or debuff aimed at the star hits this card instead.			0
E0219	catalog	CARD_CATALOG	The Dragoman		Uncommon	skill;meta-effect;discard;deck-manip	Choose a card: its on-score effects also fire when it is discarded.			0
E0220	catalog	CARD_CATALOG	The Dragon Meld		Rare	skill;Dancer;formation;movement	When a run of 4+ scores while this card is in it, that run can be relocated as a unit anywhere on the board once, next turn.			0
E0221	catalog	CARD_CATALOG	The Dramaturg		Epic	skill;meta-effect;combo;gamble	Rewrites one card's combo identity so each of its triggers registers a fresh combo key every time this act, instead of only on first activation.			0
E0222	catalog	CARD_CATALOG	The Drone Swarm		Epic	skill;Special Effects;formation;combo	Cue, once per show: re-triggers any formation bonus already scored this run, paying it again without needing the cards.			0
E0223	catalog	CARD_CATALOG	The Dubplate		Rare	skill;Producer;collection;event-granted;secret	Event-forged unique card created for this save file, assembled from the two effects scored most this run.			0
E0224	catalog	CARD_CATALOG	The Dzhigit's Pickup		Uncommon	skill;Acrobat;movement;deck-manip	During Next, once armed by cue, intercepts one falling card as it drops and redirects it to any column.			0
E0225	catalog	CARD_CATALOG	The Egg Bag		Uncommon	skill;Magician;deck-manip;discard	Cue while spotlit: stash the top discard inside this card; when this card scores, the stashed card returns to the Grand Entrance.			0
E0226	catalog	CARD_CATALOG	The Egress		Uncommon	skill;Producer;discard;economy	Cue: send any board card to the discard, gaining 1 Ticket Stub.		designdocs	1
E0227	catalog	CARD_CATALOG	The Encore		Rare	stamp;gamble;combo	If this card's skill triggered this show, there is a seeded 50% chance it triggers once more at show end.		designdocs	1
E0228	catalog	CARD_CATALOG	The Engineer		Epic	leader;gamble;economy	Leader: gamble-tagged cards cost 1 less to acquire and their destruction odds are halved.			0
E0229	catalog	CARD_CATALOG	The Equestrian		Epic	leader;formation;combo	Leader: melds scored entirely within rows 1-5 get bonus multiplier.			0
E0230	catalog	CARD_CATALOG	The Escape Map		Uncommon	skill;Escape Artist;info;discard;meta	When discarded, reveals part of the world map's fog of war.		designdocs	1
E0231	catalog	CARD_CATALOG	The Escapologist		Epic	leader;protection;meta	Leader: free undo becomes 2 per turn, and all debuffs on your cards expire one show sooner.		designdocs	1
E0232	catalog	CARD_CATALOG	The Exchange Rate		Uncommon	skill;meta-effect;combo;economy	At act end, cue to convert unused combo above 3 into flat points at a fixed rate, or spend points to pre-register +1 combo for the next act.			0
E0233	catalog	CARD_CATALOG	The Fadista		Rare	skill;Dancer;destruction;persistence	Scores bonus points per card destroyed or lost this run.		designdocs	1
E0234	catalog	CARD_CATALOG	The Falling Wall		Epic	hazard;destruction;formation	Boss attack, telegraphed one turn ahead: destroys an entire column except one exact row slot.		designdocs	1
E0235	catalog	CARD_CATALOG	The Fanchant		Rare	skill;Special Effects;combo	After all scoring resolves, each meld that raised the act's combo pays again at 25%.			0
E0236	catalog	CARD_CATALOG	The Fifteen		Uncommon	pip;combo;Special Effects	This card also melds with any adjacent neighbors whose ranks sum to 15 with it.	Added (made into talent)		0
E0237	catalog	CARD_CATALOG	The Fire Breather		Rare	skill;Escape Artist;status;prop	Cue: apply Burning to every card in this card's entire row; this card becomes Exhausted.			0
E0238	catalog	CARD_CATALOG	The Fire-Knife		Rare	pip;prop;status;combo	This card is fixed dual-suit Knives and Flames: knife props fly the row while Burning status drops down the column.	vetoed (already have fire and knives)		0
E0239	catalog	CARD_CATALOG	The Fire Marshal		Uncommon	hazard;prop;status	Town hazard: Flames-suit cards cannot score, and any Flames card in the deck is treated as Wax type this show.			0
E0240	catalog	CARD_CATALOG	The Forged Ace		Legendary	pip;gamble;event-granted;secret	This card has an enormous rank that counts as two Aces in melds; if any inspection effect examines it, it is destroyed and the show's fame payout is voided.	Vetoed (??? wtf is this)		0
E0241	catalog	CARD_CATALOG	The Forty-Two		Legendary	rule;secret;combo	Hidden rule: when a row's score plus its column's score totals exactly 42, the act's combo gains +3.			0
E0242	catalog	CARD_CATALOG	The Fourth Wall		Epic	skill;meta-effect;movement;gamble	Once per act, during scoring resolution, pauses the show to allow one grab/place before resolution continues.			0
E0243	catalog	CARD_CATALOG	The Gentled Beast		Uncommon	skill;Animal Trainer;growth;protection	Cards dropped on this card are not consumed but returned to the column below it; each one permanently adds +1 to this card's score bonus.			0
E0244	catalog	CARD_CATALOG	The Ghost Writer		Rare	skill;meta-effect;token;growth	Each show start, writes a temporary skill (a copy of an effect that fired last show) onto one blank/prop card; it fades at show end.			0
E0245	catalog	CARD_CATALOG	The Gong		Rare	hazard;gamble	Town hazard: any submit scoring under 25% of goal ends the show immediately.		designdocs	1
E0246	catalog	CARD_CATALOG	The Grease Joint		Uncommon	skill;Concessions;deck-manip;discard	At show start, discards the bottom card of the draw deck, then draws 1 card.		designdocs	1
E0247	catalog	CARD_CATALOG	The Griot		Rare	skill;Fortune Teller;persistence;economy	Preserves up to 20% of a show's unspent score into the next show's opening total, and re-triggers one chosen effect from last show at the next show's start.			0
E0248	catalog	CARD_CATALOG	The Groundhog		Rare	skill;meta-effect;combo;gamble	Cue, once per show: replay the previous act's entire effect sequence against the current board, same effects and order, targets resolved fresh.			0
E0249	catalog	CARD_CATALOG	The Guest Star		Epic	consumable;collection;gamble;event-granted	Consumable: a random Legendary card joins the deck for exactly 3 shows then departs, kept permanently if a hidden condition is met during its stay.			0
E0250	catalog	CARD_CATALOG	The Half Card		Rare	pip;movement;freakshow	This card has half rank (rounded down) and half size: two copies occupy one board slot together and meld as one combined card.	Modified (either talent that splits into two halves down middle, or becomes two cards where rank is half. recombines on score as its own meld)		0
E0251	catalog	CARD_CATALOG	The Handicap		Uncommon	skill;Acrobat;gamble;protection	Cue at show start: lock this card's movement for the show (cannot be grabbed) in exchange for scoring double all show.			0
E0252	catalog	CARD_CATALOG	The Hanged Man		Epic	consumable;movement;formation	Consumable: flips the order of one entire stack, bottom becomes top.			0
E0253	catalog	CARD_CATALOG	The Hat Line		Uncommon	skill;Producer;economy;combo	At show end, cue to convert the act's unused combo above the payout into Gold tokens instead of losing it.			0
E0254	catalog	CARD_CATALOG	The Headliner		Uncommon	pip;movement;combo	Aces are renamed and count as either rank 1 or rank 14 in runs, whichever is more favorable, decided at evaluation time.	Vetoed (reference can be recycled)		0
E0255	catalog	CARD_CATALOG	The High Dive		Rare	skill;Acrobat;movement;gamble	Cue: drop this card from the top of its column to the bottom, scoring bonus points per row fallen.			0
E0256	catalog	CARD_CATALOG	The Holdout		Rare	skill;Escape Artist;secret;gamble;deck-manip	Stores one card outside the game across shows; cue once per run to insert it into any stack at any moment, but a town search loses it.			0
E0257	catalog	CARD_CATALOG	The Hook		Uncommon	hazard;discard	Town hazard: after each submit, the lowest-ranked board card is discarded unless it scored that act.			0
E0258	catalog	CARD_CATALOG	The Hunger Artist		Rare	skill;Escape Artist;persistence;gamble	Gains bonus points for every consecutive show it stays in the deck unplayed; when finally played and scored, pays it all at once and resets to zero.			0
E0259	catalog	CARD_CATALOG	The Illustrated		Rare	stamp;Costume Designer;collection	This card may hold unlimited stamps, but can never hold a skill.			0
E0260	catalog	CARD_CATALOG	The Imitator		Rare	skill;Magician;gamble;secret	Choose a deck card at acquisition: this card scores 150% of that card's base points, but only while the original is not on the board.			0
E0261	catalog	CARD_CATALOG	The Impresario		Common	pip;Producer;economy	Kings are renamed, count as Producer-class cards, and give +1 trade value when spent at shops.	Vetoed (reference can be recycled)		0
E0262	catalog	CARD_CATALOG	The Incubator		Rare	skill;Concessions;status;protection;growth	Each turn a card is covered by this card, it removes one debuff and restores 1 lost rank from that card.			0
E0263	catalog	CARD_CATALOG	The Invisible Wall		Uncommon	skill;Escape Artist;protection;movement	Cue: block one empty column so no card may enter or leave it for one turn, hazards included.			0
E0264	catalog	CARD_CATALOG	The Joey		Common	pip;Clown	Jacks are renamed and count as Clown-class cards for group effects.	Vetoed (rank that is always 11 is boring, joey should be a clown token with actual effect)		0
E0265	catalog	CARD_CATALOG	The Jongleur		Uncommon	skill;Clown;combo	Counts as every class for group effects, but all class bonuses apply at half value.			0
E0266	catalog	CARD_CATALOG	The Juggler King		Epic	leader;prop;combo;persistence	Leader: Balls-suit cards can be re-scored each act as long as at least one Balls card scores every submit.			0
E0267	catalog	CARD_CATALOG	The Kecak Chorus		Common	skill;Clown;combo;token	When any meld scores, gains bonus multiplier per rank-1 card currently on the board.			0
E0268	catalog	CARD_CATALOG	The Kickline		Rare	skill;Dancer;formation;combo	When all five columns' top cards share a suit at scoring, the row above them scores again.			0
E0269	catalog	CARD_CATALOG	The King		Epic	skill;freakshow;movement;gamble;secret	Moves like a king but only swaps, never captures; automatically steps out of check whenever the player acts; if a chess card captures it, the captor gains a large bonus and +1 rank.			0
E0270	catalog	CARD_CATALOG	The Kite		Uncommon	skill;Special Effects;growth;deck-manip	Cue: remove a card from play temporarily; choose the turn it returns, landing with +rank equal to the turns spent aloft, up to a max of 3.			0
E0271	catalog	CARD_CATALOG	The Kneeling Devil		Rare	skill;Escape Artist;status;persistence;gamble	Debuffs its column each show; if kept in the deck for the entire tour, converts at the final city into a Legendary card.			0
E0272	catalog	CARD_CATALOG	The Knight		Uncommon	skill;freakshow;movement;destruction	May be placed onto any card 2+1 slots away (an L-shape), discarding and replacing it, ignoring stacking legality.			0
E0273	catalog	CARD_CATALOG	The Learned Pig		Uncommon	skill;Animal Trainer;info	Once per turn: reveals the description/identity of any facedown, hidden, or unknown card.		designdocs	1
E0274	catalog	CARD_CATALOG	The Leotard		Uncommon	skill;Acrobat;movement	Cue: move this card and everything above it to the top of any column, ignoring legality.			0
E0275	catalog	CARD_CATALOG	The Light and Heavy Chest		Rare	skill;Magician;movement;protection	The player can always grab this card, but board effects and hazards cannot move or discard it.			0
E0276	catalog	CARD_CATALOG	The Lion Dance		Rare	skill;Animal Trainer;Dancer;destruction;secret	When destroyed, splits into two rank-half cards instead of dying; when placed onto a card, harvests bonus points from the card beneath it.			0
E0277	catalog	CARD_CATALOG	The Lion's Bride		Rare	skill;Animal Trainer;gamble;formation	Scores bonus points each act it shares a column with a consuming Animal card without being eaten.			0
E0278	catalog	CARD_CATALOG	The Living Statue		Common	skill;Dancer;persistence;formation	Gains bonus points at show end for every show it was never moved; any grab resets the bonus to zero.			0
E0279	catalog	CARD_CATALOG	The Lobbyist		Rare	skill;meta-effect;rule;deck-manip;gamble	Extract one rule card from the rules deck into the play deck; its rule stops applying and it gains random pips.			0
E0280	catalog	CARD_CATALOG	The Loggione		Rare	hazard;economy	Town hazard: Common cards score nothing here; Legendary cards score triple.		designdocs	1
E0281	catalog	CARD_CATALOG	The Loophole		Rare	skill;meta-effect;rule;hazard;gamble	Choose one active town/boss hazard: its effect inverts to benefit the player for this show.			0
E0282	catalog	CARD_CATALOG	The Major Arcana		Legendary	consumable;collection;secret;meta	Consumable series of 22 unique one-shot consumables; collecting all 22 across runs grants a profile reward.			0
E0283	catalog	CARD_CATALOG	The Marathon		Epic	hazard;persistence;formation	Boss gauntlet: a 3-show run where the board does not fully reset between shows (cards, statuses, and lava persist) and goals stack cumulatively.			0
E0284	catalog	CARD_CATALOG	The Marionette		Epic	skill;meta-effect;prop;movement	Take direct control of one prop for the act: it moves one slot per tick in the chosen direction, and inputs are recorded so replay steers identically.			0
E0285	catalog	CARD_CATALOG	The Mask Maker		Rare	skill;Costume Designer;secret;protection	Cue, once per show: apply a Masked status to any card, hiding its identity/rarity from inspections and towns until it scores twice.			0
E0286	catalog	CARD_CATALOG	The Metronome		Common	skill;meta-effect;charges	All charge-based effects on your cards get +1 maximum charge.			0
E0287	catalog	CARD_CATALOG	The Mime		Uncommon	skill;Escape Artist;protection	Attaches to a stack and absorbs the first hostile event targeting any card in that stack.		designdocs	1
E0288	catalog	CARD_CATALOG	The Mitt Camp Reading		Common	consumable;info;gamble	Consumable: pay 1 Gold to receive one true fact about the next 3 nodes.			0
E0289	catalog	CARD_CATALOG	The Monkey		Uncommon	skill;Animal Trainer;charges;movement	Spawns a token that climbs its column one row per Next, freely cueing whatever card it sits on.			0
E0290	catalog	CARD_CATALOG	The Mulligan		Uncommon	skill;Fortune Teller;discard;deck-manip	Allows discarding 1 card from the Grand Entrance per turn before it drops; further copies add +1 discard each.			0
E0291	catalog	CARD_CATALOG	The Net		Uncommon	skill;meta-effect;prop;movement	Once per act: catch a ballistic prop (Ball/Fire) mid-flight and re-aim it at any card in the same column.			0
E0292	catalog	CARD_CATALOG	The Ninot		Rare	skill;Special Effects;economy;persistence;event-granted	Cue: bank any amount of the act's score into this card each show; at the final city, burning it pays triple everything invested, or a seeded public vote may pardon it to survive into the next run.			0
E0293	catalog	CARD_CATALOG	The Odd Couple		Uncommon	skill;Dancer;formation;combo	The lowest- and highest-ranked cards in this card's row give each other bonus points when the row scores.			0
E0294	catalog	CARD_CATALOG	The One-Man Band		Uncommon	skill;Clown;combo	Counts as three classes chosen at acquisition, each at one-third effect.		designdocs	1
E0295	catalog	CARD_CATALOG	The Ouija Board		Uncommon	consumable;info;secret	Consumable, 3 charges: ask one true/false question about the deck per show, answered truthfully from the seed.			0
E0296	catalog	CARD_CATALOG	The Ox		Rare	skill;Animal Trainer;destruction;persistence	When destroyed, grants bonus fame and revives into the deck next show.			0
E0297	catalog	CARD_CATALOG	The Paired Giants		Uncommon	skill;Dancer;formation	Pair: each gains bonus multiplier while both are anywhere on the board.			0
E0298	catalog	CARD_CATALOG	The Panorama		Common	consumable;info;meta	Consumable: reveals the type (show/booster/boss) of every node on the world map, but not its contents.			0
E0299	catalog	CARD_CATALOG	The Patch		Uncommon	consumable;protection;hazard	Consumable: cancels one town penalty/hazard rule card before the show starts.			0
E0300	catalog	CARD_CATALOG	The Pawn		Common	skill;freakshow;movement;destruction	If stacked under a card, swaps upward with it on Next (2 slots if bottommost); if placed diagonally upward onto a card, captures it (discards it and takes its place).			0
E0301	catalog	CARD_CATALOG	The Prepared Town		Rare	hazard;info;secret	Boss: pre-inspects everything, revealing and disabling all Gaff/Humbug/fake/Masked cards for the show.			0
E0302	catalog	CARD_CATALOG	The Prompter		Common	skill;meta-effect;spotlight	While spotlit, choose one card anywhere in this card's column; that card's modifiers stay active regardless of covering.			0
E0303	catalog	CARD_CATALOG	The Prop Master		Uncommon	skill;meta-effect;prop;combo	Every prop-spawning suit effect produces +1 additional prop per volley.			0
E0304	catalog	CARD_CATALOG	The Puszta Five		Legendary	skill;Acrobat;formation;combo	Cue, once per show: for one scoring pass this card counts as a member of every column's meld.			0
E0305	catalog	CARD_CATALOG	The Pyramid		Rare	skill;Acrobat;Dancer;formation	Formation: when three adjacent columns hold stacks of exactly 3, 2, and 1 cards, the formation scores a bonus meld.			0
E0306	catalog	CARD_CATALOG	The Queen		Rare	skill;freakshow;movement;destruction	May be placed onto any card along any open line or diagonal, capturing it.			0
E0307	catalog	CARD_CATALOG	The Raree Box		Common	consumable;info;deck-manip	Consumable: pay 1 Gold to peek at the next 5 cards of the draw deck in order.			0
E0308	catalog	CARD_CATALOG	The Rat Sheet		Rare	consumable;gamble;economy	Consumable: raises the next Rival Show's difficulty for both players; if both would pass, steals 25% of its fame payout.			0
E0309	catalog	CARD_CATALOG	The Red Wagon		Epic	skill;Producer;economy;combo	While spotlit, all Gold token cards in the deck count as wildcards toward every column run.		designdocs	1
E0310	catalog	CARD_CATALOG	The Regurgitator		Rare	skill;Escape Artist;deck-manip;movement	Cue: swallow up to 3 board cards, then produce them later to the Entrance in any chosen order.			0
E0311	catalog	CARD_CATALOG	The Repertoire		Legendary	skill;meta-effect;collection;combo	Holds three skills in one slot; the active one rotates each act, with a cue to rotate early.			0
E0312	catalog	CARD_CATALOG	The Rewinder		Rare	skill;meta-effect;economy;gamble	Cue: destroy your oldest undo snapshots for bonus points per snapshot destroyed, up to 5 per act.			0
E0313	catalog	CARD_CATALOG	The Rider		Rare	skill;Fortune Teller;secret;gamble	Carries one hidden instruction; obeying it all show scores this card double, violating it scores it zero silently.			0
E0314	catalog	CARD_CATALOG	The Rigger		Rare	skill;meta-effect;combo;secret	Cue: swap the wiring of two cards so each card's skill now answers the other card's events.			0
E0315	catalog	CARD_CATALOG	The Ringmaster		Epic	leader;movement	Leader with no suit or rank; starts in the Grand Entrance, is always grabbable, placeable anywhere uncovered, and remains on the board after submission.			0
E0316	catalog	CARD_CATALOG	The Ringmistress		Common	pip;Producer	Queens are renamed and count as Producer-class cards for group effects.	Vetoed (reference can be recycled)		0
E0317	catalog	CARD_CATALOG	The Rival Show		Epic	hazard;economy;collection	Recurring boss: a rival plays the town first, raising the goal by 30%; beating it steals one card from the rival's themed deck.			0
E0318	catalog	CARD_CATALOG	The Rodeo Clown		Rare	skill;Clown;protection	Once per turn, when a boss/town effect targets another of your cards, redirects the hit to itself.			0
E0319	catalog	CARD_CATALOG	The Rook		Rare	skill;freakshow;movement;destruction	May be placed onto any card along its open row or column, capturing it.			0
E0320	catalog	CARD_CATALOG	The Séance Buster		Rare	skill;Escape Artist;info;combo	Cue: reveal all Gaff/Humbug/fake cards on the board, yours and the town's, scoring bonus points per fake exposed.			0
E0321	catalog	CARD_CATALOG	The Satirist		Epic	leader;economy;gamble	Leader: shows earn +25% fame, but each town's snub/hazard is one tier harsher.			0
E0322	catalog	CARD_CATALOG	The Second Sight		Uncommon	skill;Fortune Teller;info	Pair: while both cards are on the board, the top card of the draw deck is always revealed.		designdocs	1
E0323	catalog	CARD_CATALOG	The Seven Pyramid		Legendary	skill;Acrobat;formation;persistence	Formation: a single stack of exactly 7 legally-run cards scores a large bonus; if the stack is broken by a hazard, rebuilding it once scores double.			0
E0324	catalog	CARD_CATALOG	The Sharpshooter		Epic	leader;combo;gamble	Leader: choose a rank at each show start; cards of that rank score double for the show.			0
E0325	catalog	CARD_CATALOG	The Showbag		Common	consumable;economy	Consumable pack: gives 4 random Common cards, one guaranteed Concessions-class card.			0
E0326	catalog	CARD_CATALOG	The Showman		Epic	leader;economy;secret	Leader: shops offer +1 extra card, and all Gaff/Humbug/fake cards cost nothing to acquire.		designdocs	1
E0327	catalog	CARD_CATALOG	The Sibyl		Epic	leader;info;economy	Leader: the top of the draw deck is always revealed, and the first reroll at every shop is free.		designdocs	1
E0328	catalog	CARD_CATALOG	The Sparkler		Common	skill;Special Effects;combo	When this card scores, banks +10 flat points to its column score.			0
E0329	catalog	CARD_CATALOG	The Spirit Cabinet		Rare	skill;Fortune Teller;spotlight;formation	While this card is fully covered, its whole column's card effects trigger as if spotlit.			0
E0330	catalog	CARD_CATALOG	The Sponsorship		Rare	skill;Producer;economy;persistence	Gain 2 Gold tokens every show start, but occupies a stamp slot on the two highest cards and reduces payouts by 10%.			0
E0331	catalog	CARD_CATALOG	The Stage Manager		Uncommon	skill;meta-effect;rule;info	Cue, once per show: reorder the rules deck, changing which rule answers first for grabs, placement, and scoring disputes.			0
E0332	catalog	CARD_CATALOG	The Steelpan		Uncommon	skill;Special Effects;growth;token	Cue, once per show: permanently convert one prop (skill-less) card so it gains this skill: bonus points when its row melds.			0
E0333	catalog	CARD_CATALOG	The Stilt-Walker		Uncommon	skill;Acrobat;spotlight	This card is spotlit even when covered by one card.			0
E0334	catalog	CARD_CATALOG	The Sunshine Clown		Uncommon	skill;Clown;status;protection	While spotlit, removes one debuff/status per turn from the cards directly below it; never applies debuffs itself.			0
E0335	catalog	CARD_CATALOG	The Surveyor		Rare	skill;meta-effect;movement;formation	While spotlit, your drops resolve to the bottom of the target column instead of on top.			0
E0336	catalog	CARD_CATALOG	The Sweet Tooth		Epic	leader;growth;status	Leader: all +rank buffs from your effects become permanent instead of per-show.			0
E0337	catalog	CARD_CATALOG	The System		Rare	skill;Fortune Teller;gamble;combo;secret	After each act scores, gains bonus points scaled to the act's combo; any inspection effect halves this bonus permanently.			0
E0338	catalog	CARD_CATALOG	The Tailor's Dummy		Common	skill;Costume Designer;collection	This prop card can never hold a skill, but can hold two stamps.			0
E0339	catalog	CARD_CATALOG	The Tango Pair		Uncommon	skill;Dancer;formation;movement	Pair: the two cards must always stay adjacent (the free one slides to rejoin on Next); each turn they alternate lead, and only the leader's skill fires, at +50%.			0
E0340	catalog	CARD_CATALOG	The Target Girl		Uncommon	skill;Escape Artist;prop;combo	In a Knife-prop row, converts every knife miss into points.		designdocs	1
E0341	catalog	CARD_CATALOG	The Tarot Reading		Uncommon	skill;Fortune Teller;deck-manip;info	Cue, once per show: look at the top 5 cards of the draw deck and reorder them freely.			0
E0342	catalog	CARD_CATALOG	The Three Rings		Legendary	rule;secret;formation;meta	Hidden rule: scoring three separate full 5-card poker hands (three full rows) in one submit permanently unlocks a third-zone rule card for the profile.			0
E0343	catalog	CARD_CATALOG	The Tiger Queen		Epic	leader;destruction;growth	Leader: removes the cap on consumption effects (Hippo's 13 limit removed; Tigers/Gluttony rank gains unbounded).			0
E0344	catalog	CARD_CATALOG	The Time Signature		Epic	skill;meta-effect;combo;formation;gamble	Splits Submit: rows score at submit as normal, columns score at the start of the next turn against the board state then; combo persists across the split.			0
E0345	catalog	CARD_CATALOG	The Tower		Epic	consumable;destruction;gamble	Consumable: destroys an entire column, scoring half the summed base of its cards as flat points.			0
E0346	catalog	CARD_CATALOG	The Traceur		Rare	skill;Acrobat;movement	This card moves only across the tops of columns, never entering stacks; cue to move any distance sideways along topmost slots.			0
E0347	catalog	CARD_CATALOG	The Triple		Epic	skill;Acrobat;combo;formation	If this card completes a run of exactly 3 cards fully assembled that turn, that run scores triple.			0
E0348	catalog	CARD_CATALOG	The Turk		Rare	skill;Magician;formation;secret	This card's rank counts as the rank of the card directly beneath it in the stack; if that card is removed, its rank is 0.			0
E0349	catalog	CARD_CATALOG	The Unicorn		Rare	skill;Animal Trainer;gamble;secret	Scores as Legendary (5x base) until any inspection effect examines it, after which it is revealed and scores half forever.			0
E0350	catalog	CARD_CATALOG	The Vidushaka		Rare	skill;Clown;economy;gamble	Once per tour: reduce the current show's goal (or Booking target) by 20%.			0
E0351	catalog	CARD_CATALOG	The Vine		Uncommon	stamp;protection;gamble	The first time this card would be destroyed or discarded by a fall or hazard each tour, it survives instead.			0
E0352	catalog	CARD_CATALOG	The Voladores		Legendary	rule;secret;formation;meta	Hidden rule: scoring four different columns each containing a 13-rank descent in one show banks 52x base fame.			0
E0353	catalog	CARD_CATALOG	The Volcano		Rare	hazard;status;formation	Terrain boss: the bottom row of the board is lava; any card ending a turn there gains Burning and loses 1 rank per turn.			0
E0354	catalog	CARD_CATALOG	The Wall of Death		Rare	skill;Escape Artist;status;formation;gamble	Both adjacent columns score bonus multiplier, but every card in them gains one Exhausted debuff at show end.			0
E0355	catalog	CARD_CATALOG	The Wardrobe Trunk		Uncommon	skill;Costume Designer;collection;economy	Holds one stamp in reserve; cue to permanently apply the reserved stamp to any spotlit card, then the trunk refills at the next shop.			0
E0356	catalog	CARD_CATALOG	The Water Torture Cell		Rare	skill;Escape Artist;gamble;formation	Arrives locked under 3 conditions (covered, column unscored, not moved); one unlocks per turn in order, and a full escape pays a large bonus.			0
E0357	catalog	CARD_CATALOG	The Wedding Band		Rare	stamp;deck-manip;formation	Applied to two cards: the pair always shuffles adjacent to each other and is always drawn together.			0
E0358	catalog	CARD_CATALOG	The Wheel		Epic	consumable;random;gamble	Consumable: re-rolls the ranks of every card in one row, seeded.			0
E0359	catalog	CARD_CATALOG	The Wildcard		Rare	pip;random;deck-manip	On every board change, this card becomes a copy of a rank/suit currently present in its row, chosen deterministically.	Added (is any rank instead)		0
E0360	catalog	CARD_CATALOG	The Wing Walker		Uncommon	skill;Acrobat;movement;deck-manip	During the Next-phase drop, this card may transfer mid-air from its input column to an adjacent one, chosen on cue before Next.			0
E0361	catalog	CARD_CATALOG	The Yakuza Hand		Legendary	rule;secret;gamble	Hidden rule: scoring a meld of exactly ranks 8-9-3 pays a large jackpot.			0
E0362	catalog	CARD_CATALOG	Ticket Stub		Common	type;economy;token;Producer	Worth double trade value at shops; scores 0 and never melds on the board.			0
E0363	catalog	CARD_CATALOG	Tinder		Uncommon	type;status;prop	Whenever this card is covered by another card, the covering card catches Burning.			0
E0364	catalog	CARD_CATALOG	Tintype		Rare	type;deck-manip;collection	On acquisition, permanently copies the rank and suit of the card it was created from.		designdocs	1
E0365	catalog	CARD_CATALOG	Top Billing		Uncommon	stamp;combo;info	This card always scores first within its meld, controlling trigger order ahead of board-order dispatch.		designdocs	1
E0366	catalog	CARD_CATALOG	Tumbler's Poise		Common	skill;Acrobat;charges;movement	1 charge per turn: cue to hop this card one column sideways; an unused charge auto-spends on Next.			0
E0367	catalog	CARD_CATALOG	Twin Harmony		Uncommon	skill;Dancer;combo	Doubles any combo or multiplier effect on cards adjacent to it.		designdocs	1
E0368	catalog	CARD_CATALOG	Understudy		Uncommon	stamp;destruction;deck-manip	If the card directly above this one in a stack is destroyed or consumed, this card permanently copies that card's skill.		designdocs	1
E0369	catalog	CARD_CATALOG	Unpierceable		Uncommon	stamp;protection;prop	Knife props pass through this card harmlessly, but still count as a miss for miss-triggered bonuses.			0
E0370	catalog	CARD_CATALOG	Utter Chaos		Rare	skill;Magician;random;combo	Becomes a random skill on every Next, deterministic per history hash.		designdocs	1
E0371	catalog	CARD_CATALOG	Walking Through the Wall		Rare	skill;Magician;movement	Cue: move this card through an occupied slot to the empty slot beyond it.			0
E0372	catalog	CARD_CATALOG	Water		Uncommon	type;movement	On Next, if an adjacent column is shorter, this card flows sideways into it, always seeking the lowest level.	Added		0
E0373	catalog	CARD_CATALOG	Wax		Uncommon	type;status	At each show end, loses 1 rank for every Flames-suit card that shared its column that show, and is destroyed at rank 0.			0
E0374	catalog	CARD_CATALOG	Wax and Gold		Rare	skill;Fortune Teller;secret;growth	Has a visible effect (+points when scored in a row meld) and a hidden effect unlocked after the visible one triggers 5 times (then +combo on every meld).			0
E0375	catalog	CARD_CATALOG	Weary Willie		Rare	skill;Clown;growth;persistence	Gains +1 rank permanently every time one of your cards is destroyed or a show is failed.		designdocs	1
E0376	catalog	CARD_CATALOG	White Elephant		Rare	skill;Producer;economy;gamble;event-granted	Scores huge points, but each show it stays in the deck it consumes 1 Gold token, or 1 rank from the richest card if none are available.			0
E0377	catalog	CARD_CATALOG	Whiteface & Auguste		Rare	skill;Clown;random;combo	Cue the first card to issue an order (choose an adjacent card's cue); the second card executes it on a different valid target instead, at 150% effect.			0
E0378	catalog	CARD_CATALOG	X-Ray Eyes		Uncommon	skill;Fortune Teller;info;spotlight	While this card is covered, reveals all facedown and hidden board cards and the top 3 deck cards.			0
E0379	designdocs	DESIGN_DOC.md §17 Turn Resources	1 free undo per turn	rule			1 free undo is granted per turn by default and does not carry over.		braindump	1
E0380	designdocs	DESIGN_DOC.md §2 Core Game Loop refinements	3 submits per match	rule			A match consists of 3 submits ('acts'); winning/losing is decided after the 3rd.			0
E0381	designdocs	DESIGN_DOC.md §3 Board & Zones	5-column board	rule			Board is 5 columns wide so a full row forms a 5-card poker hand.			0
E0382	designdocs	DESIGN_REFERENCES.md §A5 China	72 Transformations	skill			A wild card may transform up to 72 tracked times per run; at 72 it ascends into a permanently upgraded form.			0
E0383	designdocs	DESIGN_REFERENCES.md §A6 Japan	8-9-3 jackpot	unknown			Scoring a meld of exactly 8-9-3 pays out a massive jackpot ('the worthless hand').			0
E0384	designdocs	DESIGN_DOC.md §14.1 Skills/Feats	Acrobat (unnamed charge example)	skill			Has 1 charge; triggers by cue, or auto-spends on Next if unused.			0
E0385	designdocs	DESIGN_DOC.md §11 Class list	Acrobat class	unknown			Class mechanical focus: card movement.			0
E0386	designdocs	DESIGN_DOC.md §7 Spotlight System	All-revealed-trigger (earliest)	rule			Earliest rule: all revealed cards perform their abilities unconditionally.			0
E0387	designdocs	DESIGN_DOC.md §11 Skill taxonomy	Amplifying existing points	unknown			Skill taxonomy category: cards that amplify existing point sources.			0
E0388	designdocs	DESIGN_REFERENCES.md §A10 The Americas	Amusement city (Coney Island)	boss			Layout/offers differ every visit; the town may burn down as a map event and rebuild changed.			0
E0389	designdocs	DESIGN_REFERENCES.md §A16 Africa & the Arctic	Animal-puppet tokens	skill			Animal effects that count as Puppet-type, immune to animal bans and gentling-friendly.			0
E0390	designdocs	DESIGN_DOC.md §11 Class list	Animal Trainer class	unknown			Class mechanical focus: stacking — eating cards, cards auto-moving through the field.			0
E0391	designdocs	DESIGN_REFERENCES.md §A3 Golden Age Western Circus	Antique poster / benefit show	unknown			An antique poster found at a node becomes a real card; a benefit-show event sends all proceeds to one card, massively buffing it.			0
E0392	designdocs	DESIGN_REFERENCES.md §A1 The Ancient World	Arena/naumachia town	boss			Arena towns only let Danger-tagged cards score; a naumachia event floods the board's bottom rows.			0
E0393	designdocs	DESIGN_DOC.md §19 Meta Progression	Ascensions	unknown			Each ascension adds a chosen negative card into the deck or rules deck, resolving the overlap with prestige debuff-for-points ideas.			0
E0394	designdocs	DESIGN_REFERENCES.md §A6 Japan	Automaton type (Karakuri)	type			Acts by itself every Next, performing its cue for free, but can never be manually cued.			0
E0395	designdocs	DESIGN_DOC.md §5 Scoring	Avalanche	skill			After scoring, all cards on the board 'attack the scoreboard,' reducing the goal score by the number of cards on the board.		braindump;designdocs	2
E0396	designdocs	DESIGN_DOC.md §5 Scoring v2 (dual-axis, latest)	Axis-distinguishing score display	rule			Score display distinguishes axes: '-2-' denotes row points, '|1|' denotes column points.			0
E0397	designdocs	DESIGN_DOC.md §10 Suit-Props (implemented)	Ball = Juggling status	suit			Ball drops a Juggling status, which pays out column score when that card later scores.			0
E0398	designdocs	DESIGN_REFERENCES.md §C1 Golden-Age Stage Magic	Bamberg dynasty saves	unknown			A family line of decks where each generation inherits one card.			0
E0399	designdocs	DESIGN_REFERENCES.md §A6 Japan	Ban-evasion deck (Hanafuda)	unknown			When a town outlaws a suit, cards in this deck reskin themselves to dodge the ban.			0
E0400	designdocs	DESIGN_REFERENCES.md §A2 Medieval & Renaissance Europe	Bartholomew Fair town	boss			Every shop type is available at once, but pickpocket events fire between purchases.			0
E0401	designdocs	DESIGN_RECOMMENDATIONS.md §2.4 Suits: 4 + specials	Base four suits	suit			Standardize on 4 base suits (Knives, Hoops, Balls, Flames) instead of 6, mapping 1:1 to projectile mechanics.			0
E0402	designdocs	DESIGN_REFERENCES.md §A5 China	Bian lian instant pip-swap	unknown			Instant pip-swap on cue, with the swap method hidden from the player; unlocked via a family-lineage condition.			0
E0403	designdocs	DESIGN_DOC.md §5 Scoring	BigNumber class	rule			An infinite/arbitrary-precision number class is used so scores can grow unboundedly large.			0
E0404	designdocs	DESIGN_DOC.md §15 Map content & UX	Biome/route meta-unlocks	unknown			More biomes and extended routes can be unlocked with meta progress.			0
E0405	designdocs	DESIGN_DOC.md §15 Map v3 (Biome tour)	Biome tour structure	rule			Level/act/world structure where traveling through biomes affects map generation, with Umamusume-style fame gates roughly every 10 levels.			0
E0406	designdocs	DESIGN_REFERENCES.md §C2 Séance, Spiritualism & Paranormal	Blackout turn	rule			One turn is played entirely with a facedown board.			0
E0407	designdocs	DESIGN_DOC.md §6 Card Anatomy & Pips	Board/deck contract	rule			The game has a board with 2 zones, a draw deck, a discard deck, and a hidden rule-set deck, which is parsed at game creation to decide board layout.			0
E0408	designdocs	DESIGN_DOC.md §15 Map (implemented)	Booster node packs	rule			Booster nodes force-add a 5-card pack that the player takes in full.			0
E0409	designdocs	DESIGN_DOC.md §14.3 Types	Booster / Talent pack	type			Card-pack generation type used on the map.			0
E0410	designdocs	DESIGN_DOC.md §8 Rule Deck	Boss effects as temporary rule cards	boss			Boss/negative effects are implemented as temporary cards added to the rules deck, defined to self-destroy after the game/show ends.			0
E0411	designdocs	DESIGN_DOC.md §14.4 Rule cards	Boss/hazard rule cards	boss			Temporary negative rule cards that self-destruct after the game/show ends.			0
E0412	designdocs	DESIGN_REFERENCES.md §D Cards, Gambling & Fortune	Bottom Deal	skill			Draw from the bottom of the deck this turn.			0
E0413	designdocs	DESIGN_REFERENCES.md §A8 Middle East, Central Asia, Mongolia	Bound pair (Karagöz)	skill			Each of a pair gets +mult when placed in opposite zones.			0
E0414	designdocs	DESIGN_RECOMMENDATIONS.md §5 Stamps	Brass Check	stamp			On trigger, mint a Gold card to the top of the deck.			0
E0415	designdocs	DESIGN_REFERENCES.md §A15 Iberia, Nordics & Eastern Europe	Build-to-burn (Las Fallas)	rule			Invest in a card all tour, then burn it at the finale for a payout proportional to investment; exactly one card can be 'pardoned' from any mass-destruction effect.			0
E0416	designdocs	DESIGN_REFERENCES.md §A1 The Ancient World	Bull-leap vault	skill			When a boss attacks a column, this card dodges the attack and scores instead.			0
E0417	designdocs	DESIGN_REFERENCES.md §B4 Danger Acts	Bullet Catch graveyard secret	unknown			A hidden secret tracks repeat users of the Bullet Catch card, referencing its many in-fiction deaths.			0
E0418	designdocs	DESIGN_REFERENCES.md §B4 Danger Acts	Buried alive	skill			Bury a card (remove from game) for N shows; it returns transformed (+rarity) or not at all (small chance).			0
E0419	designdocs	DESIGN_REFERENCES.md §G The Modern Era	Burning Man build-to-burn	unknown			Build a temporary venue from the player's own cards and burn it for a payout; ending the show with an empty board grants a 'Leave No Trace' bonus.			0
E0420	designdocs	DESIGN_REFERENCES.md §A15 Iberia, Nordics & Eastern Europe	Burst acrobatics (Hopak)	skill			A Dancer card jumps its whole stack one row in a single cue.			0
E0421	designdocs	DESIGN_DOC.md §12 Tapping / Cues & Charges	Buttons as cards (shop)	rule			Shop buttons (e.g. reroll) are implemented as tappable cards on the game board rather than UI widgets.			0
E0422	designdocs	DESIGN_REFERENCES.md §A14 The Caribbean & Central America	Cabaret city	boss			Night-show rules apply; Dancer/Concessions cards are favored.			0
E0423	designdocs	DESIGN_REFERENCES.md §A11 South America	Calendar shows (Inti Raymi)	unknown			Bonus festivals appear on fixed 'dates' (every Nth node).			0
E0424	designdocs	DESIGN_REFERENCES.md §F4 Dance, Drag & Ballroom	Call-and-response	rule			When an adjacent card triggers, this card may 'answer' by mirroring the trigger at half power.			0
E0425	designdocs	DESIGN_RECOMMENDATIONS.md §6 Special Effects	Calliope	skill			+combo for every different class that scored this submit.			0
E0426	designdocs	DESIGN_REFERENCES.md §D Cards, Gambling & Fortune	Canfield rules economy	rule			Pay cards to play, earn gold per card scored, as an explicit town/deck economy variant.			0
E0427	designdocs	DESIGN_REFERENCES.md §B4 Danger Acts	Cannon dynasty inheritance	unknown			Cannon acts are inheritable between runs, framed as a family dynasty.			0
E0428	designdocs	DESIGN_REFERENCES.md §B1 Aerial & Wire	Cannot-retire veteran card	unknown			A veteran card that cannot retire, used as endless-mode flavor.			0
E0429	designdocs	DESIGN_RECOMMENDATIONS.md §4 Types (materials)	Canvas	type			Sturdy default material for circus-born cards; an upgrade tier above Paper.			0
E0430	designdocs	DESIGN_DOC.md §6 Card Anatomy & Pips	Card anatomy contract	rule			Every card has a suit, a rank, a stamp slot, a skill slot, and a card type; cards can have 1 parent and 1 child (a stack).			0
E0431	designdocs	DESIGN_DOC.md §15 Map content & UX	Card pack node offers	rule			Nodes offer card packs, or occasionally rarer single cards; packs show at least 1 guaranteed card in the map preview.			0
E0432	designdocs	DESIGN_DOC.md §16 Economy & Shop	Card-stack shop pricing	rule			Shop cost is a stack of cards at the bottom, randomly chosen from the player's deck to be equivalent to the listed price, so buying doubles as deck thinning.			0
E0433	designdocs	DESIGN_DOC.md §19 Meta Progression	Card unlock tracks	unknown			Dual unlock system: specific in-game actions unlock specific cards, while a threshold/achievement-pass track unlocks commons via generic, order-independent progress and rares via archetype-specific play.			0
E0434	designdocs	DESIGN_DOC.md §16 Economy & Shop	Cards as currency	rule			Cards themselves are the currency; there is no abstract gold, only trading in cards.			0
E0435	designdocs	DESIGN_DOC.md §17 Turn Resources	Cards cannot retire until scored	rule			Cards cannot be sold/removed until they have scored or their ability has activated.			0
E0436	designdocs	DESIGN_DOC.md §2 Core Game Loop v2 (latest)	Cards enter only via drop	rule			Cards enter play by dropping automatically from the input row; they cannot be dragged down manually.			0
E0437	designdocs	DESIGN_DOC.md §11 Skill taxonomy	Cards with a price	unknown			Skill taxonomy category: cards that come at a price/cost.			0
E0438	designdocs	DESIGN_DOC.md §16 Economy & Shop	Carnival meta-shop	unknown			The Carnival meta-shop lets the player spend prestige to improve odds of cards/events on the map, but this also raises the score required per show.			0
E0439	designdocs	DESIGN_REFERENCES.md §B3 Strength & Endurance	Carries a chosen card	skill			Carries one chosen card wherever it moves, so they relocate together.			0
E0440	designdocs	DESIGN_DOC.md §14.4 Rule cards	Cascade Scorer	rule			Performs the whole-board row/column scoring pass.			0
E0441	designdocs	DESIGN_REFERENCES.md §A15 Iberia, Nordics & Eastern Europe	Censorship-immune puppets	rule			In towns that ban speech/satire acts, Puppet-type cards perform unhindered.			0
E0442	designdocs	DESIGN_REFERENCES.md §B4 Danger Acts	Centrifugal column (Wall of Death)	skill			Cards in this column can't fall or be discarded while it spins, for a limited number of turns.			0
E0443	designdocs	DESIGN_REFERENCES.md §A5 China	Chair stack	skill			+mult per card in the tallest column.			0
E0444	designdocs	DESIGN_DOC.md §11 Skill taxonomy	Changing game rules	unknown			Skill taxonomy category: cards that change game rules.			0
E0445	designdocs	DESIGN_DOC.md §11 Skill taxonomy	Changing how other skills work	unknown			Skill taxonomy category: cards that alter how other skills function.			0
E0446	designdocs	DESIGN_REFERENCES.md §A2 Medieval & Renaissance Europe	Charivari opening	rule			Turn-1 bonus for flooding the Ring with many low-rank cards at once.			0
E0447	designdocs	DESIGN_DOC.md §14.1 Skills/Feats	Cheat Day	skill			Cards remaining in the deck get a rank-up, rewarding winning early with cards to spare.			0
E0448	designdocs	DESIGN_RECOMMENDATIONS.md §9 Events	Cherry Pie	unknown			Take a debuff card for this show in exchange for gold cards.			0
E0449	designdocs	DESIGN_REFERENCES.md §A8 Middle East, Central Asia, Mongolia	Chick production (gali-gali)	skill			Produces chick tokens under scored face-down cards ('cups').			0
E0450	designdocs	DESIGN_REFERENCES.md §F1 Theater & Opera	Chorus cards	skill			Reveal the boss's next intent one turn early while any two Chorus cards share a row.			0
E0451	designdocs	DESIGN_REFERENCES.md §A1 The Ancient World	Circus Maximus race show	boss			Reach the goal score within N turns.			0
E0452	designdocs	DESIGN_DOC.md §10 Suits	Circus suit roster	suit			Planned circus suits: clowns, background dancers, flames, juggling balls, hoops, nails/knives, plus special suits fireworks and electric.			0
E0453	designdocs	DESIGN_REFERENCES.md §C2 Séance, Spiritualism & Paranormal	Clever Hans	skill			Appears to calculate a rank but actually copies its neighbor's value; if the neighbor leaves, it's revealed as rank 1.			0
E0454	designdocs	DESIGN_DOC.md §11 Class list	Clown class	unknown			Class mechanical focus: pip manipulation.			0
E0455	designdocs	DESIGN_REFERENCES.md §A4 Russia & the Soviet Circus	Clown + companion token	skill			Comes with a free 1-rank dog token.			0
E0456	designdocs	DESIGN_REFERENCES.md §B2 Juggling & Object Manipulation	Club passing	rule			Two Juggler cards in different columns trade a buff back and forth every Next.			0
E0457	designdocs	DESIGN_REFERENCES.md §A13 Korea & Southeast Asia	Color-wheel booth	unknown			Bet a gold card on a suit at a color-wheel game.			0
E0458	designdocs	DESIGN_DOC.md §3 Board & Zones	Column count via rule cards	rule			Column count is not hardcoded: rule cards (input/zone adders) each add one column at game creation, so effects can add or remove columns.			0
E0459	designdocs	DESIGN_DOC.md §14.1 Skills/Feats	Column Poker (unnamed)	rule			Every 5 cards per column are scored as a poker hand.		braindump	1
E0460	designdocs	DESIGN_DOC.md §2 Core Game Loop	Combine and pick up decks	unknown			Early undeveloped idea to combine and pick up multiple decks.			0
E0461	designdocs	DESIGN_DOC.md §5 Scoring v3 (combo, shipped)	Combo payout formula	rule			Act payout = row-score x column-score x combo, where combo = 1 + 0.1 x U, and U = number of distinct combo classes (archetype+size+copies) scored this act.			0
E0462	designdocs	DESIGN_DOC.md §5 Scoring v3 (combo)	Combo per unique effect	rule			Combo increments by 1 for each unique effect triggered; flat points come from card effects ('cards are ammo'), multiplied by row-combo and col-combo.			0
E0463	designdocs	DESIGN_RECOMMENDATIONS.md §2.1 Scoring: combo reframe	Combo scoring formula	rule			Show score = sum of card effect points, multiplied by (1 + row combo) and by (1 + col combo), where row/col combo = number of unique row/column melds scored this submit.			0
E0464	designdocs	DESIGN_REFERENCES.md §A2 Medieval & Renaissance Europe	Commedia dell'arte roster	type			An entire face-card family or leader roster built from stock commedia characters.			0
E0465	designdocs	DESIGN_DOC.md §14.1 Skills/Feats	Common (chain)	skill			Doubles the chance of Rare cards appearing.		braindump	1
E0466	designdocs	DESIGN_DOC.md §7 Spotlight System	Compress board toggle	rule			A QOL 'compress board' view strips card art to pips plus ability names (dim when inactive), turning a stack into a stiff column when picked up.			0
E0467	designdocs	DESIGN_DOC.md §11 Class list	Concessions / Food class	unknown			Class mechanical focus: positive effects (buffs).			0
E0468	designdocs	DESIGN_REFERENCES.md §E The Fairground, Midway & Business	Configurable rhythm-buff (calliope organ)	consumable			A punched-card organ mechanic where the player configures a programmable rhythm-buff card.			0
E0469	designdocs	DESIGN_REFERENCES.md §A10 The Americas	Congress deck	unknown			Starts with one card from every regional tradition, with cross-culture synergy tags.			0
E0470	designdocs	DESIGN_REFERENCES.md §A3 Golden Age Western Circus	Conjoined cards	rule			Two cards are permanently fused side-by-side, move as one unit, but score as two.			0
E0471	designdocs	DESIGN_DOC.md §11 Class list	Costume Designer class	unknown			Class mechanical focus: equipment/clothing/stamp manipulation.			0
E0472	designdocs	DESIGN_DOC.md §11 Skill taxonomy	Creating mini-games	unknown			Skill taxonomy category: cards that create mini-games.			0
E0473	designdocs	DESIGN_DOC.md §11 Skill taxonomy	Creating temporary cards	unknown			Skill taxonomy category: cards that create temporary cards.			0
E0474	designdocs	DESIGN_REFERENCES.md §F4 Dance, Drag & Ballroom	Crew formation battle / class legalization	unknown			Crew vs. crew formation battles; a street class becomes town-legal as the meta progresses.			0
E0475	designdocs	DESIGN_DOC.md §5 Scoring v1 (cribbage)	Cribbage-style scoring	rule			Face cards all count as 10; 2 points per 15-sum, 2 points per 31-sum, 2 for a pair, 6 for a triple, 12 for a quad, 3-7 points for runs of 3-7 cards.			0
E0476	designdocs	DESIGN_REFERENCES.md §A4 Russia & the Soviet Circus	Cross-class Clown leader	type			A comedy leader whose buff reaches every class.			0
E0477	designdocs	DESIGN_DOC.md §11 Skill taxonomy	Cross-game persistence	unknown			Skill taxonomy category: effects persisting into the next game.			0
E0478	designdocs	DESIGN_REFERENCES.md §F3 Music, Concerts & Festivals	Crowd glow	rule			During a low-scoring turn, the crowd trickles in small fame regardless.			0
E0479	designdocs	DESIGN_DOC.md §12 Tapping / Cues & Charges	Cue via right-click	rule			Cards are tapped ('cued') via right-click; tappable cards get a glowing halo border that is removed once spent.			0
E0480	designdocs	DESIGN_REFERENCES.md §A1 The Ancient World	Cups and balls minigame	unknown			A three-facedown-cards shuffle minigame usable in shops/events; the humblest commons can be buffed by an 'oldest trick' tag.			0
E0481	designdocs	DESIGN_DOC.md §13 Special Decks & Variants	Custom deck (final unlockable)	unknown			A fully custom deck as the final unlockable deck variant.			0
E0482	designdocs	DESIGN_DOC.md §8 Rule Deck (vetoed)	Custom rule deck pack	unknown			Vetoed: an unlock letting players build fully custom rule decks, up to re-implementing default solitaire — rejected as scope creep.			0
E0483	designdocs	DESIGN_RECOMMENDATIONS.md §9 Events	Cutting Up Jackpots	unknown			Reroll any one card in the deck into another card of the same class.			0
E0484	designdocs	DESIGN_DOC.md §5 Scoring v3 (combo, unbuilt)	Damage/antagonist reframing	rule			Points are reframed as damage dealt against an antagonist, Slay-the-Spire/TCG style, with row and column scorers becoming a combo system.			0
E0485	designdocs	DESIGN_DOC.md §11 Class list	Dancer / trick artist class	unknown			Class mechanical focus: specific formation bonuses.			0
E0486	designdocs	DESIGN_REFERENCES.md §D Cards, Gambling & Fortune	Dead Man's Hand	unknown			Scoring two pair, aces over eights, triggers a morbid jackpot plus a ghost event.			0
E0487	designdocs	DESIGN_DOC.md §20 Difficulty, Bosses & Win Cons	Debuff statuses	type			Cards can catch statuses via the status array, e.g. Exhausted (loses a rank at round end if it appeared on board this show).			0
E0488	designdocs	DESIGN_DOC.md §2 Core Game Loop v1	Deck-click drops loop	rule			Every click of the deck drops new cards down; a limited number of clicks/rounds are allowed per match.			0
E0489	designdocs	DESIGN_DOC.md §2 Core Game Loop	Deck influences ruleset	unknown			Different starting decks influence both the card pool and the rules the player plays under, via the rule deck.			0
E0490	designdocs	DESIGN_DOC.md §11 Skill taxonomy	Deck manipulation	unknown			Skill taxonomy category: cards that manipulate the deck.			0
E0491	designdocs	DESIGN_DOC.md §13 Special Decks & Variants	Deck unlocks as gimmick runs	unknown			Deck unlocks double as Balatro-style gimmick runs, unifying two systems into one.			0
E0492	designdocs	DESIGN_REFERENCES.md §A10 The Americas	Declared jump (Evel Knievel)	rule			Anchors the Booking system: declare a jump, sell tickets, then attempt to survive it.			0
E0493	designdocs	DESIGN_REFERENCES.md §A1 The Ancient World	Dedi's Resurrection	skill			Restore one destroyed card per show.			0
E0494	designdocs	DESIGN_DOC.md §4 Stacking & Movement Rules	Default stack legality	rule			A legal stack is an ascending or descending run; same-suit cards cannot stack.			0
E0495	designdocs	DESIGN_DOC.md §6 Card Anatomy & Pips	Deterministic own RNG	rule			The engine implements its own RNG with seed offsets that are themselves randomized per-seed, so everything stays deterministic.			0
E0496	designdocs	DESIGN_REFERENCES.md §F1 Theater & Opera	Deus ex machina consumable	consumable			One automatic show-save per run, deliberately framed as feeling like a cheat.			0
E0497	designdocs	DESIGN_REFERENCES.md §A11 South America	Devil Parade	unknown			Play debuffed cards as the show; each one scored converts its debuff into fame.			0
E0498	designdocs	DESIGN_REFERENCES.md §A5 China	Diabolo juggle	skill			A card is juggled between two columns, alternating position every Next and buffing both.			0
E0499	designdocs	DESIGN_DOC.md §15 Map content & UX	Disaster card packs	rule			Disaster card packs can appear on the board as a choosable option.			0
E0500	designdocs	DESIGN_DOC.md §17 Turn Resources	Discard-driven board building	rule			Discards are a main method of building the board: repeatedly discard Entrance cards until getting what's wanted, then let them drop; an upgrade chain grants more discards or more cards per discard.			0
E0501	designdocs	DESIGN_DOC.md §14.1 Skills/Feats	Discard Joker (unnamed)	skill			Allows discarding 1 Entrance card per turn; upgradable to more discards or more cards per discard.			0
E0502	designdocs	DESIGN_REFERENCES.md §A16 Africa & the Arctic	Dispute settled by performance	unknown			A diplomatic show variant where a town dispute is settled by performance instead of score.			0
E0503	designdocs	DESIGN_DOC.md §13 Special Decks & Variants	Double Everything deck	unknown			Ranks are doubled, deck size doubled, initial slots doubled, score required doubled, card packs doubled.		braindump	1
E0504	designdocs	DESIGN_DOC.md §14.2 Stamps	Double Trigger	stamp			Card's effects trigger twice.			0
E0505	designdocs	DESIGN_REFERENCES.md §C1 Golden-Age Stage Magic	Dove production	skill			Scored melds release dove tokens: rank-1 fliers that land on random columns as free cards.			0
E0506	designdocs	DESIGN_REFERENCES.md §A5 China	Dragon meld	rule			A scored run moves as one body afterward, relocatable as a unit next turn.			0
E0507	designdocs	DESIGN_RECOMMENDATIONS.md §6 Special Effects	Drumroll	skill			The last meld scored this submit gets +mult.			0
E0508	designdocs	DESIGN_DOC.md §5 Scoring v2 (dual-axis, latest)	Dual-axis base scoring	rule			Base scoring combines vertical runs (with a minimum size) per column with horizontal poker hands per row.			0
E0509	designdocs	DESIGN_REFERENCES.md §A15 Iberia, Nordics & Eastern Europe	Duende	rule			A rare emergent state under specific combo/tension conditions triples a card's score with unique presentation; never purchasable, only summoned.			0
E0510	designdocs	DESIGN_DOC.md §3 Board & Zones	Duplicate rule card identifiers	rule			Duplicate rule cards (e.g. multiple zone adders) use their rank as an identifier.			0
E0511	designdocs	DESIGN_REFERENCES.md §A12 Australia & Oceania	Dynasty save bonus	unknown			A bonus for consecutive finished tours in one save file.			0
E0512	designdocs	DESIGN_DOC.md §14.3 Types	Earth / Air / Water / Fire materials	type			Elemental materials with custom movement, such as always sitting on top or bottom of a stack.			0
E0513	designdocs	DESIGN_DOC.md §25 Cross-Reference	Effect-order deck viewer	skill			An effect-viewer that shows skill trigger order even when the deck is randomized (could itself be implemented as a skill).			0
E0514	designdocs	DESIGN_DOC.md §10 Suits	Electric suit (proposed)	suit			Electric suit buffs cards that are connected/chained together in a certain way.		braindump	1
E0515	designdocs	DESIGN_REFERENCES.md §F6 Film Stunts & Spectacle Sports	Element boards (ice/water)	rule			Ice rows slide placed cards to the column's end; water rows let cards float/drift.			0
E0516	designdocs	DESIGN_DOC.md §4 Stacking & Movement Rules	Elemental custom movement	type			Elemental card types with custom movement rules, such as always sitting on top or bottom of a stack.			0
E0517	designdocs	DESIGN_REFERENCES.md §B2 Juggling & Object Manipulation	Elevate a prop	skill			Permanently convert one prop card into a feat card.			0
E0518	designdocs	DESIGN_RECOMMENDATIONS.md §2.2 Alt win cons: The Booking	Endless bookings	unknown			In endless mode, bookings become increasingly absurd contracts each repeat.			0
E0519	designdocs	DESIGN_DOC.md §15 Map (implemented)	Endless lap reversal	unknown			Finishing a lap enters endless mode: the tour reverses end-to-start on the same map, with goals scaling per lap and traveled history accumulating.			0
E0520	designdocs	DESIGN_DOC.md §15 Map v4 (FTL, latest)	Endless mode unlock	unknown			Finishing the final city wins the run and unlocks endless mode, repeating the final city with guaranteed repeating choices until the player loses.		braindump	1
E0521	designdocs	DESIGN_REFERENCES.md §G The Modern Era	Endurance lineage cards	skill			Modern endurance cards explicitly cite a lineage chain of ancestor cards (Hunger Artist family).			0
E0522	designdocs	DESIGN_REFERENCES.md §A10 The Americas	Engineer-impresario leader	type			Danger acts this leader 'designs' cost less.			0
E0523	designdocs	DESIGN_DOC.md §14.1 Skills/Feats	Epic (chain)	skill			Doubles the chance of Legendary cards appearing.			0
E0524	designdocs	DESIGN_DOC.md §16 Economy & Shop	Escalating reroll cost	rule			Shop reroll/refresh costs increase with each use.			0
E0525	designdocs	DESIGN_DOC.md §11 Class list	Escape Artist / Stuntsman class	unknown			Class mechanical focus: negative-effects (debuffs).			0
E0526	designdocs	DESIGN_REFERENCES.md §A10 The Americas	Escaramuza formation bonus	skill			A synchronized-formation bonus for symmetrical board states.			0
E0527	designdocs	DESIGN_DOC.md §19 Meta Progression	Event-recycled prestige	unknown			An in-run event grants temporary prestige points to allocate, reusing the meta-progression system mid-run.			0
E0528	designdocs	DESIGN_DOC.md §8 Rule Deck (vetoed)	Every deck as its own solitaire board	unknown			Vetoed: making every deck (draw/discard/rule) itself a playable solitaire board with no layout control, leading to unsolvable boards.			0
E0529	designdocs	DESIGN_DOC.md §14.1 Skills/Feats	Exchange Voucher	skill			Usable from the deck: swap it with any card currently on screen.			0
E0530	designdocs	DESIGN_DOC.md §16 Economy & Shop	Exponential price curve	rule			Card power/cost sits on an exponential curve: stronger cards are priced cheaper than linear scaling would suggest, since high cost trades off against flexibility.			0
E0531	designdocs	DESIGN_REFERENCES.md §E The Fairground, Midway & Business	Exposition City	boss			An enormous once-per-map goal where every suit is welcomed.			0
E0532	designdocs	DESIGN_REFERENCES.md §C1 Golden-Age Stage Magic	Exposure cost	rule			Revealing a Gaff's true nature (the player's own or a boss's) carries a cost.			0
E0533	designdocs	DESIGN_DOC.md §14.1 Skills/Feats	Eye of God	skill			See all decks (including the rule deck) and their true descriptions.			0
E0534	designdocs	DESIGN_DOC.md §8 Rule Deck	Eye of God true vision	unknown			A prestige unlock grants 'true vision': seeing all decks (including the rule deck) and true card descriptions.			0
E0535	designdocs	DESIGN_DOC.md §7 Spotlight System	Eye stamp mini-art	stamp			The hidden-trigger (eye) stamp shows a miniature of the card's skill art inside the stamp icon.			0
E0536	designdocs	DESIGN_REFERENCES.md §F2 Kayfabe & Sports Entertainment	Face/heel alignment	rule			Cards have face/heel modes with different bonuses; towns prefer one alignment or the other.			0
E0537	designdocs	DESIGN_RECOMMENDATIONS.md §6 Concessions	Fairy Floss	skill			When scored, adjacent cards gain +1 rank for this show.			0
E0538	designdocs	DESIGN_RECOMMENDATIONS.md §2.1 Scoring: combo reframe	Fame as antagonist reframe	rule			Rename the goal score to 'Fame needed'; overscore grants tips; no separate enemy HP is added.			0
E0539	designdocs	DESIGN_DOC.md §2 Core Game Loop refinements	Fame banks at Continue	rule			Fame is only committed when the player presses Continue after a win, not at the outcome screen itself, so a win stays undoable until then.			0
E0540	designdocs	DESIGN_DOC.md §15 Map (implemented)	Fame gates pack rarity	rule			Accumulated fame raises a run-wide luck value that gates stamp/skill/type rolls in packs.			0
E0541	designdocs	DESIGN_DOC.md §15 Map v4 (FTL, latest)	Fame improves offer rarity	unknown			Total accumulated fame improves the rarity odds of card offers.			0
E0542	designdocs	DESIGN_DOC.md §5 Scoring (circus framing)	Fame/tips framing	rule			Scoring represents exciting the audience; cheering audio scales with score; overscoring pays out tips; the required score is the fame the show must earn.			0
E0543	designdocs	DESIGN_REFERENCES.md §A11 South America	Family-tent deck	unknown			Starts weak, but gains a permanent heirloom card each finished tour.			0
E0544	designdocs	DESIGN_REFERENCES.md §A8 Middle East, Central Asia, Mongolia	Festival mini-contest node	unknown			Win any 1 of 3 mini-contests (score/formation/speed) for the prize.			0
E0545	designdocs	DESIGN_DOC.md §11 Act types	Final Act	type			Deck-position type: shows up after all other cards are drawn, possibly carrying an extra multiplier.			0
E0546	designdocs	DESIGN_REFERENCES.md §B4 Danger Acts	Fire breather	skill			Projects a Flames buff across an entire row, then Exhausts itself.			0
E0547	designdocs	DESIGN_DOC.md §10 Suit-Props (implemented)	Fire = Burning status	suit			Fire drops a Burning status on its target, multiplying that card's own suit-effect prop count.			0
E0548	designdocs	DESIGN_REFERENCES.md §A12 Australia & Oceania	Fire-knife dual-suit pip	suit			A pip counting as both Knives and Flames suits simultaneously.			0
E0549	designdocs	DESIGN_DOC.md §10 Suits	Fireworks suit (proposed)	suit			Fireworks suit directly adds points to its column based on rank.			0
E0550	designdocs	DESIGN_DOC.md §11 Act types	First Act	type			Deck-position type: shows up alone, before any other cards are drawn.			0
E0551	designdocs	DESIGN_RECOMMENDATIONS.md §9 Events	First of May	unknown			A rookie joins: gain a random Common card with a hidden growth condition that upgrades it after scoring 10 times.			0
E0552	designdocs	DESIGN_DOC.md §14.3 Types	First / Second / Final Act (type entry)	type			Deck-position control types (see §11 Act types).			0
E0553	designdocs	DESIGN_RECOMMENDATIONS.md §4 Types (materials)	Flash	type			Scores triple points, but only the first time it would ever score, once per show.			0
E0554	designdocs	DESIGN_RECOMMENDATIONS.md §6 Animal Trainer	Flea Circus	skill			Scores as if it were 5 cards of rank 1, for combo-counting purposes.			0
E0555	designdocs	DESIGN_REFERENCES.md §A13 Korea & Southeast Asia	Flooded rows	rule			Water-covered rows let cards float (move freely sideways) while the cards beneath stay hidden but active.			0
E0556	designdocs	DESIGN_REFERENCES.md §B1 Aerial & Wire	Flyer & catcher system	skill			The Flyer card can be 'thrown' to any column containing the Catcher card.			0
E0557	designdocs	DESIGN_DOC.md §15 Map v3 (Biome tour)	Fog of war on choices	rule			Fog of war obscures further map choices ahead, themed as 'going on tour.'			0
E0558	designdocs	DESIGN_REFERENCES.md §E The Fairground, Midway & Business	Fog-of-war route arrows	rule			Arrow markers stay visible on map edges the player has already scouted.			0
E0559	designdocs	DESIGN_REFERENCES.md §A2 Medieval & Renaissance Europe	Fool's License	skill			Ignore one rule card of the player's choice while this card is spotlit.			0
E0560	designdocs	DESIGN_DOC.md §14.1 Skills/Feats	Foot of God	skill			Switch locations with any card currently on screen.			0
E0561	designdocs	DESIGN_DOC.md §21 Events & Encounters	Forbidden-solitaire event mode	unknown			An event mode variant where clicking cards sends them directly to the player's hand.			0
E0562	designdocs	DESIGN_DOC.md §8 Rule Deck	Force-trigger via stacking	skill			A card that force-triggers a linked on-trigger card whenever it is tapped via stacking; judged probably too hard to implement well.			0
E0563	designdocs	DESIGN_DOC.md §20 Difficulty, Bosses & Win Cons	Formation alt win cons (rejected)	unknown			Rejected: alt win conditions tied to formations, since a crafted deck can guarantee the formation every time.			0
E0564	designdocs	DESIGN_DOC.md §11 Class list	Fortune Teller class	unknown			Class mechanical focus: deck manipulation.			0
E0565	designdocs	DESIGN_REFERENCES.md §A3 Golden Age Western Circus	Forward somersault (Con Colleano)	skill			Flip a card over the one directly above it (swap upward).			0
E0566	designdocs	DESIGN_REFERENCES.md §A5 China	Friendly Acrobat town	boss			Acrobat cards cost less here, and acrobat packs are guaranteed.			0
E0567	designdocs	DESIGN_DOC.md §15 Map v4 (FTL, latest)	FTL constellation map	rule			A constellation/DAG map with no backtracking; touring city to city builds fame; environmental hazards and surprise weather occur en route.			0
E0568	designdocs	DESIGN_REFERENCES.md §D Cards, Gambling & Fortune	Gambler leader (Poker Alice)	type			A leader built for a casino-flavored deck.			0
E0569	designdocs	DESIGN_DOC.md §14.1 Skills/Feats	Genie's Wish	consumable			Choose a card to create a copy of in the player's hand.			0
E0570	designdocs	DESIGN_REFERENCES.md §B2 Juggling & Object Manipulation	Gentleman juggling	skill			Prop (non-feat) cards in this card's row count as Balls suit.			0
E0571	designdocs	DESIGN_REFERENCES.md §A3 Golden Age Western Circus	Gentling	rule			Animal cards can be buffed into loyalty instead of being consumed, as an alternative to eating mechanics.			0
E0572	designdocs	DESIGN_DOC.md §14.5 Summary-only cards	Ghost Card (summary)	stamp			Doesn't block Spotlight for cards beneath it.			0
E0573	designdocs	DESIGN_RECOMMENDATIONS.md §4 Types (materials)	Glass	type			Scores double points, but is destroyed (shatters) after being scored 3 times.			0
E0574	designdocs	DESIGN_DOC.md §15 Map (implemented)	Goal curve formula	rule			Show goals follow G0 x (N-hat/N0)^ALPHA x difficulty x BOSS x LAP^lap, baked per progress step with a monotone clamp.			0
E0575	designdocs	DESIGN_DOC.md §14.1 Skills/Feats	Gold card	skill			Money-token card; heavy, so it always sinks to the bottom of the deck.			0
E0576	designdocs	DESIGN_REFERENCES.md §A5 China	Gold suit	suit			A literal money suit, playable as a normal suit as well as functioning as currency.			0
E0577	designdocs	DESIGN_DOC.md §16 Economy & Shop	Gold token cards	type			Gold cards are heavy token cards minted by Producer-class effects or money-on-trigger stamps.			0
E0578	designdocs	DESIGN_RECOMMENDATIONS.md §6 Special Effects	Grand Spec	skill			If all columns scored this submit, double the show's combo.			0
E0579	designdocs	DESIGN_REFERENCES.md §A8 Middle East, Central Asia, Mongolia	Gym node (Zurkhaneh)	unknown			Permanently +1 rank to one card; chivalry rule: only applies if that card has never been used to destroy another card.			0
E0580	designdocs	DESIGN_RECOMMENDATIONS.md §3 Suits & Pips	Half-step rank	rank			Rank of 5½ (etc.): stacks between 5 and 6 in a run but can never meld into a poker hand.			0
E0581	designdocs	DESIGN_REFERENCES.md §E The Fairground, Midway & Business	Hall of Mirrors	boss			The boss show duplicates the board's reflection with fake copies (Gaffs) of the player's cards to play around.			0
E0582	designdocs	DESIGN_DOC.md §12 Tapping / Cues & Charges	Halo charge display	rule			The halo doesn't resize but gains black divider lines to show remaining charge uses.			0
E0583	designdocs	DESIGN_REFERENCES.md §B1 Aerial & Wire	Handicap flourish	skill			Voluntarily debuff this card's move for double its score.			0
E0584	designdocs	DESIGN_RECOMMENDATIONS.md §3 Suits & Pips	Harlequin pip	suit			Dual-suit pip: counts as two suits at once for scoring purposes.			0
E0585	designdocs	DESIGN_REFERENCES.md §A3 Golden Age Western Circus	Head of state attends	unknown			Pass the show to permanently raise the fame floor.			0
E0586	designdocs	DESIGN_REFERENCES.md §F2 Kayfabe & Sports Entertainment	Heat as second currency	rule			Heel shows earn heat instead of fame; some towns pay more for a villain.			0
E0587	designdocs	DESIGN_DOC.md §14.3 Types	Heavy	type			Sinks to the bottom of the deck after shuffling.			0
E0588	designdocs	DESIGN_DOC.md §12 Tapping / Cues & Charges	Held-button full description	rule			Reading a card's full description requires holding a button or an info toggle (also applies in deck/pack viewers).			0
E0589	designdocs	DESIGN_DOC.md §14.5 Summary-only cards	Helium Card	type			Named version of the Light material: rises during Next.			0
E0590	designdocs	DESIGN_RECOMMENDATIONS.md §8 Towns, Bosses & Hazards	Hey Rube! (boss)	boss			Each submit, the rightmost column is attacked: cards there are debuffed unless guarded by a Stuntsman/Strongman card.			0
E0591	designdocs	DESIGN_REFERENCES.md §A15 Iberia, Nordics & Eastern Europe	Hidden bearers (costaleros)	rule			Covered cards beneath a scoring card add their ranks to it.			0
E0592	designdocs	DESIGN_REFERENCES.md §G The Modern Era	Hidden-identity reveal cards	rule			Identity/rarity is revealed only after N scores, as a fanfare moment.			0
E0593	designdocs	DESIGN_REFERENCES.md §C1 Golden-Age Stage Magic	Hidden micro-text art	unknown			A card's art contains legible hidden micro-text.			0
E0594	designdocs	DESIGN_DOC.md §8 Rule Deck	Hidden Rules Deck	rule			A normally-hidden Rules Deck holds cards that define the default ruleset (stacking, scoring, input/zone counts, draw-on-Next); changing the ruleset means changing cards in this deck.		braindump	1
E0595	designdocs	DESIGN_DOC.md §20 Difficulty, Bosses & Win Cons	High-score luck gates	unknown			Progress is gated behind occasional extreme high scores that demand luck or complicated decks, pushing toward dynamic, animated builds.			0
E0596	designdocs	DESIGN_REFERENCES.md §A1 The Ancient World	Hippodrome factions	boss			Each show, an audience faction favors one suit; ignoring them too long spawns a Riot boss.			0
E0597	designdocs	DESIGN_REFERENCES.md §F1 Theater & Opera	Hire a claque	unknown			Guarantees minimum fame this show, but demands payment at every subsequent show.			0
E0598	designdocs	DESIGN_DOC.md §21 Events & Encounters	History-driven strike/tax events	unknown			Run behavior triggers events: sacrificing too many talents causes a union strike; hoarding too many cards causes tax evasion (lose a portion of basic cards).			0
E0599	designdocs	DESIGN_DOC.md §14.1 Skills/Feats	HONK	skill			On cue (tap), makes a honk noise; unlimited uses.		braindump	1
E0600	designdocs	DESIGN_REFERENCES.md §A5 China	Hoop tower	skill			Consecutive same-suit hoop cards multiply their score.			0
E0601	designdocs	DESIGN_REFERENCES.md §F4 Dance, Drag & Ballroom	Houses	rule			Cards belong to named houses with Mother/leader cards; category walks are judged-show scoring events.			0
E0602	designdocs	DESIGN_REFERENCES.md §A1 The Ancient World	Hundred Entertainments deck	unknown			A 100-card variant deck of all commons, focused on combo scoring.			0
E0603	designdocs	DESIGN_DOC.md §15 Map v4 (FTL, latest)	Hype mechanic	rule			Voluntarily double the fame required for the next show in exchange for better goodies.			0
E0604	designdocs	DESIGN_DOC.md §4 Stacking & Movement Rules	Illegal stack submission spot	rule			Early rule: an illegal stack could only be placed on the submission spot (removed with the loop v2 rewrite).			0
E0605	designdocs	DESIGN_DOC.md §14.3 Types	Immovable (unnamed)	type			Type that resists being moved once placed.			0
E0606	designdocs	DESIGN_REFERENCES.md §A10 The Americas	Improving town (Chautauqua)	boss			No Danger acts allowed, but Concessions/education-tagged cards score double.			0
E0607	designdocs	DESIGN_DOC.md §2 Core Game Loop v1	Incoming card mulligan	rule			Incoming cards can be mulliganed via a click + discard button before dropping.			0
E0608	designdocs	DESIGN_DOC.md §2 Core Game Loop v1	Incoming card rearrange	rule			Incoming cards can be rearranged before they drop into play.			0
E0609	designdocs	DESIGN_DOC.md §14.3 Types	Input	type			Zone-header type: on Next, drops its held stack to the paired lower column, then draws a new card.			0
E0610	designdocs	DESIGN_DOC.md §14.4 Rule cards	Input Adder (upper)	rule			Adds 1 Entrance input column per copy in the rule deck.			0
E0611	designdocs	DESIGN_REFERENCES.md §F1 Theater & Opera	Inverted-blessing naming	unknown			Debuff-granting cards carry well-wishing names, and vice versa.			0
E0612	designdocs	DESIGN_REFERENCES.md §A2 Medieval & Renaissance Europe	Jack-of-all-trades	skill			Counts as every class at once, but at half effect (masters none).			0
E0613	designdocs	DESIGN_REFERENCES.md §C1 Golden-Age Stage Magic	Jaded city (Richiardi)	boss			Only shock (Danger/negative) acts impress here; a horror-show variant scoring rule applies.			0
E0614	designdocs	DESIGN_REFERENCES.md §G The Modern Era	Jaded fear-show town	boss			Debuff-inflicting cards are the headliners in fear shows.			0
E0615	designdocs	DESIGN_RECOMMENDATIONS.md §8 Towns, Bosses & Hazards	John Robinson (elite)	boss			Shortened show: 2 submits instead of 3.			0
E0616	designdocs	DESIGN_REFERENCES.md §A11 South America	Judged-category scoring	rule			Some shows grade formation, suit variety, and stamps as separate scored categories instead of one total.			0
E0617	designdocs	DESIGN_REFERENCES.md §F1 Theater & Opera	Judged festival (City Dionysia)	boss			Scores in separate categories (best formation/suit spread/single meld) instead of one total.			0
E0618	designdocs	DESIGN_REFERENCES.md §B2 Juggling & Object Manipulation	Juggler leader (Rastelli)	type			Balls-suit cards can be kept aloft (re-scored) as long as one scores each submit.			0
E0619	designdocs	DESIGN_DOC.md §10 Suit projectiles v2	Jump/duck reactions	unknown			Feat cards dynamically jump up through hoops and duck under knives as projectiles pass.			0
E0620	designdocs	DESIGN_REFERENCES.md §A6 Japan	Karuta duel	unknown			A speed-pick minigame where the first click rewards.			0
E0621	designdocs	DESIGN_REFERENCES.md §A11 South America	Kneeling Devil	skill			A negative-effect card that, if kept a full tour, converts into a positive card at the final city.			0
E0622	designdocs	DESIGN_DOC.md §10 Suit-Props (implemented)	Knife suit	suit			Mirrors Hoop but launches from the opposite row side and scores plain (prop) cards instead of talents.			0
E0623	designdocs	DESIGN_DOC.md §10 Suit projectiles v1	Knives/Hoops horizontal projectiles	suit			Scored knife and hoop cards fly horizontally across their scored row; balls and fire drop down columns.			0
E0624	designdocs	DESIGN_REFERENCES.md §A6 Japan	Kuroko	stamp			This card is 'unseen': doesn't block Spotlight, can't be targeted by bosses.			0
E0625	designdocs	DESIGN_DOC.md §14.1 Skills/Feats	Label / Evident	rule			Announces its rule-deck effect on the board even while the rule deck stays hidden.			0
E0626	designdocs	DESIGN_DOC.md §8 Rule Deck	Label/Evident card	skill			A card announces its rule-deck effect on the board while the rule deck itself stays hidden ('Baba Is You' visibility trick).			0
E0627	designdocs	DESIGN_REFERENCES.md §A2 Medieval & Renaissance Europe	Lazzi trigger-macros	skill			Equippable trigger-macros: small scripted combos a card can rehearse.			0
E0628	designdocs	DESIGN_DOC.md §14.3 Types	Leader (type entry)	type			Type that starts a card on the board or in the Entrance and boosts its group.			0
E0629	designdocs	DESIGN_DOC.md §11 Classes, Groups & Leaders	Leader chassis	type			Leader cards start already on the board (or in the Entrance) and do not leave play on submit; different starting decks ship different leaders.			0
E0630	designdocs	DESIGN_DOC.md §11 Classes, Groups & Leaders	Leader elemental fears	type			Optional debuff: some leaders fear fire/knives and cannot be placed on fire/knife cards.			0
E0631	designdocs	DESIGN_DOC.md §11 Classes, Groups & Leaders	Leader group boost	type			Cards belong to groups/classes, and leader cards boost their group.			0
E0632	designdocs	DESIGN_REFERENCES.md §C1 Golden-Age Stage Magic	Leader lineage succession	unknown			Retiring a maxed leader unlocks its heir with a carried-over power.			0
E0633	designdocs	DESIGN_RECOMMENDATIONS.md §6 Animal Trainer	Liberty Horses	skill			On Next, all Animal-tagged cards in the Entrance rearrange themselves into ascending order.			0
E0634	designdocs	DESIGN_DOC.md §14.3 Types	Light	type			Rises to the top of the deck (counterpart to Heavy, never built).			0
E0635	designdocs	DESIGN_DOC.md §7 Spotlight System	Literal spotlight beam	unknown			Triggering cards get a literal spotlight beam instead of a generic glow; the whole screen may dim during submit.			0
E0636	designdocs	DESIGN_RECOMMENDATIONS.md §4 Types (materials)	Lithograph	type			While in the Entrance (not the Ring), broadcasts its skill globally.			0
E0637	designdocs	DESIGN_DOC.md §2 Core Game Loop refinements	Live undo during resolution	rule			Pressing Undo during a resolving act cancels it: the resolution fast-forwards and the pre-act board state restores, with no act consumed.			0
E0638	designdocs	DESIGN_DOC.md §19 Meta Progression	Lore scraps unlock	unknown			Wins/actions unlock lore scraps.			0
E0639	designdocs	DESIGN_RECOMMENDATIONS.md §6 Animal Trainer	Mabel's Tigers	skill			Consumes the card it's dropped on (like Gluttony) but only prop cards; +rank per meal.			0
E0640	designdocs	DESIGN_DOC.md §13 Special Decks & Variants	Magic deck	unknown			Each suit is an element; submitting elemental combinations casts spells.		braindump	1
E0641	designdocs	DESIGN_DOC.md §11 Class list	Magician class	unknown			Class mechanical focus: card creation and deletion.			0
E0642	designdocs	DESIGN_REFERENCES.md §A6 Japan	Magician leader (Tenkatsu)	type			Produces token cards.			0
E0643	designdocs	DESIGN_DOC.md §16 Economy & Shop	Mana cards	type			Any card can serve as a resource instead of an abstract mana bar.			0
E0644	designdocs	DESIGN_DOC.md §10 Suit-Props (implemented)	Mancala targeting	suit			Ball/Fire projectiles are ballistic: a mancala walk down the column picks a fixed count of talent targets at spawn; Fire's eligibility skips talents and other Fire props.			0
E0645	designdocs	DESIGN_DOC.md §15 Map v4 (FTL, latest)	Map alternative topologies	rule			Alternatives considered: no final city (circle the map), must return to start, or visited points become revisitable after enough time passes.			0
E0646	designdocs	DESIGN_DOC.md §15 Map v1 (Minesweeper)	Map click seeds next drop	rule			Clicking a map card made it the first card dropped in the next match.			0
E0647	designdocs	DESIGN_DOC.md §15 Map (implemented)	MapNodeRoles	rule			Deterministically assigns show/booster/anchor roles to map nodes from the run seed.			0
E0648	designdocs	DESIGN_REFERENCES.md §D Cards, Gambling & Fortune	Marked stamp	stamp			The player always knows where this card currently sits in the deck.			0
E0649	designdocs	DESIGN_REFERENCES.md §A3 Golden Age Western Circus	Marketed monster	skill			Terrifies (debuffs) adjacent cards while secretly being a gentle Humbug.			0
E0650	designdocs	DESIGN_REFERENCES.md §A13 Korea & Southeast Asia	Masked satire (Talchum)	rule			Heat (infamy) is earned safely because a mask absorbs the town's anger.			0
E0651	designdocs	DESIGN_DOC.md §14.2 Stamps	Maximum Effort / Exhaust	stamp			Double (or flat bonus) points from this card on score; only refreshes if the card is NOT played/scored the following show.			0
E0652	designdocs	DESIGN_REFERENCES.md §E The Fairground, Midway & Business	Meal call (cookhouse flag)	rule			A mid-tour rest tick heals one debuff per card, once per region.			0
E0653	designdocs	DESIGN_REFERENCES.md §A13 Korea & Southeast Asia	Mid-show instant tips	rule			Overscoring a single meld pays out instantly instead of at show end.			0
E0654	designdocs	DESIGN_RECOMMENDATIONS.md §6 Escape Artist/Stuntsman	Milk Can	skill			Cue: place a card inside; it leaves play; retrieve it any later turn.			0
E0655	designdocs	DESIGN_DOC.md §15 Map v1 (Minesweeper)	Minesweeper board	boss			Full deck laid face-down; only cards adjacent to a revealed card can be clicked; clicking triggers a battle for that card and reveals its neighbors; win by uncovering all cards.			0
E0656	designdocs	DESIGN_DOC.md §21 Events & Encounters	Mini-game score-free events	unknown			Some encounters replace score-to-win with alternate win-con puzzles, e.g. 'trigger 5 times to win.'			0
E0657	designdocs	DESIGN_REFERENCES.md §A2 Medieval & Renaissance Europe	Misdirection theft	unknown			When the biggest meld of a submit scores, a pickpocket event may trigger, or a card steals from the town for bonus gold.			0
E0658	designdocs	DESIGN_REFERENCES.md §A2 Medieval & Renaissance Europe	Misrule show	unknown			For one show, all ranks are reversed (2 counts high, King counts low); winning it pays huge tips.			0
E0659	designdocs	DESIGN_REFERENCES.md §A2 Medieval & Renaissance Europe	Mobile pageant zone	rule			A zone/column relocates each turn.			0
E0660	designdocs	DESIGN_REFERENCES.md §A7 India & South Asia	Mock the Booking	skill			Reduce the declared Booking goal once per tour.			0
E0661	designdocs	DESIGN_DOC.md §4 Stacking & Movement Rules	Modifier-driven grab/place legality	rule			Stacking legality is decided by a resolver pass: all cards' allow/deny effects are gathered into a whitelist and blacklist, with the blacklist winning over the whitelist.			0
E0662	designdocs	DESIGN_DOC.md §14.2 Stamps	Money on Trigger	stamp			Gain money whenever the card triggers.		braindump	2
E0663	designdocs	DESIGN_REFERENCES.md §B5 Clowning Across Cultures	Moonstruck (Pierrot)	skill			Buffs on alternating ('night') shows, pines (does nothing/less) otherwise.			0
E0664	designdocs	DESIGN_REFERENCES.md §A2 Medieval & Renaissance Europe	Mountebank tonics	consumable			Cheap buffs with a chance of doing nothing (being water).			0
E0665	designdocs	DESIGN_DOC.md §4 Stacking & Movement Rules	Movement-resistant cards	type			Cards that resist being moved once placed.			0
E0666	designdocs	DESIGN_RECOMMENDATIONS.md §8 Towns, Bosses & Hazards	Mud Show	boss			Picking up any stack costs 1 discard.			0
E0667	designdocs	DESIGN_DOC.md §14.1 Skills/Feats	Mystery Box	skill			On game start, becomes a random skill.			0
E0668	designdocs	DESIGN_REFERENCES.md §D Cards, Gambling & Fortune	Named court card identities	unknown			Face cards have hidden historical identities discoverable through play; uncovering all 12 grants a meta reward.			0
E0669	designdocs	DESIGN_DOC.md §15 Map v3 (Biome tour)	Negative weather effects	boss			Weather events impose negative effects, framed as 'the show must go on.'			0
E0670	designdocs	DESIGN_DOC.md §11 Skill taxonomy	New scoring methods	unknown			Skill taxonomy category: cards that create new ways to score.			0
E0671	designdocs	DESIGN_REFERENCES.md §A3 Golden Age Western Circus	No-conditions cue	skill			This card's cue works with zero requirements, from anywhere.			0
E0672	designdocs	DESIGN_DOC.md §10 Suit-Props (implemented)	Nominal suit subclasses	suit			Each suit is a nominal PipSuit subclass (Hoop/Knife/Ball/Fire/Firework) with no ordinal value, constructed explicitly rather than compared by index.			0
E0673	designdocs	DESIGN_DOC.md §3 Board & Zones	Null cards	type			Null cards take up space on the board and are highlighted when selected so hovering over null space reads clearly.			0
E0674	designdocs	DESIGN_REFERENCES.md §A3 Golden Age Western Circus	Odd couple buff	skill			The thinnest (lowest rank) and heaviest (highest rank) card in a row buff each other.			0
E0675	designdocs	DESIGN_DOC.md §14.4 Rule cards	OG Grabber	rule			Provides the default grab legality: ascending/descending runs, no same-suit stacking.			0
E0676	designdocs	DESIGN_DOC.md §14.4 Rule cards	OG Placer	rule			Provides the default placement legality rule.			0
E0677	designdocs	DESIGN_REFERENCES.md §A11 South America	One-upmanship duel (scissors dance)	unknown			Alternate melds with a rival, each must out-score the last; first to fall short loses everything wagered.			0
E0678	designdocs	DESIGN_DOC.md §5 Scoring v2 (dual-axis, latest)	Only first poker hand scores	rule			Only the first (best) scored poker hand on a row actually scores; later poker hands on the same line are ignored.		braindump	1
E0679	designdocs	DESIGN_DOC.md §4 Stacking & Movement Rules	Only legal stacks liftable	rule			Only legal stacks can be picked up at all, making moving stacks harder as the run progresses.			0
E0680	designdocs	DESIGN_REFERENCES.md §G The Modern Era	Out-of-game ARG secret	unknown			A mystery solvable only through outside research.			0
E0681	designdocs	DESIGN_REFERENCES.md §A13 Korea & Southeast Asia	Outcast Troupe deck	unknown			Cheaper everywhere but banned from rich towns; built from exactly six classes (one per Namsadang art).			0
E0682	designdocs	DESIGN_REFERENCES.md §A2 Medieval & Renaissance Europe	Outlawed cards	type			Cards banned in pious towns (cannot score there) but score double in others; persecution can spawn an underground-shows event chain.			0
E0683	designdocs	DESIGN_DOC.md §15 Map (implemented)	Overscore tax retired	rule			The overscore tax was retired: wins now bank the full score as fame with no separate penalty.			0
E0684	designdocs	DESIGN_DOC.md §15 Map v4 (FTL, latest)	Overscoring ramps requirements	rule			Overscoring ramps up future score requirements, so the player balances declaring a big score (fame wagering) against the risk of missing it.			0
E0685	designdocs	DESIGN_REFERENCES.md §A3 Golden Age Western Circus	Paired giants	skill			Each of a pair gets +mult while both are on the board.			0
E0686	designdocs	DESIGN_REFERENCES.md §A1 The Ancient World	Panem et circenses free show	unknown			Give a free show: zero gold earned, big fame gain, town loyalty increased.			0
E0687	designdocs	DESIGN_REFERENCES.md §C3 Automata & Illusion Technology	Panorama consumable	consumable			Reveals the whole map's silhouette.			0
E0688	designdocs	DESIGN_DOC.md §14.3 Types	Paper	type			Default/basic material with no special effect.			0
E0689	designdocs	DESIGN_RECOMMENDATIONS.md §6 Concessions	Peanut Pitch	skill			Cue (3 charges): add points to any one card, thrown from anywhere.			0
E0690	designdocs	DESIGN_DOC.md §7 Spotlight System	Peek-over presentation	skill			Cards with skills idly move and peek over the card blocking them; blocked active cards shift the row below to show at least their upper art half.			0
E0691	designdocs	DESIGN_REFERENCES.md §C3 Automata & Illusion Technology	Pepper's Ghost	skill			An intangible duplicate of one card appears in the opposite zone; scores as if real but can't be touched or attacked.			0
E0692	designdocs	DESIGN_DOC.md §2 Core Game Loop refinements	Per-act score multiplier	rule			Each act (or only the final act) could carry an increasing score multiplier.			0
E0693	designdocs	DESIGN_REFERENCES.md §G The Modern Era	Per-card personal bests	unknown			Personal bests are recorded on the card itself; beating one's own record fires a fame event.			0
E0694	designdocs	DESIGN_DOC.md §8 Rule Deck (rejected)	Per-level rule deck	rule			Rejected: replacing the rule deck with a per-level deck, since score goals live outside the rule deck and building UI from it is scope creep.			0
E0695	designdocs	DESIGN_DOC.md §10 Suit-Props (implemented)	Per-meld suit firing	suit			A scored card's suit effect fires once per meld membership (once for its row, once for its column); talented (skill-bearing) cards suppress their own suit effect.			0
E0696	designdocs	DESIGN_DOC.md §8 Rule Deck	Per-scenario rule decks	rule			Game rules determine what Next and Submit do; different scenarios swap in different rule decks, and edits during a run are permanent for that run.			0
E0697	designdocs	DESIGN_DOC.md §5 Scoring	Performance Rings (origin)	rule			Every 5 rows scored increases points 'by layer' / turns the row red — the seed idea that became Performance Rings.			0
E0698	designdocs	DESIGN_DOC.md §5 Scoring	Performance Rings	rule			Score zones by board depth: the First Ring (rows 1-5) scores at 1x, rows 6-10 at 2x, rows 11-15 at 3x, and so on, enabling effects keyed to reaching outer rings.			0
E0699	designdocs	DESIGN_RECOMMENDATIONS.md §2.1 Scoring: combo reframe	Performance Rings as depth multiplier	rule			Performance Rings act as multipliers on the column combo specifically, rewarding tall play.			0
E0700	designdocs	DESIGN_DOC.md §12 Tapping / Cues & Charges	Permanent-toggle effect archetype	skill			An effect archetype that, once activated, stays active for the rest of the game and can never be toggled off again.			0
E0701	designdocs	DESIGN_REFERENCES.md §A13 Korea & Southeast Asia	Persistent spin-buff (Sangmo)	rule			A spin-buff persists as long as the combo continues.			0
E0702	designdocs	DESIGN_DOC.md §6 Card Anatomy & Pips	Pip comparator resolver	rule			A pip resolver/comparator class governs all rank/suit comparisons; card mods are asked first (on_compare_ranks/suits) with numeric fallback.			0
E0703	designdocs	DESIGN_DOC.md §6 Card Anatomy & Pips	Pip-registered scoring methods	rule			Each pip class can register its own static scoring methods as defaults for that pip; pip effects are permanently active, unlike skills.			0
E0704	designdocs	DESIGN_DOC.md §8 Rule Deck	Player-editable rule deck	unknown			Metagame idea: the player can modify the ruleset deck during a run by adding or removing default cards.			0
E0705	designdocs	DESIGN_DOC.md §14.1 Skills/Feats	Poker Crown (unnamed)	skill			When scored, this card and the 4 cards above it are scored together as a poker hand.		braindump	2
E0706	designdocs	DESIGN_DOC.md §14.4 Rule cards	Poker Evaluator	rule			Performs best-poker-hand evaluation per line.			0
E0707	designdocs	DESIGN_DOC.md §18 Rarity, Packs & Collection	Power-sort rarity	unknown			Rarity is determined by how far a base effect has been power-climbed into a stronger version of the same idea (e.g. Hippo to Sin of Gluttony).			0
E0708	designdocs	DESIGN_REFERENCES.md §A12 Australia & Oceania	Pre-show challenge dance	rule			Sacrifice a turn to open with an intimidation display that lowers the fame goal.			0
E0709	designdocs	DESIGN_DOC.md §14.1 Skills/Feats	Presentation	skill			Moving cards into ascending order gives multiplier points.		braindump	1
E0710	designdocs	DESIGN_DOC.md §14.1 Skills/Feats	Press Bribery / Memory Wipe	skill			Extra life: on failing a city, keep going as if the player had won; possibly a straight win if held to the end.			0
E0711	designdocs	DESIGN_DOC.md §19 Meta Progression	Prestige meta-shop	unknown			Wins grant prestige currency spent in the Carnival meta-shop on map odds, starting resources, true vision, guaranteed cards/packs, a full unlock reset, or the custom deck editor; spending raises per-show score requirements.			0
E0712	designdocs	DESIGN_DOC.md §11 Class list	Producer / Manager class	unknown			Class mechanical focus: token cards — gold/money cards and basic cards.			0
E0713	designdocs	DESIGN_DOC.md §10 Suit projectiles v1	Projectile hit/miss bonuses	suit			Gain mult for every hoop passing through an animal or acrobat, every knife missing a stuntsman, every ball hitting a juggler or animal; fire buffs cards it passes through.			0
E0714	designdocs	DESIGN_DOC.md §10 Suit projectiles v2 (latest)	Prop-vs-feat suit targeting	suit			Knives reward hitting non-feat (prop) cards, hoops reward hitting feat cards; balls buff feat cards, fire buffs non-feat cards, with balls/fire spreading buffs evenly across the column.			0
E0715	designdocs	DESIGN_REFERENCES.md §C1 Golden-Age Stage Magic	Psycho	skill			An Automaton card plays a card from the deck by itself every Next.			0
E0716	designdocs	DESIGN_REFERENCES.md §A2 Medieval & Renaissance Europe	Punch	skill			Beats adjacent cards for points.			0
E0717	designdocs	DESIGN_REFERENCES.md §G The Modern Era	Punk / Minimal unlockable decks	unknown			A Punk deck (rule-breaking commons, no Producer class) and a Minimal deck (pips only) as unlockable philosophies.			0
E0718	designdocs	DESIGN_DOC.md §20 Difficulty, Bosses & Win Cons	Quests (TFT-style)	unknown			Extremely random conditions cause permanent effects, emphasizing unlocking; effects upgrade themselves into better versions when conditions are met.			0
E0719	designdocs	DESIGN_REFERENCES.md §A6 Japan	Quick-change (Hikinuki)	skill			On scoring, swap this card's stamp with any stamp in reserve.			0
E0720	designdocs	DESIGN_RECOMMENDATIONS.md §8 Towns, Bosses & Hazards	Railroad Jump (route hazard)	boss			Traveling a long map edge costs a card from the deck (left behind on the platform).			0
E0721	designdocs	DESIGN_DOC.md §10 Suit-Props (implemented)	Random standard suit roster	suit			The standard random suit roster is [Hoop, Knife, Ball, Fire]; Firework is excluded from random rolls and instead rises up its column, banking column score at the top.			0
E0722	designdocs	DESIGN_DOC.md §14.1 Skills/Feats	Rare (chain)	skill			Doubles the chance of Epic cards appearing.		braindump	1
E0723	designdocs	DESIGN_DOC.md §18 Rarity, Packs & Collection	Rarity visual tiers	unknown			Different rarities get different borders, shines, and possibly holographic effects.			0
E0724	designdocs	DESIGN_DOC.md §11 Skill taxonomy	Removing unwanted cards	unknown			Skill taxonomy category: cards that remove unwanted cards.			0
E0725	designdocs	DESIGN_DOC.md §11 Skill taxonomy	Repositioning	unknown			Skill taxonomy category: cards that reposition cards on the board.			0
E0726	designdocs	DESIGN_DOC.md §12 Tapping / Cues & Charges	Reroll Blessing effect archetype	skill			+1 reroll per game; repeated actions will not repeat the same results for the rest of the game.		designdocs	2
E0727	designdocs	DESIGN_REFERENCES.md §G The Modern Era	Residency mode	unknown			An alternate endless mode where the player stays in one evolving city instead of circling the map.			0
E0728	designdocs	DESIGN_REFERENCES.md §E The Fairground, Midway & Business	Resort towns	boss			Lower goals, better shops, no bosses.			0
E0729	designdocs	DESIGN_DOC.md §14.2 Stamps	Revealing (Eye)	stamp			Card triggers even when hidden/covered.			0
E0730	designdocs	DESIGN_DOC.md §14.1 Skills/Feats	Ringmaster	type			No suit/rank; starts in the Entrance; always grabbable; can be placed anywhere uncovered; survives submission.			0
E0731	designdocs	DESIGN_DOC.md §11 Classes, Groups & Leaders	Ringmaster leader spec	type			No suit or rank; type starts it in the Entrance; stamp lets it always be picked up and placed anywhere uncovered; skill keeps it on board after submission.			0
E0732	designdocs	DESIGN_RECOMMENDATIONS.md §3 Suits & Pips	Roman numeral rank	rank			Cosmetic rank skin; melds identically to a normal rank.			0
E0733	designdocs	DESIGN_REFERENCES.md §A12 Australia & Oceania	Rookie growth cards	skill			Rookie commons with growth conditions that upgrade them over time.			0
E0734	designdocs	DESIGN_RECOMMENDATIONS.md §4 Types (materials)	Rosin	type			Cards placed on it cannot be picked up again, but score +1 per ring depth when scored.			0
E0735	designdocs	DESIGN_REFERENCES.md §G The Modern Era	Rotation re-trigger naming / fail-to-unlock	skill			Re-trigger counts are named as rotations; a card must publicly fail N times before unlocking its true form.			0
E0736	designdocs	DESIGN_REFERENCES.md §A12 Australia & Oceania	Route-as-song bonus	rule			Repeating a traveled route pattern 'in the right order' grants a strengthening bonus.			0
E0737	designdocs	DESIGN_REFERENCES.md §B3 Strength & Endurance	Route-length achievements	unknown			Achievements for total walked/traveled map distance.			0
E0738	designdocs	DESIGN_DOC.md §5 Scoring v2 (dual-axis, latest)	Row-then-column evaluation order	rule			Evaluation proceeds top-down: poker hands are scored first, with each column's run calculated simultaneously as that row resolves; refined to score all rows first, then all lanes simultaneously at that row.			0
E0739	designdocs	DESIGN_DOC.md §5 Scoring v2 (dual-axis, latest)	Row x column aggregation	rule			All vertical (column) scores are multiplied together with all horizontal (row) scores at the end of a submit.			0
E0740	designdocs	DESIGN_DOC.md §8 Rule Deck	Rule cards as a type	type			Rule cards are not special: they are a card type whose skill is 'always global spotlight'; other types can define 'return to deck X when Y.'			0
E0741	designdocs	DESIGN_DOC.md §8 Rule Deck	Rule cards get random pips	rule			Rule cards are given a random suit and rank in case a player ever extracts one into normal play.			0
E0742	designdocs	DESIGN_DOC.md §13 Special Decks & Variants	Rules-in-hand deck	unknown			Rule deck is empty; all rules are shuffled into the main deck.			0
E0743	designdocs	DESIGN_DOC.md §8 Rule Deck	Rules-in-hand deck variant	unknown			A deck variant where the rule deck is empty and all rules are shuffled into and drawn from the main deck.			0
E0744	designdocs	DESIGN_REFERENCES.md §D Cards, Gambling & Fortune	Run the monte (thrower)	unknown			Play the monte-thrower role yourself for gold, risking town reputation.			0
E0745	designdocs	DESIGN_RECOMMENDATIONS.md §9 Events	Séance Night	unknown			Pick the Gaff out of 3 face-down cards for a reward.			0
E0746	designdocs	DESIGN_REFERENCES.md §A6 Japan	Sacred juggling (Daikagura)	skill			Balls-suit scoring removes one debuff per juggling meld.			0
E0747	designdocs	DESIGN_REFERENCES.md §A4 Russia & the Soviet Circus	Satirical Animal Trainer leader	type			Satire angers towns (fame up, town relations down); pigs can mock the Booking.			0
E0748	designdocs	DESIGN_RECOMMENDATIONS.md §4 Types (materials)	Sawdust	type			When discarded, leaves a marker on its board slot; the next card placed there gets +points.			0
E0749	designdocs	DESIGN_DOC.md §5 Scoring v2 (dual-axis, latest)	Scan deck/discard for scoring	rule			Open idea: scoring could also scan the draw deck and discard pile, not just the board.			0
E0750	designdocs	DESIGN_DOC.md §20 Difficulty, Bosses & Win Cons	Score goal per-layer increment	rule			Score goal increments per match, currently x1.1 per layer.			0
E0751	designdocs	DESIGN_DOC.md §2 Core Game Loop v1	Score slots	rule			Score slots on the right score whatever is placed on them and double as free spaces between deck clicks.			0
E0752	designdocs	DESIGN_REFERENCES.md §B5 Clowning Across Cultures	Scripted clown combos	rule			Clown combos are scripted sequences (lazzi) with an end-of-sequence bonus.			0
E0753	designdocs	DESIGN_RECOMMENDATIONS.md §1 How I read your design	Searing Knife (adopt)	skill			Column hazard card enables town/boss content around knife scoring.			0
E0754	designdocs	DESIGN_DOC.md §14.5 Summary-only cards	Searing Knife (summary)	skill			On score, burns its column, locking it for 2 turns.			0
E0755	designdocs	DESIGN_REFERENCES.md §A14 The Caribbean & Central America	Seasonal crown	unknown			A per-season champion title (Calypso Monarch); extempo joins the verse-duel family.			0
E0756	designdocs	DESIGN_DOC.md §11 Act types	Second Act	type			Deck-position type: shows up alone after half the deck has been drawn.			0
E0757	designdocs	DESIGN_DOC.md §18 Rarity, Packs & Collection	Secret meld unlocks new rules	skill			Cards can carry secret on-add-to-deck effects that add entirely new rules once discovered.			0
E0758	designdocs	DESIGN_REFERENCES.md §A3 Golden Age Western Circus	Self-granted title	stamp			A card names itself Rare, counting as one rarity higher for effect purposes only (not for drop pools).			0
E0759	designdocs	DESIGN_REFERENCES.md §A3 Golden Age Western Circus	Seven Pyramid	skill			A 7-card stack formation meld with a huge payout.			0
E0760	designdocs	DESIGN_DOC.md §12 Tapping / Cues & Charges	Shared charge system	rule			All charge-based effects share one charge system so charges can be gained/lost from any source; unused charges auto-spend on Next.			0
E0761	designdocs	DESIGN_DOC.md §16 Economy & Shop	Shop-as-board-buttons	rule			Shops are built out of the game board itself; every button (e.g. reroll) is a tappable card.			0
E0762	designdocs	DESIGN_DOC.md §7 Spotlight System	Show-all-active toggle	rule			A half-open-eye QOL toggle pushes stacks apart so every spotlit card is fully visible; disabled while holding a stack.			0
E0763	designdocs	DESIGN_DOC.md §14.1 Skills/Feats	Sin of Gluttony	skill			Upgraded Hippo: no value cap, can be fed from anywhere including decks, and permanently consumes fed cards.			0
E0764	designdocs	DESIGN_RECOMMENDATIONS.md §1 How I read your design	Sliced Reality (reject)	unknown			Changes column count; redundant with ZoneAdder rule cards.			0
E0765	designdocs	DESIGN_DOC.md §14.5 Summary-only cards	Sliced Reality (summary)	skill			Splits a column into two, or merges two columns into one.			0
E0766	designdocs	DESIGN_DOC.md §18 Rarity, Packs & Collection	Slot-machine pack opening	unknown			Pack opening shows all possible contents in the background, slot-machine styled, with results seed-fixed.			0
E0767	designdocs	DESIGN_REFERENCES.md §A10 The Americas	Small-tent starting deck (Carpas)	unknown			A weak starting deck with an underdog-to-star meta arc.			0
E0768	designdocs	DESIGN_REFERENCES.md §A10 The Americas	Snake Oil	consumable			A buff that sometimes does nothing (is secretly a Gaff); selling it yourself is an economy event with reputation risk.			0
E0769	designdocs	DESIGN_RECOMMENDATIONS.md §5 Stamps	Spangle	stamp			+1 combo whenever this card is part of any meld.			0
E0770	designdocs	DESIGN_DOC.md §11 Class list	Special Effects class	unknown			Class mechanical focus: points/combo manipulation.			0
E0771	designdocs	DESIGN_DOC.md §15 Map v1 (Minesweeper)	Special map squares	boss			Special squares carry fixed effects, e.g. all 7-value squares are shops; higher ranks are likelier toward the center (probability rings).			0
E0772	designdocs	DESIGN_RECOMMENDATIONS.md §2.4 Suits: 4 + specials	Special suits via packs only	suit			Fireworks and Electric are special suits that appear only via packs/effects, never in the base roster, like wild/stone enhancements.			0
E0773	designdocs	DESIGN_REFERENCES.md §G The Modern Era	Speedrun endless categories	unknown			Endless-mode rulesets are shipped as speedrun categories (Any%, 100%, Glitchless) with named personal bests.			0
E0774	designdocs	DESIGN_DOC.md §14.1 Skills/Feats	Spiderweb	skill			1 point per card diagonal to this card, in a cross/X shape.		braindump	2
E0775	designdocs	DESIGN_REFERENCES.md §A5 China	Spinning-plate buffs	rule			Stackable buffs that decay unless re-triggered.			0
E0776	designdocs	DESIGN_REFERENCES.md §C2 Séance, Spiritualism & Paranormal	Spirit Photo consumable	consumable			Capture a 'ghost copy' of any card for one show.			0
E0777	designdocs	DESIGN_REFERENCES.md §G The Modern Era	Sponsorship	rule			A patron funds the tour (gold every show) but stamps ads on cards, imposing a fame tax.			0
E0778	designdocs	DESIGN_DOC.md §7 Spotlight System (latest)	Spotlight rebrand	rule			Active state is rebranded Spotlight/Focus: a card is 'in the spotlight' when unblocked/topmost; card text gets an icon marking which effects need spotlight and which don't.			0
E0779	designdocs	DESIGN_DOC.md §6 Card Anatomy & Pips	Stamp as diegetic hat/equipment	stamp			Stamps could be reflavored as an equippable hat or other equipment (shoes, costume), tying into a Costume Designer class.			0
E0780	designdocs	DESIGN_DOC.md §7 Spotlight System (implemented)	StampGlobal	stamp			Card's modifiers are active from anywhere, including inside decks.		designdocs	1
E0781	designdocs	DESIGN_DOC.md §7 Spotlight System (implemented)	StampRevealing	stamp			Card's modifiers remain active even while covered (not topmost).			0
E0782	designdocs	DESIGN_DOC.md §6 Card Anatomy & Pips	Status array	rule			CardData carries a status dictionary (effect name -> value) processed by rule cards per effect, as the general mechanism for debuffs.			0
E0783	designdocs	DESIGN_DOC.md §14.3 Types	Stone	type			Stubbed material type with no defined effect yet.			0
E0784	designdocs	DESIGN_DOC.md §14.1 Skills/Feats	Storyteller	skill			Preserves some points into the next game.			0
E0785	designdocs	DESIGN_DOC.md §19 Meta Progression	Storyteller cross-game persistence	skill			Scoring done outside the main game carries into the next game, e.g. via the Storyteller card preserving points between games.			0
E0786	designdocs	DESIGN_REFERENCES.md §A12 Australia & Oceania	Storyteller's Dance	skill			Re-triggers the last effect that fired on an adjacent card.			0
E0787	designdocs	DESIGN_RECOMMENDATIONS.md §8 Map-layer systems	Straw House	unknown			When tips exceed X, the next node's offers get +1 rarity.			0
E0788	designdocs	DESIGN_REFERENCES.md §A6 Japan	Style flourish (Mie)	rule			A scored meld holds on screen a beat longer for +tips.			0
E0789	designdocs	DESIGN_DOC.md §20 Difficulty, Bosses & Win Cons	Suit-punishing hazard towns	boss			Towns punish specific suit scoring (Knifetown scores knives at 0, similarly Firetown/Juggletown/Hooptown); performing at a volcano adds lava hazards.			0
E0790	designdocs	DESIGN_REFERENCES.md §A4 Russia & the Soviet Circus	Sunshine (Popov)	skill			A clown that only buffs, never gags; heals debuffs on the cards below it.			0
E0791	designdocs	DESIGN_DOC.md §13 Special Decks & Variants	Survivor deck	unknown			Suits represent survival resources: food, water, sword, etc.			0
E0792	designdocs	DESIGN_RECOMMENDATIONS.md §10 Secrets & Mysteries	Sword Swallower	unknown			A column that forms one perfect descending run from deck-to-floor triggers a secret meld.			0
E0793	designdocs	DESIGN_REFERENCES.md §A1 The Ancient World	Sword swallowing (fakir)	skill			Swallow a Knife-suit card into this card; produce it later at increased rank.			0
E0794	designdocs	DESIGN_REFERENCES.md §B4 Danger Acts	Sword swallowing (Edith Clifford)	skill			Permanently swallows a Knife card, adding its rank to this card's forever.			0
E0795	designdocs	DESIGN_DOC.md §14.5 Summary-only cards	Symmetrical Show (rule)	rule			Poker hands are also evaluated vertically, not just horizontally.			0
E0796	designdocs	DESIGN_DOC.md §18 Rarity, Packs & Collection	Talent pack mulligan	rule			Booster packs are opened by mulliganing the results arena-style; contents are previewable, mulligan count is upgradable, and unseen effects show a question mark.			0
E0797	designdocs	DESIGN_REFERENCES.md §A11 South America	Tango pair	skill			Two cards locked in embrace, always adjacent, alternating each turn which one's skill fires.			0
E0798	designdocs	DESIGN_DOC.md §14.5 Summary-only cards	Tappable Clown (summary)	skill			3 taps: randomizes adjacent cards.			0
E0799	designdocs	DESIGN_REFERENCES.md §A3 Golden Age Western Circus	Ten-in-One pack	consumable			A pack type containing 10 common cards.			0
E0800	designdocs	DESIGN_REFERENCES.md §A7 India & South Asia	Ten-suit challenge deck	unknown			A ten-suit unlockable challenge deck (Ganjifa-inspired).			0
E0801	designdocs	DESIGN_RECOMMENDATIONS.md §10 Secrets & Mysteries	The 42-Foot Ring	unknown			A secret meld triggers when a row's and column's scores total exactly 42.			0
E0802	designdocs	DESIGN_REFERENCES.md §A4 Russia & the Soviet Circus	The Academy	unknown			A meta building trains (permanently upgrades) one common card per season into its rare version.			0
E0803	designdocs	DESIGN_RECOMMENDATIONS.md §1 How I read your design	The Acrobat (adopt)	skill			Card can be grabbed even while covered by another card.			0
E0804	designdocs	DESIGN_DOC.md §14.5 Summary-only cards	The Acrobat (summary)	skill			Grabbable even when covered.			0
E0805	designdocs	DESIGN_RECOMMENDATIONS.md §8 Map-layer systems	The Advance Man	consumable			Map consumable/skill that reveals fog-of-war nodes ahead of the player.			0
E0806	designdocs	DESIGN_REFERENCES.md §A13 Korea & Southeast Asia	The All-Nighter	unknown			A triple-length show: 3x submits, 3x goal, 3x reward.			0
E0807	designdocs	DESIGN_REFERENCES.md §C1 Golden-Age Stage Magic	The Ambitious Card	skill			Always rises to the top of the deck after shuffles; a related secret rewards beating a 'Houdini' boss with it.			0
E0808	designdocs	DESIGN_RECOMMENDATIONS.md §1 How I read your design	The Anarchist (reject as player card)	boss			Silences/disables the rule deck while in play; recommended as a boss effect rather than a player card.			0
E0809	designdocs	DESIGN_DOC.md §14.5 Summary-only cards	The Anarchist (summary)	boss			Disables all other Rule cards while in the Ring.			0
E0810	designdocs	DESIGN_REFERENCES.md §E The Fairground, Midway & Business	The Arcade	unknown			A minigame node reusing solitaire-variant events for tickets.			0
E0811	designdocs	DESIGN_REFERENCES.md §E The Fairground, Midway & Business	The At Liberty pool	rule			Between towns, hire discounted cards other 'shows' have dropped.			0
E0812	designdocs	DESIGN_REFERENCES.md §F1 Theater & Opera	The audience warns you	rule			The crowd (UI) shouts a warning one step before a hazard hits a card; villains earn boos (heat).			0
E0813	designdocs	DESIGN_REFERENCES.md §G The Modern Era	The Avatar	stamp			A card wears another card's face/identity; unmasking rules apply.			0
E0814	designdocs	DESIGN_REFERENCES.md §B3 Strength & Endurance	The Backlift	skill			Scores +N per card currently stacked on top of this card.			0
E0815	designdocs	DESIGN_REFERENCES.md §A12 Australia & Oceania	The Backward-Backward	skill			Reverses a run's direction mid-meld: a descending run counts as ascending for one column.			0
E0816	designdocs	DESIGN_REFERENCES.md §A7 India & South Asia	The Bahurupiya	type			Arrives each show as a random different class.			0
E0817	designdocs	DESIGN_REFERENCES.md §A13 Korea & Southeast Asia	The Balance boss	boss			Cannot be defeated, only balanced: end the show with row points and column points within X% of each other.			0
E0818	designdocs	DESIGN_REFERENCES.md §A10 The Americas	The Barrel	unknown			A one-time colossal fame gain with zero gold reward.			0
E0819	designdocs	DESIGN_REFERENCES.md §A7 India & South Asia	The Basket	skill			'Destroys' a card into the basket; it reappears in the Entrance next show, unharmed, granting +fame.			0
E0820	designdocs	DESIGN_REFERENCES.md §A15 Iberia, Nordics & Eastern Europe	The Bauta	stamp			While worn, the card's rarity and identity are hidden from effects, inspections, and towns.			0
E0821	designdocs	DESIGN_REFERENCES.md §F2 Kayfabe & Sports Entertainment	The Belt	stamp			Exactly one card in the world holds it, doubling that card; belt-challenge bosses can take it away.			0
E0822	designdocs	DESIGN_REFERENCES.md §A12 Australia & Oceania	The Birdman Race	unknown			A first-to-claim seasonal contest; the winning card holds a tour-long title.			0
E0823	designdocs	DESIGN_RECOMMENDATIONS.md §3 Suits & Pips	The Blank	rank			No rank and no suit; stacks legally on anything and anything can stack on it; scores 0 points.			0
E0824	designdocs	DESIGN_REFERENCES.md §F2 Kayfabe & Sports Entertainment	The Blind Spot	rule			While the town inspector watches one zone, banned (Outlawed) cards can act in the other zone.			0
E0825	designdocs	DESIGN_REFERENCES.md §B4 Danger Acts	The Blockhead	skill			Absorbs one Knife projectile per show as points instead of damage.			0
E0826	designdocs	DESIGN_REFERENCES.md §C2 Séance, Spiritualism & Paranormal	The Board (Ouija)	consumable			Ask the deck one yes/no question per show.			0
E0827	designdocs	DESIGN_RECOMMENDATIONS.md §2.2 Alt win cons: The Booking	The Booking	consumable			A contract card sits in the rule deck for the show; player declares a booking (e.g. score X with no knife melds, win in 2 submits, trigger 12 unique feats) and the show is won by fulfilling it rather than by max score.			0
E0828	designdocs	DESIGN_REFERENCES.md §A16 Africa & the Arctic	The Boot Code	rule			Adjacent cards pass a buff down a row via untriggered 'rhythm,' untraceable by boss effects that punish triggers.			0
E0829	designdocs	DESIGN_REFERENCES.md §A15 Iberia, Nordics & Eastern Europe	The Box Theater	skill			Cueing it runs a one-card mini-submit inside itself.			0
E0830	designdocs	DESIGN_REFERENCES.md §E The Fairground, Midway & Business	The Brass Ring	rule			A bonus token rotates around the board's columns each turn; scoring the column while the ring sits on it grants a grab bonus.			0
E0831	designdocs	DESIGN_REFERENCES.md §F4 Dance, Drag & Ballroom	The Butoh Walker	skill			Moves one slot every other turn, permanently transforming (buffing) every slot it passes through.			0
E0832	designdocs	DESIGN_REFERENCES.md §A6 Japan	The Butterfly Trick	skill			Creates fluttering paper-token cards (rank 1, any suit) that drift down one column per turn.			0
E0833	designdocs	DESIGN_REFERENCES.md §B4 Danger Acts	The Called Shot	skill			Destroys the top card of any stack, leaving the rest of the stack intact.			0
E0834	designdocs	DESIGN_REFERENCES.md §C1 Golden-Age Stage Magic	The Calm Voice	skill			Negates one disaster event by converting it into a show, gaining fame from the crisis.			0
E0835	designdocs	DESIGN_RECOMMENDATIONS.md §7 Leaders	The Cannon King (Zacchini)	type			Fireworks-suit cards may score from the Entrance.			0
E0836	designdocs	DESIGN_REFERENCES.md §A11 South America	The Capoeirista	skill			Registered as a Dancer but functions as a fighter; performs even in towns that ban combat acts.			0
E0837	designdocs	DESIGN_REFERENCES.md §C1 Golden-Age Stage Magic	The Card Index	skill			Cue: search the deck for any card and put it in the Entrance.			0
E0838	designdocs	DESIGN_REFERENCES.md §A15 Iberia, Nordics & Eastern Europe	The Castell	skill			Build a tower and crown it with the smallest card for a massive bonus, with collapse risk scaling per level; a four-word motto maps to four buff types.			0
E0839	designdocs	DESIGN_REFERENCES.md §C3 Automata & Illusion Technology	The Chamber (Waxworks)	unknown			A museum node that buys 'likenesses' of the player's destroyed cards for gold.			0
E0840	designdocs	DESIGN_REFERENCES.md §A7 India & South Asia	The Charm	skill			Card text describes one trigger (music) while the real trigger is something else (movement).			0
E0841	designdocs	DESIGN_REFERENCES.md §C1 Golden-Age Stage Magic	The Chest	skill			The card's weight (Heavy/Light) flips depending on whether the player or an effect is moving it.			0
E0842	designdocs	DESIGN_REFERENCES.md §A13 Korea & Southeast Asia	The Chorus (Kecak)	skill			+mult per rank-1 card on the board whenever any meld scores.			0
E0843	designdocs	DESIGN_REFERENCES.md §A10 The Americas	The Claimed Feat	skill			Scores fame for a stunt that never happened; if exposed later, lose double.			0
E0844	designdocs	DESIGN_REFERENCES.md §A15 Iberia, Nordics & Eastern Europe	The clean dodge (Recortadores)	skill			When a hazard targets this card's column, it vaults the hazard, which passes through and scores points instead.			0
E0845	designdocs	DESIGN_REFERENCES.md §A7 India & South Asia	The Cliffhanger	unknown			Ending a show mid-trick plummets the next town's fame requirement, but the trick must be 'resolved' there.			0
E0846	designdocs	DESIGN_REFERENCES.md §F6 Film Stunts & Spectacle Sports	The Clock Hang	skill			Placed half-off the board's last column for double spotlight and double score, but risks a random gust that drops it.			0
E0847	designdocs	DESIGN_REFERENCES.md §A12 Australia & Oceania	The Collective deck	unknown			A leaderless deck where every card shares the ensemble's average power; +mult if the deck contains no rares.			0
E0848	designdocs	DESIGN_REFERENCES.md §C2 Séance, Spiritualism & Paranormal	The Committee	unknown			Submit a Gaff for 'testing': huge reward if it survives scrutiny, destroyed if not.			0
E0849	designdocs	DESIGN_REFERENCES.md §A8 Middle East, Central Asia, Mongolia	The Contortionist	skill			Folds to share a single board slot with another card.			0
E0850	designdocs	DESIGN_REFERENCES.md §D Cards, Gambling & Fortune	The Cooler	consumable			Replace the remaining draw deck with a perfectly pre-ordered copy, once per run.			0
E0851	designdocs	DESIGN_RECOMMENDATIONS.md §7 Leaders	The Costumier	type			Cards may hold 2 stamps instead of 1.			0
E0852	designdocs	DESIGN_REFERENCES.md §A3 Golden Age Western Circus	The Courier	skill			A card straddles two columns at once, scoring in both.			0
E0853	designdocs	DESIGN_REFERENCES.md §F3 Music, Concerts & Festivals	The Crowd Surf	skill			Passes a card across the tops of all columns hand-to-hand, gaining +1 per column crossed, but is discarded if any column is empty.			0
E0854	designdocs	DESIGN_REFERENCES.md §G The Modern Era	The Crowd Takes Over	unknown			For one turn, a seeded-random 'audience' makes the player's moves.			0
E0855	designdocs	DESIGN_REFERENCES.md §F4 Dance, Drag & Ballroom	The Cutting Contest	unknown			Alternating melds where each must beat the previous score.			0
E0856	designdocs	DESIGN_REFERENCES.md §F6 Film Stunts & Spectacle Sports	The Demolition Show	unknown			Discarding scores points per card destroyed instead of playing normally.			0
E0857	designdocs	DESIGN_REFERENCES.md §F2 Kayfabe & Sports Entertainment	The Designated Loser	boss			A boss the player always beats, with a hidden 1-in-1000 chance it wins instead.			0
E0858	designdocs	DESIGN_REFERENCES.md §C1 Golden-Age Stage Magic	The Diplomatic Show	unknown			Defuse a hostile town with one perfect performance instead of meeting its score requirement.			0
E0859	designdocs	DESIGN_REFERENCES.md §A14 The Caribbean & Central America	The Dirty Opening	unknown			Show starts with all cards debuffed ('muddy'); every card that scores anyway earns double.			0
E0860	designdocs	DESIGN_REFERENCES.md §E The Fairground, Midway & Business	The Disaster March	unknown			A hidden audio cue plays one turn before a surprise boss effect, rewarding players who learn the tell.			0
E0861	designdocs	DESIGN_REFERENCES.md §A2 Medieval & Renaissance Europe	The Discoverie	consumable			A book card that reveals every Gaff/fake in play; banned in some towns.			0
E0862	designdocs	DESIGN_REFERENCES.md §F1 Theater & Opera	The Diva	skill			Strongest card in her class, but her skill is disabled unless placed first each show.			0
E0863	designdocs	DESIGN_REFERENCES.md §F6 Film Stunts & Spectacle Sports	The Double	skill			Takes destruction meant for its assigned 'star' card.			0
E0864	designdocs	DESIGN_REFERENCES.md §G The Modern Era	The Drone Swarm	skill			Projects any formation bonus the player has previously scored, without needing the original cards.			0
E0865	designdocs	DESIGN_REFERENCES.md §A14 The Caribbean & Central America	The Dubplate	unknown			A custom exclusive card forged for the player's save file only; clash events let it be 'played' against rival shows.			0
E0866	designdocs	DESIGN_REFERENCES.md §C3 Automata & Illusion Technology	The Duck	skill			Pretends to consume cards (they secretly go to a hidden store, retrievable later) — a fake Gluttony.			0
E0867	designdocs	DESIGN_REFERENCES.md §G The Modern Era	The Eating Contest	unknown			A sanctioned outing for Hippo/Gluttony/Tigers-family cards to consume the town's offering faster than a rival.			0
E0868	designdocs	DESIGN_REFERENCES.md §C1 Golden-Age Stage Magic	The Egg Bag	skill			A container card that always appears 'empty' when checked but produces a card when it matters.			0
E0869	designdocs	DESIGN_RECOMMENDATIONS.md §9 Events	The Egress (event)	unknown			Following a mysterious sign skips the node entirely, with no reward and no risk.			0
E0870	designdocs	DESIGN_REFERENCES.md §F4 Dance, Drag & Ballroom	The Elimination Save	rule			When two cards would be destroyed/discarded at once, they duel and the winner survives.			0
E0871	designdocs	DESIGN_REFERENCES.md §F1 Theater & Opera	The Encore Exit	skill			Voluntarily discard this card mid-show; it is called back next turn at +rank.			0
E0872	designdocs	DESIGN_REFERENCES.md §C1 Golden-Age Stage Magic	The Endless Fan	skill			Draw +1 card every turn while spotlit.			0
E0873	designdocs	DESIGN_RECOMMENDATIONS.md §7 Leaders	The Equestrian (Astley)	type			Melds scored in the First Ring (first 5x5) get +mult.			0
E0874	designdocs	DESIGN_RECOMMENDATIONS.md §10 Secrets & Mysteries	The Erdnase Cipher	unknown			A card-author signature appears on random cards across many runs; collecting/scoring all of them unlocks an unexplained reward.			0
E0875	designdocs	DESIGN_REFERENCES.md §D Cards, Gambling & Fortune	The Exile (daily challenge)	unknown			An endless-mode vignette used as a hard, fixed daily-challenge layout.			0
E0876	designdocs	DESIGN_REFERENCES.md §G The Modern Era	The Exploration Show	unknown			No score goal; only hidden bonuses to find in a pre-built board.			0
E0877	designdocs	DESIGN_REFERENCES.md §G The Modern Era	The Faire	unknown			A reverse show where the town's audience are performers and the player's cards judge them, for easy fame.			0
E0878	designdocs	DESIGN_REFERENCES.md §G The Modern Era	The Fanchant	rule			Melds are 'answered' by the crowd via delayed echo scoring once town loyalty is high enough.			0
E0879	designdocs	DESIGN_REFERENCES.md §D Cards, Gambling & Fortune	The Faro Bank	unknown			A gambling node where the house cheats, and the player may cheat back.			0
E0880	designdocs	DESIGN_RECOMMENDATIONS.md §3 Suits & Pips	The Fifteen	rank			Card also melds with any neighboring cards whose ranks sum to 15 (cribbage rule), as a rare pip ability rather than a default rule.			0
E0881	designdocs	DESIGN_REFERENCES.md §C1 Golden-Age Stage Magic	The Fire (venue loss)	unknown			Lose a venue mid-tour; an insurance/rebuild choice defines the next act.			0
E0882	designdocs	DESIGN_RECOMMENDATIONS.md §8 Towns, Bosses & Hazards	The Fire Marshal	boss			Flames-suit cards cannot score; Flames cards in the deck become Wax.			0
E0883	designdocs	DESIGN_REFERENCES.md §A1 The Ancient World	The First Juggler	unknown			An ancient Balls-suit card grants an oldest-trick-in-the-book bonus for scoring the simplest possible meld.			0
E0884	designdocs	DESIGN_REFERENCES.md §G The Modern Era	The Flash Mob	skill			Deploys the entire Entrance to the board in one action, once per show.			0
E0885	designdocs	DESIGN_REFERENCES.md §A15 Iberia, Nordics & Eastern Europe	The Flyting	unknown			An insult-duel against a town champion; the winner takes fame from the loser.			0
E0886	designdocs	DESIGN_REFERENCES.md §A10 The Americas	The Foot Juggler	skill			Holds one card suspended in a sub-slot above itself, spinning, as a playable stored card.			0
E0887	designdocs	DESIGN_REFERENCES.md §D Cards, Gambling & Fortune	The Forged Ace	unknown			A counterfeit card of enormous value; if a town inspects it, the run's economy takes a penalty.			0
E0888	designdocs	DESIGN_REFERENCES.md §F5 Puppetry, Mime & Street	The Free Show	unknown			A no-fee performance: heals the whole deck one debuff, gains no gold.			0
E0889	designdocs	DESIGN_REFERENCES.md §A15 Iberia, Nordics & Eastern Europe	The friendly grapple (Glíma)	unknown			A no-stakes duel node to test a card against a boss's stats without risk.			0
E0890	designdocs	DESIGN_RECOMMENDATIONS.md §3 Suits & Pips	The Gaff	rank			Wild pip that displays a fixed rank/suit until scored, then reveals its true randomly-determined value.			0
E0891	designdocs	DESIGN_REFERENCES.md §A12 Australia & Oceania	The Gathering	unknown			A festival node where every regional card pool is available at once, one purchase each.			0
E0892	designdocs	DESIGN_RECOMMENDATIONS.md §10 Secrets & Mysteries	The Ghost Show	unknown			After real-world midnight, one secret card can only be found in the menu.			0
E0893	designdocs	DESIGN_REFERENCES.md §E The Fairground, Midway & Business	The Ghost Train	unknown			A blind node whose contents can't be previewed, offering better average rewards.			0
E0894	designdocs	DESIGN_REFERENCES.md §F5 Puppetry, Mime & Street	The Giant	skill			Occupies a 2x2 board footprint, kept active by adjacent 'crew' cards.			0
E0895	designdocs	DESIGN_REFERENCES.md §A14 The Caribbean & Central America	The Gift Exchange	unknown			Trade one of the player's cards for one of the town's, both sides choosing blind.			0
E0896	designdocs	DESIGN_REFERENCES.md §G The Modern Era	The Golden Buzzer	consumable			Skips one town's requirement entirely, with confetti.			0
E0897	designdocs	DESIGN_REFERENCES.md §C1 Golden-Age Stage Magic	The Grand Vanish	skill			Hides an entire column (can't be seen, targeted, or scored) for a turn, then it returns with interest.			0
E0898	designdocs	DESIGN_REFERENCES.md §A9 Africa	The Griot	skill			Preserves score/combo between shows, and re-triggers one effect from the previous show.			0
E0899	designdocs	DESIGN_REFERENCES.md §B1 Aerial & Wire	The Grip	skill			The bottom card of a stack holds everything above it legal, regardless of normal stacking rules.			0
E0900	designdocs	DESIGN_REFERENCES.md §A9 Africa	The Guardian (Moko jumbie)	skill			From its column, reveals boss intentions one turn early.			0
E0901	designdocs	DESIGN_REFERENCES.md §A10 The Americas	The Guest Star	unknown			A legendary card joins for exactly N shows then departs, unless a secret condition keeps it permanently.			0
E0902	designdocs	DESIGN_REFERENCES.md §A3 Golden Age Western Circus	The Half card	rank			A half-rank card that takes up only half a slot, so two halves fit one board slot.			0
E0903	designdocs	DESIGN_REFERENCES.md §F3 Music, Concerts & Festivals	The Hat	rule			After any show, an optional flourish converts leftover combo into gold instead of fame.			0
E0904	designdocs	DESIGN_RECOMMENDATIONS.md §3 Suits & Pips	The Headliner (Ace)	rank			Face-card rename; counts as high or low rank in runs (real solitaire ace rule).			0
E0905	designdocs	DESIGN_REFERENCES.md §F2 Kayfabe & Sports Entertainment	The Heel Turn	unknown			Flips the leader to heel mode mid-tour: new powers, every town's reaction changes, no going back this run.			0
E0906	designdocs	DESIGN_REFERENCES.md §A10 The Americas	The High Dive	skill			Drop a card from the top of a column to the bottom for points that scale with fall height.			0
E0907	designdocs	DESIGN_REFERENCES.md §D Cards, Gambling & Fortune	The Holdout	skill			Store one card outside the game; insert it into any stack at any moment (once); if a town 'searches' the player, it is lost.			0
E0908	designdocs	DESIGN_REFERENCES.md §G The Modern Era	The Hologram Tour	skill			Resurrects one destroyed card for one show as an intangible Pepper's Ghost duplicate.			0
E0909	designdocs	DESIGN_REFERENCES.md §F2 Kayfabe & Sports Entertainment	The Hometown Hero	skill			Names the current town when scored, granting a small bonus in every town universally.			0
E0910	designdocs	DESIGN_REFERENCES.md §A10 The Americas	The Hook	boss			A boss/town removes the player's weakest card mid-show unless it scored last submit.			0
E0911	designdocs	DESIGN_REFERENCES.md §B3 Strength & Endurance	The Hunger Artist	skill			Gains +N for every consecutive show it stays in the deck unplayed; scores a huge burst when finally played, then resets.			0
E0912	designdocs	DESIGN_REFERENCES.md §A3 Golden Age Western Circus	The Illustrated card	stamp			Can hold unlimited stamps but no other slot content.			0
E0913	designdocs	DESIGN_REFERENCES.md §C1 Golden-Age Stage Magic	The Imitator	skill			A Gaff copy of another card in the deck that scores more than the original while the original is absent.			0
E0914	designdocs	DESIGN_REFERENCES.md §A5 China	The Impersonation	skill			Copy the skill of a card that was destroyed this run.			0
E0915	designdocs	DESIGN_REFERENCES.md §A10 The Americas	The Incubator	skill			Exhibited (covered) cards recover debuffs/ranks while 'on display.'			0
E0916	designdocs	DESIGN_REFERENCES.md §B5 Clowning Across Cultures	The Instrument	skill			A prop card keeps 'failing' (moving away) until finally played, then scores everything it dodged.			0
E0917	designdocs	DESIGN_REFERENCES.md §B5 Clowning Across Cultures	The interlude (Kyōgen)	unknown			A small comic bonus round between boss shows that heals debuffs.			0
E0918	designdocs	DESIGN_REFERENCES.md §F3 Music, Concerts & Festivals	The International Final	boss			Neighboring map regions 'vote': suits favored by regions the player toured generously score extra.			0
E0919	designdocs	DESIGN_REFERENCES.md §F5 Puppetry, Mime & Street	The Invisible Wall	skill			Blocks one column with nothing: no card is there, but nothing can enter or leave for a turn.			0
E0920	designdocs	DESIGN_RECOMMENDATIONS.md §3 Suits & Pips	The Joey (Jack)	rank			Face-card rename to a troupe role; unlocks 'Joey synergy' clown cards.			0
E0921	designdocs	DESIGN_RECOMMENDATIONS.md §7 Leaders	The Joey (Grimaldi, leader)	type			Once per turn, free use of Slapstick (swap adjacent ranks).			0
E0922	designdocs	DESIGN_REFERENCES.md §G The Modern Era	The Junk Orchestra	skill			Prop cards score by 'rhythm' (a positional pattern).			0
E0923	designdocs	DESIGN_REFERENCES.md §F2 Kayfabe & Sports Entertainment	The Kayfabe rule card	rule			While in play, all Gaffs/Humbugs count as real and score as what they pretend to be; removing it reverts everything.			0
E0924	designdocs	DESIGN_REFERENCES.md §E The Fairground, Midway & Business	The Kickline	skill			A full-row Dancer formation bonus when all 5 columns' top cards share a suit.			0
E0925	designdocs	DESIGN_REFERENCES.md §A13 Korea & Southeast Asia	The Kite	skill			Launches a card above the board (out of play); it returns on a chosen later turn with a wind bonus.			0
E0926	designdocs	DESIGN_REFERENCES.md §A15 Iberia, Nordics & Eastern Europe	The Lantern Roast	unknown			The town satirizes the run's failures for laughs; accept for fame or take offense.			0
E0927	designdocs	DESIGN_REFERENCES.md §A16 Africa & the Arctic	The Laughing Duel	unknown			A pattern-matching minigame against a town where breaking rhythm (misclicking/failing a meld) loses.			0
E0928	designdocs	DESIGN_REFERENCES.md §E The Fairground, Midway & Business	The Lecture	unknown			An 'educational' framing converts any card's flavor text into fame.			0
E0929	designdocs	DESIGN_RECOMMENDATIONS.md §6 Acrobat	The Leotard	skill			Cue: move this card and everything stacked above it to any column, legal or not.			0
E0930	designdocs	DESIGN_REFERENCES.md §A5 China	The Lion	skill			A card is secretly two cards, splitting when destroyed; placing it harvests a bonus from the card beneath it.			0
E0931	designdocs	DESIGN_REFERENCES.md §B4 Danger Acts	The Lion's Bride	skill			Scores for occupying the same column as a dangerous Animal card without being eaten.			0
E0932	designdocs	DESIGN_REFERENCES.md §A11 South America	The Little Umbrella	skill			A prop card that lets its holder perform Acrobat moves.			0
E0933	designdocs	DESIGN_REFERENCES.md §G The Modern Era	The Locked Room	unknown			A node requiring specific card types as 'keys' to open its reward.			0
E0934	designdocs	DESIGN_REFERENCES.md §C3 Automata & Illusion Technology	The Machine (fortune-teller)	unknown			Pay a gold card to receive a guaranteed true fact about the next 3 nodes.			0
E0935	designdocs	DESIGN_RECOMMENDATIONS.md §6 Fortune Teller	The Major Arcana	consumable			22 unique one-shot consumables, e.g. The Tower destroys a column, The Wheel rerolls a row's ranks, The Hanged Man flips a stack's order.			0
E0936	designdocs	DESIGN_REFERENCES.md §F2 Kayfabe & Sports Entertainment	The Manager	skill			Cues an adjacent card's ability as its own action.			0
E0937	designdocs	DESIGN_REFERENCES.md §B3 Strength & Endurance	The Marathon	boss			A multi-show gauntlet where the board does not fully reset between shows.			0
E0938	designdocs	DESIGN_REFERENCES.md §A2 Medieval & Renaissance Europe	The Marotte	stamp			The card carries a mini-copy of itself; if destroyed, the copy survives at rank 1.			0
E0939	designdocs	DESIGN_REFERENCES.md §F2 Kayfabe & Sports Entertainment	The Mask Wager	unknown			Stakes a card's stamp/identity in a duel; unmasking is permanent across the save file.			0
E0940	designdocs	DESIGN_REFERENCES.md §G The Modern Era	The Masked Audience / One-on-One	rule			Fame sources are hidden around the board to be found; a One-on-One event performs for a single audience token for outsized intimate fame.			0
E0941	designdocs	DESIGN_REFERENCES.md §B3 Strength & Endurance	The Mighty Atom	skill			A rank-3 card that can legally hold any size stack above it.			0
E0942	designdocs	DESIGN_REFERENCES.md §A12 Australia & Oceania	The Minimal deck	unknown			No stamps, no types; pure pips and stacking only.			0
E0943	designdocs	DESIGN_REFERENCES.md §D Cards, Gambling & Fortune	The Mitt Camp	unknown			Pay for a reading: a true random fact about the run's future, seeded so it's always honest.			0
E0944	designdocs	DESIGN_REFERENCES.md §G The Modern Era	The modern Committee	unknown			Stake a Gaff against a huge prize; survive scrutiny for a fortune.			0
E0945	designdocs	DESIGN_REFERENCES.md §A6 Japan	The Monkey (Sarumawashi)	skill			A token climbs one column per turn and cues whatever card it sits on.			0
E0946	designdocs	DESIGN_REFERENCES.md §A11 South America	The Murga	skill			Scores based on the run's history: +points per boss beaten, per card lost, per event survived.			0
E0947	designdocs	DESIGN_RECOMMENDATIONS.md §9 Events	The Museum of Humbugs	unknown			Buy a cheap Gaff card that has a small chance of secretly being a Legendary.			0
E0948	designdocs	DESIGN_REFERENCES.md §E The Fairground, Midway & Business	The New Act	unknown			An unheard-of attraction (a mechanic not yet unlocked) previews for one show.			0
E0949	designdocs	DESIGN_REFERENCES.md §A14 The Caribbean & Central America	The Ofrenda Show	unknown			For one night, destroyed and discarded cards return from the discard pile to perform a single show, then rest again.			0
E0950	designdocs	DESIGN_REFERENCES.md §F3 Music, Concerts & Festivals	The Overrun	unknown			The show goes free (zero gold), but grants enormous permanent fame and permanently changes the town.			0
E0951	designdocs	DESIGN_REFERENCES.md §A11 South America	The Ox	skill			Its destruction IS its act: the town celebrates (fame) when it's destroyed, and it revives next show.			0
E0952	designdocs	DESIGN_REFERENCES.md §A10 The Americas	The Palace / death trail naming	unknown			The final city is named The Palace; circuits become route templates, with a 'death trail' as the hardest route.			0
E0953	designdocs	DESIGN_REFERENCES.md §E The Fairground, Midway & Business	The Patch	consumable			Cancels one town penalty/hazard before it applies.			0
E0954	designdocs	DESIGN_REFERENCES.md §A4 Russia & the Soviet Circus	The Pickup (dzhigitovka)	skill			During the Next-phase drop animation, snatch one falling card and redirect its column.			0
E0955	designdocs	DESIGN_RECOMMENDATIONS.md §9 Events	The Pie Car	unknown			Rest node: heal one debuff, or gamble at a rigged Three-Card Monte for a tiny chance of a big win.			0
E0956	designdocs	DESIGN_REFERENCES.md §F3 Music, Concerts & Festivals	The Pitch Lottery	unknown			Bid gold cards for first pick of the next three nodes.			0
E0957	designdocs	DESIGN_REFERENCES.md §A7 India & South Asia	The Pole (Mallakhamb)	skill			Buffs everything in its column, more so the taller the column grows.			0
E0958	designdocs	DESIGN_REFERENCES.md §B3 Strength & Endurance	The Pose (Sandow)	skill			Scores by being displayed (spotlit doing nothing) rather than melded.			0
E0959	designdocs	DESIGN_REFERENCES.md §F4 Dance, Drag & Ballroom	The Pose (Voguing)	rule			Holding a scored formation one extra beat grants bonus tips.			0
E0960	designdocs	DESIGN_REFERENCES.md §G The Modern Era	The Prepared Town	boss			Pre-inspects everything: all Gaffs and Humbugs are disabled here.			0
E0961	designdocs	DESIGN_REFERENCES.md §A14 The Caribbean & Central America	The Procession	rule			A moving meld walks one column per turn, collecting +1 from each column it crosses.			0
E0962	designdocs	DESIGN_REFERENCES.md §A6 Japan	The Puppet (Bunraku)	skill			A powerful card that only functions with 2+ adjacent supporting cards.			0
E0963	designdocs	DESIGN_REFERENCES.md §A15 Iberia, Nordics & Eastern Europe	The Puszta Five	skill			For one turn, one card straddles all columns, scoring in every column's meld.			0
E0964	designdocs	DESIGN_REFERENCES.md §A8 Middle East, Central Asia, Mongolia	The Pyramid (Moroccan tumblers)	skill			A formation meld: 3 cards atop 2 atop 1 across adjacent columns.			0
E0965	designdocs	DESIGN_REFERENCES.md §F5 Puppetry, Mime & Street	The Radio Dummy	skill			A card whose stated gimmick is nullified by its board context, and which scores anyway.			0
E0966	designdocs	DESIGN_REFERENCES.md §C2 Séance, Spiritualism & Paranormal	The Rappings	unknown			A 'haunted' node where answers come by knocks; debunking it does not un-haunt the town.			0
E0967	designdocs	DESIGN_REFERENCES.md §C3 Automata & Illusion Technology	The Raree Box	consumable			Peek at the next N cards of the deck for the cost of a gold card.			0
E0968	designdocs	DESIGN_REFERENCES.md §E The Fairground, Midway & Business	The Rat Sheet	consumable			Raises a Rival Show's difficulty for everyone, but steals part of its fame if both parties pass.			0
E0969	designdocs	DESIGN_REFERENCES.md §B3 Strength & Endurance	The Regurgitator	skill			Swallows up to N cards and can produce them later in any chosen order.			0
E0970	designdocs	DESIGN_REFERENCES.md §A3 Golden Age Western Circus	The Renaming	unknown			Sideshow class tags upgrade to a better-received class label after a vote event.			0
E0971	designdocs	DESIGN_REFERENCES.md §F3 Music, Concerts & Festivals	The Rider	skill			Long rule text hides one small instruction; obeying it doubles the card.			0
E0972	designdocs	DESIGN_REFERENCES.md §A14 The Caribbean & Central America	The Right to Perform	unknown			A town tries to ban the show: comply for no fame, or resist to fight a hazard show for double fame and permanent town change.			0
E0973	designdocs	DESIGN_RECOMMENDATIONS.md §3 Suits & Pips	The Ringmistress (Queen)	rank			Face-card rename to a troupe role.		designdocs	1
E0974	designdocs	DESIGN_RECOMMENDATIONS.md §8 Towns, Bosses & Hazards	The Rival Show (recurring boss)	boss			Goal score is pre-raised, but beating it steals one of the rival's cards.			0
E0975	designdocs	DESIGN_REFERENCES.md §A10 The Americas	The Rodeo Clown	skill			When a boss attacks a card, this card redirects the hit to itself.			0
E0976	designdocs	DESIGN_REFERENCES.md §A7 India & South Asia	The Rope Trick	unknown			A card exists only in rumor pools and can never drop, until a hidden condition makes it real.			0
E0977	designdocs	DESIGN_RECOMMENDATIONS.md §8 Map-layer systems	The Route Book	rule			Pre-run planning UI where the player traces an intended path; deviating from it costs fame.			0
E0978	designdocs	DESIGN_RECOMMENDATIONS.md §6 Escape Artist/Stuntsman	The Séance Buster	skill			Reveals all Gaff/Humbug/fake cards on the board; +points per fake revealed.			0
E0979	designdocs	DESIGN_REFERENCES.md §F3 Music, Concerts & Festivals	The Scam Booking	unknown			Arrive to find no venue; improvise a show where only commons score, or eat the failure; mirror version lets the player oversell (declare beyond deck) at risk.			0
E0980	designdocs	DESIGN_REFERENCES.md §A9 Africa	The School (social circus)	unknown			Converts discarded/junk cards into trained commons between runs.			0
E0981	designdocs	DESIGN_REFERENCES.md §F1 Theater & Opera	The Scottish Play curse	unknown			Cueing a cursed card by its true name triggers bad luck; a discoverable ritual sequence cleanses it.			0
E0982	designdocs	DESIGN_REFERENCES.md §F2 Kayfabe & Sports Entertainment	The Screwjob	unknown			Once per profile, a rule card betrays the player at the worst moment, legally by its own text.			0
E0983	designdocs	DESIGN_REFERENCES.md §A7 India & South Asia	The Seed	skill			A rank-1 card gains +1 rank every turn it stays covered.			0
E0984	designdocs	DESIGN_RECOMMENDATIONS.md §7 Leaders	The Sharpshooter (Oakley)	type			Exact-rank effect: choose a rank each show; that rank scores double.			0
E0985	designdocs	DESIGN_REFERENCES.md §B5 Clowning Across Cultures	The show must go on (Pagliacci)	skill			+mult while this card carries a debuff.			0
E0986	designdocs	DESIGN_REFERENCES.md §A12 Australia & Oceania	The Showbag	consumable			A cheap grab-bag pack of random commons with one guaranteed sweet item.			0
E0987	designdocs	DESIGN_REFERENCES.md §E The Fairground, Midway & Business	The Showdown	unknown			Play the same town 'against' a rival's score; the winner takes both crowds.			0
E0988	designdocs	DESIGN_REFERENCES.md §G The Modern Era	The Shredder	skill			Destroys itself when sold and pays double its price.			0
E0989	designdocs	DESIGN_REFERENCES.md §A13 Korea & Southeast Asia	The Singa Barong	skill			Carries an entire stack's weight; everything above it counts as one card for movement purposes.			0
E0990	designdocs	DESIGN_REFERENCES.md §B3 Strength & Endurance	The Sitter	skill			Rewards a card for remaining atop the same column across multiple shows.			0
E0991	designdocs	DESIGN_REFERENCES.md §F3 Music, Concerts & Festivals	The Skipping Tape	unknown			A Gaff that already scored gets exposed retroactively; the player pays back its fame.			0
E0992	designdocs	DESIGN_REFERENCES.md §B5 Clowning Across Cultures	The Snowstorm	unknown			A board-covering particle finale used as an endless-mode milestone.			0
E0993	designdocs	DESIGN_REFERENCES.md §F3 Music, Concerts & Festivals	The Soundcheck	rule			One free non-scoring rehearsal turn at show start: see the board, move once, no submit.			0
E0994	designdocs	DESIGN_REFERENCES.md §G The Modern Era	The Sphere (Final Venue)	boss			The town itself performs: board-wide visual effects modify play every turn.			0
E0995	designdocs	DESIGN_REFERENCES.md §A8 Middle East, Central Asia, Mongolia	The Spin (whirling)	skill			A rotating card cycles its rank each turn (1 to King, then wraps to 1).			0
E0996	designdocs	DESIGN_REFERENCES.md §C2 Séance, Spiritualism & Paranormal	The Spirit Cabinet	skill			Cover this card fully and its column's effects trigger as if spotlit ('by spirits').			0
E0997	designdocs	DESIGN_REFERENCES.md §F5 Puppetry, Mime & Street	The Statue	skill			+points each turn it does not move; any movement resets the bonus.			0
E0998	designdocs	DESIGN_REFERENCES.md §A14 The Caribbean & Central America	The Steelpan	skill			Converts a junk/prop card into a scoring instrument card.			0
E0999	designdocs	DESIGN_REFERENCES.md §A16 Africa & the Arctic	The stick game (Tahtib)	unknown			A light sparring duel node.			0
E1000	designdocs	DESIGN_REFERENCES.md §A9 Africa	The Stilt-walker	skill			Remains spotlit even when one card covers it.			0
E1001	designdocs	DESIGN_REFERENCES.md §F1 Theater & Opera	The Stray Whistle	unknown			A random Entrance card drops early into a random column.			0
E1002	designdocs	DESIGN_REFERENCES.md §F2 Kayfabe & Sports Entertainment	The Streak	unknown			Per-card win streaks are tracked on the card itself; fame scales with streak, and a broken streak fires a mourning event.			0
E1003	designdocs	DESIGN_REFERENCES.md §A16 Africa & the Arctic	The String Figure	unknown			Copy a displayed board-pattern with the player's cards for a bonus.			0
E1004	designdocs	DESIGN_RECOMMENDATIONS.md §7 Leaders	The Sweet Tooth (Morrison)	type			All +rank buffs are permanent instead of lasting only one show.			0
E1005	designdocs	DESIGN_REFERENCES.md §G The Modern Era	The Synthetic Idol	skill			An Automaton whose skill is assembled from fragments of other cards' skills.			0
E1006	designdocs	DESIGN_REFERENCES.md §G The Modern Era	The System	skill			A card that 'predicted' whatever just happened (retroactive prophecy bonus); inspecting it reveals the trick and halves the bonus.			0
E1007	designdocs	DESIGN_REFERENCES.md §A13 Korea & Southeast Asia	The Talking Wire	skill			Scores as both Acrobat and Clown class on the same trigger.			0
E1008	designdocs	DESIGN_RECOMMENDATIONS.md §6 Fortune Teller	The Tarot Reading	skill			Cue: look at the top 5 cards of the deck and reorder them.			0
E1009	designdocs	DESIGN_REFERENCES.md §A12 Australia & Oceania	The Tent Challenge	unknown			A town champion calls out one of the player's cards for a duel: win for gold, lose a rank.			0
E1010	designdocs	DESIGN_RECOMMENDATIONS.md §10 Secrets & Mysteries	The Three Rings	unknown			Score three separate 5-card rings (rows) in one submit to permanently unlock a third zone rule card.			0
E1011	designdocs	DESIGN_REFERENCES.md §F5 Puppetry, Mime & Street	The Throw (ventriloquism)	skill			Cues a card's ability as if it were located in a different column.			0
E1012	designdocs	DESIGN_RECOMMENDATIONS.md §7 Leaders	The Tiger Queen (Stark)	type			Consumption effects have no cap.			0
E1013	designdocs	DESIGN_REFERENCES.md §A6 Japan	The Top	skill			Set spinning via cue; keeps scoring a little every turn until it topples after a random duration.			0
E1014	designdocs	DESIGN_REFERENCES.md §G The Modern Era	The Traceur	skill			Moves across the tops of columns, never entering stacks.			0
E1015	designdocs	DESIGN_REFERENCES.md §A13 Korea & Southeast Asia	The Trance	rule			A card enters trance (acts autonomously, immune to everything) for N turns, then suffers a hard Exhaust.			0
E1016	designdocs	DESIGN_RECOMMENDATIONS.md §6 Acrobat	The Triple	skill			If this card ends a run of exactly 3 cards assembled this turn, score it 3x.			0
E1017	designdocs	DESIGN_REFERENCES.md §C3 Automata & Illusion Technology	The Turk	skill			An Automaton card secretly powered by the card hidden beneath it; its power equals the hidden card's rank, and removing that card stops it.			0
E1018	designdocs	DESIGN_REFERENCES.md §F1 Theater & Opera	The Two Masks	skill			A flip-state card: comedy side buffs neighbors, tragedy side buffs itself; flips every time it scores.			0
E1019	designdocs	DESIGN_REFERENCES.md §D Cards, Gambling & Fortune	The Uncredited Artist	unknown			A hidden signature on the card art that, once found, adds the artist as a playable card.			0
E1020	designdocs	DESIGN_REFERENCES.md §E The Fairground, Midway & Business	The Unicorn	skill			An Animal Gaff that scores as legendary until any player effect inspects it.			0
E1021	designdocs	DESIGN_REFERENCES.md §B1 Aerial & Wire	The Unsanctioned Show	unknown			Performing in a locked/forbidden node grants enormous fame; failing it loses the run's tips.			0
E1022	designdocs	DESIGN_REFERENCES.md §A12 Australia & Oceania	The Vine	stamp			The first time this card would be destroyed by a fall/discard, it stops short and survives (once per tour).			0
E1023	designdocs	DESIGN_REFERENCES.md §A3 Golden Age Western Circus	The Wedding	unknown			Permanently pair two cards so they always draw together.			0
E1024	designdocs	DESIGN_RECOMMENDATIONS.md §9 Events	The White Elephant War	unknown			A rival offers a White Elephant card (huge points, drains gold); refusing makes the next Rival Show boss harder.			0
E1025	designdocs	DESIGN_REFERENCES.md §C1 Golden-Age Stage Magic	The Widow's Succession	rule			When a leader card is destroyed, its partner card inherits the leader slot and one signature power.			0
E1026	designdocs	DESIGN_REFERENCES.md §A10 The Americas	The Wing Walker	skill			Transfers a card between two moving columns during the Next-phase drop.			0
E1027	designdocs	DESIGN_REFERENCES.md §B2 Juggling & Object Manipulation	Three-box shuffle	skill			Rearrange any 3 adjacent cards' order on cue.			0
E1028	designdocs	DESIGN_REFERENCES.md §C1 Golden-Age Stage Magic	Thrown cards	skill			A Knives/card-throwing crossover card.			0
E1029	designdocs	DESIGN_RECOMMENDATIONS.md §4 Types (materials)	Ticket Stub	type			Consumed as currency at shops for a discount; worthless if brought into the Ring.			0
E1030	designdocs	DESIGN_REFERENCES.md §A2 Medieval & Renaissance Europe	Till Eulenspiegel deal	unknown			A trickster's deal does exactly what its text says, not what was meant (monkey's-paw style reward).			0
E1031	designdocs	DESIGN_DOC.md §15 Map v4 (FTL, latest)	Tour pre-planning	rule			Players open by planning their tour (choosing which cities to visit); beginners plan small tours, veterans plan longer routes.			0
E1032	designdocs	DESIGN_DOC.md §15 Map v4 (FTL, latest)	Town size score requirements	rule			Small towns vs. big cities carry different score requirements.			0
E1033	designdocs	DESIGN_REFERENCES.md §A10 The Americas	Tragedy scoring (Circo criollo)	skill			Drama acts score on failed shows (tragedy sells).			0
E1034	designdocs	DESIGN_DOC.md §15 Map v2 (Triangle)	Triangle map boss phase	boss			Every few rows features a boss phase, drawable as terrain, with fights possibly restricted to boss phases only.			0
E1035	designdocs	DESIGN_DOC.md §15 Map v2 (Triangle)	Triangle map choice	rule			Player chooses from the next 3 card options; picking moves them up a tier while keeping the triangle shape; moving left permanently loses the right lanes (and vice versa), the middle loses both outer lanes.			0
E1036	designdocs	DESIGN_DOC.md §15 Map v2 (Triangle)	Triangle map holes/packs	rule			The triangle can have holes; nodes should contain card packs rather than just single cards.			0
E1037	designdocs	DESIGN_DOC.md §5 Scoring	Trigger order	rule			Card effects trigger in order: field effects first, then the deck top-down, then the board left-to-right/top-to-bottom (including the input row), then the discard pile top-down.			0
E1038	designdocs	DESIGN_REFERENCES.md §A3 Golden Age Western Circus	Troupe adoption	unknown			Any non-class card gains the current leader's class tag.			0
E1039	designdocs	DESIGN_REFERENCES.md §A3 Golden Age Western Circus	Turning the tip	rule			Converts an audience faction into fame; a blow-off is a hidden bonus objective revealed only after clearing a show.			0
E1040	designdocs	DESIGN_REFERENCES.md §A11 South America	Two-faction city (Parintins)	boss			Picking a faction on arrival changes the goal, the shop, and who heckles the player.			0
E1041	designdocs	DESIGN_DOC.md §3 Board & Zones	Two-zone board (Entrance/Ring)	rule			Board has an upper zone (Grand Entrance, where drawn cards wait) and a lower zone (The Ring, where the board is built).			0
E1042	designdocs	DESIGN_DOC.md §8 Rule Deck (implemented)	TypeInput	type			On turn start, passes its held child cards to the paired lower column, then takes a random card from the deck.			0
E1043	designdocs	DESIGN_DOC.md §6 Card Anatomy & Pips	UI-manipulation win con	unknown			Shelved idea: an alt win condition based on manipulating the scoring UI itself (duplicate-or-remove), with no good design found.			0
E1044	designdocs	DESIGN_DOC.md §2 Core Game Loop refinements	Undo at outcome screen	rule			Pressing Undo at the win/lose screen dismisses the outcome and rewinds the final Submit.			0
E1045	designdocs	DESIGN_DOC.md §5 Scoring v3 (combo)	Uniqueness multiplier	rule			A separate early idea: a multiplier that grows with every unique effect triggered during a submit.			0
E1046	designdocs	DESIGN_DOC.md §8 Rule Deck	Universal deck resolves last	rule			The Universal (rule) deck is probably applied last in all modifier resolution order.			0
E1047	designdocs	DESIGN_DOC.md §4 Stacking & Movement Rules	Universal placement ability	skill			A card ability lets any card be placed on top of it, overriding default stacking legality.			0
E1048	designdocs	DESIGN_REFERENCES.md §A8 Middle East, Central Asia, Mongolia	Unpierceable	stamp			Knife-suit projectiles pass through this card harmlessly (still counts as a 'miss' for stuntman bonuses).			0
E1049	designdocs	DESIGN_REFERENCES.md §A11 South America	Verse duel (repentistas)	unknown			Alternate 'stanzas' (mini-submits) with a town champion; the first to fail a beat loses.			0
E1050	designdocs	DESIGN_DOC.md §8 Rule Deck	Viewable game laws	unknown			Game laws are viewable as plain text via a greyed-out '?' button before the player has unlocked the rule deck itself, needed to explain prop-card abilities.			0
E1051	designdocs	DESIGN_DOC.md §7 Spotlight System	Visible-to-trigger + hidden-trigger stamp	stamp			Abilities must be visible to trigger by default; a stamp lets a card trigger even while hidden/covered; deck triggers surface visually on the deck slot as they fire.			0
E1052	designdocs	DESIGN_REFERENCES.md §A10 The Americas	Voladores calendar meld	unknown			A hidden ritual meld: 4 cards descending 13 ranks each (4x13=52) grants an end-of-run celestial bonus.			0
E1053	designdocs	DESIGN_DOC.md §8 Rule Deck	Voucher effects in main deck	consumable			Voucher-type effects (player-side) go in the main deck instead of the rule deck.			0
E1054	designdocs	DESIGN_REFERENCES.md §C1 Golden-Age Stage Magic	Walking Through the Wall	skill			Move a card through an occupied slot to the other side.			0
E1055	designdocs	DESIGN_RECOMMENDATIONS.md §6 Escape Artist/Stuntsman	Wall of Death	skill			Adjacent columns score +mult, but cards there take 1 Exhaust debuff per show.			0
E1056	designdocs	DESIGN_REFERENCES.md §B4 Danger Acts	Water Torture Cell escape chain	skill			A card locked under 3 conditions unlocks one per turn, paying out on the full escape.			0
E1057	designdocs	DESIGN_RECOMMENDATIONS.md §4 Types (materials)	Wax	type			Rank slowly decreases each show it shares a column with a Flame-suit card.			0
E1058	designdocs	DESIGN_REFERENCES.md §A16 Africa & the Arctic	Wax and Gold	skill			A card carries two rule texts: the visible 'wax' effect and a hidden 'gold' effect discovered by fulfilling the wax one.			0
E1059	designdocs	DESIGN_REFERENCES.md §B4 Danger Acts	Wheel of Death roulette	rule			A spinning bonus wheel whose payout lands where the last knife-suit card scored.			0
E1060	designdocs	DESIGN_RECOMMENDATIONS.md §6 Producer/Manager	White Elephant	skill			Scores huge points, but each show it remains in the deck it eats 1 Gold card.			0
E1061	designdocs	DESIGN_REFERENCES.md §B5 Clowning Across Cultures	Whiteface/Auguste pairing	rule			A Whiteface card issues a cue that an adjacent Auguste card executes 'wrongly,' with a better result.			0
E1062	designdocs	DESIGN_DOC.md §2 Core Game Loop v2 (latest)	Whole-board submit	rule			Player continuously draws to build the board; pressing Submit evaluates and scores the entire board state, then clears it, with Entrance cards dropping down to seed the next board.			0
E1063	designdocs	DESIGN_DOC.md §6 Card Anatomy & Pips	Wild pip	suit			A wild pip class tracks the previous pip inside itself, e.g. randomly choosing from pips present on the board/row/column, updating on every board change with cycling visuals.			0
E1064	designdocs	DESIGN_DOC.md §14.5 Summary-only cards	Wildcard Pip (summary)	rank			Adopts the rank/suit of the card below it.			0
E1065	designdocs	DESIGN_RECOMMENDATIONS.md §8 Map-layer systems	Winter Quarters	unknown			Named meta-hub where prestige currency is spent between runs to prepare the next season.			0
E1066	designdocs	DESIGN_REFERENCES.md §C2 Séance, Spiritualism & Paranormal	X-Ray Eyes	skill			While this card is covered (blinded), the player can see all facedown/hidden cards.			0
E1067	designdocs	DESIGN_DOC.md §5 Scoring	Yu-Gi-Oh number scaling	rule			Base scoring values should be rebalanced upward so numbers are never single digits and always feel big.			0
E1068	designdocs	DESIGN_REFERENCES.md §A3 Golden Age Western Circus	Zip's Question Mark	unknown			A card whose text is permanently just '?'.			0
E1069	designdocs	DESIGN_DOC.md §14.4 Rule cards	Zone Adder (lower)	rule			Adds 1 Ring column per copy in the rule deck.			0
E1070	braindump	gam draft.txt:515	+1 reroll, no-repeat rerolls	skill			Add +1 reroll per game; for the rest of the game, repeated reroll actions do not give the same results.			0
E1071	braindump	gam draft.txt:96	15 as rank via ability only	rule			Rank 15 is too hard to visually read and should only exist via an ability, not as a default rank.			0
E1072	braindump	gam draft.txt:1263	3 grids side by side, commit to one	rule			Each game fills 3 side-by-side 5x5 grids; card effects can influence other grids; player chooses which grid the next 5 entrance cards go into but must commit to a single grid once chosen.			0
E1073	braindump	gam draft.txt:437	3 submits as 3 acts	rule			3 submits per match could reference 3 performance acts.			0
E1074	braindump	gam draft.txt:1429	31/99-style fixed point values	rank			31/99-style rank values: ace worth 1 or 11, 10 worth -10, King worth 99, others their rank; goal is reaching a target total.			0
E1075	braindump	gam draft.txt:1269	3D stacking as extra rows/cols	rule			Allow stacking cards on top of each other on the grid, adding a 3D element that functions as theoretical additional rows/columns.			0
E1076	braindump	pokerpatience.txt:12	4-coordinate card position	rule			Every card's position is defined by 4 coordinates: which grid, x, y, and height.			0
E1077	braindump	gam draft.txt:1180	5 starting suits	rule			Starting with 5 suits instead of 4 is more balanced: makes flushes harder and allows an anti-flush hand.			0
E1078	braindump	gam draft.txt:90	5-wide board for row hands	rule			A 5-column-wide board allows row-wide poker hands as well as column hands.			0
E1079	braindump	gam draft.txt:1333	500 Rummy free-meld-adding	rule			500 Rummy: any player, regardless of turn order, can add to existing melds and take more than the top discard.			0
E1080	braindump	gam draft.txt:1334	500 Rummy turn-stealing	rule			500 Rummy: a player can steal a turn if an opponent discards a card that could extend another meld.			0
E1081	braindump	random potential effects.csv:31	5D multiverse time-travel card	skill			Sends a card into the past to play out that board state until it clashes with the present, keeping only the differences.			0
E1082	braindump	gam draft.txt:1262	5x5 grid entrance placement redesign	rule			Core redesign: entrance shows top 5 cards as normal, but the player freely chooses where in a 5x5 grid below to place each one.			0
E1083	braindump	pokerpatience.txt:5	5x5 grid replaces drop zones	rule			Replace the 5-6 drop-in zones with a 5x5 grid the player manually places entrance cards into.			0
E1084	braindump	gam draft.txt:1196	Accordion pile-combining rule	rule			Accordion Solitaire: piles whose top cards match and are 3 apart (or adjacent) can be combined, newer cards going on top.			0
E1085	braindump	gam draft.txt:1195	Accordion pile-matching rule	rule			Accordion Solitaire: draw a card, create a new pile if it doesn't match the newest pile's top card by suit or rank; can only stack on the newest pile.			0
E1086	braindump	gam draft.txt:606	Acrobatic tap-or-carryover charge	skill			Acrobatic card has 1 charge triggerable by tap; if unused, the charge carries to the next round.			0
E1087	braindump	gam draft.txt:445	Acrobatics leader archetype	skill			Acrobatics leader archetype: focuses on card movement.			0
E1088	braindump	gam draft.txt:653	Action-triggered negative events	map			Events triggered by player actions, e.g. sacrificing too many talent cards causes a union strike, or having too many cards triggers a tax-evasion penalty losing basic cards.			0
E1089	braindump	gam draft.txt:234	Add all cards to map	map			Add all cards to the map (as collectibles/nodes), not just special ones.			0
E1090	braindump	gam draft.txt:1385	Adjacency-required marriage melds	rule			Add marriage-style melds that require cards to be exactly adjacent rather than merely in the same row/column.			0
E1091	braindump	random potential effects.csv:4	Air material (top of deck)	type			Air material type stays on top of the deck.			0
E1092	braindump	random potential effects.csv:3	All In card	skill			On the next score, double the total score, then double the score needed for the next round.			0
E1093	braindump	random potential effects.csv:29	Amogus fake card	boss			A card is secretly fake: when played it loses score and ignores the rules on certain turns; the player must find and remove it.			0
E1094	braindump	gam draft.txt:446	Animal trainer leader archetype	skill			Animal trainer leader archetype: focuses on stacking, including eating cards and cards auto-moving through the field.			0
E1095	braindump	gam draft.txt:223	Any card placeable on this card	skill			Card ability: any card can be placed on top of this card, modifying stacking rules.			0
E1096	braindump	pokerpatience.txt:38	Any-grid line-completion detector	skill			A card that detects a new 5-in-a-line completion anywhere across all grids and triggers its scoring.			0
E1097	braindump	random potential effects.csv:5	Anything-stacks-here card	skill			Any card can be placed on top of this card.			0
E1098	braindump	gam draft.txt:1029	Applause scales with score	rule			Applause/cheer feedback gets more impactful the higher an individual score is.			0
E1099	braindump	gam draft.txt:371	Ascension debuff cards	meta			Ascensions: each ascension level adds a chosen negative-effect card to the deck or rules deck, including permanent versions of boss environmental hazards.			0
E1100	braindump	gam draft.txt:1387	Auction Pinochle bidder-only meld	rule			Auction Pinochle: only the auction winner picks trump and can score melds; other players act as defenders.			0
E1101	braindump	gam draft.txt:736	Audience patience meter	rule			Audience patience system: moving cards drops patience, triggering unique effects delays the drop, and cards auto-drop when patience hits 0.			0
E1102	braindump	gam draft.txt:1448	Autochess-style ring type combo	rule			Autochess-inspired: multiple copies of a class/type of card within a single ring create special scaling effects, e.g. tying hoop/ball/fire/knife prop synergies to a same-type count in that ring.			0
E1103	braindump	gam draft.txt:485	Balanced prop targeting rules	suit			Alt balance: knives hit non-skill cards and hoops hit skill cards; balls buff skill cards and fire buffs non-skill cards, spreading buffs as evenly across the column as possible.			0
E1104	braindump	curated effects pre grid.csv:98	Balloon type	type			Opposite of a heavy card: always rises to the top of the stack.			0
E1105	braindump	curated effects pre grid.csv:8	Balls	suit			Base suit: ball props (count = rank) arc down the column applying a Juggling status that pays out column score when that card later scores; stacking requires different suit and adjacent rank.			0
E1106	braindump	gam draft.txt:99	Base scoring: vertical runs + horizontal poker	rule			Base scoring is vertical runs (with a minimum size) plus horizontal poker hands.			0
E1107	braindump	gam draft.txt:481	Basic suit props sweep board	suit			Scored basic (non-skill) cards summon rank-scaled prop objects in their row/column that move across the board and interact with other cards.			0
E1108	braindump	gam draft.txt:1427	Beehive four-of-a-kind removal	rule			Beehive Solitaire: allows removing a four-of-a-kind 'swarm' from the board.			0
E1109	braindump	gam draft.txt:1300	Beggar My Neighbor forfeit rule	rule			Beggar My Neighbor: playing a face card forces the next player to pay a forfeit (4 cards for ace, 3 for K, 2 for Q, 1 for J).			0
E1110	braindump	gam draft.txt:1299	Beggar My Neighbor number-card play	rule			Beggar My Neighbor: play continues normally on number cards (2-10).			0
E1111	braindump	gam draft.txt:1301	Beggar My Neighbor pile-win rule	rule			Beggar My Neighbor: if all forfeit cards are non-face, the face-card player takes the whole middle pile; a face card among the forfeit passes the effect to the new face card.			0
E1112	braindump	curated effects pre grid.csv:37	Best Bower	suit			Wild suit that counts as every suit for melds/flushes and can stack anywhere; if untalented, randomly selects a prop from the entire game to trigger.			0
E1113	braindump	gam draft.txt:1369	Bid-before-play mechanic proposal	skill			Proposed bid mechanic for this game: bet before play to gain extra points for hitting an exact number of melds.			0
E1114	braindump	gam draft.txt:641	Biome-based world/act map	map			Game runs on a level/act/world system (One Step From Eden style) traveling through biomes that each affect map generation differently.			0
E1115	braindump	gam draft.txt:1406	Blackjack bust rule	rule			Blackjack: score exactly 21 to win; going over 21 loses instantly.			0
E1116	braindump	random potential effects.csv:8	Blackjack meld idea	skill			Blackjack-referencing scoring idea (unelaborated).			0
E1117	braindump	curated effects pre grid.csv:58	Blank rank	rank			Rank effectively 0; always passes stacking rank comparisons but cannot participate in rank-based melds or effects.			0
E1118	braindump	gam draft.txt:316	Board has deck/discard/ruleset zones	rule			The board has a deck zone, a discard deck zone, and a ruleset deck zone.			0
E1119	braindump	todo.md:229	Booster reroll pool	rule			Booster reroll pool ships at 5 with a planned but unwritten reroll-count modifier content hook (a luck()-style effect).			0
E1120	braindump	gam draft.txt:1451	Boss: adjacency-only placement	boss			Boss variant of entrance cards: only allows placing cards adjacent to each other when placing on the grid.			0
E1121	braindump	gam draft.txt:301	Boss debuffs as ruleset cards	boss			Negative boss-battle effects are temporary cards added to the ruleset deck, defined to self-destruct after the game/act.			0
E1122	braindump	random potential effects.csv:25	Boss fire-breathing fight	boss			A boss appears that must be defeated with specific hands or raw point damage while it slowly breathes fire onto the player's actual score.			0
E1123	braindump	gam draft.txt:148	Boss phase every few rows	boss			Every few rows of the triangle map is a boss phase, visually designed to look like terrain.			0
E1124	braindump	gam draft.txt:721	Branching escalating-difficulty paths	map			Branching map paths with escalating difficulty; split roguelike map campaigns from Klondike-like preset puzzle levels; battle levels use a preset board plus the player's own unlocked deck.			0
E1125	braindump	gam draft.txt:695	Bribery/memory-wipe extra life	consumable			Bribery/Memory Wipe card: grants an extra life if a city/show is failed, letting the player keep going as if they had won.			0
E1126	braindump	gam draft.txt:1276	Built-in symmetric PvP mode	rule			Built-in PvP mode: both players start with the same deck and aim for the highest score.			0
E1127	braindump	todo.md:132	Burning cascades as combo source	rule			Open scoring knob: whether Burning-status cascades should count as a combo source.			0
E1128	braindump	gam draft.txt:276	Buttons and shops as cards	meta			All buttons should themselves be cards; e.g. a shop reroll is itself a tappable card on the board.			0
E1129	braindump	gam draft.txt:1200	Calculation Solitaire base piles	rule			Calculation Solitaire: suits don't matter; start with ace/2/3/4 foundation piles, one waste pile each.			0
E1130	braindump	gam draft.txt:1201	Calculation Solitaire looping stacks	rule			Calculation Solitaire: foundation piles stack in increments of their base number (1s, 2s, 3s, 4s), looping around past King.			0
E1131	braindump	gam draft.txt:1202	Calculation Solitaire waste-pile rule	rule			Calculation Solitaire: cards that don't fit go on a waste pile; only the waste pile's top card can move to a foundation, and only if legal.			0
E1132	braindump	gam draft.txt:1338	Canasta rank-based wildcards	rule			Canasta: certain ranks (e.g. 2s) act as wildcards.			0
E1133	braindump	gam draft.txt:1208	Canfield 3-card stock draw	rule			Canfield Solitaire: stock is drawn 3 cards at a time, only the top of the 3 usable (then the next below it once used).			0
E1134	braindump	gam draft.txt:1211	Canfield foundation build rule	rule			Canfield Solitaire: foundations build with same suit, ascending rank only.			0
E1135	braindump	gam draft.txt:1210	Canfield foundation-rank feed	rule			Canfield Solitaire: a card matching the foundation base's rank, wherever found in reserve or stock, goes straight to the foundation.			0
E1136	braindump	gam draft.txt:1206	Canfield tableau stacking rule	rule			Canfield Solitaire: tableau stacks 1 rank lower and opposite color; a whole stack can move if it follows this rule.			0
E1137	braindump	gam draft.txt:563	Card debuff statuses	skill			Debuff status effects on cards: e.g. Exhausted (loses rank at round end if it was on board), plus proposed Cancer and Parasites statuses.			0
E1138	braindump	gam draft.txt:457	Card groups boosted by leaders	skill			Cards belong to groups, and leader cards can boost the members of their group.			0
E1139	braindump	gam draft.txt:368	Card unlocks: action-based and score-based	meta			Dual unlock system: some cards unlock from specific in-game actions, others from reaching score/win thresholds; common cards from generic progress, rare cards from genre-specific play.			0
E1140	braindump	gam draft.txt:65	Cards as currency	meta			Instead of currency, cards themselves are the currency and are traded.			0
E1141	braindump	gam draft.txt:117	Cards auto-drop, no manual drag down	rule			Cards come down on their own and cannot be dragged down manually.			0
E1142	braindump	gam draft.txt:1266	Cards bounce/swap between grids	skill			Card effects that can bounce cards to other grids or swap places between grids.			0
E1143	braindump	gam draft.txt:315	Cards have 1 parent/1 child stack	rule			Cards can have exactly 1 parent and 1 child card, forming a stack.			0
E1144	braindump	gam draft.txt:478	Carnival meta shop	map			The overall meta shop is themed as a carnival.			0
E1145	braindump	gam draft.txt:1054	Carrier-stacking bonus points	skill			Talents doing tricks on top of other 'carrier' talent cards earn extra points.			0
E1146	braindump	random potential effects.csv:3	Champion card	skill			Cards of the same rank directly above or below this card are discarded.			0
E1147	braindump	gam draft.txt:1314	Cheat bluff-discard rule	rule			Cheat: discard face-down while announcing (possibly falsely) what rank you're playing; next player can claim one rank higher, lower, or the same.			0
E1148	braindump	gam draft.txt:1315	Cheat call-out resolution	rule			Cheat: calling 'cheat' makes the accused pick up the whole pile if lying, or the caller picks it up if the accused was truthful.			0
E1149	braindump	gam draft.txt:565	Cheat Day card	skill			Cheat Day: cards remaining in the deck get a rank increase.			0
E1150	braindump	gam draft.txt:233	Check scoring in deck/discard	rule			Scoring should also check cards sitting in the deck and discard pile, not just the board.			0
E1151	braindump	gam draft.txt:1439	Checkers hop-capture card	skill			Checkers-inspired 'frog' card: allowed to hop over existing cards.			0
E1152	braindump	random potential effects.csv:5	Cheering Team card	skill			Each scored card of the same suit as this card gets extra points.			0
E1153	braindump	gam draft.txt:660	Circular map / return-to-start	map			Alt map shape ideas: circle the map instead of a final city, or require returning to the start after reaching a big enough city.			0
E1154	braindump	gam draft.txt:429	Circus suits, rank cap question	suit			Suits become clowns/dancers/flames/juggling balls/hoops/knives; aces are the actual performers; considering capping rank at 10.			0
E1155	braindump	gam draft.txt:737	Clown set bonus raises patience	skill			Each unique clown card on board raises patience by 1; collecting all of them gives a set bonus chance to not consume patience.			0
E1156	braindump	gam draft.txt:1137	Clowns as wildcard/joker stand-ins	skill			Clowns can stand in for other cards, similar to a joker/wildcard, reflecting how circus clowns spoofed other acts.			0
E1157	braindump	gam draft.txt:447	Clowns leader archetype	skill			Clowns leader archetype: focuses on pip manipulation.			0
E1158	braindump	gam draft.txt:46	Collect number cards to progress	boss			Collect all number cards to progress to a stage where remaining boss face cards must be faced (Deadman Wonderland reference).			0
E1159	braindump	random potential effects.csv:8	Column card	type			Column-type card gives points to its column on score.			0
E1160	braindump	gam draft.txt:1268b	Column-locked entrance placement	rule			Restrict each column to accept only 1 entrance card, from any of the 5 entrance cards, rather than free column choice.			0
E1161	braindump	random potential effects.csv:6	Combo card	skill			During scoring, cards gain temporary points equal to the hand they were scored in.			0
E1162	braindump	gam draft.txt:389	Combo increments per unique effect	rule			Row/column scoring becomes a combo system: score increments by 1 for each unique effect triggered, with heavier emphasis on card effects that do direct damage under specific conditions.			0
E1163	braindump	pokerpatience.txt:5	Commit-to-grid entrance rule	rule			Once the player places a card in a grid, all current entrance cards must be placed in that same grid before the entrance refreshes with 5 new cards.			0
E1164	braindump	gam draft.txt:568	Common-doubles-rare chain	skill			Common card: doubles the chance of rares appearing.			0
E1165	braindump	gam draft.txt:272	Compress-board button	view			QOL: a compress-all-cards button converts the board into a flavorless sheet showing only pips and bright ability names (dimmed if inactive), maximizing readability.			0
E1166	braindump	gam draft.txt:452	Concessions leader archetype	skill			Concessions/food leader archetype: focuses on positive effects.			0
E1167	braindump	random potential effects.csv:6	Connect 4 mini-mode	map			Mini-game mode idea themed on Connect 4.			0
E1168	braindump	gam draft.txt:645	Constellation tour map, no backtrack	map			FTL-style constellation map: cannot backtrack, touring cities to build fame, with environmental hazards and surprise weather.			0
E1169	braindump	gam draft.txt:453	Costume designer leader archetype	skill			Costume designer leader archetype: focuses on equipment/clothing/stamp slots.			0
E1170	braindump	gam draft.txt:1340	Crazy Eights wild-suit rule	rule			Crazy Eights: eights are wild and choose the next suit; must stack matching suit or rank; drawing up to 3 cards if unable to play.			0
E1171	braindump	gam draft.txt:1353	Crazy Tan escalating draw penalty	rule			Crazy Tan: unable-to-move players draw and skip, with the required draw increasing by 1 for each consecutive skip until someone moves.			0
E1172	braindump	gam draft.txt:1394	Cribbage phase-1 scoring events	rule			Cribbage phase 1 scores for: total of exactly 15, pairing the opponent's last card, first card being a jack, or a sequence of 3+ consecutive cards (order-independent).			0
E1173	braindump	gam draft.txt:1393	Cribbage phase-1 stack-to-31	rule			Cribbage phase 1: play cards building a running total up to 31 (ace=1, faces=10).			0
E1174	braindump	gam draft.txt:1397	Cribbage phase-2 hand scoring	rule			Cribbage phase 2: score the played hand for 15-combinations, pairs, runs, 4/5-card flushes, and a jack.			0
E1175	braindump	gam draft.txt:1177	Crit chance to increase score	rule			A chance to crit, increasing score.			0
E1176	braindump	gam draft.txt:583	Cross-game score carryover	meta			Scoring done outside the main game (side content) carries over into the next game.			0
E1177	braindump	pokerpatience.txt:18	Cross-grid row expansion setting	rule			A setting to make other grids expand their rows/zones too if one grid's rows expand due to increasing height.			0
E1178	braindump	gam draft.txt:1268c	Cross-path entrance bonus	skill			Card effect that rewards entrance cards crossing each other's paths on the way to their destination column.			0
E1179	braindump	gam draft.txt:543	Custom deck as final deck	meta			A player-built custom deck can serve as the final/endgame deck.			0
E1180	braindump	gam draft.txt:448	Dancer leader archetype	skill			Dancer/skill-tricks leader archetype: focuses on specific formations.			0
E1181	braindump	curated effects pre grid.csv:71	Decimal numbers (Half-Step hat)	stamp			Rank evaluates as both itself and +1 simultaneously for all purposes (e.g. a 3 with this hat also counts as 2.5/2), letting one card double-count toward multiple melds like pairs and straights.			0
E1182	braindump	random potential effects.csv:3	Deck auto-slotter	skill			While in the deck, if an open card with a legal slot is ever available, this card moves from the deck into that slot.			0
E1183	braindump	gam draft.txt:13	Deck click drop	rule			Each click of the deck causes new cards to drop down, rounds remaining decrease, and slots on the right score whatever card is put on them.			0
E1184	braindump	gam draft.txt:370	Deck unlocks combined with gimmick runs	meta			Deck unlocks (Balatro-style) combined with gimmick-run variants instead of a separate tab.			0
E1185	braindump	gam draft.txt:22	Deck variants change rules	map			Different decks influence the starting deck and rules; decks can be combined and picked up during a run.			0
E1186	braindump	gam draft.txt:310	Decks as playable solitaire boards (vetoed)	map			Considered (then vetoed) making every deck its own playable solitaire board so players could reorder or extract cards from it.			0
E1187	braindump	random potential effects.csv:3	Deja Vu card	skill			This card remembers its board placement; the next time an open slot appears there, it moves there from anywhere.			0
E1188	braindump	todo.md:274	Deterministic per-subsystem RNG streams	rule			Planned but unimplemented: deterministic per-subsystem RNG streams, required before any seed-sharing feature.			0
E1189	braindump	gam draft.txt:1425	Devil's Grip +3 rank stacking	rule			Devil's Grip Solitaire: stacking requires strictly +3 rank, with the starting row determining the sequence.			0
E1190	braindump	curated effects pre grid.csv:92	Diamond type	type			Doubles this card's score; costs +3 when traded in at shops.			0
E1191	braindump	gam draft.txt:733	Digital card cannot be discarded	stamp			Digital card type: cannot be discarded from the board.			0
E1192	braindump	gam draft.txt:635	Disaster card packs	boss			Disaster-themed card packs appear as choices on the board.			0
E1193	braindump	random potential effects.csv:3	Discard-to-deck on score	skill			On score, put 2 random cards from the discard pile back into the deck; an Exhaust variant skips the whole discard step.			0
E1194	braindump	random potential effects.csv:4	Distancing card	skill			Card hovers at the top of the stack without blocking the card below it, and cannot be clicked (counts as an extra row).			0
E1195	braindump	gam draft.txt:1024	Diversity-based scoring instead of combo	rule			Idea of scoring 'diversity' (variety of suits/types on board) as an alternative axis to the combo system.			0
E1196	braindump	gam draft.txt:72	Double trigger seal	stamp			Seal: this card's effect triggers twice.		braindump	1
E1197	braindump	gam draft.txt:87	Draw-through then submit	rule			Constantly draw through the deck like classic solitaire, then submit to evaluate the entire board state and reset.			0
E1198	braindump	gam draft.txt:324	Dynamic input/board card count from rules	rule			The number of input cards and board cards is decided dynamically at game creation by iterating the rule deck (e.g. a rule dictating 5 input columns and 5 board columns).			0
E1199	braindump	random potential effects.csv:3	Earth material (bottom of deck)	type			Earth material type stays on the bottom of the deck.			0
E1200	braindump	random potential effects.csv:11	Earthquake card	boss			Scrambles the board.			0
E1201	braindump	gam draft.txt:423	Effect art pops up on trigger	view			When an effect plays, its art pops up on screen in the background as if it is being performed.			0
E1202	braindump	gam draft.txt:130	Effect trigger order	rule			Card effects trigger in order: field effects, then deck top-down (soon-to-be-drawn first, order hidden), then left-right top-down including entrance, then discard pile top-down (recent discards first).			0
E1203	braindump	random potential effects.csv:7	Effect-trigger point gain	skill			Whenever a card triggers its effect, gain a point.			0
E1204	braindump	random potential effects.csv:3	Egg card	skill			When submitted, this card instead becomes a completely random other card of higher rank.			0
E1205	braindump	curated effects pre grid.csv:26	Electricity	suit			On score (if untalented), scores points based on this card's rank plus the ranks of all orthogonally/diagonally connected electric-suit cards; stacking requires different suit and adjacent rank.			0
E1206	braindump	gam draft.txt:81	Elemental materials	type			Elemental card materials: Earth, Air, Water, Fire.			0
E1207	braindump	gam draft.txt:102	Elemental movement types	type			Elemental card types have custom movement, such as always staying on top or bottom of a stack.			0
E1208	braindump	gam draft.txt:1280	Empty-zone rank buff (mancala effect)	skill			Manipulate what an empty zone does to the next card placed on it, e.g. a mancala-style effect where a zone temporarily raises the rank of whatever is placed there (shown as +X).			0
E1209	braindump	gam draft.txt:620	Encounters as mini solitaire games	map			Map encounters could be mini solitaire games in their own right.			0
E1210	braindump	gam draft.txt:1268d	End show early with good entrance	rule			Entrance cards are global by default; during the final performance, the player can choose to end early if the current entrance cards are good.			0
E1211	braindump	gam draft.txt:321	Entrance cards act via ability	rule			Entrance/input cards get their draw-and-pass functionality implemented as an ability: on turn start, pass child cards to the board card in the same column, then draw a random card from the deck.			0
E1212	braindump	todo.md:273	Entrance drop-down between acts	rule			Planned but unimplemented: an entrance drop-down step between acts.			0
E1213	braindump	gam draft.txt:1410	Entrance-set betting proposal	skill			Proposed betting system comparing the value of the current entrance set versus the next entrance set.			0
E1214	braindump	pokerpatience.txt:37	Entrance zone cards seed first column	rule			5 entrance/input zone cards work as today, refreshing in random draw order once empty or the current grid is full; the 1st input card corresponds to the 1st column of the 5x5 grid.			0
E1215	braindump	random potential effects.csv:15	Eruption card	boss			Cards receive a burned effect that spreads in an expanding snake pattern, with no counter available.			0
E1216	braindump	gam draft.txt:449	Escape artist leader archetype	skill			Escape artist/stuntsman leader archetype: focuses on negative effects.			0
E1217	braindump	gam draft.txt:230	Every 5th row red	rule			Every 5 rows, make that row red (visual scoring marker/threshold).			0
E1218	braindump	gam draft.txt:275	Exchange Voucher card	consumable			Exchange Voucher: a special deck card usable to swap itself with any card currently on screen.			0
E1219	braindump	gam draft.txt:375	Eye of God card	consumable			Eye of God: allows seeing all decks and true (unobscured) card descriptions.			0
E1220	braindump	gam draft.txt:342	Eye stamp shows mini skill art	stamp			Eye stamp allows a card to stay active despite being covered, showing a miniature version of the skill art inside the stamp.			0
E1221	braindump	gam draft.txt:25	Face cards worth 10	rank			Face cards all count as 10 when adding to a hand total.			0
E1222	braindump	gam draft.txt:642	Fame gate every 10 levels	meta			Every 10 levels, the player must have a certain fame level to progress to the next stage.			0
E1223	braindump	gam draft.txt:658	Fame improves card rarity odds	meta			Odds of better-rarity cards increase with total fame.			0
E1224	braindump	gam draft.txt:1351	Fan Tan foundation-build rule	rule			Fan Tan: 7s are foundation cards; can only extend with a same-suit card one rank higher or lower; unable-to-play forfeits a chip.			0
E1225	braindump	random potential effects.csv:9	FEMA mode	boss			After a number of weather cards, disaster relief becomes available.			0
E1226	braindump	curated effects pre grid.csv:114	Fifteen (cribbage) talent	skill			Spotlight ability checks the scoring hand (row or column) for cards summing to 15 for bonus points; alt version melds this card with adjacent neighbors whose ranks sum to 15 with it.			0
E1227	braindump	gam draft.txt:149	Fights only on boss phases	map			Fights may be restricted to only happen on boss phases of the map.			0
E1228	braindump	gam draft.txt:560	Final act score multiplier	rule			The final act gets an extra points multiplier, or each act gets an increasing multiplier.			0
E1229	braindump	gam draft.txt:466	Final-act type	type			Final-act card type shows up alone after all other cards are drawn.			0
E1230	braindump	random potential effects.csv:6	Fire material (moves up)	type			Fire material type moves upward one position per turn.			0
E1231	braindump	random potential effects.csv:18	Fire spreading card	boss			Fire spreads to wood-type cards but is blocked by road-type cards.			0
E1232	braindump	gam draft.txt:484	Firework suit column score	suit			Firework suit directly adds points to its column based on its rank.			0
E1233	braindump	curated effects pre grid.csv:14	Fireworks	suit			On score, the rocket rises its column and banks the column score directly based on rank; alt version has each firework trigger add +1 firework to the next trigger; stacking requires different suit and adjacent rank.			0
E1234	braindump	gam draft.txt:464	First-act type	type			First-act card type shows up alone before any other cards.			0
E1235	braindump	random potential effects.csv:7	Fishing minigame card	map			Place this card over the deck to trigger a fishing minigame to get a card from the deck.			0
E1236	braindump	curated effects pre grid.csv:11	Flames	suit			Base suit: fire props arc down the column applying Flaming stacks that multiply each burning prop's effect (not applicable to fire-suit or talent cards, but inherited by spawned props); stacking requires different suit and adjacent rank.			0
E1237	braindump	gam draft.txt:390	Flat points multiplied by combo	rule			Flat points come from scoring, while row combo and column combo values are multiplied into the flat points.			0
E1238	braindump	todo.md:274	Fog of war on map	map			Planned but unimplemented: fog of war limiting map visibility.			0
E1239	braindump	gam draft.txt:643	Fog of war on tour map	map			Tour theme with fog of war reducing visibility of further map choices.			0
E1240	braindump	gam draft.txt:377	Foot of God card	consumable			Foot of God: can switch locations with any card on screen.			0
E1241	braindump	gam draft.txt:680	Forbidden click-to-stack solitaire event	map			A forbidden solitaire variant where you just click cards to stack them into your hand, possibly used for events.			0
E1242	braindump	gam draft.txt:450	Fortune teller leader archetype	skill			Fortune teller leader archetype: focuses on deck manipulation.			0
E1243	braindump	gam draft.txt:67	Frankenstein card	skill			On submission, this card combines with the bottom and top cards into a 3-card merged stack that remains in the submission zone after scoring.		braindump	1
E1244	braindump	gam draft.txt:730	Freakshow off-rank cards	rank			Freakshow-class cards do not have normal rank numbers.			0
E1245	braindump	gam draft.txt:1423	Free Cell reserve slots	skill			Free Cell-style reserve/free slots that can hold cards (possibly via stacking) and be grabbed anytime.			0
E1246	braindump	gam draft.txt:47	FTL-style map with special cards	map			Map is FTL-like; each location is marked by a single special card the player collects, which has special effects.			0
E1247	braindump	pokerpatience.txt:11	Full-stack scoring on tall stacks	rule			Scoring a height-10 (or taller) stack scores the entire stack at once.			0
E1248	braindump	gam draft.txt:1168	Fun-house-mirror effect modifiers	skill			Fun-house mirrors: skills that modify nearby effects in some way.			0
E1249	braindump	random potential effects.csv:5	Future Sight card	skill			See the next 5 cards in the deck.			0
E1250	braindump	gam draft.txt:589	Genie wish card	consumable			Genie: make a wish by choosing a card to create a copy of in hand.			0
E1251	braindump	gam draft.txt:1331	Gin Rummy early-end scoring	rule			Gin Rummy: a player can end the round early if mostly done with combinations, and is rewarded for having more complete combinations than opponents.			0
E1252	braindump	curated effects pre grid.csv:95	Glass type	type			Spotlights cards behind it, but breaks if a heavy-type card passes through it.			0
E1253	braindump	gam draft.txt:1270	Global vs ring-local card effects	skill			Grid-based card effects can be scoped as global (all grids) or local to a single ring.			0
E1254	braindump	gam draft.txt:1311	Go Fish ask-and-fish rule	rule			Go Fish: ask another player for a rank you hold; if they have it they hand it over, otherwise you draw ('fish') from stock.			0
E1255	braindump	random potential effects.csv:4	Goalpost card	skill			Enhances a random viable score type, which changes each game.			0
E1256	braindump	random potential effects.csv:7	Gold as money material	type			Gold cards act as money/currency.			0
E1257	braindump	gam draft.txt:66	Gold heavy to bottom	type			Gold cards are heavy and always sink to the bottom of the deck.			0
E1258	braindump	curated effects pre grid.csv:89	Gold type	type			Sinks to the bottom of stack, heavier than Iron (stops at other heavy cards); costs +2 when traded in at shops.			0
E1259	braindump	gam draft.txt:426	Grand Entrance / The Ring zones	rule			Circus rename: upper and lower play zones become 'Grand Entrance' and 'The Ring'.			0
E1260	braindump	pokerpatience.txt:36	Grid-creation card owns its zones	skill			When a 5x5 grid-creation card becomes active it creates the 5x5 zone cards it owns; when inactive, its grid of zone cards is removed and any cards it contains are discarded.			0
E1261	braindump	pokerpatience.txt:35	Grid-creation rule card	skill			A rule card that, on game start, checks the deck size and adds one 5x5 grid-creation card to the rules deck per 25 cards in the deck.			0
E1262	braindump	pokerpatience.txt:6	Grid refill on completion	rule			If a grid is completed with entrance cards remaining, it frees up for another grid and its empty slots are refilled with the remaining cards in their current slot.			0
E1263	braindump	gam draft.txt:180	Guarantee early entrance cards	rule			Some way to guarantee that newly chosen cards show up first, or sooner, in the entrance.			0
E1264	braindump	gam draft.txt:717	Guaranteed card in pack preview	map			Card packs show at least 1 guaranteed card from the pack in the map preview.			0
E1265	braindump	gam draft.txt:376	Hand of God card	consumable			Hand of God: allows moving cards to any location on the board and reordering cards within a deck.			0
E1266	braindump	gam draft.txt:507	Hard cap on flush win-con plays	rule			Alt win condition idea: win via 1 flush, but a hard cap exists on total flushes ever playable so it cannot be repeated infinitely.			0
E1267	braindump	gam draft.txt:1379	Hearts avoid-scoring rule	rule			Hearts: avoid winning tricks containing hearts (1 point each) or the queen of spades (13 points).			0
E1268	braindump	gam draft.txt:1381	Hearts-style negative-suit boss mechanic	boss			Boss mechanic where certain suits cause a meld to score 0 or negative if scored.			0
E1269	braindump	gam draft.txt:79	Heavy material	type			Heavy card type sinks to the bottom of the deck.			0
E1270	braindump	pokerpatience.txt:11	Height as a 4th coordinate	rule			Stacking cards on top of each other adds a 4th coordinate (height); 5 cards aligned in height complete a scorable line at that height, including a same-x,y stack of 5.			0
E1271	braindump	pokerpatience.txt:11	Height diagonal scoring updates nearest corner	rule			A diagonal line across height updates the corner score label closest to the highest height involved, to avoid overlap.			0
E1272	braindump	pokerpatience.txt:14	Height removal drops cards above	rule			Removing a card from a height stack causes the cards above it to drop down.			0
E1273	braindump	pokerpatience.txt:11	Height scoring triggers only building up	rule			Height-based scoring only triggers when a stack builds upward through a multiple of 5; dropping back down through those intervals does not retrigger scoring.			0
E1274	braindump	gam draft.txt:217	Hidden trigger stamp	stamp			Hidden trigger: ability activates even when the card is hidden (covered), unlike default active abilities that need visibility.			0
E1275	braindump	gam draft.txt:666	High-score gated progress	meta			Progress is gated behind reaching certain high scores that require luck or complex card play; more complex cards award more points, pushing players toward dynamic decks.			0
E1276	braindump	random potential effects.csv:3	Hippo card	skill			When a single card is placed on top of this card, consume it and gain its rank in value (rank wraps around).			0
E1277	braindump	curated effects pre grid.csv:2	Hoops	suit			Base suit: when a scored Hoops card is untalented, hoop props (count = rank) sweep the scored row and every skill card the hoop passes through scores again; stacking requires different suit and adjacent rank.			0
E1278	braindump	random potential effects.csv:5	Hurricane card	boss			Cards in a donut shape get wet; the hurricane starts at a random category 1-5, moves, and weakens over time.			0
E1279	braindump	gam draft.txt:710	Hype mechanic doubles fame requirement	meta			Hype mechanic: choose to double the fame required to defeat the next show in exchange for better goodie odds.			0
E1280	braindump	todo.md:274	Hype-wagering system	meta			Planned but unimplemented: a hype/wagering system.			0
E1281	braindump	gam draft.txt:1274	Immediate vs delayed row/col scoring	rule			Choice between scoring a completed row/column immediately on completion versus scoring everything at the end; card effects could trigger specifically on completion, rewarding early vs late finishers.			0
E1282	braindump	gam draft.txt:650	In-run temporary prestige events	meta			Events can grant temporary prestige points to allocate mid-run instead of only pre-game.			0
E1283	braindump	gam draft.txt:1175	Injury clears if unused	rule			An injury stack is lost if the card goes through an act without performing.			0
E1284	braindump	gam draft.txt:1028	Injury stacking status	skill			Injury stacking status effect: each injury stack increases the chance a card is permanently removed/retired.			0
E1285	braindump	curated effects pre grid.csv:47	Integer numbers (default rank)	rank			Default rank A-K (1-13), possibly extended to -99..99; negative ranks apply a negative status/shader inverting effects and reducing score, while still counting uniquely toward combo.			0
E1286	braindump	curated effects pre grid.csv:86	Iron type	type			Sinks to the bottom of any stack, respecting physical weight order.			0
E1287	braindump	random potential effects.csv:5	Jenga card	skill			Clicking a non-top card moves it to the top of the next-smallest stack, leaving an empty space; rows may have at most 4 empty spaces and must stay connected, or this card is discarded; empty spaces collapse once inactive.			0
E1288	braindump	gam draft.txt:727	King chess card	skill			King: moves like a chess king, never captures (only swaps with adjacent cards), auto-moves out of check from another chess card on any action, and is worth a ton of points if captured by a chess card.			0
E1289	braindump	gam draft.txt:1219	Klondike empty-space king rule	rule			Klondike Solitaire: empty tableau spaces can only be filled by a king-headed stack.			0
E1290	braindump	gam draft.txt:1218	Klondike reveal-on-move rule	rule			Klondike Solitaire: moving a face-up card off a pile reveals the card beneath as face up.			0
E1291	braindump	gam draft.txt:1216	Klondike stacking rule	rule			Klondike Solitaire: tableau stacks opposite color, one rank lower.			0
E1292	braindump	curated effects pre grid.csv:108	Kuroko hat	stamp			This card is unseen: does not block Spotlight beneath it and cannot be targeted by effects.			0
E1293	braindump	gam draft.txt:1227	La Belle Lucie merci rule	rule			La Belle Lucie: if no moves or redeals remain, one merci move is allowed, shifting a card position up or down by one.			0
E1294	braindump	gam draft.txt:1225	La Belle Lucie redeal limit	rule			La Belle Lucie: three tries to win; redeal reshuffles all cards and redistributes in threes.			0
E1295	braindump	gam draft.txt:1223	La Belle Lucie stacking rule	rule			La Belle Lucie: only top cards of each pile are playable, moved to foundation or stacked one rank lower, same suit.			0
E1296	braindump	gam draft.txt:304	Label/Evident rule-visibility card	skill			A 'Label/Evident' type card announces its ruleset-deck effect as an active effect on the board even when the universal/rules deck itself is not visible.			0
E1297	braindump	gam draft.txt:147	Lane loss on lateral movement	map			Moving to the left lane permanently loses access to both right lanes; moving to the middle lane loses both left and right lanes.			0
E1298	braindump	gam draft.txt:440	Leader/champion cards	skill			Leader/champion cards start the game already on the board (or entrance) and do not leave on submit.			0
E1299	braindump	gam draft.txt:442	Leader flavor debuffs	skill			Optional leader debuffs, e.g. fear of fire/knives preventing placement on fire/knife cards.			0
E1300	braindump	todo.md:274	Leaders/acts system	skill			Planned but unimplemented: a leaders/acts system.			0
E1301	braindump	gam draft.txt:111	Legal stack ascending/descending, no same suit	rule			Legal stacks are ascending or descending rank order and cannot stack same suit.			0
E1302	braindump	gam draft.txt:93	Legal stacks only, harder over time	rule			Only legal stacks can be picked up, and moving stacks becomes more difficult with time.			0
E1303	braindump	gam draft.txt:80	Light material	type			Light card type rises to the top of the deck.			0
E1304	braindump	random potential effects.csv:4	Lightning card	boss			Lightning strikes the highest-value card on the board, causing a shock effect.			0
E1305	braindump	gam draft.txt:1431	Loaned temporary cards	skill			Loaned cards: temporary cards that last only a few rounds (Game of Life reference).			0
E1306	braindump	gam draft.txt:48	Location difficulty from card	map			A map location's suit and rank determine its difficulty and type.			0
E1307	braindump	gam draft.txt:444	Magician leader archetype	skill			Magician leader archetype: focuses on card creation and deletion.			0
E1308	braindump	gam draft.txt:1279	Mahjong hand check across ring	rule			Check whether a ring satisfies mahjong-style hands, e.g. 4 triplets and a pair across its 5 rows or 5 columns.			0
E1309	braindump	curated effects pre grid.csv:81	Mahjong rank/suit	unknown			Placeholder entry referencing a mahjong-based rank/suit mechanic; no effect detail given in the sheet.			0
E1310	braindump	gam draft.txt:552	Mana cards instead of mana bar	rule			Instead of a mana bar, use mana cards similar to MTG; any card can serve as a resource.			0
E1311	braindump	gam draft.txt:64	Map card seeds next entrance	map			Clicking a card on the map makes it the first card to appear in the drop-down/entrance area of the subsequent match.			0
E1312	braindump	gam draft.txt:617	Map high-rarity loose cards	map			The map can sometimes place single high-rarity cards lying around instead of the usual card pack.			0
E1313	braindump	gam draft.txt:698	Map node preview before travel	map			Clicking a map node shows a preview plus a separate button to actually travel to it.			0
E1314	braindump	gam draft.txt:51	Map probability rings	map			Map could be a square with rings of probability where higher-rank cards are more likely toward the middle.			0
E1315	braindump	gam draft.txt:50	Map special squares	map			Some map squares are special locations like shops; e.g. all 7s could be shops.			0
E1316	braindump	gam draft.txt:105	Match end condition	rule			Match ends when the deck runs out of cards or the required score is reached.			0
E1317	braindump	gam draft.txt:1342	Mau Mau wildcard/win-call rule	rule			Mau Mau: jacks are wild, no redeal limit; must call 'Mau' on your last card, 'Mau Mau' if that card is wild.			0
E1318	braindump	gam draft.txt:663	Maximum Effort/Exhaust stamp	stamp			Maximum Effort/Exhaust: doubles points (or gives flat points) from this card on score, but only refreshes if the card is not played/scored again on the next show.			0
E1319	braindump	gam draft.txt:1192	Merci: shift an obstructing card	skill			Merci (solitaire cheat): allowed once, to move an obstructing card out of the way.			0
E1320	braindump	todo.md:274	Meta progression system	meta			Planned but unimplemented: a meta-progression system.			0
E1321	braindump	gam draft.txt:300	Metagame editing ruleset deck	meta			Metagame where the player tries to modify the default ruleset deck during a run by adding or removing rule cards.			0
E1322	braindump	gam draft.txt:501	Metashop odds vs required score	meta			Spending points in the meta-shop to manipulate overall card odds also increases the score required per show.			0
E1323	braindump	gam draft.txt:1437	Minesweeper bomb-prefilled grid	boss			Minesweeper-inspired: rings prefilled with random bombs; number tiles indicate nearby bombs; placing a card on a bomb lowers its value.			0
E1324	braindump	gam draft.txt:49	Minesweeper map reveal	map			Deck starts fully visible but face-down like Minesweeper; can only click a card adjacent to a face-down card, battling for it and revealing adjacent cards; win by uncovering all cards.			0
E1325	braindump	gam draft.txt:654	Mini-game events with puzzle win-con	map			Some events are mini-games where score is not the goal but an alternate puzzle win condition, e.g. trigger an effect 5 times to win.			0
E1326	braindump	random potential effects.csv:22	Mini Metro mode	map			Mini-game mode: ends of straights become metro stations connected by the straights as lines, which must serve passengers over N turns.			0
E1327	braindump	random potential effects.csv:17	Monopoly card	skill			Playing a flush of five of a card removes that card from future generation.			0
E1328	braindump	gam draft.txt:1414	Monopoly pay-to-unlock squares	map			Monopoly-inspired: certain map squares require sacrificing/paying a card to unlock before use.			0
E1329	braindump	random potential effects.csv:3	More Poker card	skill			Poker hands give double the points.			0
E1330	braindump	gam draft.txt:623	Move-resistant cards	skill			Some cards can resist being moved.			0
E1331	braindump	gam draft.txt:17	Mulligan entrance cards	rule			Mulligan incoming cards by clicking them and pressing a discard button.			0
E1332	braindump	gam draft.txt:612	Mulligan entrance via tap	skill			Card effect that allows mulliganing entrance cards when tapped.			0
E1333	braindump	gam draft.txt:609	Mulligan-style card packs	consumable			Card packs where, instead of choosing cards directly, the player mulligans (rerolls) the pack's results arena-style, with an increasable mulligan count.			0
E1334	braindump	gam draft.txt:124	Multiply vertical by horizontal	rule			All vertical scores are multiplied together with all horizontal scores at the end.			0
E1335	braindump	gam draft.txt:555	Mystery Box card	skill			Mystery Box: at game start, this card becomes a random skill.			0
E1336	braindump	gam draft.txt:1445	Neighbor-type value bonus (3-Ring Circus)	skill			3-Ring Circus board game reference: cards care about the type of cards to their left/right to increase their own value.			0
E1337	braindump	gam draft.txt:1176	Net card lowers retirement, raises injury	skill			Net card: increases chance of injury but lowers chance of retirement.			0
E1338	braindump	gam draft.txt:1343	Neuner 9s-wild variant	rule			Neuner: like Mau Mau but 9s are wild plus an added Joker, and players may draw at will.			0
E1339	braindump	pokerpatience.txt:5	New grid per 25/50 deck cards	rule			A new 5x5 grid is unlocked for every 25/50 cards (tunable) in the starting deck.			0
E1340	braindump	gam draft.txt:1373	Ninety-Nine suit-value bidding	rule			Ninety-Nine: discard 3 of 12 cards to set your bid, where club=+3, heart=+2, spade=+1, diamond=+0.			0
E1341	braindump	gam draft.txt:1267	No-adjacency placement with shifting	rule			Alternative: no restriction requiring cards be placed near others, but with a shifting mechanic where a second card placed 5 away determines the first card's final position.			0
E1342	braindump	gam draft.txt:86	No submit slot, whole board scores	rule			There is no special submit slot; the entire board is considered for submission on final score, using entrance cards similar to jokers.			0
E1343	braindump	random potential effects.csv:7	Noble Family card	skill			Each scored face card increases the points of the next scored face card by 1.			0
E1344	braindump	gam draft.txt:1273	Non-5x5 ring layouts with hazards	map			Allow alternative ring layouts that are not 5x5, including prefilled zones with cards or hazards.			0
E1345	braindump	random potential effects.csv:5	Non-scoring bonus card	skill			If this card is not part of any scoring hand, it gives 10 points.			0
E1346	braindump	gam draft.txt:186	Null cards	type			Null cards take up space on the board and are highlighted on hover to show over the null space.			0
E1347	braindump	gam draft.txt:1366	Oh Hell bid-exact-tricks rule	rule			Oh Hell!: players bid exactly how many tricks they intend to win after seeing their hand, capped at the hand size.			0
E1348	braindump	gam draft.txt:1368	Oh Hell scoring rule	rule			Oh Hell!: 1 point per trick won, plus 10 bonus points for hitting your exact bid.			0
E1349	braindump	gam draft.txt:1318	Old Maid pair-discard rule	rule			Old Maid: discard strict pairs from your hand; goal is to not be left holding the queen.			0
E1350	braindump	gam draft.txt:726	Other chess-piece cards	skill			Other chess-piece cards can stack anywhere permitted by that piece's chess movement, discarding and taking the place of the card they land on.			0
E1351	braindump	random potential effects.csv:4	Paintbrush card	skill			Cards placed on top of this card become the same suit as it.			0
E1352	braindump	curated effects pre grid.csv:83	Paper (default type)	type			Default no-effect base material type; exists so every card has a type slot filled.			0
E1353	braindump	random potential effects.csv:5	Parasite card	skill			Attaches to the next card placed on top of it; on submission, replaces the host card with the parasite card.			0
E1354	braindump	todo.md:222	Patience meter mechanic	rule			Patience system: idle/non-scoring moves drain a patience meter (patience_max, ships at 3); reaching 0 auto-drops cards; rule cards can raise patience_max via a grant path.			0
E1355	braindump	gam draft.txt:725	Pawn chess card	skill			Pawn: if stacked on the card above it, swaps places (moves up), or two above if bottommost; if stacked diagonally upward, replaces (captures) that card, discarding it.			0
E1356	braindump	gam draft.txt:1174	Per-act injury chance	rule			Each act/trigger has a chance of creating an injury stack; injury stacks increase the chance of permanent retirement/death.			0
E1357	braindump	gam draft.txt:1268e	Per-ring independent entrances	rule			Each ring/grid has its own independent 5-card entrance, and the player can play them in any order between rings, triggering effects whenever.			0
E1358	braindump	gam draft.txt:434	Performance ring score multiplier	rule			Each 'ring' of 5 rows increases the score multiplier for cards scored within it (1st ring 1x, 2nd ring 2x, 3rd ring 3x, etc.).			0
E1359	braindump	gam draft.txt:427	Performers and Feats rename	rule			Circus rename: cards are 'performers'; skills are 'feats'.			0
E1360	braindump	gam draft.txt:516	Permanently-active toggle	stamp			Once activated, an effect stays active for the rest of the game and can no longer be toggled off.			0
E1361	braindump	gam draft.txt:1020	Pickpocket card	skill			Pickpocket: adds an extra card to the deck if this card is never scored.			0
E1362	braindump	gam draft.txt:59	Pickup vs legal placement	rule			A stack can be picked up from anywhere, but if the resulting stack is illegal it can only be placed back on the submission spot.			0
E1363	braindump	gam draft.txt:1383	Pinochle meld types	rule			Pinochle: melds include runs (A-K-Q-J-10), marriages (King-Queen), the pinochle meld (J diamond + Q heart), and sets (4 Qs).			0
E1364	braindump	gam draft.txt:259	Pip effects permanently active	rule			Pip effects (suit/rank abilities) should be permanently active, independent of the resolver class.			0
E1365	braindump	pokerpatience.txt:10	Placed cards are locked by default	rule			By default, a card placed on an empty grid zone cannot be moved or have cards stacked on it; those actions are reserved for future effects.			0
E1366	braindump	gam draft.txt:646	Player plans tour route length	map			Players plan their tour route ahead of time, starting with small tours and unlocking longer routes through more cities as they finish tours.			0
E1367	braindump	gam draft.txt:231	Points increase by layer	rule			Points scored increase based on the layer/height a card is stacked at.			0
E1368	braindump	gam draft.txt:1235	Poker hand scoring table	rule			Poker Patience scoring table (UK vs Barry scoring) for pair/two pair/three of a kind/straight/flush/full house/four of a kind/straight or royal flush.			0
E1369	braindump	gam draft.txt:1230	Poker Patience adjacency placement	rule			Poker Patience variant: each new card placed must be adjacent or diagonal to a previously placed card, so the first card can end up anywhere in the final square.			0
E1370	braindump	gam draft.txt:1229	Poker Patience base rule	rule			Poker Patience: lay out 25 cards into a 5x5 square, forming 10 poker hands from the 5 rows and 5 columns.			0
E1371	braindump	gam draft.txt:1233	Poker Patience diagonal scoring variant	rule			Poker Patience variant: also count the 2 longest diagonals for additional scoring.			0
E1372	braindump	gam draft.txt:1234	Poker Patience PvP mode	rule			Poker Patience PvP: one player calls out the next card and both players build their own square with the same cards in the same order.			0
E1373	braindump	gam draft.txt:1232	Poker Patience win threshold	rule			Poker Patience: win if the total added score across rows and columns reaches 200 under Barry Scoring.			0
E1374	braindump	gam draft.txt:1284	Poker shuffle: pre-commit reshuffle	skill			Poker Shuffle rule: allows shifting placed cards around before all 25 grid spaces are filled, effectively allowing a perfect hand.			0
E1375	braindump	random potential effects.csv:4	Pot of Greed card	skill			When this card sits alone in a slot, discard it and replace with two cards from the deck.			0
E1376	braindump	gam draft.txt:357	Power-sorted rarity tiers	meta			Create common base effects, then progressively stronger versions of those effects as separate, rarer cards; rarity is determined by how far a card climbs the effect-value ladder.			0
E1377	braindump	gam draft.txt:469	Presentation-stage preview	view			Preview area is themed as a presentation stage where text scrolls but the card itself does not.			0
E1378	braindump	gam draft.txt:1399	President climbing-rank rule	rule			President: each turn plays equal-or-higher rank or passes; 2s are highest, suit irrelevant.			0
E1379	braindump	gam draft.txt:1400	President matched-count play rule	rule			President: subsequent players must match the number of cards the first player placed, at increasing rank.			0
E1380	braindump	gam draft.txt:1403	President Palace hidden-hand variant	rule			Palace variant of President: play with 3 private cards, 3 face-up cards, and 3 face-down cards, playable only after the previous set is used.			0
E1381	braindump	gam draft.txt:1402	President scum tribute rule	rule			President: the last player to empty their hand ('Scum') must give their two highest cards to the winner.			0
E1382	braindump	gam draft.txt:369	Prestige system reshapes map odds	meta			Prestige currency from wins can be spent to manipulate the odds of cards/events spawning on the map, or to unlock true-vision (seeing the rule deck and true card descriptions).			0
E1383	braindump	gam draft.txt:454	Producer/manager leader archetype	skill			Producer/manager leader archetype: focuses on token cards like gold-money cards and basic cards.			0
E1384	braindump	gam draft.txt:498	Prop cards defined as feat-less	rule			Cards without feats (skills) are classified as 'prop' cards.			0
E1385	braindump	gam draft.txt:483	Prop-hits-target mult gain	suit			Gain mult when a hoop passes through an animal/acrobat card, a knife misses a stuntsman, or a ball hits a juggler/animal; fire buffs cards it passes through.			0
E1386	braindump	curated effects pre grid.csv:107	PropArtist hat	stamp			This card's suit prop effects still apply even if the card is talented (has a skill).			0
E1387	braindump	gam draft.txt:1421	Pyramid entrance-match removal	rule			Pyramid/Golf Solitaire variant: remove a board card if it matches the current entrance card by a rule such as rank +/-1.			0
E1388	braindump	gam draft.txt:1420	Pyramid pair-removal rule	rule			Pyramid/Golf Solitaire: remove pairs of cards from the board if they match or sum to 13.			0
E1389	braindump	gam draft.txt:1049	Quest-chain triggered stage acts	meta			Story/quest acts are performed by triggering specific effects in a specific order, with the next quest section unlocking only after the previous one completes.			0
E1390	braindump	random potential effects.csv:3	Rabbit card	skill			If this card is clicked/grabbed, it moves away to the furthest orthogonal location.			0
E1391	braindump	pokerpatience.txt:6	Randomized placement on partial refill	rule			If the deck cannot refill the entire entrance zone, new card placement is randomized instead of the default left-to-right order.			0
E1392	braindump	gam draft.txt:686	Rank as duplicate rule-card identifier	rule			Duplicate rule cards during creation use their rank as an identifier, e.g. zone-adder 1 has rank 1, zone-adder 5 has rank 5.			0
E1393	braindump	todo.md:80	Rank-merging meld rule	skill			A comparator-bucket rank-merging meld rule multiplies a scored line's points based on line size (measured x2.0 at 5 cards up to x6.0 at 13, x5.1 at 30).			0
E1394	braindump	gam draft.txt:354	Rarity affects card borders/shine	view			Rarer cards could have different borders and shine/holographic effects.			0
E1395	braindump	todo.md:136	Rarity gates non-null rolls	rule			Rarity tiers currently gate only whether a stamp/skill/type roll is non-null, based on luck.			0
E1396	braindump	pokerpatience.txt:15	Re-adding retriggers line scoring	rule			Removing a card from a completed 5-line and re-adding it retriggers that line's scoring event.			0
E1397	braindump	gam draft.txt:18	Rearrange entrance cards	rule			Player can rearrange incoming/entrance cards before placing them.			0
E1398	braindump	gam draft.txt:672	Repeatable entrance discard gambling	rule			Repeatedly discard entrance cards until satisfied, then commit them to drop; starts with 1 discard per turn (possibly a joker effect), allowing gambling for a better entrance hand.			0
E1399	braindump	gam draft.txt:602	Retirement requires ability activation	rule			Cards cannot retire (leave play) until scored or until an ability is activated on them; with no ability, there is no retirement condition.			0
E1400	braindump	gam draft.txt:270	Reveal-all active ability button	view			QOL: a half-open-eye button that opens fully, causing all cards with an eye stamp (or always-active cards) to push cards stacked on top downward so the active card is fully visible.			0
E1401	braindump	gam draft.txt:56	Revealed cards act	rule			All revealed cards perform their abilities.			0
E1402	braindump	gam draft.txt:564	Reward fast/lean wins	skill			Reward winning fast or with fewer cards via card effects, e.g. extra gold cards for winning faster, or buffs to cards remaining in the deck.			0
E1403	braindump	random potential effects.csv:4	Rewrite card	skill			On entering the board, remembers the cards below it; on submission, replaces the same number of cards below it.			0
E1404	braindump	gam draft.txt:1268	Ring unlocks per 25 deck cards	rule			Increase the number of grids/rings relative to cards in the deck, e.g. every 25 cards in the deck unlocks a new ring (with a max ring cap to avoid excess).			0
E1405	braindump	gam draft.txt:441	Ringmaster leader card	skill			Ringmaster: no suit/rank; type makes it start in the entrance like other leaders; stamp lets it always be picked up and placed anywhere with nothing on top; skill keeps it on the board after submission.			0
E1406	braindump	gam draft.txt:1115	Risk/reward doubled-points tricks	skill			Higher-tier tricks give better rewards but higher fail chance; players can manage risk with risk-lowering cards, or opt into doubled points for doubled risk.			0
E1407	braindump	random potential effects.csv:3	Robber card	boss			Between turns, robbers steal high-value cards from the board.			0
E1408	braindump	curated effects pre grid.csv:33	Rock Paper Scissors	suit			At game start randomly becomes rock, paper, or scissors; when stacking on another RPS card it must win RPS to stack (ties resolved by higher rank); stacks normally on non-RPS cards.			0
E1409	braindump	curated effects pre grid.csv:53	Roman Numerals rank	rank			Ranks 1-12 that wrap on increase/decrease; time effect advances the rank by +1 per player action.			0
E1410	braindump	gam draft.txt:1371	Romanian Whist variable hand size	rule			Romanian Whist: each round deals a different number of cards; must follow trump suit if unable to follow the leading suit.			0
E1411	braindump	random potential effects.csv:9	Row card	type			Row-type card gives points to its row on score.			0
E1412	braindump	pokerpatience.txt:9	Row/column scoring happens on placement	rule			Scoring occurs immediately as rows/columns are filled in, rather than on submit; pressing submit/end just fires its own hooks and ends the game without a separate scoring round, and can be pressed at any time.			0
E1413	braindump	gam draft.txt:135	Row-first then simultaneous column scoring	rule			All row scoring happens first, then all 5 lanes are scored simultaneously with the same per-row scoring repeated for each column, returning scored cards that go through the card-effect loop and get elevated.			0
E1414	braindump	gam draft.txt:120	Row-then-column top-down scoring order	rule			Submission evaluates top-down, one row at a time and 5 cards at a time, so poker hands score first while runs are calculated per column simultaneously.			0
E1415	braindump	gam draft.txt:1264	Rows spanning multiple grids	rule			Allow super-long rows that span across multiple grids.			0
E1416	braindump	gam draft.txt:576	Rule cards always globally spotlit	rule			Rule cards are a special card type whose top skill is always globally in the spotlight (active), making them not special from normal deck mechanics otherwise.			0
E1417	braindump	gam draft.txt:307	Rule cards have random suit/rank	rule			Rule-deck cards carry a random suit and rank in case the player is able to extract them onto the playing field.			0
E1418	braindump	gam draft.txt:586	Rules deck defines next/submit behavior	rule			Game rules (via the rules deck) determine what the Next and Submit buttons do; different rules decks per scenario, permanently changeable during a run.			0
E1419	braindump	gam draft.txt:345	Rules-in-main-deck variant	meta			A deck variant where the rule deck is empty and all rules are embedded as cards in the main deck.			0
E1420	braindump	gam draft.txt:317	Ruleset deck parsed at game creation	rule			On game creation, the ruleset deck is parsed to decide the board layout.			0
E1421	braindump	gam draft.txt:1328	Rummy early-meld risk	rule			Rummy: melds can be placed face-up early to guarantee they count, but this risks other players adding to them for their own points.			0
E1422	braindump	gam draft.txt:1325	Rummy meld types	rule			Rummy: scoring melds are a 3+ same-suit consecutive run, or a 3-4 same-rank set.			0
E1423	braindump	gam draft.txt:1326	Rummy win condition	rule			Rummy: first to arrange the whole hand into melds with exactly 1 card left to discard wins.			0
E1424	braindump	gam draft.txt:388	Score as damage vs antagonist	boss			Recontextualize the points system as damage dealt against an antagonist, similar to Slay the Spire enemy health.			0
E1425	braindump	gam draft.txt:30	Score for 15	rule			Score 2 points for every combination that sums to 15.		braindump	1
E1426	braindump	gam draft.txt:32	Score for pair	rule			Score 2 points for a pair.			0
E1427	braindump	gam draft.txt:34	Score for quad	rule			Score 12 points for a quad.			0
E1428	braindump	gam draft.txt:35	Score for run	rule			Score 3-7 points for a run of 3 to 7 cards.			0
E1429	braindump	gam draft.txt:33	Score for triple	rule			Score 6 points for a triple.			0
E1430	braindump	random potential effects.csv:9	Score input cards on submit	rule			On submit, score the entrance/input cards too, not just the board.			0
E1431	braindump	gam draft.txt:14	Score slot as free space	rule			The score slot can be used as a free/empty space between deck clicks.			0
E1432	braindump	gam draft.txt:465	Second-act type	type			Second-act card type shows up alone after half the deck is drawn.			0
E1433	braindump	gam draft.txt:632	Secret melds via add-to-deck effects	rule			Secret melds to discover, implemented as cards with hidden on-add-to-deck effects that add new scoring rules.			0
E1434	braindump	random potential effects.csv:3	Selection sort card	skill			Card moves up one position if the card above it has a smaller rank.			0
E1435	braindump	gam draft.txt:242	Self-upgrading effect	skill			An effect that upgrades itself into a better version of itself if the player meets certain conditions.			0
E1436	braindump	gam draft.txt:1389	Setback point-card trick bidding	rule			Setback/Pitch: different cards are worth different points, and players bid on how many point-carrying tricks they can win.			0
E1437	braindump	gam draft.txt:1433	Sets-of-3 rank boost (Risk)	skill			Risk-inspired: sets of 3 matching cards trigger effects such as increased ranks.			0
E1438	braindump	gam draft.txt:605	Shared charge system	rule			All charge-based effects share the same charge system, so anything with charges can gain more or less charge from different sources.			0
E1439	braindump	gam draft.txt:360	Shop buy/sell in cards	meta			Shop sells cards priced in a stack of cards taken from the player's deck (equivalent value); card packs on the map add cards while the shop removes them; shop can sell packs too; reroll cost increases each use.			0
E1440	braindump	todo.md:274	Shop & economy system	meta			Planned but unimplemented: a shop and economy system.			0
E1441	braindump	gam draft.txt:644	Show-must-go-on weather hazards	boss			Negative weather effects are thematized as 'the show must go on'.			0
E1442	braindump	gam draft.txt:285	Sin of Gluttony card	skill			Sin of Gluttony: a Hippo-type card with no value cap that can be fed from anywhere, including decks, permanently consuming cards without returning them.			0
E1443	braindump	gam draft.txt:1307	Slapjack slap-on-jack rule	rule			Slapjack: everyone places a card in the middle; if it's a jack, first to slap the pile wins it.			0
E1444	braindump	gam draft.txt:68	Sliced Bread card	skill			On submission, if there is a same-suit card later down the stack, gain a point for each card in between.		braindump	1
E1445	braindump	gam draft.txt:537	Slot-machine pack opening	view			Card pack opening could show all possible cards from the pack cycling in the background slot-machine style, though the result is fixed by seed.			0
E1446	braindump	random potential effects.csv:5	Snake card	skill			Smaller-rank cards below this card are consumed, leaving behind a temporary body card of the same rank.			0
E1447	braindump	gam draft.txt:1305	Snap matching-pile call	rule			Snap: if a newly revealed card matches rank with any other player's pile, first to call 'snap' wins both piles.			0
E1448	braindump	random potential effects.csv:5	Sniper card	skill			On next press, lowers the rank of the last-interacted card by one, discarding it if its rank reaches one.			0
E1449	braindump	random potential effects.csv:3	Spaceship card	skill			This card can be placed in 'the void' (an otherwise-illegal empty/off-board slot).			0
E1450	braindump	gam draft.txt:451	Special effects leader archetype	skill			Special-effects (fireworks) leader archetype: focuses on points/combo manipulation.			0
E1451	braindump	gam draft.txt:1320	Spit legal-stack speed rule	rule			Spit/Speed: no turn order; players race to empty their hand onto shared center stacks under standard legal-stacking rules.			0
E1452	braindump	gam draft.txt:1290	Spite and Malice communal foundations	rule			Spite and Malice: dispose of cards into up to 4 communal foundations built 1 through Queen (suits irrelevant, king wild); completed foundations are set aside.			0
E1453	braindump	gam draft.txt:1291	Spite and Malice waste-pile rule	rule			Spite and Malice: personal waste piles accept 1 discard per turn and can only stack same-or-one-lower rank; top waste card can move to a foundation.			0
E1454	braindump	todo.md:85	Split meld undercounts matches	rule			A split meld can show three matching cards on the board but only counts two toward the scored meld, with no on-screen cue explaining the discrepancy.			0
E1455	braindump	gam draft.txt:519	Spotlight/focus rename	rule			'Active' is rebranded as Spotlight/Focus: cards that are unblocked (uncovered) are in the spotlight.			0
E1456	braindump	gam draft.txt:406	Status effect array on cards	rule			Cards carry a status array (dictionary of status-effect name to value) processed by a rule card each turn.			0
E1457	braindump	gam draft.txt:596	Storyteller point carryover	skill			Storyteller: preserves some points for the next game.			0
E1458	braindump	random potential effects.csv:6	Stowaway card	skill			This card moves to the free slot if it is open, after being scored.			0
E1459	braindump	gam draft.txt:108	Submit clears and cascades board	rule			Pressing submit scores everything and clears the board, with upper cards coming down to start a new board state without a full wipe.			0
E1460	braindump	gam draft.txt:1435	Sudoku-rule grid bonus	rule			Sudoku-inspired: if the ranks in the grid satisfy Sudoku constraints, grant a bonus.			0
E1461	braindump	gam draft.txt:511	Suit-nerfing towns	boss			Certain towns don't score certain suits at all, e.g. 'knifetown' gives no points for knife scoring, similarly firetown/juggletown/hooptown.			0
E1462	braindump	gam draft.txt:482	Suit-specific prop movement	suit			Knives and hoops move horizontally across their scored row; balls and fire drop down their column.			0
E1463	braindump	gam draft.txt:39	Survivor deck	map			Survivor deck: each suit represents a resource such as food, water, or a weapon.			0
E1464	braindump	gam draft.txt:1346	Switch chaining +2/+4/skip/reverse	rule			Switch: ace is wild; 2s are +2 (chainable), 4s are +4 (chainable), 8 skips a turn, jack reverses turn order.			0
E1465	braindump	gam draft.txt:328	Tap-to-force-trigger card	skill			A card that can force a linked on-trigger card to fire whenever it is tapped, likely via stacking.			0
E1466	braindump	gam draft.txt:1417	Tetris shape-matching bonus tiles	skill			Tetris-inspired: certain board tiles want a random preset Tetris-piece shape placed on top (rotatable) for a bonus, matched by suit or rank.			0
E1467	braindump	curated effects pre grid.csv:122	The Half Card talent	skill			On drop, splits into two half-cards along the diagonal (one keeps rank+hat, the other keeps only suit), changing stacking rules; recombines and scores its own meld if the two halves are stacked together on score; alt version splits the rank value in half between the two cards.			0
E1468	braindump	random potential effects.csv:4	The One Ring card	skill			Player always knows exactly where this card is; if it is permanently destroyed, the match is won.			0
E1469	braindump	gam draft.txt:428	Tips for overscoring	meta			Scoring is themed as audience excitement with cheering; player gains 'tips' currency for overscoring, playing as the Ringmaster.			0
E1470	braindump	random potential effects.csv:13	Tornado card	boss			Affects a 1x1 area, or a scaling area based on random tornado scale, wherever it is played.			0
E1471	braindump	todo.md:274	Tour planning system	map			Planned but unimplemented: a tour-planning system for choosing a route.			0
E1472	braindump	gam draft.txt:510	Town-specific hazards	boss			Different towns present different hazards; e.g. performing at a volcano might cause lava hazards.			0
E1473	braindump	random potential effects.csv:4	Trap card	skill			Creates an extra empty space; the next card placed there instead goes below this card, and the empty space is removed.			0
E1474	braindump	gam draft.txt:350	Triangle map holes hold card packs	map			The triangle map can have holes that contain card packs instead of individual cards.			0
E1475	braindump	gam draft.txt:146	Triangle map tier choice	map			Choose from the next 3 card options, moving the player up a tier of a triangle-shaped map and playing a match, repeating.			0
E1476	braindump	gam draft.txt:1271	Trigger cross-ring effects while placing	skill			Allow using trigger effects from other rings while placing a card in the currently chosen ring.			0
E1477	braindump	gam draft.txt:74	Trigger in deck seal	stamp			Seal: this card's effect can trigger while still in the deck.		braindump	1
E1478	braindump	gam draft.txt:73	Trigger when hidden seal	stamp			Seal: this card's effect triggers even when hidden (covered).		braindump	1
E1479	braindump	gam draft.txt:1352	Trump Fan Tan wild-suit rule	rule			Trump Fan Tan: one suit is wild; a wild-suit card taking another card's place forces that card to be played to the wild foundation.			0
E1480	braindump	random potential effects.csv:7	Tsunami card	boss			Washes from the bottom upward, lowering the max card-stack count, then recedes.			0
E1481	braindump	random potential effects.csv:7	Tunneler card	skill			Single cards placed on this card move to the bottom of the stack.			0
E1482	braindump	random potential effects.csv:8	Turntable card	skill			Flips the entire board vertically.			0
E1483	braindump	gam draft.txt:288	Uniqueness multiplier	rule			A multiplier that increases with every unique effect triggered during a run.			0
E1484	braindump	gam draft.txt:331	Unlockable ruleset card packs	meta			A ruleset card pack that can be unlocked, allowing cards that change fundamental rules of the game.			0
E1485	braindump	gam draft.txt:1277	Unused entrance cards persist	rule			Unused entrance cards stay in place for the next round rather than being replaced.			0
E1486	braindump	gam draft.txt:613	Upgraded pack results with stamps	meta			Pack mulligan results can have a chance to be upgraded, including bonus types and stamps.			0
E1487	braindump	gam draft.txt:557	Utter Chaos card	skill			Utter Chaos: becomes a random skill on every 'next' action.			0
E1488	braindump	random potential effects.csv:27	Vampire Survivors edge-eating	boss			Vampires begin eating cards at the board's edge over N turns; the player must play all of them to remove the threat.			0
E1489	braindump	gam draft.txt:335	Vampire Survivors-style prestige shop	meta			Prestige points system: each win grants points spendable in a menu to change the odds of cards appearing or to apply debuffs for more points.			0
E1490	braindump	gam draft.txt:114	Vertical poker hands ability	skill			Ability that makes poker hands also considered vertically (columns), not just rows.			0
E1491	braindump	gam draft.txt:1308	War tie-breaking rule	rule			War: higher rank wins both cards; on a tie, both players place face-down cards and the next comparison's winner takes everything.			0
E1492	braindump	random potential effects.csv:5	Water material (moves down)	type			Water material type moves downward one position per turn.			0
E1493	braindump	curated effects pre grid.csv:100	Water type	type			Always flows sideways into the shortest adjacent column.			0
E1494	braindump	gam draft.txt:1358	Whist trick-taking rule	rule			Whist: highest card of the leading suit wins the trick, unless a trump is played, in which case the highest trump wins; trick winner leads next.			0
E1495	braindump	gam draft.txt:1357	Whist trump-suit reveal	rule			Whist: the first card revealed determines the trump suit for the hand.			0
E1496	braindump	gam draft.txt:261	Wild pip random selection	suit			Wild pip randomly chooses itself from among existing pips on the same board/row/column.			0
E1497	braindump	gam draft.txt:260	Wild pip tracks previous pip	suit			A Wild pip type tracks and mimics whichever pip it last resolved to.			0
E1498	braindump	curated effects pre grid.csv:62	Wild rank (copycat/understudy)	rank			Rank effectively 0 that simultaneously mimics any rank already present in the player's deck for rank-based effects like stacking and melds; behaves like Blank if nothing to copy.			0
E1499	braindump	random potential effects.csv:20	Windy Day card	boss			Cards randomly shift over by 1 row/column because it's too windy.			0
E1500	braindump	gam draft.txt:1441	Wordle-style hidden target card	skill			Wordle-inspired card: sets a randomized target rank/suit combo and reports whether the last placed card is wrong, close (wrong position), or correct; first correctly-placed row/column wins.			0
E1501	braindump	gam draft.txt:657	World tour fame ramp	map			World tour: build fame across cities before reaching the final city; exceeding a city's score requirement raises the requirement for the next city.			0
E1502	balatro	balatro	15 Minute City	challenge			Starts with an Eternal Ride the Bus and an Eternal Shortcut Joker; deck contains two copies of each face card and no Aces, 2s, or 3s.			0
E1503	balatro	balatro	8 Ball	joker	Common		1 in 4 chance for each played 8 to create a Tarot card when scored.			0
E1504	balatro	balatro	Abstract Joker	joker	Common		+3 Mult for each Joker card.			0
E1505	balatro	balatro	Acrobat	joker	Uncommon		X3 Mult on final hand of round.			0
E1506	balatro	balatro	Amber Acorn	boss_blind			Flips and shuffles the order of all Joker cards.			0
E1507	balatro	balatro	Ancient Joker	joker	Rare		Each played card of a target suit gives X1.5 Mult when scored; the target suit changes at end of round.			0
E1508	balatro	balatro	Arrowhead	joker	Uncommon		Played cards with Spade suit give +50 Chips when scored.			0
E1509	balatro	balatro	Astronomer	joker	Uncommon		All Planet cards and Celestial Packs in the shop are free.			0
E1510	balatro	balatro	Banner	joker	Common		+30 Chips for each remaining discard.			0
E1511	balatro	balatro	Baron	joker	Rare		Each King held in hand gives X1.5 Mult.			0
E1512	balatro	balatro	Base	edition			No additional effect.			0
E1513	balatro	balatro	Baseball Card	joker	Rare		Every Uncommon Joker gives X1.5 Mult.			0
E1514	balatro	balatro	Black Stake	stake			30% chance for Jokers in shops or booster packs to have an Eternal Sticker (cannot be sold or destroyed).			0
E1515	balatro	balatro	Blackboard	joker	Uncommon		X3 Mult if all cards held in hand are Spades or Clubs.			0
E1516	balatro	balatro	Blast Off	challenge			2 hands and 2 discards per round, 4 Joker slots; includes Planet-card vouchers; hand/discard-boosting vouchers and the Burglar Joker are banned.			0
E1517	balatro	balatro	Bloodstone	joker	Uncommon		1 in 2 chance for played Heart-suit cards to give X1.5 Mult when scored.		balatro	1
E1518	balatro	balatro	Blue Joker	joker	Common		+2 Chips for each remaining card in the draw deck.			0
E1519	balatro	balatro	Blue Seal	seal			Creates the Planet card for the final played poker hand of the round, if this card is held in hand at end of round.			0
E1520	balatro	balatro	Blue Stake	stake			-1 Discard per round.			0
E1521	balatro	balatro	Blueprint	joker	Rare		Copies the ability of the Joker to the right.			0
E1522	balatro	balatro	Bonus Card	enhancement			+30 Chips when scored.			0
E1523	balatro	balatro	Bootstraps	joker	Uncommon		+2 Mult for every $5 you have.			0
E1524	balatro	balatro	Boss Tag	tag			Rerolls the Boss Blind for the current Ante.			0
E1525	balatro	balatro	Brainstorm	joker	Rare		Copies the ability of the leftmost Joker.			0
E1526	balatro	balatro	Bram Poker	challenge			Jokers no longer appear in the shop; starts with an Eternal Vampire Joker and extra Tarot cards.			0
E1527	balatro	balatro	Buffoon Tag	tag			Gives a free Mega Buffoon Pack.			0
E1528	balatro	balatro	Bull	joker	Uncommon		+2 Chips for each $1 you have.			0
E1529	balatro	balatro	Burglar	joker	Uncommon		When Blind is selected, gain +3 Hands and lose all discards for the round.			0
E1530	balatro	balatro	Burnt Joker	joker	Rare		Upgrades the level of the first discarded poker hand each round.			0
E1531	balatro	balatro	Business Card	joker	Common		Played face cards have a 1 in 2 chance to give $2 when scored.			0
E1532	balatro	balatro	Campfire	joker	Rare		Gains X0.25 Mult permanently for each card sold; resets when a Boss Blind is defeated.			0
E1533	balatro	balatro	Canio	joker	Legendary		Gains X1 Mult permanently when a face card is destroyed.			0
E1534	balatro	balatro	Card Sharp	joker	Uncommon		X3 Mult if the played poker hand has already been played this round.			0
E1535	balatro	balatro	Cartomancer	joker	Uncommon		Creates a Tarot card when Blind is selected.			0
E1536	balatro	balatro	Castle	joker	Uncommon		Gains +3 Chips permanently per discarded card of a target suit; the target suit changes every round.			0
E1537	balatro	balatro	Cavendish	joker	Common		X3 Mult; 1 in 1000 chance this card is destroyed at end of round.		balatro;cryptid	2
E1538	balatro	balatro	Ceremonial Dagger	joker	Uncommon		When Blind is selected, destroys the Joker to the right and adds double its sell value as a permanent Mult bonus.			0
E1539	balatro	balatro	Certificate	joker	Uncommon		When round begins, adds a random playing card with a random Seal to your hand.			0
E1540	balatro	balatro	Cerulean Bell	boss_blind			Forces one card in hand to always be selected for play/discard.			0
E1541	balatro	balatro	Chaos the Clown	joker	Common		1 free reroll per shop.			0
E1542	balatro	balatro	Charm Tag	tag			Gives a free Mega Arcana Pack.			0
E1543	balatro	balatro	Chicot	joker	Legendary		Disables the effect of every Boss Blind.			0
E1544	balatro	balatro	Clever Joker	joker	Common		+80 Chips if played hand contains a Two Pair.		balatro	1
E1545	balatro	balatro	Cloud 9	joker	Uncommon		Earn $1 for each 9 in your full deck at end of round.			0
E1546	balatro	balatro	Constellation	joker	Uncommon		Gains X0.1 Mult permanently every time a Planet card is used.			0
E1547	balatro	balatro	Coupon Tag	tag			Initial cards and booster packs in the next shop are free.			0
E1548	balatro	balatro	Crafty Joker	joker	Common		+80 Chips if played hand contains a Flush.			0
E1549	balatro	balatro	Crazy Joker	joker	Common		+12 Mult if played hand contains a Straight.		balatro;cryptid	9
E1550	balatro	balatro	Credit Card	joker	Common		Allows going up to -$20 in debt.			0
E1551	balatro	balatro	Crimson Heart	boss_blind			One random Joker is disabled each hand played.			0
E1552	balatro	balatro	Cruelty	challenge			Small and Big Blinds give no reward money; 3 Joker slots.			0
E1553	balatro	balatro	D6 Tag	tag			Rerolls in the next shop start at $0.			0
E1554	balatro	balatro	Delayed Gratification	joker	Common		Earn $2 per discard if no discards are used by end of round.			0
E1555	balatro	balatro	Devious Joker	joker	Common		+100 Chips if played hand contains a Straight.			0
E1556	balatro	balatro	Diet Cola	joker	Uncommon		Sell this card to create a free Double Tag.			0
E1557	balatro	balatro	DNA	joker	Rare		If the first hand of the round has only 1 card, adds a permanent copy of that card to the deck and draws it to hand.			0
E1558	balatro	balatro	Double or Nothing	challenge			All played cards become debuffed after scoring; uses a standard 52-card deck with every card given a Red Seal.			0
E1559	balatro	balatro	Double Tag	tag			Gives a copy of the next Tag selected.			0
E1560	balatro	balatro	Driver's License	joker	Rare		X3 Mult if you have at least 16 Enhanced cards in your full deck.			0
E1561	balatro	balatro	Drunkard	joker	Common		+1 discard each round.			0
E1562	balatro	balatro	Dusk	joker	Uncommon		Retrigger all played cards in the final hand of the round.			0
E1563	balatro	balatro	Economy Tag	tag			Doubles your money, up to a maximum of $40 gained.			0
E1564	balatro	balatro	Egg	joker	Common		Gains $3 of sell value at end of round.			0
E1565	balatro	balatro	Erosion	joker	Uncommon		+4 Mult for each card below the deck's starting size in your full deck.			0
E1566	balatro	balatro	Ethereal Tag	tag			Gives a free Spectral Pack.			0
E1567	balatro	balatro	Even Steven	joker	Common		Played cards with even rank give +4 Mult when scored.			0
E1568	balatro	balatro	Faceless Joker	joker	Common		Earn $5 if 3 or more face cards are discarded at the same time.			0
E1569	balatro	balatro	Five-Card Draw	challenge			6 discards per round, 5 hand size, 7 Joker slots; starts with Card Sharp and a base Joker; hand-size-expanding Jokers are banned.			0
E1570	balatro	balatro	Flash Card	joker	Uncommon		Gains +2 Mult permanently per reroll in the shop.			0
E1571	balatro	balatro	Flower Pot	joker	Uncommon		X3 Mult if played hand contains a Diamond, Club, Heart, and Spade card.			0
E1572	balatro	balatro	Foil	edition			+50 Chips when scored (on a playing card), or +50 Chips added directly before the Joker is scored (on a Joker).			0
E1573	balatro	balatro	Foil Tag	tag			Next base-edition shop Joker is free and becomes Foil.			0
E1574	balatro	balatro	Fortune Teller	joker	Common		+1 Mult per Tarot card used this run.			0
E1575	balatro	balatro	Four Fingers	joker	Uncommon		All Flushes and Straights can be made with 4 cards.			0
E1576	balatro	balatro	Fragile	challenge			Starts with 2 Eternal Negative Oops! All 6s Jokers; uses a standard 52-card deck with every card given Glass enhancement; all other card-enhancement methods are banned.			0
E1577	balatro	balatro	Garbage Tag	tag			Gives $1 per unused discard this run.			0
E1578	balatro	balatro	Gift Card	joker	Uncommon		Adds $1 of sell value to every other Joker and Consumable card at end of round.			0
E1579	balatro	balatro	Glass Card	enhancement			X2 Mult when scored; 1 in 4 chance to be destroyed after scoring is finished.			0
E1580	balatro	balatro	Glass Joker	joker	Uncommon		Gains X0.75 Mult permanently for every Glass Card that is destroyed.			0
E1581	balatro	balatro	Gluttonous Joker	joker	Common		Played cards with Club suit give +3 Mult when scored.		balatro	1
E1582	balatro	balatro	Gold Card	enhancement			Gives $3 if held in hand at end of round.			0
E1583	balatro	balatro	Gold Seal	seal			Earn $3 when this card is played and scores.			0
E1584	balatro	balatro	Gold Stake	stake			30% chance for Jokers in shops or booster packs to have a Rental Sticker (costs $3 per round).			0
E1585	balatro	balatro	Golden Joker	joker	Common		Earn $4 at end of round.			0
E1586	balatro	balatro	Golden Needle	challenge			Each discard costs $1; 1 hand and 6 discards per round; starts with $10; hand-boosting vouchers and the Burglar Joker are banned.			0
E1587	balatro	balatro	Golden Ticket	joker	Common		Played Gold cards earn $4 when scored.			0
E1588	balatro	balatro	Greedy Joker	joker	Common		Played cards with Diamond suit give +3 Mult when scored.			0
E1589	balatro	balatro	Green Joker	joker	Common		+1 Mult per hand played, -1 Mult per discard, for the round.			0
E1590	balatro	balatro	Hack	joker	Uncommon		Retrigger each played 2, 3, 4, or 5.			0
E1591	balatro	balatro	Half Joker	joker	Common		+20 Mult if played hand contains 3 or fewer cards.			0
E1592	balatro	balatro	Hallucination	joker	Common		1 in 2 chance to create a Tarot card when any Booster Pack is opened.			0
E1593	balatro	balatro	Handy Tag	tag			Gives $1 per hand played this run.			0
E1594	balatro	balatro	Hanging Chad	joker	Common		Retriggers the first played card used in scoring 2 additional times.			0
E1595	balatro	balatro	Hiker	joker	Uncommon		Every played card permanently gains +5 Chips when scored.			0
E1596	balatro	balatro	Hit the Road	joker	Rare		Gains X0.5 Mult for the rest of the round for every Jack discarded.			0
E1597	balatro	balatro	Hologram	joker	Uncommon		Gains X0.25 Mult permanently every time a playing card is added to your deck.			0
E1598	balatro	balatro	Holographic	edition			+10 Mult when scored (on a playing card), or +10 Mult added directly before the Joker is scored (on a Joker).			0
E1599	balatro	balatro	Holographic Tag	tag			Next base-edition shop Joker is free and becomes Holographic.			0
E1600	balatro	balatro	Ice Cream	joker	Common		+100 Chips, -5 Chips for every hand played.			0
E1601	balatro	balatro	Inflation	challenge			Every shop purchase permanently raises all prices by $1; starts with a Credit Card Joker; discount vouchers are banned.			0
E1602	balatro	balatro	Investment Tag	tag			Gain $25 after defeating the next Boss Blind.			0
E1603	balatro	balatro	Invisible Joker	joker	Rare		After being held through 2 rounds, can be sold to duplicate a random other Joker.			0
E1604	balatro	balatro	Joker	joker	Common		+4 Mult.			0
E1605	balatro	balatro	Joker Stencil	joker	Uncommon		X1 Mult for each empty Joker slot (including this card).			0
E1606	balatro	balatro	Jokerless	challenge			Jokers no longer appear in the shop and Joker slots are set to 0; all other Joker-acquisition methods (Judgement, Wraith, Soul cards, tags, certain blinds, Antimatter voucher, Buffoon packs) are banned.			0
E1607	balatro	balatro	Juggle Tag	tag			+3 hand size for the next round.			0
E1608	balatro	balatro	Juggler	joker	Common		+1 hand size.		balatro	1
E1609	balatro	balatro	Loyalty Card	joker	Uncommon		X4 Mult every 6 hands played.			0
E1610	balatro	balatro	Luchador	joker	Uncommon		Sell this card to disable the current Boss Blind's effect for the round.			0
E1611	balatro	balatro	Lucky Card	enhancement			1 in 5 chance to give +20 Mult and 1 in 15 chance to give $20 when scored.			0
E1612	balatro	balatro	Lucky Cat	joker	Uncommon		Gains X0.25 Mult permanently every time a Lucky card successfully triggers.			0
E1613	balatro	balatro	Luxury Tax	challenge			Hand size (base 10) is reduced by 1 for every $5 held.			0
E1614	balatro	balatro	Mad Joker	joker	Common		+10 Mult if played hand contains a Two Pair.		balatro;cryptid	5
E1615	balatro	balatro	Mad World	challenge			Extra hands earn no money and no interest is earned; deck is restricted to ranks 2-9 (32 cards); The Plant boss blind is banned.			0
E1616	balatro	balatro	Madness	joker	Uncommon		When Small Blind or Big Blind is selected, gains X0.5 Mult and destroys a random other Joker.			0
E1617	balatro	balatro	Mail-In Rebate	joker	Common		Earn $5 for each discarded card of a target rank; the target rank changes every round.			0
E1618	balatro	balatro	Marble Joker	joker	Uncommon		Adds one Stone card to the deck when Blind is selected.			0
E1619	balatro	balatro	Matador	joker	Uncommon		Earn $8 if played hand triggers the Boss Blind's ability.			0
E1620	balatro	balatro	Medusa	challenge			Starts with an Eternal Marble Joker; all face cards in the deck are replaced with Stone cards.			0
E1621	balatro	balatro	Merry Andy	joker	Uncommon		+3 discards each round, -1 hand size.		balatro	1
E1622	balatro	balatro	Meteor Tag	tag			Gives a free Mega Celestial Pack.			0
E1623	balatro	balatro	Midas Mask	joker	Uncommon		All played face cards become Gold cards when scored.			0
E1624	balatro	balatro	Mime	joker	Uncommon		Retrigger all card held-in-hand abilities.			0
E1625	balatro	balatro	Misprint	joker	Common		+0 to +23 Mult (random) per hand.			0
E1626	balatro	balatro	Monolith	challenge			Starts with an Eternal Obelisk and an Eternal Negative Marble Joker.			0
E1627	balatro	balatro	Mr. Bones	joker	Uncommon		Prevents death if chips scored are at least 25% of required chips; this card is then sold/destroyed.			0
E1628	balatro	balatro	Mult Card	enhancement			+4 Mult when scored.			0
E1629	balatro	balatro	Mystic Summit	joker	Common		+15 Mult when 0 discards remaining.			0
E1630	balatro	balatro	Negative	edition			+1 Joker slot (on a Joker) or +1 Consumable slot (on a Tarot/Planet/Spectral card).			0
E1631	balatro	balatro	Negative Tag	tag			Next base-edition shop Joker is free and becomes Negative.			0
E1632	balatro	balatro	Non-Perishable	challenge			All Jokers are Eternal; self-destructing Jokers (e.g. Gros Michel, Cavendish, Ice Cream) and the Verdant Leaf blind are banned.			0
E1633	balatro	balatro	Obelisk	joker	Rare		Gains X0.2 Mult permanently per consecutive hand played without playing your most-played poker hand; resets when that hand is played.			0
E1634	balatro	balatro	Odd Todd	joker	Common		Played cards with odd rank give +31 Chips when scored.			0
E1635	balatro	balatro	On a Knife's Edge	challenge			Starts with an Eternal Ceremonial Dagger pinned to the leftmost Joker slot.			0
E1636	balatro	balatro	Oops! All 6s	joker	Uncommon		Doubles all listed probabilities (e.g. 1 in X becomes 2 in X).			0
E1637	balatro	balatro	Orange Stake	stake			30% chance for Jokers in shops or booster packs to have a Perishable Sticker (destroyed if not scored with within 5 rounds).			0
E1638	balatro	balatro	Orbital Tag	tag			Upgrades a random poker hand by 3 levels.			0
E1639	balatro	balatro	Pareidolia	joker	Uncommon		All cards are considered face cards.			0
E1640	balatro	balatro	Perkeo	joker	Legendary		Creates a Negative copy of 1 random consumable card at end of shop.			0
E1641	balatro	balatro	Photograph	joker	Common		First played face card gives X2 Mult when scored.			0
E1642	balatro	balatro	Polychrome	edition			X1.5 Mult when scored (on a playing card), or X1.5 Mult applied directly after the Joker is scored (on a Joker).			0
E1643	balatro	balatro	Polychrome Tag	tag			Next base-edition shop Joker is free and becomes Polychrome.			0
E1644	balatro	balatro	Popcorn	joker	Common		+20 Mult, -4 Mult per round played.			0
E1645	balatro	balatro	Purple Seal	seal			Creates a Tarot card when this card is discarded.			0
E1646	balatro	balatro	Purple Stake	stake			Required score to beat Blinds scales even faster for each Ante.		balatro	1
E1647	balatro	balatro	Raised Fist	joker	Common		Adds double the rank of the lowest ranked card held in hand to Mult.			0
E1648	balatro	balatro	Ramen	joker	Uncommon		X2 Mult, losing X0.01 Mult permanently per card discarded.			0
E1649	balatro	balatro	Rare Tag	tag			Shop contains a free Rare Joker.			0
E1650	balatro	balatro	Red Card	joker	Common		Gains +3 Mult permanently whenever any Booster Pack is skipped.			0
E1651	balatro	balatro	Red Seal	seal			Retrigger this card 1 additional time.			0
E1652	balatro	balatro	Red Stake	stake			Small Blind gives no reward money.			0
E1653	balatro	balatro	Reserved Parking	joker	Common		Each face card held in hand has a 1 in 2 chance to give $1.			0
E1654	balatro	balatro	Rich get Richer	challenge			Chips scored cannot exceed current money; starts with $100 and the Seed Money and Money Tree vouchers.			0
E1655	balatro	balatro	Ride the Bus	joker	Common		Gains +1 Mult per consecutive hand played without a scoring face card; resets to 0 when a face card scores.			0
E1656	balatro	balatro	Riff-Raff	joker	Common		When Blind is selected, creates 2 Common Jokers (if there is room).			0
E1657	balatro	balatro	Rocket	joker	Uncommon		Earn $1 at end of round; payout increases by $2 permanently when a Boss Blind is defeated.			0
E1658	balatro	balatro	Rough Gem	joker	Uncommon		Played cards with Diamond suit earn $1 when scored.			0
E1659	balatro	balatro	Runner	joker	Common		Gains +15 Chips permanently if played hand contains a Straight.			0
E1660	balatro	balatro	Satellite	joker	Uncommon		Earn $1 at end of round per unique Planet card used this run.			0
E1661	balatro	balatro	Scary Face	joker	Common		Played face cards give +30 Chips when scored.			0
E1662	balatro	balatro	Scholar	joker	Common		Played Aces give +20 Chips and +4 Mult when scored.			0
E1663	balatro	balatro	Seance	joker	Uncommon		If poker hand is a Straight Flush, creates a random Spectral card.			0
E1664	balatro	balatro	Seeing Double	joker	Uncommon		X2 Mult if played hand has a scoring Club card and a scoring card of any other suit.			0
E1665	balatro	balatro	Seltzer	joker	Uncommon		Retrigger all played cards for the next 10 hands, then this card is destroyed.			0
E1666	balatro	balatro	Shoot the Moon	joker	Common		Each Queen held in hand gives +13 Mult.			0
E1667	balatro	balatro	Shortcut	joker	Uncommon		Allows Straights to be made with gaps of 1 rank.			0
E1668	balatro	balatro	Showman	joker	Uncommon		Joker, Tarot, Planet, and Spectral cards may appear multiple times.			0
E1669	balatro	balatro	Sixth Sense	joker	Uncommon		If the first hand of the round is a single 6, destroys it and creates a Spectral card.			0
E1670	balatro	balatro	Small Blind	blind			No special effect; can be skipped to receive a Tag.		balatro	1
E1671	balatro	balatro	Smeared Joker	joker	Uncommon		Hearts and Diamonds count as the same suit; Spades and Clubs count as the same suit.			0
E1672	balatro	balatro	Smiley Face	joker	Common		Played face cards give +5 Mult when scored.			0
E1673	balatro	balatro	Sock and Buskin	joker	Uncommon		Retrigger all played face cards.			0
E1674	balatro	balatro	Space Joker	joker	Uncommon		1 in 4 chance to upgrade the level of the played poker hand.			0
E1675	balatro	balatro	Spare Trousers	joker	Uncommon		Gains +2 Mult permanently if played hand contains a Two Pair.			0
E1676	balatro	balatro	Speed Tag	tag			Gives $5 per Blind skipped this run.			0
E1677	balatro	balatro	Splash	joker	Common		Every played card counts in scoring.			0
E1678	balatro	balatro	Square Joker	joker	Common		Gains +4 Chips permanently if played hand has exactly 4 cards.			0
E1679	balatro	balatro	Standard Tag	tag			Gives a free Mega Standard Pack.			0
E1680	balatro	balatro	Steel Card	enhancement			X1.5 Mult while held in hand.			0
E1681	balatro	balatro	Steel Joker	joker	Uncommon		Gives X0.2 Mult for each Steel Card in your full deck.			0
E1682	balatro	balatro	Stone Card	enhancement			Has no rank or suit, always scores, and its Chip value is fixed at +50 Chips.			0
E1683	balatro	balatro	Stone Joker	joker	Uncommon		Gives +25 Chips for each Stone Card in your full deck.			0
E1684	balatro	balatro	Stuntman	joker	Rare		+250 Chips, -2 hand size.			0
E1685	balatro	balatro	Supernova	joker	Common		Adds the number of times the played poker hand has been played this run to Mult.			0
E1686	balatro	balatro	Superposition	joker	Common		Creates a Tarot card if played poker hand contains an Ace and a Straight.			0
E1687	balatro	balatro	Swashbuckler	joker	Common		Adds the sell value of all other owned Jokers to Mult.			0
E1688	balatro	balatro	The Arm	boss_blind			Permanently decreases the level of the poker hand played by 1.			0
E1689	balatro	balatro	The Club	boss_blind			All Club cards are debuffed (score no Chips or Mult).			0
E1690	balatro	balatro	The Eye	boss_blind			No poker hand type can be played more than once this round.			0
E1691	balatro	balatro	The Family	joker	Rare		X4 Mult if played hand contains a Four of a Kind.		cryptid	1
E1692	balatro	balatro	The Fish	boss_blind			Cards are drawn face down after each hand played.			0
E1693	balatro	balatro	The Flint	boss_blind			Base Chips and Mult for played poker hands are halved.			0
E1694	balatro	balatro	The Goad	boss_blind			All Spade cards are debuffed.			0
E1695	balatro	balatro	The Head	boss_blind			All Heart cards are debuffed.			0
E1696	balatro	balatro	The Hook	boss_blind			Discards 2 random cards held in hand after every hand played.			0
E1697	balatro	balatro	The House	boss_blind			First hand of the round is dealt face down.			0
E1698	balatro	balatro	The Idol	joker	Uncommon		Each played card matching a target rank and suit gives X2 Mult when scored; the target card changes every round.			0
E1699	balatro	balatro	The Mark	boss_blind			All face cards are dealt face down.			0
E1700	balatro	balatro	The Mouth	boss_blind			Only one poker hand type can be played all round.			0
E1701	balatro	balatro	The Needle	boss_blind			Play only 1 hand the entire round, requiring 1x base Chips.			0
E1702	balatro	balatro	The Omelette	challenge			Blinds and extra hands give no reward money and no interest is earned; starts with 5 Egg Jokers; economy-related vouchers/Jokers are banned.			0
E1703	balatro	balatro	The Ox	boss_blind			Playing a hand of the most-played poker hand type this run sets money to $0.			0
E1704	balatro	balatro	The Pillar	boss_blind			Cards played in previous hands this Ante are debuffed.			0
E1705	balatro	balatro	The Plant	boss_blind			All face cards are debuffed.			0
E1706	balatro	balatro	The Psychic	boss_blind			Must play exactly 5 cards each hand (not all need to score).			0
E1707	balatro	balatro	The Serpent	boss_blind			After every play or discard, always draw back up to 3 cards.			0
E1708	balatro	balatro	The Tooth	boss_blind			Lose $1 for each card played.			0
E1709	balatro	balatro	The Wall	boss_blind			Extra large blind requiring 4x base Chips to beat.			0
E1710	balatro	balatro	The Water	boss_blind			Start the round with 0 discards.			0
E1711	balatro	balatro	The Wheel	boss_blind			1 in 7 cards are dealt face down during the round.			0
E1712	balatro	balatro	The Window	boss_blind			All Diamond cards are debuffed.			0
E1713	balatro	balatro	Throwback	joker	Uncommon		X0.25 Mult for each Blind skipped this run.			0
E1714	balatro	balatro	To Do List	joker	Common		Earn $4 if the played poker hand matches a specific target hand; the target hand changes at the end of round.			0
E1715	balatro	balatro	To the Moon	joker	Uncommon		Earn an extra $1 of interest for every $5 you have at end of round.			0
E1716	balatro	balatro	Top-up Tag	tag			Creates up to 2 Common Jokers, if there is room.			0
E1717	balatro	balatro	Trading Card	joker	Uncommon		If first discard of round has only 1 card, destroys it and earns $3.			0
E1718	balatro	balatro	Triboulet	joker	Legendary		Played Kings and Queens each give X2 Mult when scored.			0
E1719	balatro	balatro	Turtle Bean	joker	Uncommon		+5 hand size, reducing by 1 each round until it reaches 0.			0
E1720	balatro	balatro	Typecast	challenge			After the Ante 4 boss is defeated, all Jokers become Eternal and Joker slots are set to 0; Verdant Leaf blind is banned.			0
E1721	balatro	balatro	Uncommon Tag	tag			Shop contains a free Uncommon Joker.			0
E1722	balatro	balatro	Vagabond	joker	Rare		Creates a Tarot card if hand is played with $4 or less.			0
E1723	balatro	balatro	Vampire	joker	Uncommon		Gains X0.1 Mult permanently per scoring Enhanced card played, and removes that card's Enhancement.			0
E1724	balatro	balatro	Verdant Leaf	boss_blind			All cards are debuffed until a Joker is sold.			0
E1725	balatro	balatro	Violet Vessel	boss_blind			Very large blind requiring 6x base Chips to beat.			0
E1726	balatro	balatro	Voucher Tag	tag			Adds one Voucher to the next shop.		cryptid	1
E1727	balatro	balatro	Walkie Talkie	joker	Common		Each played 10 or 4 gives +10 Chips and +4 Mult when scored.		balatro;cryptid	3
E1728	balatro	balatro	Wee Joker	joker	Rare		Gains +8 Chips permanently when each played 2 is scored.		cryptid	1
E1729	balatro	balatro	White Stake	stake			Base difficulty, no additional modifiers.			0
E1730	balatro	balatro	Wild Card	enhancement			Considered to be every suit simultaneously.			0
E1731	balatro	balatro	Wily Joker	joker	Common		+100 Chips if played hand contains a Three of a Kind.			0
E1732	balatro	balatro	Wrathful Joker	joker	Common		Played cards with Spade suit give +3 Mult when scored.			0
E1733	balatro	balatro	X-ray Vision	challenge			1 in 4 cards are dealt face down.			0
E1734	balatro	balatro	Yorick	joker	Legendary		Gains X1 Mult permanently every 23 cards discarded.			0
E1735	balatro	balatro	Zany Joker	joker	Common		+12 Mult if played hand contains a Three of a Kind.		balatro	1
E1736	cryptid	cryptid	2D	joker	Common		Retriggers each played 2, 2 additional times		cryptid	1
E1737	cryptid	cryptid	Abstract Card	card_modifier			^1.15 Mult; counts as its own rank and suit; 1 in 4 chance to be destroyed when held at round end or after scoring			0
E1738	cryptid	cryptid	Absurd Joker	joker	Common		+4 Mult if played hand contains a High Card		cryptid	1
E1739	cryptid	cryptid	Ace Aequilibrium	joker	Exotic		Jokers appear from the shop in Collection order; creates 2 Negative Jokers when a hand is played; Exotic-or-better Jokers cannot appear			0
E1740	cryptid	cryptid	Adroit Joker	joker	Common		+170 Chips if played hand contains a Bulwark			0
E1741	cryptid	cryptid	Amber Stake	stake			-1 Booster Pack slot			0
E1742	cryptid	cryptid	Antimatter Deck	deck			Applies the upsides of every deck won with Gold Stake (Modest/Mainline) or every deck (Madness)			0
E1743	cryptid	cryptid	Antimatter Sleeve	sleeve			Applies the effects and special deck-pairing effects of all deck sleeves			0
E1744	cryptid	cryptid	AP Joker	joker	Uncommon		X4 Mult against Boss Blinds			0
E1745	cryptid	cryptid	Arsonist	joker	Rare		If played hand contains a Full House, destroys all cards after scoring			0
E1746	cryptid	cryptid	Ascendant Stake	stake			-1 Shop Slot			0
E1747	cryptid	cryptid	Astral	card_modifier			^1.1 Mult			0
E1748	cryptid	cryptid	Astral in a Bottle	joker	Uncommon		When sold, applies Astral (and Perishable, gameset-dependent, possibly to two separate Jokers) to a random Joker			0
E1749	cryptid	cryptid	Astral Tag	tag			Next base-edition shop Joker is free and becomes Astral			0
E1750	cryptid	cryptid	Azure Seal	card_modifier			Creates 3 Negative Planets for the played poker hand, then destroys this card			0
E1751	cryptid	cryptid	Azure Stake	stake			Values on Jokers are reduced by 20%			0
E1752	cryptid	cryptid	Balanced Sleeve	sleeve			All cards have the same chance of appearing in shops; starts run with +2 Shop Slots			0
E1753	cryptid	cryptid	Ballin'	challenge			3 Joker slots; starts with 52 Stone Cards and an Eternal Jimball; bans Vampire and several tarots			0
E1754	cryptid	cryptid	Banana Tag	tag			Creates Gros Michel (or Cavendish if extinct this run), must have room			0
E1755	cryptid	cryptid	Beige Deck	deck			Common Jokers have quadrupled values			0
E1756	cryptid	cryptid	Beige Sleeve	sleeve			Common Jokers have quadrupled values, or Uncommon Jokers if paired with Beige Deck			0
E1757	cryptid	cryptid	Better Top-up Tag	tag			Creates up to 2 Uncommon Jokers (must have room)			0
E1758	cryptid	cryptid	Blacklist	joker	Cursed		If a chosen rank is held or played, sets Chips and Mult to 0; self-destructs if no cards of that rank remain in the deck			0
E1759	cryptid	cryptid	Blank Deck	deck			No effect			0
E1760	cryptid	cryptid	Blender	joker	Common		Creates a random consumable when a Code card is used (must have room)			0
E1761	cryptid	cryptid	Blossom Stake	stake			Final Boss Blinds can appear in any Ante			0
E1762	cryptid	cryptid	Blurred	card_modifier			Retriggers this card 1 time, plus 1 in 2 chance to retrigger 1 additional time			0
E1763	cryptid	cryptid	Blurred Joker	joker	Common		Gain +1 hand when Blind is selected			0
E1764	cryptid	cryptid	Blurred Tag	tag			Next base-edition shop Joker is free and becomes Blurred			0
E1765	cryptid	cryptid	Bonk	joker	Uncommon		Each Joker gives +6 Chips, +1 more if poker hand is a Pair; Jolly Jokers give +18 Chips instead			0
E1766	cryptid	cryptid	Bonkers Joker	joker	Common		+20 Mult if played hand contains a Bulwark		cryptid	1
E1767	cryptid	cryptid	Bonus Joker	joker	Epic		1 in 8 chance per played Bonus card scored to increase Joker or Consumable slots by 1, up to twice per round			0
E1768	cryptid	cryptid	Booster Joker	joker	Uncommon		+1 Booster Pack slot available in shop			0
E1769	cryptid	cryptid	Booster Tag	tag			Next Booster Pack has double cards and double choices; decrements a shared counter on use			0
E1770	cryptid	cryptid	Boredom	joker	Epic		1 in 2 chance to retrigger each Joker or played card (does not affect other copies of Boredom)			0
E1771	cryptid	cryptid	Bountiful Deck	deck			After Play or Discard, always draw 5 cards		cryptid	1
E1772	cryptid	cryptid	Brittle Candy	joker	Candy		For the next 9 hands, adds Stone, Gold, or Steel to the rightmost scoring card			0
E1773	cryptid	cryptid	Broken Sync Catalyst	joker	Rare		Swaps 10% of Chips with 10% of Mult			0
E1774	cryptid	cryptid	Bronze Stake	stake			Vouchers are 50% more expensive			0
E1775	cryptid	cryptid	Brown Stake	stake			All stickers are compatible with each other (e.g. Perishable and Eternal simultaneously)			0
E1776	cryptid	cryptid	Bubble M	joker	Common		Creates a Foil Jolly Joker if played hand contains a Three of a Kind, then self-destructs			0
E1777	cryptid	cryptid	Bulwark	poker_hand			100 Chips x 10 Mult; requires five rankless, suitless (Stone) cards			0
E1778	cryptid	cryptid	Bundle Tag	tag			Creates a Standard Tag, a Charm Tag, a Buffoon Tag, and a Meteor Tag			0
E1779	cryptid	cryptid	Bus Driver	joker	Uncommon		3 in 4 chance for +50 Mult, 1 in 4 chance for -50 Mult			0
E1780	cryptid	cryptid	Buttercup	joker	Candy		Can store 1 selected shop item; when sold, adds the stored item to the next shop			0
E1781	cryptid	cryptid	Caeruleum	joker	Exotic		Adjacent chips/mult-modifying Jokers use the next-highest operator for scoring (+, then X, then ^), capped at exponentiation			0
E1782	cryptid	cryptid	Candy Basket	joker	Uncommon		Sell this card to create 0 Candies; +1 Candy every 2 Blinds defeated, +2 Candies when a Boss Blind is defeated			0
E1783	cryptid	cryptid	Candy Buttons	joker	Candy		The next 15 shop rerolls cost $1 each			0
E1784	cryptid	cryptid	Candy Cane	joker	Candy		For the next 11 rounds, playing cards give $4 when retriggered			0
E1785	cryptid	cryptid	Candy Dagger	joker	Uncommon		When Blind is selected, destroys Joker to the left to create a Candy			0
E1786	cryptid	cryptid	Candy Sticks	joker	Candy		The next Boss Blind's effect isn't active until you've played 1 hand			0
E1787	cryptid	cryptid	Canvas	joker	Epic		Retriggers all Jokers to the left once for every non-Common Joker to the right of this Joker			0
E1788	cryptid	cryptid	Caramel	joker	Epic		Each played card gives X1.75 Mult when scored, for the next 11 rounds			0
E1789	cryptid	cryptid	Carved Pumpkin	joker	Rare		The next 5 Boss Blinds have their abilities disabled (removed)			0
E1790	cryptid	cryptid	Cat Tag	tag			Grants a leveled Cat Tag; two Cat Tags of the same level merge into one of the next level when clicked			0
E1791	cryptid	cryptid	CCD Deck	deck			Every card is also a random consumable		cryptid	1
E1792	cryptid	cryptid	Celestial Globe	joker	Rare		Gains X0.2 Chips if poker hand matches a rotating hand type (changes each time it increases)			0
E1793	cryptid	cryptid	Chad	joker	Rare		Retriggers leftmost Joker 2 additional times			0
E1794	cryptid	cryptid	Chili Pepper	joker	Uncommon		Gains X0.5 Mult at end of round, self-destructs after 8 rounds			0
E1795	cryptid	cryptid	Chocolate Die	joker	Rare		Rolls a d10 when Boss Blind is defeated to start a random event			0
E1796	cryptid	cryptid	Circulus Pistoris	joker	Exotic		^pi Chips and ^pi Mult if exactly 3 hands remaining			0
E1797	cryptid	cryptid	Circus	joker	Epic		Rare Jokers give X2 Mult, Epic give X3, Legendary give X4, Exotic give X20, each			0
E1798	cryptid	cryptid	Clicked Cookie	joker	Common		+200 Chips, -1 Chips each time you click it			0
E1799	cryptid	cryptid	Clockwork Joker	joker	Epic		Retriggers held Steel cards every 2(1) hands, gains X0.25(X1) Mult every 3(2) hands, turns the first played card Steel every 5(4) hands, held Steel cards give +X0.1 Mult(X1) every 7(6) hands; triggering all four at once creates a copy of itself			0
E1800	cryptid	cryptid	Clone Tag	tag			Shop items cost 1.5x as much while held; obtain a copy of the next bought card, then is consumed			0
E1801	cryptid	cryptid	Clusterfuck/Cluster	poker_hand			200 Chips x 19 Mult; requires at least eight cards containing no Pair, Flush, or Straight			0
E1802	cryptid	cryptid	Code Joker	joker	Epic		Creates a Negative Code Card when Blind is selected			0
E1803	cryptid	cryptid	Compound Interest	joker	Rare		Earns 12% of total money at end of round, increasing by 3% per consecutive payout			0
E1804	cryptid	cryptid	Console Tag	tag			Gives a free Program Pack			0
E1805	cryptid	cryptid	Consume-able	joker	Uncommon		Earns $3 when using a consumable			0
E1806	cryptid	cryptid	Conveyor Deck	deck			Jokers may not be moved; at start of round, duplicates the rightmost Joker and destroys the leftmost Joker		cryptid	1
E1807	cryptid	cryptid	Copy/Paste	joker	Epic		1 in 2 chance to duplicate used Code cards, once per round (must have room)			0
E1808	cryptid	cryptid	Cotton Candy	joker	Candy		When sold, adjacent Jokers become Negative			0
E1809	cryptid	cryptid	Crimson Stake	stake			Vouchers restock on even Antes			0
E1810	cryptid	cryptid	Critical Deck	deck			After each hand played, 1 in 4 chance for ^2 Mult, 1 in 8 chance for ^0.5 Mult		cryptid	1
E1811	cryptid	cryptid	Crustulum	joker	Exotic		Gains +4 Chips per shop reroll; all rerolls are free			0
E1812	cryptid	cryptid	Crypto Coin	joker	Common		Earns between $1 and $10 for each Joker sold			0
E1813	cryptid	cryptid	Cube	joker	Common		+6 Chips (costs -$27)			0
E1814	cryptid	cryptid	Cursor	joker	Common		Gains +8 Chips for each card purchased			0
E1815	cryptid	cryptid	Cut	joker	Uncommon		Destroys a random Code card and gains X0.5 Mult at the end of the shop			0
E1816	cryptid	cryptid	Cyan Stake	stake			Uncommon and Rare Jokers are less likely to appear			0
E1817	cryptid	cryptid	:D	joker	Common		Creates a random Joker at end of round; sell this card to create a random Joker (must have room)			0
E1818	cryptid	cryptid	Dagger War	challenge			Starts with 2x Negative M Chain, 2x Negative Gift Card, and Eternal Ceremonial Dagger, Unjust Dagger, Monkey Dagger, and Pirate Dagger; Lock is banned			0
E1819	cryptid	cryptid	Dawn Stake	stake			Tarots and Spectrals target 1 fewer card (minimum of 1)			0
E1820	cryptid	cryptid	Deck of Equilibrium	deck			All cards have the same chance of appearing in shops; starts run with Overstock Plus			0
E1821	cryptid	pokermon	Delibird Dilemma	challenge			All Blinds give no reward money, extra hands earn no money, no Interest at end of round; starts with Eternal Delibird			0
E1822	cryptid	cryptid	Delirious Joker	joker	Common		+22 Mult if played hand contains a Five of a Kind		cryptid	1
E1823	cryptid	cryptid	Demicolon	joker	Epic		No effect (N/A)			0
E1824	cryptid	cryptid	Diamond Stake	stake			Must beat Ante 10 to win the run			0
E1825	cryptid	cryptid	Digital Hallucinations	joker	Uncommon		When a Booster Pack is opened, 1 in 2 chance to create a random Negative card matching its type			0
E1826	cryptid	cryptid	Discreet Joker	joker	Common		+240 Chips if played hand contains a Flush Five			0
E1827	cryptid	cryptid	Doodle M	joker	Epic		Creates 2 Negative consumables when Blind is selected, +1 more per Jolly Joker owned			0
E1828	cryptid	cryptid	Double M Tag	tag			Shop has a Jolly M Joker			0
E1829	cryptid	cryptid	Double Scale	joker	Epic		Scaling Jokers scale quadratically instead of linearly (e.g. +1, +3, +6, +10)			0
E1830	cryptid	cryptid	Double-Sided	card_modifier			Card can be flipped to reveal a different (optionally merged) card on its back side (removed in v0.5.16b)			0
E1831	cryptid	cryptid	Dropshot	joker	Rare		Gains X0.2 Mult per played nonscoring card of a suit that changes every round			0
E1832	cryptid	cryptid	Dubious Joker	joker	Common		+20 Chips if played hand contains a High Card			0
E1833	cryptid	cryptid	Duplicare	joker	Exotic		Gains X1 Mult when a Joker or playing card is scored			0
E1834	cryptid	cryptid	Echo Card	card_modifier			1 in 2 chance to retrigger 2 additional times when scored			0
E1835	cryptid	cryptid	Edition Deck	deck			All cards are a chosen Edition and cannot change editions			0
E1836	cryptid	cryptid	Effarcire	joker	Exotic		Draws the full deck to hand when Blind is selected			0
E1837	cryptid	cryptid	Ember Stake	stake			All items give no money when sold			0
E1838	cryptid	cryptid	Emerald Stake	stake			30% chance for cards, packs, and vouchers in shop/booster packs to be face down until purchased			0
E1839	cryptid	cryptid	Emergency Chips	joker	Common		Immediately gains 20% of the blind requirement as score when sold			0
E1840	cryptid	cryptid	Empowered Tag	tag			Gives a free Spectral Pack containing The Soul and Gateway			0
E1841	cryptid	cryptid	Encoded Deck	deck			Starts with a Code Joker and a Copy/Paste; only Code Cards appear in shop		cryptid	1
E1842	cryptid	cryptid	Energia	joker	Exotic		When a Tag is acquired, creates 1 copy of it, with the number of copies increasing by 1 each time			0
E1843	cryptid	cryptid	Enhancement Deck	deck			All playing cards are a chosen Enhancement			0
E1844	cryptid	cryptid	Enter the Gungeon	challenge			All Blinds are Boss Blinds and skipping is disabled; starts with an Eternal AP Joker			0
E1845	cryptid	cryptid	Epic Tag	tag			Shop has a half-price Epic Joker			0
E1846	cryptid	cryptid	ERROR	joker	Epic		Adds Glitched to all cards, vouchers, and consumables in the shop at end of round; after 1-10 random rounds, selling it duplicates all owned Jokers			0
E1847	cryptid	cryptid	Eternal Flame	joker	Rare		Gains X0.2 Mult for each card sold			0
E1848	cryptid	cryptid	Exoplanet	joker	Common		Other Holographic cards each give +15 Mult			0
E1849	cryptid	cryptid	Exponentia	joker	Exotic		Gains ^0.03 Mult whenever XMult is triggered			0
E1850	cryptid	cryptid	Exposed	joker	Rare		Retriggers all scored non-face cards 2 additional times; all face cards are debuffed		cryptid	1
E1851	cryptid	cryptid	Facile	joker	Exotic		^3 Mult if played cards are scored 10 or fewer times			0
E1852	cryptid	cryptid	Fading Joker	joker	Uncommon		Gains X1 Mult whenever a Perishable card is debuffed			0
E1853	cryptid	cryptid	Familiar Currency	joker	Rare		Creates a Meme Joker at end of round for $19 if possible (must have room)			0
E1854	cryptid	cryptid	Fast Food M	joker	Common		+40 Mult, self-destructs in 2 rounds, increased by 1 round each time a Jolly Joker is sold			0
E1855	cryptid	cryptid	Fidget Spinner	joker	Common		+6 Chips if played hand is not your most-played hand			0
E1856	cryptid	cryptid	Flesh Panopticon	joker	Epic		X20 Boss Blind size; when Boss Blind is defeated, self-destructs and creates a Negative Gateway card			0
E1857	cryptid	cryptid	Formidiulosus	joker	Exotic		Destroys any Cursed Joker obtained, creates 3 Negative Candies at end of shop, and gains ^0.01 Mult per Candy owned			0
E1858	cryptid	cryptid	Foxy Joker	joker	Common		+130 Chips if played hand contains a Full House			0
E1859	cryptid	cryptid	Fractal Fingers	joker	Rare		+2 card selection limit			0
E1860	cryptid	cryptid	Fragile	card_modifier			X3 Mult; 7 in 8 chance this card isn't destroyed when triggered; unriggable			0
E1861	cryptid	cryptid	Fragile Tag	tag			Next base-edition shop Joker is free and becomes Fragile			0
E1862	cryptid	cryptid	Fridge Magnet	joker	Common		Earns $2 at end of round, X5 that amount if 4 or fewer Joker cards owned			0
E1863	cryptid	cryptid	Fucked-Up Joker/Tidy Joker	joker	Common		+37 Mult if played hand contains a Clusterfuck/Cluster		cryptid	1
E1864	cryptid	cryptid	Gambler's Tag	tag			1 in 4 chance to create an Empowered Tag			0
E1865	cryptid	cryptid	Garden of Forking Paths	joker	Rare		Earns $7 if played hand contains an Ace and a 7			0
E1866	cryptid	cryptid	Gemini	joker	Exotic		Doubles all values of the leftmost Joker at end of round			0
E1867	cryptid	cryptid	Ghost	joker	Cursed		At end of round, 1 in 2 chance to possess a random Joker, 1 in 6 chance to self-destruct (removed)			0
E1868	cryptid	cryptid	Glass Stake	stake			1 in 30 cards shatter when scored			0
E1869	cryptid	cryptid	Glitched	card_modifier			All values on this card are randomized between X0.1 and X10, where possible			0
E1870	cryptid	cryptid	Glitched Tag	tag			Next base-edition shop Joker is free and becomes Glitched			0
E1871	cryptid	cryptid	Glowing Deck	deck			Multiplies the values of all Jokers by X1.25 when Boss Blind is defeated		cryptid	1
E1872	cryptid	cryptid	Gold Joker	joker	Epic		Earns 0% of total money at end of round, +2% payout per played Gold card scored			0
E1873	cryptid	cryptid	Golden	card_modifier			Earns $2 when used or triggered			0
E1874	cryptid	cryptid	Golden Tag	tag			Next base-edition shop Joker is free and becomes Golden			0
E1875	cryptid	pokermon	Good As Gold	challenge			6 hand size, starts with $6; deck is a standard 52-card deck where all cards are Gold; starts with Eternal Gholdengo			0
E1876	cryptid	cryptid	Googol Play Card	joker	Epic		1 in 8 chance for X1.0e100 Mult			0
E1877	cryptid	cryptid	Gourmand Tag	tag			Shop has a free Food Joker			0
E1878	cryptid	cryptid	Gray Stake	stake			Rerolls increase in cost by $2 each			0
E1879	cryptid	cryptid	Green Seal	card_modifier			Creates a Code card when played and unscoring (must have room)			0
E1880	cryptid	pokermon	Hammertime	challenge			2 hands and 1 discard per round; deck is only ranks 2,3,4,5,A (20 cards), Ace of Spades is Steel; starts with Eternal Tinkaton			0
E1881	cryptid	cryptid	Happy House	joker	Uncommon		Gains ^4 Mult only after playing 114 hands			0
E1882	cryptid	cryptid	High Five	joker	Rare		If highest scoring rank is 5, converts all scoring cards into 5s (Aces count as 1)			0
E1883	cryptid	cryptid	Horizon Stake	stake			When Blind is selected, adds a random card to the deck			0
E1884	cryptid	cryptid	Huge	joker	Epic		X7 Mult until end of round if poker hand is a Pair			0
E1885	cryptid	cryptid	Hunting Season	joker	Uncommon		If played hand contains exactly 3 cards, destroys the center card after scoring			0
E1886	cryptid	cryptid	Infinite Deck	deck			You can select any number of cards; +1 hand size			0
E1887	cryptid	cryptid	Iterum	joker	Exotic		Retriggers all played cards 1 time; each played card gives X2 Mult when scored			0
E1888	cryptid	cryptid	Jade Stake	stake			1 in 20 cards are drawn face down			0
E1889	cryptid	cryptid	Jawbreaker	joker	Candy		When Boss Blind is defeated, doubles the values of adjacent Jokers, then self-destructs			0
E1890	cryptid	cryptid	Jimball	joker	Rare		Gains X0.15 Mult per consecutive hand played while playing your most-played poker hand			0
E1891	cryptid	cryptid	Jimbo-tron 9000	joker	Epic		Gains ^1 Mult for each default Joker owned			0
E1892	cryptid	cryptid	Joker Poker	challenge			Skipping, rerolling, booster packs, and consumables are all disabled, 0 discards per round and 0 consumable slots; all Jokers that interact with those systems are banned			0
E1893	cryptid	cryptid	Jolly	card_modifier			+8 Mult; changes the Joker's name to start with M			0
E1894	cryptid	cryptid	Jolly Joker?	joker	Common		Creates a Jolly Joker when a Joker is sold, once per round			0
E1895	cryptid	cryptid	Jolly Tag	tag			Next base-edition shop Joker is free and becomes Jolly			0
E1896	cryptid	cryptid	Kaleidoscope	joker	Rare		Adds Polychrome to a random Joker when Boss Blind is defeated			0
E1897	cryptid	cryptid	Key Change	joker	Uncommon		Gains X0.25 Mult if the current poker hand has not been played this round, resetting at end of round			0
E1898	cryptid	cryptid	Kidnapping	joker	Common		Earns $1 at end of round, +$3 more when a Mult-type or Chips-type Joker is sold			0
E1899	cryptid	cryptid	Kitty Printer	joker	Uncommon		X2 Mult; all skip tags become Cat Tags			0
E1900	cryptid	cryptid	Krusty the Clown	joker	Uncommon		Gains X0.02 Mult when each played card is scored			0
E1901	cryptid	cryptid	Labyrinth	joker	Common		All hands are considered the first hand and all discards the first discard of the round			0
E1902	cryptid	cryptid	Lavender Loop	boss_blind			1.25X blind requirement every 1.5 seconds spent this round			0
E1903	cryptid	cryptid	LeBaron James	joker	Rare		Played and scoring Kings give +1 hand size and trigger held-in-hand effects			0
E1904	cryptid	cryptid	Legendary Deck	deck			Starts with a Legendary Joker; 1 in 5 chance to create another when Boss Blind is defeated (must have room)		cryptid	1
E1905	cryptid	cryptid	Lemon Trophy	boss_blind			Mult cannot exceed Chips			0
E1906	cryptid	cryptid	Lens Tag	tag			Applies Negative to 2 random consumables			0
E1907	cryptid	cryptid	Light Card	card_modifier			When played with 5 other scoring cards, gains X0.2 Mult and increases its requirement by 5			0
E1908	cryptid	pokermon	Little Cup	challenge			Small and Big Blinds give no reward money, 3 Joker Slots; starts with Negative Eternal Everstone			0
E1909	cryptid	pokermon	Lonesome	challenge			Jokers no longer appear in shop, 1 Joker Slot, 10 Consumable Slots; starts with Eternal Cubone			0
E1910	cryptid	cryptid	Loopy	joker	Common		Retriggers all Jokers once for each Jolly Joker sold this round			0
E1911	cryptid	cryptid	Loss	tag			Gives a free Meme Pack			0
E1912	cryptid	cryptid	Lucky Joker	joker	Common		Earns $5 every time a Lucky card successfully triggers			0
E1913	cryptid	cryptid	Luigi	joker	Legendary		All Jokers give X3 Chips (removed)			0
E1914	cryptid	cryptid	m	joker	Epic		Gains X13 Mult when Jolly Joker is sold (starts at X1)			0
E1915	cryptid	cryptid	M	joker	Epic		Creates a Negative Jolly Joker when Blind is selected			0
E1916	cryptid	cryptid	M Chain	joker	Common		Sell this card to add $1 of sell value to every Joker card			0
E1917	cryptid	cryptid	M Stack	joker	Rare		Retriggers all played cards once for every 3 Jolly Jokers sold			0
E1918	cryptid	cryptid	Macabre Joker	joker	Common		When Blind is selected, destroys every Joker except M Jokers and Jolly Jokers, creating a Jolly Joker for each destroyed card			0
E1919	cryptid	cryptid	Many Have Lost Their Minds Comprehending This Joker	joker	Common		+8.07e67 Chips if played hand contains The Entire Fucking Deck/The Entire Deck			0
E1920	cryptid	cryptid	Mario	joker	Legendary		Retriggers all Jokers 2 additional times (removed)			0
E1921	cryptid	cryptid	Maximized	joker	Rare		All face cards are considered Kings, all numbered cards are considered 10s			0
E1922	cryptid	cryptid	Megg	joker	Common		Sell this card to create 0 Jolly Jokers, +1 more at end of round			0
E1923	cryptid	cryptid	Mellowcreme	joker	Candy		Sell this card to multiply the sell value of all consumables by X4			0
E1924	cryptid	cryptid	Membership Card	joker	Legendary		X0.1 Mult per member in the Cryptid Discord server (live count)			0
E1925	cryptid	cryptid	Memory Tag	tag			Creates 2 copies of the last non-copying Tag used this run			0
E1926	cryptid	cryptid	Meteor Shower	joker	Common		Other Foil cards each give +75 Chips			0
E1927	cryptid	cryptid	Misprint Deck	deck			Values of cards and poker hands are randomized			0
E1928	cryptid	cryptid	Misprinted Sleeve	sleeve			Values in cards are randomized			0
E1929	cryptid	cryptid	Mondrian	joker	Uncommon		Gains X0.25 Mult if no discards were used			0
E1930	cryptid	cryptid	Monkey Dagger	joker	Uncommon		When Blind is selected, destroys Joker to the left and permanently adds 10x its sell value as +Chips			0
E1931	cryptid	cryptid	Monopoly Money	joker	Cursed		1 in 4 chance to destroy purchased items; halves money when sold			0
E1932	cryptid	cryptid	Monster	joker	Common		Future copies of this Joker gain X0.75 Mult at end of round			0
E1933	cryptid	cryptid	Morse Code	joker	Common		Earns $1 at end of round, +$2 more when a card with an Edition is sold			0
E1934	cryptid	cryptid	Mosaic	card_modifier			X2.5 Chips		cryptid	1
E1935	cryptid	cryptid	Mosaic Tag	tag			Next base-edition shop Joker is free and becomes Mosaic			0
E1936	cryptid	cryptid	Motebook	joker	Rare		1 in 7 chance per shop reroll to gain +1 Joker slot (always triggers with 4+ Jolly Jokers owned), once per round			0
E1937	cryptid	cryptid	Mult Joker	joker	Epic		1 in 3 chance per played Mult card scored to create a Cryptid card (must have room)			0
E1938	cryptid	pokermon	Mystery Dungeon	challenge			Starts with an Eternal Joker and applies a random Pokermon Deck effect; resets daily at 04:00 PM PST			0
E1939	cryptid	cryptid	Nebulous Joker	joker	Common		+30 Chips if played hand is None			0
E1940	cryptid	cryptid	Necromancer	joker	Uncommon		When a Joker is sold for more than $0, gain a random Joker sold this run that had $0 sell value			0
E1941	cryptid	cryptid	Negative Joker	joker	Epic		+4 Joker slots			0
E1942	cryptid	cryptid	Neon M	joker	Uncommon		Earns $0 at end of round, +$1 more per Jolly Joker or M Joker owned			0
E1943	cryptid	cryptid	Nice	joker	Rare		+420 Chips if played hand contains a 6 and a 9			0
E1944	cryptid	cryptid	Night	joker	Rare		^3 Mult on the final hand of the round, then self-destructs			0
E1945	cryptid	cryptid	Noisy	card_modifier			+0-30 Mult and +0-150 Chips (random each time)			0
E1946	cryptid	cryptid	Non Verisimile	joker	Exotic		When any probability check succeeds, gains XMult equal to its listed odds			0
E1947	cryptid	cryptid	None	poker_hand			0 Chips x 0 Mult; scored by playing a hand containing 0 cards			0
E1948	cryptid	cryptid	Nostalgic Arm	boss_blind			Must play 4 or fewer cards			0
E1949	cryptid	cryptid	Nostalgic Candy	joker	Epic		Sell this card to permanently gain +3 hand size			0
E1950	cryptid	cryptid	Nostalgic Deck	deck			Joker and Consumable slots are combined; Nostalgic Blinds replace their updated Blind		cryptid	1
E1951	cryptid	cryptid	Nostalgic Fish	boss_blind			All hands start with 1 Mult			0
E1952	cryptid	cryptid	Nostalgic Flint	boss_blind			No Flushes allowed			0
E1953	cryptid	cryptid	Nostalgic Googol Play Card	joker	Epic		Sell this card to create 2 copies of the leftmost Joker (excludes copying itself)			0
E1954	cryptid	cryptid	Nostalgic House	boss_blind			No Full Houses allowed			0
E1955	cryptid	cryptid	Nostalgic Invisible Joker	joker	Legendary		Duplicates a random Joker every 4 Jokers sold (excluding itself)			0
E1956	cryptid	cryptid	Nostalgic Manacle	boss_blind			Divides Mult by number of discards used			0
E1957	cryptid	cryptid	Nostalgic Mark	boss_blind			No hands containing a Pair allowed			0
E1958	cryptid	cryptid	Nostalgic Ox	boss_blind			All hands start with 0 Chips			0
E1959	cryptid	cryptid	Nostalgic Pillar	boss_blind			No Straights allowed			0
E1960	cryptid	cryptid	Nostalgic Serpent	boss_blind			Divides Mult by the level of the played poker hand			0
E1961	cryptid	cryptid	Number Blocks	joker	Epic		Earns $1 at end of round, +$1 more for each card of a rank (which changes every round) held in hand			0
E1962	cryptid	pokermon	Nuzlocke	challenge			Jokers no longer appear in shop, all Jokers are Eternal, 1 Joker slot (+1 per Boss Blind defeated up to 5), first shop of each Ante has a Buffoon Pack			0
E1963	cryptid	cryptid	Obsidian Orb	boss_blind			Applies the abilities of all previously defeated bosses			0
E1964	cryptid	cryptid	Oil Lamp	joker	Rare		Increases the values of the Joker to the right by X1.2 at end of round			0
E1965	cryptid	cryptid	Old Blueprint	joker	Common		Copies the ability of the Joker to the right; 1 in 4 chance it is destroyed at end of round			0
E1966	cryptid	cryptid	Old Membership Card	joker	Epic		+1 Chips per member in the Cryptid Discord server (live count)			0
E1967	cryptid	cryptid	On the Flip Side	joker	Uncommon		Double-Sided Jokers use their back side's effect instead of the front; retriggers all Double-Sided Jokers			0
E1968	cryptid	cryptid	One for All	joker	Epic		+1 Booster Pack slot, +1 hand size, +1 consumable slot, +1 card in shop, +1 voucher slot			0
E1969	cryptid	cryptid	Oversaturated	card_modifier			All values on this card are doubled, where possible			0
E1970	cryptid	cryptid	Oversaturated Tag	tag			Next base-edition shop Joker is free and becomes Oversaturated			0
E1971	cryptid	cryptid	Palette Cleanser Tag	tag			Removes a random sticker from a random Joker or playing card			0
E1972	cryptid	cryptid	Panopticon	joker	Common		All hands are considered the last hand of each round			0
E1973	cryptid	pokermon	Parenthood	challenge			Jokers no longer appear in shop, earn no Interest at end of round, 2 Joker Slots; starts with 2x Mystery Egg			0
E1974	cryptid	cryptid	Paved Joker	joker	Common		Stone Cards may fill gaps of 1 rank in Straights and Flushes			0
E1975	cryptid	cryptid	Penetrating Joker	joker	Common		+270 Chips if played hand contains a Clusterfuck/Cluster			0
E1976	cryptid	cryptid	Pickle	joker	Uncommon		When Blind is skipped, creates 3 Tags, reduced by 1 each time a Blind is selected			0
E1977	cryptid	cryptid	Pink Stake	stake			Required score scales faster for each Ante		cryptid	1
E1978	cryptid	cryptid	Pirate Dagger	joker	Uncommon		When Blind is selected, destroys Joker to the right and gains one-fourth of its sell value as XChips			0
E1979	cryptid	cryptid	Pity Prize	joker	Common		On skipping a Booster Pack, gain a random Tag			0
E1980	cryptid	cryptid	Pizza	joker	Rare		After 3 rounds, sells itself to create 6 Pizza Slices			0
E1981	cryptid	cryptid	Pizza Slice	joker	Rare		Gains X0.5 Mult when a Pizza Slice is sold			0
E1982	cryptid	cryptid	Platinum Stake	stake			Small Blinds are removed, leaving only 2 Blinds per Ante			0
E1983	cryptid	cryptid	Poor Joker	joker	Uncommon		Gains +4 Mult whenever a Rental card takes money from you			0
E1984	cryptid	cryptid	Pot of Jokes	joker	Rare		-2 hand size, increasing by 1 every round			0
E1985	cryptid	cryptid	Primus	joker	Exotic		Gains ^0.17 Mult if all cards in played hand are Aces, 2s, 3s, 5s, or 7s			0
E1986	cryptid	cryptid	Pumpkin	joker	Rare		Prevents Death if chips scored are at least 50% of required chips; turns into Carved Pumpkin when destroyed (removed)			0
E1987	cryptid	cryptid	Python	joker	Uncommon		Gains X0.15 Mult when a Code card is used			0
E1988	cryptid	cryptid	Quartz Stake	stake			30% chance for cards to have a Pinned sticker, keeping Jokers stuck at the leftmost position			0
E1989	cryptid	cryptid	Queen's Gambit	joker	Common		If played hand is a Royal Flush, destroys the scored Queen and creates a Negative Rare Joker			0
E1990	cryptid	pokermon	Randomizer	challenge			Pokemon Jokers evolve into random Pokemon Jokers			0
E1991	cryptid	cryptid	Red Bloon	joker	Common		Earns $20 after 2 rounds, then self-destructs			0
E1992	cryptid	cryptid	Redeemed Deck	deck			When a Voucher is purchased, also gain its extra tiers		cryptid	1
E1993	cryptid	cryptid	Redeo	joker	Exotic		-1 Ante when a rising money threshold (starting at $10) is spent, doubling exponentially after each use			0
E1994	cryptid	cryptid	Reverse Card	joker	Uncommon		Fills all empty Joker slots (max 100) with Holographic Jolly Jokers if the discarded poker hand is a Pair, then self-destructs			0
E1995	cryptid	cryptid	Rework Tag	tag			Shop has a Joker with the edition of whatever Joker ://REWORK destroyed			0
E1996	cryptid	cryptid	RNG	challenge			All Jokers are RNJoker			0
E1997	cryptid	cryptid	RNJoker	joker	Uncommon		Randomizes its ability every Ante			0
E1998	cryptid	cryptid	Rotten Egg	joker	Cursed		Sets sell value of all current and future Jokers to $1, reduces all Joker sell values by $1, and self-destructs after earning $10 total from Joker sales			0
E1999	cryptid	cryptid	Ruby Stake	stake			30% chance for Big Blinds to become a Boss Blind (still skippable)			0
E2000	cryptid	cryptid	Rush Hour I	challenge			All Boss Blinds are The Clock or Lavender Loop			0
E2001	cryptid	cryptid	Rush Hour II	challenge			All Boss Blinds are The Clock or Lavender Loop, all Blinds are Boss Blinds, and skipping is disabled			0
E2002	cryptid	cryptid	Rush Hour III	challenge			All Boss Blinds are The Clock or Lavender Loop scaling twice as fast, all Blinds are Boss Blinds, and skipping is disabled; deck gets +1 Jack of each suit, starts with Negative Eternal Hit the Road			0
E2003	cryptid	cryptid	Sacrifice	joker	Common		Creates an Uncommon Joker and 3 Jolly Jokers when a Spectral card is used, once per round			0
E2004	cryptid	pokermon	Safety First	challenge			Jokers and Energy cards no longer appear in shop, 3 Joker Slots; starts with Eternal Mudkip, Roggenrola, and Bronzor			0
E2005	cryptid	cryptid	Sapling	joker	Uncommon		After scoring 18 Enhanced cards, sells itself to create an Epic Joker (Rare if Epic Jokers disabled)			0
E2006	cryptid	cryptid	Sapphire Stake	stake			Lose 25% of current money (up to $10) at end of Ante			0
E2007	cryptid	cryptid	Sapphire Stamp	boss_blind			Select an extra card, then deselect a random card before scoring; selecting only 1 card permanently unlocks the None hand			0
E2008	cryptid	cryptid	Savvy Joker	joker	Common		+170 Chips if played hand contains a Five of a Kind			0
E2009	cryptid	cryptid	Scalae	joker	Exotic		Scaling Jokers scale as a degree-2 polynomial instead of linearly, raising the degree by 1 at end of round (excludes itself)			0
E2010	cryptid	cryptid	Schematic Tag	tag			Shop has a Brainstorm			0
E2011	cryptid	cryptid	Scope Tag	tag			+2 hands and discards next round			0
E2012	cryptid	cryptid	Scrabble Tile	joker	Uncommon		1 in 4 chance to create a Jolly Uncommon Joker when a hand is played			0
E2013	cryptid	cryptid	Seal Deck	deck			All playing cards have a chosen Seal and cannot change seals			0
E2014	cryptid	cryptid	Seal The Deal	joker	Uncommon		Adds a random seal to each card scored on the final hand of the round			0
E2015	cryptid	cryptid	Shrewd Joker	joker	Common		+150 Chips if played hand contains a Four of a Kind			0
E2016	cryptid	cryptid	Sob	joker	Epic		Creates a Negative Absolute Obelisk when acquired, and a regular Obelisk whenever almost anything happens while an open Joker slot exists			0
E2017	cryptid	cryptid	Sock and Sock	joker	Uncommon		Retriggers all played Abstract cards 1 time			0
E2018	cryptid	cryptid	Solo Card	challenge			Starts with $10 and a single Blue Seal Ace of Clubs plus a Popcorn Joker; many Jokers, packs, consumables, and tags are banned			0
E2019	cryptid	cryptid	Spectrogram	joker	Epic		Retriggers rightmost Joker once for every Echo card played and scored			0
E2020	cryptid	cryptid	Speculo	joker	Exotic		Creates a Negative copy of a random Joker at the end of the shop (does not copy other Speculo)			0
E2021	cryptid	cryptid	Spooky Deck	deck			Starts with an Eternal Chocolate Die; after each Ante, creates a Candy or Cursed Joker		cryptid	1
E2022	cryptid	cryptid	Spy	joker	Cursed		X0.5 Mult, +1 Joker slot; appears in shop disguised as another Joker and is revealed on purchase (removed)			0
E2023	cryptid	cryptid	Stardust	joker	Common		Other Polychrome cards each give X2 Mult			0
E2024	cryptid	cryptid	Starfruit	joker	Epic		^2 Mult, losing ^0.2 Mult per shop reroll			0
E2025	cryptid	cryptid	Stella Mortis	joker	Exotic		Destroys a random Planet card and gains ^0.4 Mult at the end of the shop			0
E2026	cryptid	cryptid	Sticker Deck	deck			All cards are a chosen Sticker			0
E2027	cryptid	cryptid	Sticker Sheet	challenge			All Jokers are simultaneously Eternal, Perishable, Rental, Pinned, and Banana; many Jokers banned			0
E2028	cryptid	cryptid	Sticker Sheet+	challenge			All purchasable items have every sticker applied; many Jokers banned			0
E2029	cryptid	cryptid	Subtle Joker	joker	Common		+240 Chips if played hand contains a Flush House			0
E2030	cryptid	cryptid	Suit Deck	deck			All playing cards are a chosen Suit and cannot change suits			0
E2031	cryptid	cryptid	Supercell	joker	Epic		X2 Chips, X2 Mult, earns $3 at end of round			0
E2032	cryptid	cryptid	SUS	joker	Rare		At end of round, creates a copy of a random card held in hand and destroys all others (Kings of Hearts prioritized)			0
E2033	cryptid	cryptid	Sync Catalyst	joker	Epic		Balances Chips and Mult (averages them)			0
E2034	cryptid	cryptid	Tax Fraud	joker	Rare		Gains $6 per Rental Joker owned at end of round			0
E2035	cryptid	cryptid	Tenebris	joker	Exotic		+25 Joker slots; earns $25 at end of round			0
E2036	cryptid	cryptid	Thalia and Melpomeme	joker	Legendary		X1 Mult for every pair of unique rarities among owned Jokers			0
E2037	cryptid	cryptid	The Box	boss_blind			All Common Jokers are debuffed			0
E2038	cryptid	cryptid	The Chromatic	boss_blind			x-1 Mult on every odd-numbered hand			0
E2039	cryptid	cryptid	The Clock	boss_blind			+0.1X blind requirement every 12 seconds spent this ante, multiplied by game speed			0
E2040	cryptid	cryptid	The Complete and Utter Annihilation of Everything That Makes Balatro Sacred	joker	Rare		^5.2 Mult if played hand contains The Entire Fucking Deck/The Entire Deck			0
E2041	cryptid	cryptid	The Decision	boss_blind			Fastens Jokers on play or discard; opens a Baneful Buffoon pack after the round			0
E2042	cryptid	cryptid	The Entire Fucking Deck/The Entire Deck	poker_hand			5.253e29 Chips x 5.253e28 Mult; requires a hand containing every card of a standard 52-card deck			0
E2043	cryptid	cryptid	The Greed	boss_blind			+0.25X base blind requirement per $5 held when selected			0
E2044	cryptid	cryptid	The Hammer	boss_blind			All cards with odd rank are debuffed			0
E2045	cryptid	cryptid	The Home	joker	Rare		X3.5 Mult if played hand contains a Full House		cryptid	1
E2046	cryptid	cryptid	The Joke	boss_blind			If score exceeds 2X requirement, sets ante to a multiple of the final ante			0
E2047	cryptid	cryptid	The Landlord	boss_blind			Applies Rental to a random Joker when a hand is played			0
E2048	cryptid	cryptid	The Magic	boss_blind			All cards with even rank are debuffed			0
E2049	cryptid	cryptid	The Pin	boss_blind			Jokers with Epic or higher rarity are debuffed			0
E2050	cryptid	cryptid	The Repulsor	boss_blind			Retriggers the rightmost and leftmost Jokers; all other Jokers do not trigger			0
E2051	cryptid	cryptid	The Scorch	boss_blind			Must play 5 cards; destroys played and discarded cards			0
E2052	cryptid	cryptid	The Shackle	boss_blind			All Negative Jokers are debuffed			0
E2053	cryptid	cryptid	The Striker	boss_blind			All Rare Jokers are debuffed			0
E2054	cryptid	cryptid	The Tax	boss_blind			Score per hand capped at 0.4X blind requirement			0
E2055	cryptid	cryptid	The Trick	boss_blind			After each hand, flips all face-up cards held in hand			0
E2056	cryptid	cryptid	The WHIP	joker	Uncommon		Gains X0.5 Mult if played hand contains a 2 and 7 of different suits			0
E2057	cryptid	cryptid	The Windmill	boss_blind			All Uncommon Jokers are debuffed			0
E2058	cryptid	cryptid	Tiny	joker	Epic		Creates a Double M tag if poker hand is a Pair			0
E2059	cryptid	cryptid	Translucent Joker	joker	Common		Sell this card to create a Banana Perishable copy of a random Joker			0
E2060	cryptid	cryptid	Treacherous Joker	joker	Common		+170 Chips if played hand contains an Ultimate Pair			0
E2061	cryptid	cryptid	Tredecim	joker	Exotic		Creates an M Joker at end of round; each Jolly/M Joker gives ^1.05 Mult, increasing by ^0.04 each time a Jolly Joker is sold (excludes itself)			0
E2062	cryptid	cryptid	Trick-or-Treat	joker	Uncommon		When sold, 3 in 4 chance to create 2 Candies, otherwise creates a Cursed Joker (can overflow)			0
E2063	cryptid	cryptid	Tricksy Joker	joker	Common		+170 Chips if played hand contains a Straight Flush			0
E2064	cryptid	cryptid	Triple Tag	tag			Gives 2 copies of the next selected non-copying Tag		cryptid	2
E2065	cryptid	cryptid	Triplet Rhythm	joker	Common		X3 Mult if scoring hand contains exactly three 3s			0
E2066	cryptid	cryptid	Tropical Smoothie	joker	Rare		Sell this card to multiply the values of owned Jokers by 1.5			0
E2067	cryptid	cryptid	Turquoise Tornado	boss_blind			2 in 3 chance for a played hand to not score			0
E2068	cryptid	cryptid	Twilight Stake	stake			30% chance for cards to have a Banana sticker (1 in 10 chance of being destroyed each round)			0
E2069	cryptid	cryptid	Ultimate Pair	poker_hand			220 Chips x 22 Mult; requires two Two Pairs where each Two Pair is a single suit, across two suits total			0
E2070	cryptid	cryptid	Undefined Joker	joker	Common		+5 Mult if played hand is None		cryptid	1
E2071	cryptid	cryptid	Universe	joker	Rare		Other Astral cards each give ^1.2 Mult			0
E2072	cryptid	cryptid	Universum	joker	Exotic		Poker hands gain X2 Mult and X2 Chips when leveled up			0
E2073	cryptid	cryptid	Unjust Dagger	joker	Uncommon		When Blind is selected, destroys Joker to the left and gains one-fifth of its sell value as XMult			0
E2074	cryptid	cryptid	Unlimited Sleeve	sleeve			You can select any number of cards			0
E2075	cryptid	cryptid	Vermillion Virus	boss_blind			One random Joker is replaced every hand			0
E2076	cryptid	cryptid	Very Fair Deck	deck			-2 hands and -2 discards every round; Vouchers no longer appear in the shop		cryptid	1
E2077	cryptid	cryptid	Virgo	joker	Epic		Gains $4 of sell value if poker hand contains a Pair; sell this card to create a Polychrome Jolly Joker per $4 of sell value (min 1)			0
E2078	cryptid	cryptid	Waluigi	joker	Legendary		All Jokers give X2.5 Mult			0
E2079	cryptid	cryptid	Wario	joker	Legendary		All Jokers give $3 when triggered			0
E2080	cryptid	cryptid	Wheel of Hope	joker	Uncommon		Gains X0.5 Mult when failing a Wheel of Fortune			0
E2081	cryptid	cryptid	Wonka Bar	joker	Candy		Sell this card to permanently gain +1 card selection limit			0
E2082	cryptid	cryptid	Words Can't Even Begin to Describe This Joker	joker	Common		X52,000,000 Mult if played hand contains The Entire Fucking Deck/The Entire Deck			0
E2083	cryptid	cryptid	Wormhole Deck	deck			Starts with an Exotic Joker; Jokers are 20X more likely to be Negative; -2 Joker slots		cryptid	1
E2084	cryptid	cryptid	Wrapped Candy	joker	Candy		Creates a random Food Joker after 2 rounds, then self-destructs			0
E2085	cryptid	cryptid	Yellow Stake	stake			Stickers can appear on all purchasable items			0
E2086	cryptid	cryptid	Zooble	joker	Uncommon		If played hand does not contain a Straight, gains +1 Mult per unique rank in the scoring hand			0
