game	url	site_category	rules_as_read
Klondike Solitaire	https://www.solitairenetwork.com/solitaire/klondike-flip-3-solitaire-game.html	Klondike Games	Klondike Flip-3 Solitaire Rules | Goal | Move all cards to the four Foundation piles from Ace to King in the same suit. | The Deal | Using one deck, 28 cards are dealt to the layout. There are 7 Columns. The 1st Column is dealt one card, the 2nd is dealt 2, 3rd 3, up to the 7th column which is dealt 7 cards. All cards are dealt face down except for the last card in each Column. | Foundations | Foundations are built UP and IN SUIT starting with an Ace and ending with a King. For example, a 2 can be placed on an A, then a 3, then a 4, 5, 6, 7, 8, 9, 10, J, Q, up to the K. The same holds true for the other suits. | Columns | Columns are built DOWN in ALTERNATING COLOR. For example, a red 6 or 6 may be placed on a black 7 or 7. | All face up cards in any Column are available for movement to another Column as long as the build rule is followed. For example, the sequence Q, J, 10 can all be moved onto the K because the connecting cards (the K and Q) follow the rule that cards are built Down and in Alternating Color. | The topmost card in any Column is available for play to either another Column or a Foundation. When a face down card is the topmost card in a Column, it is flipped face up. | Empty Columns may be filled with any card or cards that may be validly moved. | Stock | Cards from the Stock are flipped three at a time to a Discard Pile. When no cards remain in the Stock, the cards from the Discard Pile can be flipped over and gone through an unlimited number of times. | Discard Pile | Only the top card of the Discard Pile may be played elsewhere. When a card from the Discard Pile is played then the new top card can also be played. | Game Notes | Solitaire Network's version of Klondike allows for any card(s) to be placed in empty Columns. Many people also play that only Kings may fill empty Columns. Solitaire Network's general approach is to be liberal with the rules. Players who wish to play that only Kings may fill empty Columns are free to restrict themselves to that rule.
Forty Thieves Solitaire	https://www.solitairenetwork.com/solitaire/forty-thieves-solitaire-game.html	40 Thieves Games	"Summary | Forty Thieves (a.k.a ""40 Thieves"") is a challenging game of skill that has become quite popular in recent years. The game is most likely of French origin. In times past it has been known by a variety of names: Big Forty, Napoleon at Saint Helena, Roosevelt at San Juan, and Le Cadran. | Legend has it, Napoleon was an avid card and game player and supposedly played this game while exiled on the barren wind-swept island of Saint Helena after losing the battle of Waterloo to the British in 1815. While many of those facts are true, there is some controversy as to whether Napoleon was playing this particular game, or for that matter any kind of solitaire game at all. In David Parlett's History of Patience, the argument is made that the facts may have been misinterpreted. He certainly knows a thing or two about solitaire. | Forty Thieves will require your concentration and a considerable amount of attention to play it well. Although only 5% of Solitaire Network plays result in a win, we think that with careful forethought and close attention to what cards have already been seen, and yet to be seen, that the win rate would be somewhere between 15 and 20%. | Forty Thieves gets its name from the fact that there are 40 cards dealt to the layout at the start of the game - each card being a thief that wants to prevent you from winning - hence there are 40 thieves that are out to stop you. Although there are many variations of Forty Thieves, Solitaire Network is happy to provide this most common version of the game. But we are looking into providing other variations since it is so popular. | Forty Thieves Rules | Goal | Move all cards to the eight Foundation piles, starting from the Aces and continuing up to the Kings in EACH suit. | The Deal | Using two decks, 40 cards are dealt face up to the ten Columns with each column receiving 4 cards. The remaining cards form the Stock. | Foundations | Starting with an Ace and continuing up to the Kings, each Foundation is built UP and in the SAME SUIT. | Columns | Columns are built DOWN and in the SAME SUIT. For example, within the columns, the only card that can be played onto a 7 of Diamonds would be a 6 of Diamonds. | The exposed card in any Column is available for play to another Column or to a Foundation pile. | Empty Columns may be filled with any card. | Stock and Discard Pile | Cards from the Stock are flipped one at a time to the Discard Pile. The top card of the Discard Pile may be played to a Column or to a Foundation. There are no redeals."
Yukon Solitaire	https://www.solitairenetwork.com/solitaire/yukon-solitaire-game.html	Scorpion Games	How to play Yukon Solitaire | Rules Summary: | Build Foundations from Ace to King in each suit. | Build Columns Down and in Alternating Color. | Any number of face-up cards may be moved. | Cards do not have to be in sequence to move. | Empty Columns are filled only with Kings and cards accompanying them. | Yukon Solitaire is a combination of two other well-known Solitaire Games:Klondike and Scorpion. | Goal: | The goal of Yukon Solitaire is to move all cards to the four Foundation piles from Ace to King in the same suit. | The Deal | Using one deck, all cards are dealt to the layout. There are 7 Columns. Each Column is dealt one more face down card than the previous Column starting with 0 face down in the first column. Columns two through seven are then dealt 6 more cards each face up. | Foundations | Foundations are built UP and IN SUIT starting with an Ace and ending with a King. For example, a 2 of Clubs can be placed on an Ace of Clubs, then a 3 of Clubs, then a 4, 5, 6, 7, 8, 9, 10, J, Q, up to the K of Clubs. The same holds true for the other suits. | Columns | Columns are built DOWN in ALTERNATING COLOR similar to Klondike. For example, a red 6 may be placed on a black 7. | Any number of face up cards may be moved to another Column provided that the above build rule is followed. It does not matter whether the cards being moved are already in sequence or not. For example, a red 6 may have a King and a 2 on it. Those three cards may be moved to a black 7. | The topmost card in any Column is available for play to either another Column or a Foundation. When a face down card is the topmost card in a Column, it is flipped face up. | Empty Columns may be filled with Kings or Kings with other cards dragged along. | Game Notes | Yukon Solitaire is a cousin to Klondike. Layout and game play are similar. If you like Klondike, you will probably like Yukon Solitaire also. | Yukon Solitaire Strategy: | The more cards that are in play (face up) the better. So it is generally important to uncover face down cards whenever possible. | It is helpful to work backwards from cards that you want to move, instead of looking at the bottommost cards in columns. Start with cards that will uncover face down cards if the card moves. | Try to clear out one or two columns so that Kings can be moved into them. So focus first on clearing one of the first 1-3 Columns early in the game. | If you cannot make a move that will uncover a face down card then focus on making moves that will uncover cards that can be moved to a Foundation. | Try to build up the foundations in unison whenever possible. For example, if both black 3's are in the Foundations, there is no place to move a red 2 within the Columns if that becomes necessary. | Since only Kings can fill empty columns, clearing out more columns than are needed for the Kings can be wasteful.
Scorpion Solitaire	https://www.solitairenetwork.com/solitaire/scorpion-solitaire-game.html	Scorpion Games	Scorpion Solitaire Rules | Goal | Form four sets of cards of the same suit from King to Ace within the Columns. | The Deal | Using one deck, each of seven Columns is dealt 7 cards. In the first four Columns, the first 3 cards are dealt face down - the Scorpion's tail. All other cards are dealt face up. Three cards will remain in the Stock. | Columns | Columns are built DOWN in the SAME SUIT. For example, a 6 of clubs may only be placed onto a 7 of clubs. | Any number of face up cards may be moved whether in sequence or not provided the above build rule is applied. | When a face down card is the topmost card in a Column, it is flipped face up. | Empty Columns may be filled with Kings. | The goal is to build 4 sets of cards within the layout from King down to Ace in the same suit. One point is scored for each card built within a Column starting with a King. For example, if a Column has a K, Q, and J of the same suit in sequence then three points are scored for that combination. | Stock | 3 cards will remain in the Stock after the deal. When play comes to a standstill (or sooner if desired,) clicking on the Stock deals it's 3 cards one each to the first three Columns.
Canfield Solitaire	https://www.solitairenetwork.com/solitaire/canfield-solitaire-game.html	Klondike Games	Canfield Solitaire Rules | Goal | Move all cards to the four Foundation piles in the same suit. The starting Foundation rank changes from game to game. | The Deal | Using one deck, a single card is dealt to the first Foundation. Next, each of the four Columns is dealt one card. Finally, 13 cards are dealt to the Reserve Pile. Only the last card is face up. | Foundations | Foundations are built UP and IN SUIT starting with the rank of the card dealt to the first Foundation and ending with the rank one less. For example, if a 3 of hearts was dealt to the first Foundation, then the 4 of hearts would be played onto the 3, then the 5, 6, 7, 8, 9, 10, J, Q, K, A, and 2 of hearts. Each Foundation in this example would also start with a 3. | Columns | Columns are built DOWN in ALTERNATING COLOR. For example, a red 6 may be placed on a black 7. | All face up cards in any Column are available for movement to another Column as long as the above build rule is followed. For example, a red Queen, black Jack, and red 10 can all be moved to a black King because the connecting cards (the K and Q) follow the rule that cards are built Down and in Alternating Color. | The topmost card in any Column is available for play to either another Column or a Foundation. | Empty Columns may be filled with any card or group of cards that may be validly moved. | Stock | Cards from the Stock are flipped three at a time to a Discard Pile. When no cards remain in the Stock, the cards from the Discard Pile can be flipped over and gone through an unlimited number of times. | Discard Pile | Only the top card of the Discard Pile may be played elsewhere. When a card from the Discard Pile is played then the new top card can also be played.
Eight Off Solitaire	https://www.solitairenetwork.com/solitaire/eight-off-solitaire-game.html	Free Cell Games	"Eight Off Solitaire Rules | Goal | Move all cards to the four Foundation piles from Ace to King in the same suit. | The Deal | Using one deck, all cards are dealt to the layout. Each of the eight Columns are dealt 6 cards, and the remaining four cards are dealt one each to four of the eight Reserves spaces. | Foundations | Foundations are built UP and IN SUIT starting with an Ace and ending with a King. For example, a 2 of Clubs can be placed on an Ace of Clubs, then a 3 of Clubs, then a 4, 5, 6, 7, 8, 9, 10, J, Q, up to the K of Clubs. The same holds true for the other suits. | Columns | Columns are built DOWN in the SAME SUIT. For example, only a 6 of clubs may be placed on a 7 of clubs. | The topmost card in any Column is available for movement to either another Column, a Foundation, or a Reserve (one of the 8 spaces on the sides.) | Empty Columns may be filled with any card. | Reserves | There are Eight Reserves available for play that may hold 1 card each. Four Reserves start the game with a card already dealt to it. Four others start the game empty. An empty Reserve may hold any card. If a Reserve becomes empty, any available card may be played there. | Game Notes | SolitaireNetwork.com's version of Eight Off supports a ""Supermove"" where you may move more than one card at a time as long as the move would have been possible by moving cards singly using Reserves or empty Columns to shuffle the cards around."
La Belle Lucie Solitaire	https://www.solitairenetwork.com/solitaire/la-belle-lucie-solitaire-game.html	Shamrocks Games	How to play La Belle Lucie | Rules Summary: | Build Foundations from Ace to King in each suit. | Build Fans down in the same suit. Fans may hold any number of cards. | Only one card may be moved at a time. | Empty Fans must remain empty. | Two redeals are allowed. Cards are shuffled before being redealt. | On the third redeal, one open Fan may be used as a Free Move. | La Belle Lucie Solitaire allows three shuffles and has many opportunities to make skillful decisions. | Goal | Move all cards to the four Foundation piles from Ace to King in the same suit. | The Deal | Using one deck, all cards are dealt face up in Fans (horizontal Columns) of 3 cards each. The last Fan will hold the leftover single card. | Foundations | Foundations are built UP and IN SUIT starting with an Ace and ending with a King. For example, a 2 of Clubs can be placed on an Ace of Clubs, then a 3 of Clubs, then a 4, 5, 6, 7, 8, 9, 10, J, Q, up to the K of Clubs. The same holds true for the other suits. | Fans | Fans are built DOWN in the SAME SUIT. Only the topmost card may be moved at a time. | Fans may hold any number of cards. Once a Fan is empty, it must remain empty. | Redeals | The cards in the Fans may be gathered and Redealt at any time. The cards are shuffled before being redealt. Only two redeals are allowed. | Free Move | After the last redeal, one extra space is provided that can start one extra fan. Any available card may be placed in this fan and then other cards may be played on top of the first card. Once this pile becomes empty it must remain empty. | La Belle Lucie Strategy | Since all cards are visible at the start of the hand, it will help you solve more games by studying the layout for a while before making your first play. | There is never a reason to hold back any cards that can be moved to a Foundation. Play them as soon as you can. | When a Fan has only one card in it, it is always safe to play onto that card. | When a Fan contains two or more sequential cards of the same suit, it is likewise safe to play even more sequential cards onto those cards. They could be an exception to this rule on the third redeal if the Free Move is still available. | On the first two shuffles, since Kings cannot be moved (except to a Foundation,) review where the Kings are after each shuffle. Also, it is almost always acceptable to play onto a King even if the King is blocking other cards (the exception being on the third redeal when the Free Move is still in play.) | Since Kings likely cannot be moved early in the game, work on moving Queens onto the Kings. Then work Jacks onto the Queens, etc. | Take notice of higher-ranked cards blocking lower-ranked cards of the same suit. Although it may not be possible to move these cards to Foundations directly, sometimes they can be unstacked by moving the higher-ranked card to another Fan. | Once you place a card onto another card, neither card can be moved (or any cards blocked by them) until those cards are played to a Foundation (except for the Free Move.) So generally, you will want to focus on the higher-ranked cards first. So before moving a card, consider if the card that you are moving onto can be moved first. | When trying to free up lower-ranked cards for play to Foundations, be patient, but also don't lose your opportunity to get those cards played. It is easy to see a possible way to play cards to Foundations, but then block those plays too. | Once a Fan is empty it cannot be repopulated. So there is no need to quickly move the last card in a Fan unless it is to a Foundation. | On the third and last shuffle you will most likely need to move a King into the Free Move spot. If there are two or more Kings blocking other cards, move the King to the Free Move spot that is likely to be one of the last Kings that would get moved to Foundations. Occasionally, it may make more sense to use the Free Move for a lower-ranked card. | Finally, don't give up hope on the first two shuffles. It is very difficult to win until the third shuffle.
Spider Solitaire 2-Suits	https://www.solitairenetwork.com/solitaire/spider-2-suits-solitaire-game.html	Spider Games	"How to play Spider 2-Suits | Game Summary | Although the standard Spider Solitaire game still is a highly popular game, the 2-Suit Spider Solitaire variant has rapidly gained in popularity due to retaining what makes the classic Spider game so good, while making it much more accessible to the average player. For example, on Solitaire Network, standard Spider is only won about 4% of the time and is a very difficult game that requires more than the usual amount of strategy and concentration, whereas the the Spider Solitaire 2-suits variation is won about 18% of the time and is a more relaxed version. It is a great introduction to the game of Spider for most people. | Rules Summary: | Build sets of 13 cards from King to Ace IN SUIT within the Columns. | Complete sets of cards are removed from the layout. | Build Columns Down in ANY suit, but prefer the SAME SUIT. | Built cards IN SUIT can move as a unit, and can be split. | Empty Columns may be filled with any properly sequenced card(s). | Click on the Stock to deal another card to each Column, but only when no Column is empty. | Spider 2-Suits strikes the perfect balance. It is nowhere near as difficult as regular Spider, but it still makes you work for the win. | Goal | The goal in 2-suit Spider Solitaire is the same as in most other Spider games: Arrange eight sets of cards from King down to Ace in the same suit directly within the Columns. | The Deal | 2-Suit Spider uses two decks (four sets of Ace through King in Hearts, and another 4 sets in Spades. There are ten Columns and each Column is dealt either 5 or 6 cards. The first four Columns are dealt 6 cards, and the remaining six Columns are each dealt 5 cards. Only the top card in each Column is dealt face up. | Stock | Every click on the Stock will deal one card to each Column. Click on the Stock after no more moves are possible (or desirable) in the layout. All Columns must contain at least one card before the cards will be dealt. There are no redeals. | Columns | Columns are built DOWN in ANY SUIT. However, you should prefer building cards that are of the same suit, since that is the goal. But it may become necessary or advantageous to build the opposite suits at times. | The fully exposed card of each Column is always available to move. Also, cards of the same suit and in proper sequence can be moved to another Column provided the above build rule applies. As an example, a 5, 4, and 3 of Hearts may move to any 6. However, an 5 of spades, and then a 4 and 3 of Hearts may not move as a unit because they are not all of the same suit. | Sequences may be split apart once formed. For example, in a sequence such as the 5, 4, and 3 of Hearts, the 4 and 3 may be moved away from from the 5 of Hearts so that it can be played to any other 5. | When a full sequence of King through Ace in the same suit is arranged within a Column, it is removed from the layout (tableau.) | Empty Columns can be filled with any single card or packed sequence of cards. All Columns must contain at least one card before more cards can be dealt from the Stock. | One point is scored for each built card within Columns starting with a King. For example, if a Column has a King, Queen, and Jack of the same suit in sequence then that will score three points. Hence, a fully packed set of King through Ace in the same suit scores 13 points. | Game Notes | 2-Suit Spider Solitaire plays identically to standard Spider Solitaire except that only two suits are used: Hearts and Spades. Spider Solitaire 2-Suits is Solitaire Network's most popular variant of Spider by a significant margin. | Spider Solitaire 2-Suits Strategy | Although you are allowed to build cards of any suit on top of each other, you should always prefer building cards of the same suit whenever possible. | When building mixed-suit Columns, the higher-ranked cards should be preferred since those cards will be available for longer to build on versus lower-ranked cards that will soon have an Ace and cannot be built upon. | It is usually more important to make plays that reveal face-down cards even if that means you must build different suited cards onto each other. | When it is not possible to build cards of the same suit, consider whether or not it is advantageous to hold off building different-suited cards. However, it is usally correct to defer dealing new cards until there are no other plays. | Early in the game it is very useful to clear out at least one Column if possible. You most likely will need empty columns to move Kings into, but any card may be moved into empty Columns. Keep in mind though that once a King is moved into an empty Column that you will not be able to empty that Column again until the King's full sequence is made and removed from the layout. Therefore, only move Kings into empty Columns when it will help you gain access to cards under it. | Once you have an empty Column, try hard to make it easy to clear it out again so it can be reused. For example, try not to mix the suits of cards in that Column. | When possible, keep some Column's cards ""clean"" meaning all cards are of the same suit, and use other Columns for mixing the suits. This of course will get interrupted when dealing new cards, and that is unavoidable. But when this happens, work on those clean Columns first. | Once in a while it is advantageous to split up cards in a sequence, so be on the watch for those situations. | Although obvious, complete full sequences of cards whenever possible since they will be removed from play and will free up other moves."
FreeCell Solitaire	https://www.solitairenetwork.com/solitaire/freecell-solitaire-game.html	Free Cell Games	"FreeCell Solitaire Rules | Goal | Move all cards to the four Foundation piles from Ace to King in the same suit. | The Deal | Using one deck, all cards are dealt face up to the 8 columns in the layout. The first four columns are dealt 7 cards each and the last four columns are dealt 6 cards each. | Foundations | Foundations are built UP and IN SUIT starting with Aces. For example, on the Ace of Clubs, only the 2 of Clubs may be played, then the 3 of Clubs, etc. | Columns | Columns must be built DOWN IN ALTERNATING COLOR. For example, a black 7 can be placed on a red 8, but not on a black 8. However, any card may be placed in an empty Column. | Only the topmost card in any column may be moved. | Reserves | The are four Reserves that act as a holding spot for any card at any time - the ""free cells."" These Reserve spots start the game empty. | Game Notes | SolitaireNetwork.com's version of FreeCell supports a ""Supermove"" where you may move more than one card at a time as long as the move would have been possible had it been done moving a single card at a time also."
Klondike Flip-1 Solitaire	https://www.solitairenetwork.com/solitaire/klondike-flip-1-solitaire-game.html	Klondike Games	Klondike Flip-1 Solitaire Rules | Goal | Move all cards to the four Foundation piles from Ace to King in the same suit. | The Deal | Using one deck, 28 cards are dealt to the layout. There are 7 Columns. The 1st Column is dealt one card, the 2nd is dealt 2, 3rd 3, up to the 7th column which is dealt 7 cards. All cards are dealt face down except for the last card in each Column. | Foundations | Foundations are built UP and IN SUIT starting with an Ace and ending with a King. For example, a 2 of Clubs can be placed on an Ace of Clubs, then a 3 of Clubs, then a 4, 5, 6, 7, 8, 9, 10, J, Q, up to the K of Clubs. The same holds true for the other suits. | Columns | Columns are built DOWN in ALTERNATING COLOR. For example, a red 6 may be placed on a black 7. | All face up cards in any Column are available for movement to another Column as long as the build rule is followed. For example, a red Queen, black Jack, and red 10 can all be moved to a black King because the connecting cards (the K and Q) follow the rule that cards are built Down and in Alternating Color. | The topmost card in any Column is available for play to either another Column or a Foundation. When a face down card is the topmost card in a Column, it is flipped face up. | Empty Columns may be filled with any card or cards that may be validly moved. | Stock | Cards from the Stock are flipped one at a time to the Discard Pile. The Stock is only played through once. When no more cards remain in the Stock, you may play any remaining moves within the layout and then the game ends. | Discard Pile | Only the top card of the Discard Pile may be played elsewhere. When a card from the Discard Pile is played then the new top card can also be played. | Game Notes | Solitaire Network's version of Klondike allows for any card(s) to be placed in empty Columns. Many people also play that only Kings may fill empty Columns. Solitaire Network's philosophy is to be liberal with the rules. Players who wish to play that only Kings may fill empty Columns are free to restrict themselves to that rule.
Double Klondike Solitaire	https://www.solitairenetwork.com/solitaire/double-klondike-solitaire-game.html	Klondike Games	Double Klondike Solitaire Rules | Goal | Move all cards to the four Foundation piles in the same suit. | The Deal | Using two decks, 45 cards are dealt to the nine Columns. The 1st Column is dealt 1 card, the 2nd Column is dealt 2 cards, etc up to 9 cards in the 9th Column. The last card in each Column is face up. The remaining cards form the Stock. | Foundations | Foundations are built UP and IN SUIT starting with an Ace and continuing on to a King. After each Foundation has its first King then the other Ace of that suit can be played on the King and the second group of A through K may be played to the Foundation. For example, a 2 of Clubs can be placed on an Ace of Clubs, then a 3 of Clubs, then a 4, 5, 6, 7, 8, 9, 10, J, Q, up to the K of Clubs. Then the second Ace of Clubs may be played on the King of Clubs, then the 2, 3, etc. up to the second King of Clubs. The same holds true for the other suits. | Columns | Columns are built DOWN in ALTERNATING COLOR. For example, a red 6 may be placed on a black 7. | Any grouping of face up cards in Columns is available for movement to another Column as long as the build rules are followed. For example, suppose a Column has a red Queen, black Jack, red 10, and black 9. It is acceptable to move the black Jack and following cards to another red Queen. | No cards may be built upon Aces in Columns. | The topmost card in any Column is available for play to either another Column or a Foundation. When a face down card is the topmost card in a Column, it is flipped face up. | Empty Columns may be filled with any card or cards that may be validly moved. | Stock | Cards from the Stock are flipped three at a time to the Discard Pile. When no cards remain in the Stock, the cards from the Discard Pile can be flipped over and gone through an unlimited number of times. | Discard Pile | Only the top card of the Discard Pile may be played elsewhere. When a card from the Discard Pile is played then the new top card can also be played. | Game Notes | Double Klondike is a Double deck variant of the standard Klondike game. Some variants of Double Klondike have 8 Foundations, SolitaireNetwork.com may provide this variation at some point in the future. | SolitaireNetwork.com's version of Double Klondike allows for any card(s) to be placed in empty Columns. Many people also play that only Kings may fill empty Columns. SolitaireNetwork.com's philosophy is to be liberal with the rules. Players who wish to play that only Kings may fill empty Columns are free to restrict themselves to that rule.
Klondike Garden Solitaire	https://www.solitairenetwork.com/solitaire/klondike-garden-solitaire-game.html	Klondike Games	"Klondike Garden Solitaire Rules | Goal | Move all cards to the four Foundation piles from Ace to King in the same suit. | The Deal | Using one deck, 28 cards are dealt to the layout. There are 7 Columns. The 1st Column is dealt one card, the 2nd is dealt 2, 3rd 3, up to the 7th column which is dealt 7 cards. All cards are dealt face down except for the last card in each Column. The Reserve cards above the layout are dealt all remaining cards.> | Foundations | Foundations are built UP and IN SUIT starting with an Ace and ending with a King. For example, a 2 of Clubs can be placed on an Ace of Clubs, then a 3 of Clubs, then a 4, 5, 6, 7, 8, 9, 10, J, Q, up to the K of Clubs. The same holds true for the other suits. | When all cards in the Columns are face up, Reserve cards score an extra point each. | Columns | Columns are built DOWN in ALTERNATING COLOR. For example, a red 6 may be placed on a black 7. | All face up cards in any Column are available for movement to another Column as long as the build rule is followed. For example, a red Queen, black Jack, and red 10 can all be moved to a black King because the connecting cards (the K and Q) follow the rule that cards are built Down and in Alternating Color. | The topmost card in any Column is available for play to either another Column or a Foundation. When a face down card is the topmost card in a Column, it is flipped face up. | Empty Columns may be filled with Kings (or stacks of cards with a King) or any card from the Reserve. | Reserve | Any card from the Reserve - the ""Garden"" - may be played at any time providing that all Build rules are followed."
Double Canfield Solitaire	https://www.solitairenetwork.com/solitaire/double-canfield-solitaire-game.html	Klondike Games	Double Canfield Solitaire Rules | Goal | Move all cards to the eight Foundation piles in the same suit. The starting Foundation rank changes from game to game. | The Deal | Using two decks, a single card is dealt to the first Foundation. Next, each of the five Columns is dealt one card. Finally, 13 cards are dealt to the Reserve Pile. Only the last card of the Reserve Pile is face up. | Foundations | Foundations are built UP and IN SUIT starting with the rank of the card dealt to the first Foundation and ending with the rank one less. For example, if a 3 of hearts was dealt to the first Foundation, then the 4 of hearts would be played onto the 3, then the 5, 6, 7, 8, 9, 10, J, Q, K, A, and 2 of hearts. Each Foundation in this example must also start with a 3. | Columns | Columns are built DOWN in ALTERNATING COLOR. For example, a red 6 may be placed on a black 7. | All face up cards in any Column are available for movement to another Column as long as the above build rule is followed. For example, a red Queen, black Jack, and red 10 can all be moved to a black King because the connecting cards (the K and Q) follow the rule that cards are built Down and in Alternating Color. | The topmost card in any Column is available for play to either another Column or a Foundation. | Empty Columns may be filled with any card or group of cards that may be validly moved. | Stock | Cards from the Stock are flipped three at a time to a Discard Pile. When no cards remain in the Stock, the cards from the Discard Pile can be flipped over and may be played again an unlimited number of times. | Discard Pile | Only the top card of the Discard Pile may be played elsewhere. When a card from the Discard Pile is played then the new top card can also be played. | Game Notes | Double Canfield on Solitaire Network has been changed to reflect the most common rules for the game - that of using only 13 Reserve cards instead of 40.
Double Canfield 40 Solitaire	https://www.solitairenetwork.com/solitaire/double-canfield-40-solitaire-game.html	Klondike Games	Double Canfield 40 Solitaire Rules | Goal | Move all cards to the eight Foundation piles in the same suit. The starting Foundation rank changes from game to game. | The Deal | Using two decks, a single card is dealt to the first Foundation. Next, each of the six Columns is dealt one card. Finally, 40 cards are dealt to the Reserve Pile. Only the last card in the Reserve Pile is face up. | Foundations | Foundations are built UP and IN SUIT starting with the rank of the card dealt to the first Foundation and ending with the rank one less. For example, if a 3 of hearts was dealt to the first Foundation, then the 4 of hearts would be played onto the 3, then the 5, 6, 7, 8, 9, 10, J, Q, K, A, and 2 of hearts. Each Foundation in this example must also start with a 3. | Columns | Columns are built DOWN in ALTERNATING COLOR. For example, a red 6 may be placed on a black 7. | All face up cards in any Column are available for movement to another Column as long as the above build rule is followed. For example, a red Queen, black Jack, and red 10 can all be moved to a black King because the connecting cards (the K and Q) follow the rule that cards are built Down and in Alternating Color. | The topmost card in any Column is available for play to either another Column or a Foundation. | Empty Columns may be filled with any card or group of cards that may be validly moved. | Stock | Cards from the Stock are flipped three at a time to a Discard Pile. When no cards remain in the Stock, the cards from the Discard Pile can be flipped over and may be played again an unlimited number of times. | Discard Pile | Only the top card of the Discard Pile may be played elsewhere. When a card from the Discard Pile is played then the new top card can also be played. | Game Notes | One extra Column was added to this game on April 16, 2009 because it was extremely difficult with just five Columns. | This game was renamed as Double Canfield 40 so that Double Canfield can use the most common rules of dealing only 13 cards to the Reserve with 5 Columns.
Bristol Solitaire	https://www.solitairenetwork.com/solitaire/bristol-solitaire-game.html	Klondike Games	Bristol Solitaire Rules | Goal | Move all cards to the four Foundation piles from Ace to King in the same suit. | The Deal | Using one deck, each of the eight Columns is dealt 3 cards. The remaining cards form the Stock. | Foundations | Foundations are built UP and IN SUIT starting with an Ace and ending with a King. For example, a 2 of Clubs can be placed on an Ace of Clubs, then a 3 of Clubs, then a 4, 5, 6, 7, 8, 9, 10, J, Q, up to the K of Clubs. The same holds true for the other suits. | Columns | Columns are built DOWN in ANY SUIT. For example, any 6 may be placed on any 7. | The topmost card in any Column is available for play to either another Column or a Foundation. Only one card may move at a time. | Empty Columns may be filled with Kings. | Stock | Three cards from the Stock are dealt to the three Discard Piles - one card to each Discard Pile. When no cards remain in the Stock, the play may continue but there is no redeal. | Discard Piles | Only the top card from each of the three the Discard Piles may be played elsewhere. When a card from a Discard Pile is played then the new top card can also be played. | Game Notes | Another variation of Bristol allows for Foundations to be built up in any suit, but then empty Columns cannot be filled with any card. Kings when dealt are moved to the bottom of a Column so that it doesn't block the game. SolitaireNetwork.com may provide this interesting variant in the future.
Flower Garden Solitaire	https://www.solitairenetwork.com/solitaire/flower-garden-solitaire-game.html	Klondike Games	"Flower Garden Solitaire Rules | Goal | Move all cards to the four Foundation piles from Ace to King in the same suit. | The Deal | Using one deck, all cards are dealt face up to the layout. Each of the seven Columns are dealt 5 cards. The remaining 17 cards are dealt to the single Reserve. | Foundations | Foundations are built UP and IN SUIT starting with an Ace and ending with a King. For example, a 2 of Clubs can be placed on an Ace of Clubs, then a 3 of Clubs, then a 4, 5, 6, 7, 8, 9, 10, J, Q, up to the K of Clubs. The same holds true for the other suits. | Columns | Columns are built DOWN in ANY SUIT. For example, any 6 may be placed on any 7. | The topmost card in any Column is available for movement to either another Column or a Foundation. | Empty Columns may be filled with any card. | Reserves | The Reserve is dealt 17 cards to start the hand. ANY CARD from the Reserve may be played to a Column or a Foundation. Think of it as if you are picking flowers, hence the name of the game. Cards may not be played to the Reserve. | Game Notes | SolitaireNetwork.com's version of Flower Garden supports a ""Supermove"" where you may move more than one card at a time as long as the move would have been possible by moving cards singly using empty Columns to shuffle the cards around. | Flower Garden is an underrated game in many ways similar to Free Cell that deserves your attention. It allows for high skill and is winnable with skillful play more often than not."
Fortress Solitaire	https://www.solitairenetwork.com/solitaire/fortress-solitaire-game.html	Klondike Games	Fortress Solitaire Rules | Goal | Move all cards to the four Foundation piles from Ace to King in the same suit. | The Deal | Using one deck, all cards are dealt face up to the layout. There are 10 Columns. The Columns on each end are dealt 6 cards each. The center eight Columns are dealt 5 cards each. | Foundations | Foundations are built UP and IN SUIT starting with an Ace and ending with a King. For example, a 2 of Clubs can be placed on an Ace of Clubs, then a 3 of Clubs, then a 4, 5, 6, 7, 8, 9, 10, J, Q, up to the K of Clubs. The same holds true for the other suits. | Columns | Columns are built UP OR DOWN in ANY SUIT. For example, a 6 may be placed on any 7 or any 5. | The topmost card in any Column is available for movement to either another Column or a Foundation. | Empty Columns may be filled with Kings.
Four Captives Solitaire	https://www.solitairenetwork.com/solitaire/four-captives-solitaire-game.html	Klondike Games	Four Captives Solitaire Rules | Goal | Move all cards to the four Foundation piles from Ace to King in the same suit. | The Deal | Using one deck, 16 cards are placed face up in the Reserve area with the four Aces buried within it. | 5 Columns are dealt an increasing number of cards starting with 1 card in the first Column and up to 5 cards in the 5th Column. All cards are dealt to Columns face down except the last card in each Column. | The remaining 21 cards remain in the Stock. | Foundations | Foundations are built UP and IN SUIT starting with an Ace and ending with a King. For example, a 2 of Clubs can be placed on an Ace of Clubs, then a 3 of Clubs, then a 4, 5, 6, 7, 8, 9, 10, J, Q, up to the K of Clubs. The same holds true for the other suits. | Columns | Columns are built DOWN in ANY SUIT. For example, any 6 may be placed on any 7. | All face up cards in any Column are available for movement to another Column as long as the above build rule is followed. For example, a Q, J, 10 can all be moved to a King. | The topmost card in any Column is NOT available for play to another Column unless it is the only face up card in a Column. | Empty Columns may be filled with any card or cards that may be validly moved. | Reserve | The game starts with 16 cards dealt to the Reserve including all four Aces. Only cards that are completely uncovered may be moved to a Column or a Foundation. | Stock | Cards from the Stock are flipped one at a time to the Discard Pile. No redeals are allowed. | Discard Pile | Only the top card of the Discard Pile may be played to a Column or a Foundation. When a card from the Discard Pile is played then the new top card can also be played. | Game Notes | Four Captives is a Solitaire Network original and was created by Warren Schwader.
Kansas Solitaire	https://www.solitairenetwork.com/solitaire/kansas-solitaire-game.html	Klondike Games	Kansas Solitaire Rules | Goal | Move all cards to the eight Foundation piles from Ace to King in the same suit. | The Deal | Using two decks, one card is dealt to each of the eight Columns. The remaining cards form the Stock. | Foundations | The eight Foundations are built IN SUIT (Four are built up and four down.) | Four of the Foundations are built from Ace to King. For example, a 2 of Clubs can be placed on an Ace of Clubs, then a 3 of Clubs, then a 4, 5, 6, 7, 8, 9, 10, J, Q, up to the K of Clubs. | The other four Foundations are built from King to Ace. For example, a Q of Spades can be placed on a King of Spades, then a J of Spades, then a 10, 9, 8, 7, 6, 5, 4, 3, 2, and then Ace of Spades. | Columns | Columns are built DOWN in the SAME SUIT. For example, a 6 of clubs may only be placed onto a 7 of clubs. | Any number of face up cards may be moved whether in sequence or not provided the above build rule is applied. | Empty Columns may be filled with any card(s). | Stock | Each click on the Stock will deal one card to each Column. | Game Notes | Kansas is a SolitaireNetwork.com original and was created by Warren Schwader. | It is believed that every hand is winnable but takes extensive work to win. The game makes an especially good challenge based on how fast you can solve the hand.
Simple Scorpion Solitaire	https://www.solitairenetwork.com/solitaire/simple-scorpion-solitaire-game.html	Scorpion Games	Simple Scorpion Solitaire Rules | Goal | Form four sets of cards of the same suit from King to Ace within the Columns. | The Deal | Using one deck, each of seven Columns is dealt 3 cards. In the first four Columns, the first card is dealt face down; the Scorpion's tail. The other Column cards are dealt face up. All undealt cards will be in the Stock ready to be played at any time. | Columns | Columns are built DOWN in the SAME SUIT. For example, a 6 of clubs may only be placed onto a 7 of clubs. | Any number of face up cards may be moved whether in sequence or not provided the above build rule is applied. | When a face down card is the topmost card in a Column, it is flipped face up. | Empty Columns may be filled with Kings. | One point is scored for each card built within a Column starting with a King. For example, if a Column has a K, Q, and J of the same suit in sequence then three points are scored for that combination. | Stock | When play comes to a standstill (or sooner if desired,) clicking on the Stock deals one card to each Column.
Double Scorpion Solitaire	https://www.solitairenetwork.com/solitaire/double-scorpion-solitaire-game.html	Scorpion Games	Double Scorpion Solitaire Rules | Goal | Form eight sets of cards of the same suit from King to Ace within the Columns. | The Deal | Using two decks, cards are dealt to 10 Columns. The first 4 Columns are dealt 11 cards each, and the remaining Columns are dealt 10 cards each. Unlike single-deck Scorpion, all cards are dealt out initially. | In each of the first 5 Columns, 5 cards will be face down - the Scorpion's tail. | Columns | Columns are built DOWN in the SAME SUIT. For example, a 6 of clubs may only be placed onto a 7 of clubs. | Any number of face up cards may be moved whether in sequence or not provided the above build rule is applied. | When a face down card is the topmost card in a Column, it is flipped face up. | Empty Columns may be filled with Kings. | The goal is to build 8 sets of cards within the layout from King down to Ace in the same suit. One point is scored for each card built within a Column starting with a King. For example, if a Column has a K, Q, and J of the same suit in sequence then three points are scored for that combination. | Stock | Unlike Single-deck Scorpion, all cards are dealt out during the initial deal so that there is no Stock in Double Scorpion.
Australian Patience	https://www.solitairenetwork.com/solitaire/australian-patience-solitaire-game.html	Scorpion Games	Australian Patience Solitaire Rules | Goal | Move all cards to the four Foundation piles from Ace to King in the same suit. | The Deal | Using one deck, four cards are dealt face up to each of seven Columns in the layout. | Foundations | Foundations are built UP and IN SUIT starting with an Ace and ending with a King. For example, a 2 of Clubs can be placed on an Ace of Clubs, then a 3 of Clubs, then a 4, 5, 6, 7, 8, 9, 10, J, Q, up to the K of Clubs. The same holds true for the other suits. | Columns | Columns are built DOWN in the SAME SUIT. For example, a 6 of Diamonds may only be placed on the 7 of Diamonds. | Any number of cards within a Column may be moved to another Column provided that the above build rule is followed. It does not matter whether the cards being moved are already in sequence or not. For example, a 6 of Diamonds may have a King and a 2 on it. Those three cards may be moved to the 7 of Diamonds. | Empty Columns may be filled with Kings or with a group of cards headed by a King. | Stock and Discard Pile | Cards in the Stock are flipped one at a time to the Discard Pile. The topmost card in the Discard Pile is available for play to either a Column or a Foundation. | There are no redeals. | Game Notes | Australian Patience is a combination of Yukon and Klondike.
Double Australian Patience	https://www.solitairenetwork.com/solitaire/double-australian-patience-solitaire-game.html	Scorpion Games	Double Australian Patience Solitaire Rules | Goal | Move all cards to the eight Foundation piles from Ace to King in the same suit. | The Deal | Using two decks, seven cards are dealt face up to each of nine Columns in the layout. | Foundations | Foundations are built UP and IN SUIT starting with an Ace and ending with a King. For example, a 2 of Clubs can be placed on an Ace of Clubs, then a 3 of Clubs, then a 4, 5, 6, 7, 8, 9, 10, J, Q, up to the K of Clubs. There are two Foundations for each suit. | Columns | Columns are built DOWN in the SAME SUIT. For example, a 6 of Diamonds may only be placed on the 7 of Diamonds. | Any number of cards within a Column may be moved to another Column provided that the above build rule is followed. It does not matter whether the cards being moved are already in sequence or not. For example, a 6 of Diamonds may have a King and a 2 on it. Those three cards may be moved to the 7 of Diamonds. | Empty Columns may be filled with Kings or with a group of cards headed by a King. | Stock and Discard Pile | Cards in the Stock are flipped one at a time to the Discard Pile. The topmost card in the Discard Pile is available for play to either a Column or a Foundation. | There are no redeals. | Game Notes | Double Australian Patience is a two-deck variation of Australian Patience. It is a combination of Yukon and Klondike.
Squadron Solitaire	https://www.solitairenetwork.com/solitaire/squadron-solitaire-game.html	40 Thieves Games	"Squadron Game Summary | Squadron is a much easier version of Forty Thieves. It differs from Forty Thieves by the addition of 3 Reserve piles (the Squadrons) that may each hold one card at a time. These three Reserve piles gives players many options and flexibility during game play. | Squadron Strategy | The key to playing Squadron well is by properly managing the three Reserve piles. It is usually worthwhile to clear at least one of the Reserve piles as soon as possible even if that means burying low-ranking cards in Columns. This will provide flexibility to move many other cards around. The more Reserve piles opened and the earlier they are opened, the more likely the game will be won. With optimal play, we expect about a 50% win rate. | Squadron Rules | Goal | Move all cards to the eight Foundation piles, starting from the Aces and continuing UP to the Kings in EACH suit. | The Deal | Using a double deck, ten Columns are dealt four cards each, face up. Each of the three Reserve piles are dealt one card each. The remaining cards form the Stock. | Foundations | Each of the eight Foundation piles start with an Ace and continues UP in the SAME SUIT to Kings. | Columns | Columns are built DOWN and in the SAME SUIT. For example, within the columns, the only card that can be played onto a 4 of Spades would be a 3 of Spades. | The exposed card in any Column is available for play to another Column, Foundation pile, or to an open Reserve pile. | Empty Columns may be filled with any playable card. | Reserves | There are three Reserve piles. When a Reserve Pile is empty, any moveable card from Columns or the Discard Pile may be moved into it. Each Reserve pile may hold one card at a time. Reserve piles may be reused. | Cards in Reserve piles may be moved to Columns or Foundations. | Stock and Discard Pile | Cards from the Stock may be flipped one card at a time to the Discard Pile. The top card of the Discard Pile may be played to a Column, Foundation, or Reserve pile. There are no redeals. | Game Notes | SolitaireNetwork.com's version of Squadron supports a ""Supermove"" where you may move more than one card at a time as long as the move would have been possible had it been done by shuffling around single cards."
Three Pirates Solitaire	https://www.solitairenetwork.com/solitaire/three-pirates-solitaire-game.html	40 Thieves Games	"Summary | Three Pirates is a close cousin to the hugely popular Forty Thieves game. In fact, if you know how to play forty thieves then you already know how to play Three Pirates. | The only difference between Three Pirates and Forty Thieves is that each time the Stock is clicked one card is dealt to each of three piles, whereas in Forty Thieves only one pile is used. | The addition of three Discard Piles will offer more opportunities to win making Three Pirates somewhat easier, without removing too much of the challenge that people love about Forty Thieves. With three Discard Piles, cards will not be buried as deeply in the piles as they are in Forty Thieves. Plus there are two extra choices for card movements. | Goal | Play all cards to the eight Foundations. Each Foundation starts with an Ace and continues up to the Kings in EACH suit. | The Deal | Using two decks, each of the 10 Columns is dealt 4 cards face up. Thus, 40 cards are dealt and laid out just as in Forty Thieves. The remaining 64 cards form the Stock. | Foundations | Start each Foundation with an Ace and then continue up to the Kings. Each Foundation is built UP and in the SAME SUIT. | Columns | Build Columns DOWN in the SAME SUIT. For example, the only card that can be played onto a 10 of clubs is a 9 of clubs. | The exposed card in any Column is available for play to another Column or to a Foundation pile. | Empty Columns may be filled with any card. | Stock and Discard Piles | A Stock click will deal one card to each of the three Discard Piles. The top card of any Discard Pile can be played to a Column or to a Foundation if the build rules are followed. Cards may not be moved from one Discard Pile to another. There are no redeals. | Game Notes | SolitaireNetwork.com's version of Three Pirates supports a ""Supermove"" where you may move more than one card at a time as long as the move would have been possible had it been done by shuffling around single cards also."
Thieves of Egypt Solitaire	https://www.solitairenetwork.com/solitaire/thieves-of-egypt-solitaire-game.html	40 Thieves Games	"Summary | Thieves of Egypt is a variant of Forty Thieves with these differences: | The cards are layed out differently | Columns are built down in Alternating Color | Any number of built cards may be moved | Only Kings may fill empty Columns | One Redeal is allowed | Thieves of Egypt Rules | Goal | Move all cards to the eight Foundation piles, starting from the Aces and continuing up to the Kings in EACH suit. | The Deal | Using two decks, 55 cards are dealt face up to the ten Columns with each column receiving a different number of cards from 1 to 10. The 10 Columns are dealt from left to right: 1, 3, 5, 7, 9, 10, 8, 6, 4, and 2 cards respectively. The remaining cards form the Stock. | Foundations | Starting with an Ace and continuing up to the Kings, each Foundation is built UP and in the SAME SUIT. | Columns | Columns are built DOWN and in ALTERNATING COLOR. Any number of properly sequenced cards may be moved to another Column if the build condition is met. | For example, within the columns, a red 9, black 8, and red 7 in sequence without any other cards covering them may be moved to an exposed black 10 in another Column. | Sequences may be split. The exposed card of each Column is always available to move to a Foundation pile or another Column. | Empty Columns may only be filled with Kings or properly sequenced cards headed by a King. | Stock and Discard Pile | Cards from the Stock are flipped one at a time to the Discard Pile. The top card of the Discard Pile may be played to a Column or to a Foundation. | One redeal is allowed. | Thieves of Egypt Strategy | Clearing columns is important. Try to get all Kings into play and placed at the top of a Column. It is also important to move Kings that are covering other low-ranked cards into their own Columns. | As early as possible, try to get one Foundation started in each suit. | Try to not build on Columns when the variety of ranks within the Column is great. For example, if a Column has a few low cards buried, try not to place high-ranked cards onto it that cannot be easily moved around. | Remember that you may go through the Stock twice. It may be advantageous sometimes to not always play certain cards from the Stock on the first pass. | Game Notes | SolitaireNetwork.com's version of Thieves of Egypt supports a ""Supermove"" where you may move more than one card at a time as long as the move would have been possible had it been done by shuffling around single cards also."
Single Rail Solitaire	https://www.solitairenetwork.com/solitaire/single-rail-solitaire-game.html	40 Thieves Games	Summary | Single Rail is a single deck version of Forty Thieves. | Single Rail Rules | Goal | Move all 52 cards to the four Foundation piles, starting from the Aces and continuing up to the Kings in EACH suit. | The Deal | Using a single deck, each Column is dealt one card face up. The remaining cards form the Stock. | Foundations | Each Foundation is built UP and in the SAME SUIT starting from an Ace. | Columns | Columns are built DOWN and in ANY SUIT. For example, any 7 or sequenced cards headed by a 7 may be moved onto any exposed 8. | Any number of cards may be moved to another Column if the build condition is met. Sequences may be split. The exposed card of each Column is always available to move to a Foundation pile or another Column. | Empty Columns may be filled with any card or sequence of cards. | Stock and Discard Pile | Cards from the Stock are flipped one at a time to the Discard Pile. The top card of the Discard Pile may be played to a Column or to a Foundation. | No Redeal is allowed. | Single Rail Strategy | It is often advantageous to keep one Column open so that cards may be played from the Stock that are one rank higher than one of the other cards that head up a Column. | It is important to get lower ranked cards into play when possible so that they do not become buried deeply in the Waste Pile. | Since Foundations are built in the same suit, it is a more advantageous to build Columns in the same suit when possible. But it is most important to get cards into play even if suits do not match. It will often be possible to manipulate the cards in Columns in order to move cards of the same suit together.
Rank and File Solitaire	https://www.solitairenetwork.com/solitaire/rank-and-file-solitaire-game.html	40 Thieves Games	Summary | If you know how to play Forty Thieves then Rank and File will be easy for you. | Here is a summary of how Rank and File differs from Forty Thieves: | Columns are built down in Alternating Color | Any number of built cards in Columns may be moved | Any number of built cards may fill empty Columns | Rank and File Rules | Goal | Move all cards to the eight Foundation piles, starting from the Aces and continuing up to the Kings in EACH suit. | The Deal | Using two decks, each Column is dealt three cards face down and one card face up. The remaining 64 cards form the Stock. | Foundations | Starting with an Ace and continuing up to the Kings, each Foundation is built UP and in the SAME SUIT. | Columns | Columns are built DOWN and in ALTERNATING COLOR. | Any number of cards may be moved from one Column to another if the build condition is met. Sequences may be split. For example, a red 6 (or group of cards headed by a red 6) may be moved to a black 7. The exposed card of each Column is always available to move to a Foundation pile or another Column. | Empty Columns may be filled with any exposed card or group of cards. | Stock and Discard Pile | Cards from the Stock are flipped one at a time to the Discard Pile. The top card of the Discard Pile may be played to a Column or to a Foundation. | No Redeals are allowed. | Rank and File Strategy | Don't be too quick to play cards to Foundations. It is more important to get as many cards into the playfield as possible. | Try to build the Foundations up synchronously, or at least one set of four Foundations synchronously. Otherwise, some low ranked cards will get buried deeply in the Discard Pile, or not be immediately playable when flipped face up in Columns. | Empty Columns will play a key role in managing the game well. Use them to clear other Columns as fast as possible. Once all cards are face up, use Empty Columns to get as many Discard Pile cards into play as possible. Ideally, each play from the Discard Pile to an Empty Column should allow another movement of cards onto it, keeping at least one Column empty. | Don't forget that you may move any number of cards from Columns. This will often allow you to play cards to Foundations and open up other plays. | Finally, don't easily give up when the Stock cards have all been flipped. It will often be possible to continue playing by moving cards around Columns, freeing up plays to the Foundation.
Josephine Solitaire	https://www.solitairenetwork.com/solitaire/josephine-solitaire-game.html	40 Thieves Games	Summary | Josephine, also known as Forty Bandits, is identical to Forty Thieves with only one difference: | Whereas in Forty Thieves only one card may be moved at a time, in Josephine, any number of cards in a properly built suit sequence may be moved. | Josephine Rules | Goal | Move all cards to the eight Foundation piles, starting with the Aces and continuing up to the Kings in EACH suit. | The Deal | Using two decks, 40 cards are dealt face up to the ten Columns with each column receiving 4 cards. The remaining 64 cards form the Stock. | Foundations | Starting with an Ace and continuing up to the Kings, each Foundation is built UP and in the SAME SUIT. | Columns | Columns are built DOWN and in the SAME SUIT. For example, within the columns, the only card that can be played onto a 5 of Clubs would be a 4 of Clubs. | The exposed card in any Column is available for play to another Column or to a Foundation pile. Any number of properly sequenced cards may be moved to another Column if the build condition is met. Sequences may be split. | Empty Columns may be filled with any card or properly sequenced group of cards. | Stock and Discard Pile | Cards from the Stock are flipped one at a time to the Discard Pile. The top card of the Discard Pile may be played to a Column or to a Foundation. | There are no redeals. | Josephine Strategy | Josephine is somewhat easier to win than Forty Thieves due to the added rule that groups of sequenced cards can be moved. This makes it easier to move cards around the Columns, and makes it easier to open up empty Columns. The end-game is also easier for the same reasons. | Work to empty at least one Column as soon as possible. With an empty Column available it will be easier to put more cards from the Waste Pile into play. When moving cards from the Waste Pile to an empty Column, try to move other cards onto the newly placed card so that a different Column can be emptied. | Sometimes, it can be better to store cards in the Columns that would otherwise be playable to Foundations.
Tri-Peaks Solitaire	https://www.solitairenetwork.com/solitaire/tri-peaks-solitaire-game.html	Tri-Peaks Games	Tri-Peaks Solitaire Rules | Goal | Move all cards to the single Foundation pile by playing cards one higher or lower. | The Deal | Using one deck, 28 cards are dealt to the layout in the shape of three pyramids. The Foundation is dealt one card. | Foundation | The foundation may be built UP or DOWN in ANY SUIT. For example, if the Foundation is showing a 5, then a 4 or 6 may be played onto it. An Ace may be played on a King and a King may be placed on an Ace. | When play comes to a standstill or sooner if desired, you may flip a card from the Stock and it is placed in the Foundation. Then you may continue. | Layout Cards | Only cards that are completely uncovered may be moved to the Foundation. | Stock | 23 cards remain in the Stock after the deal. Cards may be flipped one at a time from the Stock as desired. Usually, cards are flipped because no more plays are available. There are no redeals. | The more cards remaining in the Stock when the game is won, the more points added to your score. For example, if you win the game and 5 cards remain in the Stock, your score would be 52 + 5 = 57 points.
Tri-Peaks Garden Solitaire	https://www.solitairenetwork.com/solitaire/tri-peaks-garden-solitaire-game.html	Tri-Peaks Games	"Tri-Peaks Garden Solitaire Rules | Goal | Move all cards to the single Foundation pile by playing cards one higher or lower. | The Deal | Using one deck, 37 cards are dealt to the layout in the shape of three pyramids. The Foundation is dealt one card. The remaining 14 cards are dealt to a Reserve - the ""Garden."" | Foundation | he foundation may be built UP or DOWN in ANY SUIT. For example, if the Foundation has a 5 on it, then a 6 or 4 can be played from the layout. | An Ace may be played on a King and a King may be placed on an Ace. | When play comes to a standstill or sooner if desired, you may choose any card from the Reserve and place it on the Foundation. Then you may continue. | Layout Cards | Only cards that are completely uncovered may be moved to the Foundation. | Reserve | 14 cards are dealt to the Reserve. Any one of these cards may be played onto the Foundation at any time even if the ranks do not follow the build rules. There are no redeals. | The more cards remaining in the Reserve when the game is won, the more points that are added to your score. For example, if you win the game and 5 cards remain in the Reserve, your score would be 52 + 5 = 57 points."
Golf Solitaire	https://www.solitairenetwork.com/solitaire/golf-solitaire-game.html	Tri-Peaks Games	Golf Solitaire Rules | Goal | Move all cards to the single Foundation pile by playing cards one higher or lower. | The Deal | Using one deck, 30 cards are dealt to the layout - five cards to each of the six Columns. The Foundation is dealt one card. The remaining cards form the Stock. | Foundation | The single foundation may be built UP or DOWN in ANY SUIT. For example, any 6 from a Column may be played on any 5 or any 7 on the Foundation. An Ace may be played on a King and a King may be placed on an Ace. | Stock | 21 cards remain in the Stock after the deal. Cards may be flipped one at a time from the Stock to the Foundation as desired. Usually, cards are flipped because no more plays are available. There are no redeals. | The more cards remaining in the Stock when the game is won, the more points added to your score. For example, if you win the game and 5 cards remain in the Stock, your score would be 52 + 5 = 57 points. | Columns | The topmost card in any Column is available for play to the Foundation. Card may not be moved among Columns. Empty Columns remain empty.
Black Hole Solitaire	https://www.solitairenetwork.com/solitaire/black-hole-solitaire-game.html	Tri-Peaks Games	Black Hole Solitaire Rules | Goal | Move all cards to the single Foundation pile by playing cards one higher or lower. | The Deal | Using one deck, all cards are dealt to the layout. First, an Ace is placed in the single Foundation in the center. Then each of 17 Columns is dealt 3 cards. | Foundations | A single Ace is removed from the deck andplaced int he single Foundation pile. | The foundation may be built UP or DOWN in ANY SUIT. For example, any 6 from a Column may be played on any 5 or any 7 on the Foundation. An Ace may be placed on a King and a King may be placed on an Ace. | Columns | Only the topmost card of each Column may be moved to the Foundation. | Game Notes | Black Hole solitaire rules created by David Parlett.
Spider Solitaire	https://www.solitairenetwork.com/solitaire/spider-solitaire-game.html	Spider Games	Spider Solitaire Rules | Goal | Form eight sets of cards of the same suit from King to Ace within the Columns. | The Deal | Using two decks, ten Columns of cards are dealt 5 or 6 cards each. The first four Columns are dealt 6 cards, the next six Columns are dealt 5 cards each. All cards are dealt face down except for the last card in each Column | Stock | Every click on the Stock will deal one card to each Column. Click on the Stock after no more moves are possible (or desirable) in the layout. All Columns must contain at least one card before the cards will be dealt. There are no redeals. | Columns | Columns are built DOWN in ANY SUIT. However, since the goal is to build sets of cards in the same suit, you should prefer building down in the same suit. | The topmost card of each Column is always available for play. Also, cards of the same suit and in sequence may be moved to another Column provided the above build rule applies. For example, an 8, 7, and 6 of Spades may move to any 9. However, an 8 of clubs, 7 and 6 of Spades may not move as a unit because they are not all of the same suit. | Sequences may be split apart once formed. For example, in a sequence of 8, 7, 6 of Spades, the 7 and 6 may be split apart from the 8 in order to be played to another 8. | When a sequence of King through Ace in the same suit is formed within a Column, it is removed from the layout. | Empty Columns may be filled with any card or movable sequence of cards. All Columns must contain a card before more cards can be dealt from the Stock. | One point is scored for each card built within a Column starting with a King. For example, if a Column has a K, Q, and J of the same suit in sequence then three points are scored for that combination. A full set of King through Ace in the same suit is 13 points. | Game Notes | Spider Solitaire on Solitaire Network has been modified to be brought into line with the standard rules of Spider as are common in many other solitaire packages. If you are looking for the previous rule set, it is now named Spider-Relaxed. | The only difference between the standard and relaxed variations is that in the standard version of the game, the sets of cards from King to Ace must be in the same suit instead of in any suit. | You might also wish to try the Easy version which is the same as the Relaxed version, but you are also allowed to move groups of cards of combined suits.
Spider Relaxed Solitaire	https://www.solitairenetwork.com/solitaire/spider-relaxed-solitaire-game.html	Spider Games	Spider Relaxed Solitaire Rules | Goal | Form eight sets of cards of any suit from King to Ace within the Columns. | The Deal | Using two decks, ten Columns of cards are dealt 5 or 6 cards each. The first four Columns are dealt 6 cards, the next six Columns are dealt 5 cards each. All cards are dealt face down except for the last card in each Column | Stock | Every click on the Stock will deal one card to each Column. Click on the Stock after no more moves are possible (or desirable) in the layout. All Columns must contain at least one card before the cards will be dealt. There are no redeals. | Columns | Columns are built DOWN in ANY SUIT. However, since you may only move groups of cards of the same suit, you should prefer building down in the same suit. | The topmost card of each Column is always available for play. Also, cards of the same suit and in sequence may be moved to another Column provided the above build rule applies. For example, an 8, 7, and 6 of Spades may move to any 9. However, an 8 of clubs, 7 and 6 of Spades may not move as a unit because they are not all of the same suit. | Sequences may be split apart once formed. For example, in a sequence of 8, 7, 6 of Spades, the 7 and 6 may be split apart from the 8 in order to be played to another 8. | When a sequence of King through Ace in ANY suit is formed within a Column, it is removed from the layout. | Empty Columns may be filled with any card or movable sequence of cards. All Columns must contain a card before more cards can be dealt from the Stock. | One point is scored for each card built within a Column starting with a King. For example, if a Column has a K, Q, and J in sequence then three points are scored for that combination. A full set of King through Ace is 13 points. | Game Notes | This is the version of Spider that has been on Solitaire Network for many years. The name was changed so that the standard version of Spider could be added too (and be named Spider.) However, the rule that all Columns need to be filled before dealing cards was added to conform to most other Spider games that use this rule. | The only difference between the standard and relaxed variations is that in the relaxed version of the game, the sets of cards from King to Ace can be in any suit instead of the same suit. | You might also wish to try the Easy version which is the same as the Relaxed version, but you are also allowed to move groups of cards of combined suits.
Spider Easy Solitaire	https://www.solitairenetwork.com/solitaire/spider-easy-solitaire-game.html	Spider Games	Spider Easy Solitaire Rules | Goal | Form eight sets of cards of any suit from King to Ace within the Columns. | The Deal | Using two decks, ten Columns of cards are dealt 5 or 6 cards each. The first four Columns are dealt 6 cards, the next six Columns are dealt 5 cards each. All cards are dealt face down except for the last card in each Column | Stock | Every click on the Stock will deal one card to each Column. Click on the Stock after no more moves are possible (or desirable) in the layout. All Columns must contain at least one card before the cards will be dealt. There are no redeals. | Columns | Columns are built DOWN in ANY SUIT. The suits do not matter in the Easy version of Spider. | The topmost card of each Column is always available for play. Also, cards of any suit and in sequence may be moved to another Column provided the above build rule applies. For example, an 8, 7, and 6 of Spades may move to any 9. Also, an 8 of clubs, 7 and 6 of Spades may move as a unit even though they are of differing suits - which is what makes the Easy version easy. | Sequences may be split apart once formed. For example, in a sequence of 8, 7, 6, the 7 and 6 may be split apart from the 8 in order to be played to another 8. | When a sequence of King through Ace in ANY suit is formed within a Column, it is removed from the layout. | Empty Columns may be filled with any card or movable sequence of cards. All Columns must contain a card before more cards can be dealt from the Stock. | One point is scored for each card built within a Column starting with a King. For example, if a Column has a K, Q, and J in sequence then three points are scored for that combination. A full set of King through Ace is 13 points. | Game Notes | The only difference between the Relaxed version and the Easy version is that in the Easy version of the game, the cards may be moved even if the suits don't match, as long as the card ranks are in sequence.
Spider 1-Suit Solitaire	https://www.solitairenetwork.com/solitaire/spider-1-suit-solitaire-game.html	Spider Games	Spider 1-Suit Solitaire Rules | Goal | Form eight sets of cards from King to Ace within the Columns. | The Deal | Using two decks (8 sets of King to Ace in Spades,) ten Columns of cards are dealt 5 or 6 cards each. The first four Columns are dealt 6 cards, the next six Columns are dealt 5 cards each. All cards are dealt face down except for the last card in each Column | Stock | Every click on the Stock will deal one card to each Column. Click on the Stock after no more moves are possible (or desirable) in the layout. All Columns must contain at least one card before the cards will be dealt. There are no redeals. | Columns | Columns are built DOWN. For example, place a 9 on a 10. | he topmost card of each Column is always available for play. Also, cards in sequence may be moved to another Column provided the above build rule applies. For example, an 8, 7, and 6 may move to any 9. | Sequences may be split apart once formed. For example, in a sequence of 8, 7, 6, the 7 and 6 may be split apart from the 8 in order to be played to another 8. | When a sequence of King through Ace is formed within a Column, it is removed from the layout. | Empty Columns may be filled with any card or movable sequence of cards. All Columns must contain a card before more cards can be dealt from the Stock. | One point is scored for each card built within a Column starting with a King. For example, if a Column has a K, Q, and J in sequence then three points are scored for that combination. A full set of King through Ace is 13 points. | Game Notes | Spider 1-Suit Solitaire plays identically to the original game of Spider except that only Spades are used.
Spiderette Solitaire	https://www.solitairenetwork.com/solitaire/spiderette-solitaire-game.html	Spider Games	Spiderette Solitaire Rules | Goal | Form four sets of cards of the same suit from King to Ace within the Columns. | The Deal | Using one deck, seven Columns are dealt cards in a similar style to Klondike, where each successive Column is dealt one more card than the previous Column. Only the last card in a Column is dealt face up. | Stock | Every click on the Stock will deal 1 card to each Column. Click on the Stock after no more moves are possible (or desirable) in the layout. All Columns must contain at least 1 card before you may deal cards from the Stock. There are no redeals. | Columns | Columns are built DOWN in ANY SUIT. However, you should prefer to build in the same suit since it makes it easier to move cards around and the goal is to build sets in the same suit. | Any number of face up cards may be moved to another Column provided that all cards being moved are sequential in rank, and that the move satisfies the build rule above. For example, a 8, 7, 6 of Spades may be moved to another Column with a 9, but the cards 8, 7, 6, Q would not be allowed. | Sequences may be split apart once formed. For example, in a sequence of 8, 7, 6 of Spades, the 7 and 6 may be split apart from the 8 in order to be played to another 8. | When a same suit sequence of King through Ace is formed within a Column, it is removed from the layout. | One point is scored for each card built within a Column starting with a King. For example, if a Column has a K, Q, and J of the same suit then three points are scored for that combination. A full set of King through Ace is 13 points. | Game Notes | Solitaire Network has renamed its previous game of Spiderette to Land of Nod because it didn't follow the standard rules for Spiderette. This version of Spiderette is new to Solitaire Network and conforms to standard Spiderette rules. | An easier version of Spiderette is called Will O' the Wisp where the only difference is the number of cards dealt at the start.
Will O' The Wisp Solitaire	https://www.solitairenetwork.com/solitaire/will-o-the-wisp-solitaire-game.html	Spider Games	Will O' The Wisp Solitaire Rules | Goal | Form four sets of cards of the same suit from King to Ace within the Columns. | The Deal | Using one deck, each of seven Columns is dealt 4 cards - 3 face down and the last card face up. | Stock | Every click on the Stock will deal 1 card to each Column. Click on the Stock after no more moves are possible (or desirable) in the layout. All Columns must contain at least 1 card before you may deal cards from the Stock. There are no redeals. | Columns | Columns are built DOWN in ANY SUIT. However, you should prefer to build in the same suit since it makes it easier to move cards around and the goal is to build sets in the same suit. | Any number of face up cards may be moved to another Column provided that all cards being moved are sequential in rank, and that the move satisfies the build rule above. For example, a 8, 7, 6 of Spades may be moved to another Column with a 9, but the cards 8, 7, 6, Q would not be allowed. | Sequences may be split apart once formed. For example, in a sequence of 8, 7, 6 of Spades, the 7 and 6 may be split apart from the 8 in order to be played to another 8. | When a same suit sequence of King through Ace is formed within a Column, it is removed from the layout. | One point is scored for each card built within a Column starting with a King. For example, if a Column has a K, Q, and J of the same suit then three points are scored for that combination. A full set of King through Ace is 13 points. | Game Notes | A harder version of Will O' the Wisp is called Spiderette where the only difference is the number of cards dealt at the start.
Land of Nod Solitaire	https://www.solitairenetwork.com/solitaire/land-of-nod-solitaire-game.html	Spider Games	Land of Nod Solitaire Rules | Goal | Form four sets of cards of any suit from King to Ace within the Columns. | The Deal | Using one deck, each of seven Columns is dealt 4 cards - 3 face down and the last card face up. | Stock | Every click on the Stock will deal 1 card to each Column. Click on the Stock after no more moves are possible (or desirable) in the layout. All columns must have at least 1 card before the Stock will deal cards. There are no redeals. | Columns | Columns are built DOWN in ANY SUIT. | Any number of face up cards may be moved to another Column provided that all cards being moved are sequential in rank, and that the move satisfies the build rule above. For example, a 8, 7, 6 sequence may be moved to another Column with a 9, but the cards 8, 7, 6, Q would not be allowed. | Sequences MAY NOT be split apart once formed except for the topmost card of any Column. This is different from most other Spider type games. For example, in a sequence of 8, 7, 6, the 7, 6 may not split apart from the 8 in order to be played to another 8. However, if the 6 is the last card in a Column, it may be moved even though it splits the sequence. | When a sequence of King through Ace is formed within a Column, it is removed from the layout. | One point is scored for each card built within a Column starting with a King. For example, if a Column has a K, Q, and J of any suit in sequence then three points are scored for that combination. A full set of King through Ace is 13 points.
Pyramid Solitaire	https://www.solitairenetwork.com/solitaire/pyramid-solitaire-game.html	Pairing/Adding Games	Pyramid Solitaire Rules | Goal | Remove all cards from the layout by matching pairs of cards totalling 13. | The Deal | Using one deck, 28 cards are dealt to the layout in the shape of a pyramid. The Discard Pile is dealt one card. 7 Reserve cards are also dealt. The Kings are removed from play. The remaining cards form the Stock. | Layout Cards | Only cards that are completely uncovered may be paired up. In Pyramid, cards are paired up when their ranks total 13. For example, a 6 and a 7 pair up and may be removed. Also 5 and 8, 4 and 9, 3 and 10, 2 and J, and A and Q. | Cards available for pairing are completely uncovered cards in the pyramid, the 7 reserve cards, and the topmost card of the Discard Pile. | Kings total 13 on their own and so are automatically removed from the game. | Cards that are paired up are removed from play. | Reserves | There are 7 Reserves at the bottom of the layout. Reserve cards are available for pairing up (two cards totaling 13) at any time. Once a card is played from a Reserve, the Reserve remains empty. | Stock | 16 cards remain in the Stock after the deal. Cards may be flipped one at a time from the Stock as desired. | Discard Pile | The topmost card of the Discard Pile is available for play. | Game Notes | Pyramid is one of the most difficult games to win on Solitaire Network. Interestingly, it is also one of the most popular.
Pyramid 2 Solitaire	https://www.solitairenetwork.com/solitaire/pyramid-2-solitaire-game.html	Pairing/Adding Games	Pyramid 2 Solitaire Rules | Goal | Remove all cards from the layout by matching pairs of cards totalling 13. | The Deal | Using one deck, 28 cards are dealt to the pyramid. The rest of the cards are dealt to the eight Reserves. Two Reserves with 4 cards, two Reserves with 3 cards, two Reserves with 2 cards, and two Reserves with 1 card. The Kings are removed from play. | Layout Cards | Cards available for pairing are completely uncovered cards in the Pyramid or Reserve cards. | In Pyramid 2, cards are paired up when their ranks total 13. For example, a 6 and a 7 make up a pair and may be removed. Also 5 and 8, 4 and 9, 3 and 10, 2 and J, and A and Q. | Kings total 13 on their own and so are automatically removed from the game. | Cards that are paired up are removed from play. | Reserves | There are 8 Reserves to the sides of the Pyramid each holding between 1 and 4 cards in them. The topmost card of a Reserve is available to pair up with pyramid cards or other available Reserve cards. | Cards may not be placed into a Reserve. | Game Notes | Although Pyramid 2 originated at SolitaireNetwork.com, we felt it was too similar to other Pyramid variants to claim authorship of it.
Pyramid 3 Solitaire	https://www.solitairenetwork.com/solitaire/pyramid-3-solitaire-game.html	Pairing/Adding Games	Pyramid 3 Solitaire Rules | Goal | Remove all cards from the layout by matching pairs of cards totalling 13. | The Deal | Using one deck, 45 cards are dealt to the pyramid. The remaining 3 cards are dealt to the 3 Reserves. The Kings are removed from play. | Layout Cards | Cards available for pairing are completely uncovered cards in the Pyramid or Reserve piles. | In Pyramid 3, cards are paired up when their ranks total 13. For example, a 6 and a 7 make up a pair and may be removed. Also 5 and 8, 4 and 9, 3 and 10, 2 and J, and A and Q. | Kings total 13 on their own and so are automatically removed from the game. | Cards that are paired up are removed from play. | Reserves | There are 3 Reserves beneath the Pyramid each holding 1 card. When a card is removed from a Reserve, the Reserve is opened up so as to accept any other single card from the Pyramid. In this, the Reserve piles act similarly to Free Cell. | Strategy: | In the example layout below you can pair up the 4 and 9, OR you could utilize the empty Reserve pile by placing the 7 of Hearts in it. That would then create more possible plays such as the 7-6, J-2, or the 9-4. | Often, it is better to use a card from the Reserves rather than using a Pyramid card. For example, in the layout above, it may be more strategic to match the 4 with the 9 in the Reserve pile rather than the 9 from the layout. | With careful play, we believe most shuffles are winnable. | Game Notes | Pyramid 3 is a Solitaire Network original created by Warren Schwader in 2007.
Nestor Solitaire	https://www.solitairenetwork.com/solitaire/nestor-solitaire-game.html	Pairing/Adding Games	Nestor Solitaire Rules | Goal | Remove all cards in the layout by matching pairs of cards of the same rank. | The Deal | Using one deck, all cards are dealt face up to the layout. Seven Columns are dealt 6 cards each. The ten Reserves are dealt 1 card each. | Columns | The topmost card in any Column is available for play. Cards are dragged to another card and if the ranks of the two cards match, they are removed from the Layout. | Cards may not be moved to other Columns. | Empty Columns remain empty. | Reserves | Any of the ten Reserves cards are available for pairing. Cards may not be moved to a Column so as to place the card in the Column. | Empty Reserves remain empty.
Achilles	https://www.solitairenetwork.com/solitaire/achilles-solitaire-game.html	Pairing/Adding Games	"Achilles Solitaire Rules | Goal | Remove all cards in pairs of the same rank or ""near-pairs"" of cards 1 rank away from each other. | The Deal | Using one deck, each of seven Columns is dealt from 5 to 9 cards face-up as shown. One card is dealt to a Reserve pile and the other two cards remain in the Stock. | Columns | The topmost card in any Column is available for play. Cards are dragged to another card and if the ranks of the two cards match, they are removed from the Layout. | Cards may also be matched if their ranks are ""near"" each other so that their ranks are just one rank different. Aces are considered to be near Kings so that matching an Ace and King is valid. | In the layout pictured above, possible first plays are: J-Q, J-10, 10-9, 5-5, 5-4, and the 4-3. | Cards may not be moved to onto other Columns. | Empty Columns must remain empty. | Reserve | The topmost card of the Reserve pile is available for play and can be played along with a card from a Column using the same rule for matching two cards. | Cards may not be moved to onto the Reserve pile. | When empty, the Reserve must remain empty. | Stock | When play comes to a standstill (or sooner if desired,) click on the Stock to deal one card to the Reserve pile next to it. | Game Notes | Achilles solitaire is a Solitaire Network original created by Warren Schwader in 2007."
Baroness	https://www.solitairenetwork.com/solitaire/baroness-solitaire-game.html	Pairing/Adding Games	Baroness Solitaire Rules | Goal | Remove all cards in pairs totalling 13. | The Deal | Using one deck, One card is initially dealt to each of 6 Columns. The Kings are removed from play. The remaining cards form the Stock. | Columns | Only cards that are completely uncovered may be paired up. | Ccards are paired up when their ranks total 13. For example, a 6 and a 7 pair up and may be removed. Also 5 and 8, 4 and 9, 3 and 10, 2 and J, and A and Q. | Kings total 13 on their own and so are automatically removed from the game. | Cards that are paired up are removed from play. | Special Column | The rightmost Column is special in that it is the only Column whereby cards can be moved into it singly if the Column is empty. | Stock | Each time the Stock is clicked, one card is dealt to each Column. | Discard Pile | Cards matched up are removed from play. | Game Notes | Baroness is similar to Pyramid, but yet is far easier to solve. It also offers more opportunity for skillful play. Single deck Baroness is slightly more difficult than Double Baroness. | Solitaire Network's version of Baroness was changed slightly to make the game easier to beat. The original rules allow for only 5 Columns and no Special Column. Under those rules, the game is nearly impossible.
Double Baroness Solitaire	https://www.solitairenetwork.com/solitaire/double-baroness-solitaire-game.html	Pairing/Adding Games	Double Baroness Solitaire Rules | Goal | Remove all cards in pairs totalling 13. | The Deal | Using two decks, One card is initially dealt to each of 7 Columns. The Kings are removed from play. The remaining cards form the Stock. | Columns | Only cards that are completely uncovered may be paired up. | Ccards are paired up when their ranks total 13. For example, a 6 and a 7 pair up and may be removed. Also 5 and 8, 4 and 9, 3 and 10, 2 and J, and A and Q. | Kings total 13 on their own and so are automatically removed from the game. | Cards that are paired up are removed from play. | Special Column | The rightmost Column is special in that it is the only Column whereby cards can be moved into it singly if the Column is empty. | Stock | Each time the Stock is clicked, one card is dealt to each Column. | Discard Pile | Cards matched up are removed from play. | Game Notes | Double Baroness is similar to Pyramid, but yet is far easier to solve. It also offers more opportunity for skillful play. The Double deck version of Baroness is a little easier than Single Deck Baroness.
Fourteens Solitaire	https://www.solitairenetwork.com/solitaire/fourteens-solitaire-game.html	Pairing/Adding Games	Fourteens Solitaire Rules | Goal | Remove all cards in pairs totalling 14. | The Deal | Using one deck, all cards are dealt face up to the layout. There are twelve Columns. Four of the Columns are dealt 5 cards. The remaining Columns are each dealt 4 cards. | Columns | The topmost card in any Column is available for play. Cards are dragged to another card and if the ranks of the two cards total 14, they are removed from the Layout. | The values of the cards range from Ace - 1, 2 thru 10 - their face value, Jacks - 11, Queens - 12, and Kings - 13. For example, a King and an Ace total 14 and may be removed. The other combinations of cards are: Q-2, J-3, 10-4, 9-5, 8-6, and 7-7. | Cards may not be moved to other Columns. | Empty Columns must remain empty.
Osmosis Solitaire	https://www.solitairenetwork.com/solitaire/osmosis-solitaire-game.html	Eliminator Games	Osmosis Solitaire Rules | Goal | Move all cards to the four Foundation piles in any order in the same suit. | The Deal | Using one deck, 16 cards are dealt to 4 Reserve piles. All cards are dealt face down except for the last card in each Reserve. | Foundations | Foundations are built in any order, but of the same suit. One card is dealt to the first Foundation. In Osmosis, a card may be played to a Foundation if the suits match, and then only if the Foundation pile above it contains a card of the same rank. | Stock | Cards from the Stock are flipped three at a time to a Discard Pile. When no cards remain in the Stock, the cards from the Discard Pile can be flipped over and played through an unlimited number of times. | Discard Pile | Only the top card of the Discard Pile may be played to a Foundation. When a card from the Discard Pile is played then the new top card can also be played.
Osmosis Peek Solitaire	https://www.solitairenetwork.com/solitaire/osmosis-peek-solitaire-game.html	Eliminator Games	Osmosis Peek Solitaire Rules | Goal | Move all cards to the four Foundation piles in any order in the same suit. | The Deal | Using one deck, 16 cards are dealt to 4 Reserve piles. All cards are dealt face up. | Foundations | Foundations are built in any order, but of the same suit. You may choose any available card to place as the starting card of the first foundation. In Osmosis Peek, a card may be played to a Foundation if the suits match, and then only if the Foundation pile above it contains a card of the same rank. | Stock | Cards from the Stock are flipped three at a time to a Discard Pile. When no cards remain in the Stock, the cards from the Discard Pile can be flipped over and played through an unlimited number of times. | Discard Pile | Only the top card of the Discard Pile may be played to a Foundation. When a card from the Discard Pile is played then the new top card can also be played.
Tam O'Shanter Solitaire	https://www.solitairenetwork.com/solitaire/tam-o-shanter-solitaire-game.html	Eliminator Games	Tam O'Shanter Solitaire Rules | Goal | Move cards to the four Foundations from Ace to King in any suit. | The Deal | Using one deck, each of the four Columns is dealt one card. The remaining cards form the Stock. | Foundations | Foundations are built UP in ANY SUIT starting with an Ace and ending with a King. | Columns | Cards may not move between Columns. Only the topmost card in a Column can be played to a Foundation. | Stock | Every time the Stock is clicked, one card will be dealt to each Column. When the Stock is empty, the cards from the four Columns may be gathered up and redealt. Two redeals are allowed.
Blue Bonnet Solitaire	https://www.solitairenetwork.com/solitaire/blue-bonnet-solitaire-game.html	Eliminator Games	Blue Bonnet Solitaire Rules | Goal | Move cards to the four Foundations from Ace to King in any suit. | The Deal | Using one deck, each of the four Columns is dealt one card. The remaining cards form the Stock. | Foundations | Foundations are built UP in ANY SUIT starting with an Ace and ending with a King. | Columns | Only the topmost card in a Column can be played to a Foundation. After the initial deal and after each Stock click you may optionally move ONE topmost card from any Column to any other Column. This card movement may take place before, after, or between other card movement to the Foundations. | Stock | Every time the Stock is clicked, one card will be dealt to each Column. There is no redeal.
Royal Marriage	https://www.solitairenetwork.com/solitaire/royal-marriage-solitaire-game.html	Eliminator Games	Royal Marriage Solitaire Rules | Goal | Bring the groom (the King of Hearts) to his bride (the Queen of Hearts) so that they end the game next to each other. | The Deal | Using one deck, All 52 cards are dealt in 4 rows of 13 non-overlapping cards. The cards are dealt in four rows only for the sake of convienience. Players should think of the cards as if they were arranged in just a single row of 52 cards. The first card of each row comes just after the last card of the row above it.> | The Queen of Hearts is placed in the first position in the upper left, and the King of Hearts is placed in the last position in the lower right. | Removing Cards | There are two rules for removing cards: | Rule 1 - Individual cards may be removed if they are directly between two other cards of the same rank or the same suit. To remove these kinds of cards, just click on the card. | Rule 2 - Two cards may both be removed if they are directly between two other cards of the same rank or the same suit. To remove these kinds of cards, drag one of the interior cards on top of the other. The two cards being removed can be any two cards and do not need to have any special relationship, except that they are next to each other. | After cards are removed, all of the cards following the removed cards are slid to the left to fill the empty space(s). | Example Plays | In the following diagram, the 10 of Diamonds (last card of the top row) is considered one space to the left of the 7 of Hearts (the first card of the second row.) Similarly, the 10 of Hearts is one space to the left of the 7 of Clubs, and the 2 of Diamonds is one card to the left of the 2 of Clubs. | In this diagram there are dozens of plays that could be made. Some examples of card movements are as follows: | In the top row, the Jack of Hearts is between two cards of the same rank (the Aces) so the Jack of Hearts can be removed by clicking on it. | In the second row, there are four Diamonds right next to each other. The 7 of Diamonds or the Jack of Diamonds could be removed singly because they each have cards of the same suit next to them. But both cards could be removed by dragging one on top of the other because the 5 and King of Diamonds surround them both. | At the end of the second row is a 10 of Hearts and at the start of the third row is a 7 of Clubs. These two cards are surrounded by two other cards of the same rank (Queens) therefore the 10 and 7 may be removed by dragging one of those cards on top of the other. Remember that cards in the rows should be viewed as though they were layed out on a single row of 52 cards. | In the fourth row, the 7 of Spades can be removed by clicking on it because there are cards of the same suit on each side of it (the 3 and 2 of Hearts.)
Accordion	https://www.solitairenetwork.com/solitaire/accordion-solitaire-game.html	Eliminator Games	Accordion Solitaire Rules | Goal | Combine the cards in order to leave only one card remaining. Very difficult! | The Deal | Using one deck, All 52 cards are dealt in 4 rows of 13 non-overlapping cards. The cards are dealt in four rows only for the sake of convienience. Players should think of the cards as if they were arranged in just a single row of 52 cards. The first card of each row comes just after the last card of the previous row. | Combining Cards | Drag one card onto another to combine cards. Cards may only move forward toward the first dealt card. | A card may be moved onto another card if it is the same rank or the same suit as a card to its immediate left or as a card that is three cards to its left. | After a card is moved, all of the cards following the moved card are slid to the left to fill the empty space. | Example Plays | In this diagram, the Jack of Hearts (last card of the top row) is considered one space to the left of the 9 of Spades (the first card of the second row.) Similarly, the 4 of Diamonds is one space to the left of the 7 of Spades, and the 3 of Spades is one card to the left of the 5 of Spades. | Some examples of card movements are as follows: | In the bottom row, the King of Diamonds may be moved on top of the King of Spades because the King of Spades is one card to the left of the other King, and of course, the Kings are the same rank. | The two of Diamonds on the third row can be moved on top of the 3 of Diamonds because the 3 is one space to the left of the 2 and both cards are of the same suit. | The 2 of Diamonds could also be moved on top of the 4 of Diamonds (at the end of the row above it) because both cards are of the same suit and the 4 of Diamonds is three spaces to the left of the 2 of Diamonds. | The Ace of Diamonds in the top row cannot be moved because the card to its left and the card 3 spaces to its left are neither an Ace or a Diamond. | Game Notes | Some people play Accordion by flipping the cards from the Stock one at a time and then making plays. Solitaire Network's rules are functionally the same except that all cards are dealt at the start of the hand. | Accordion is an extremly difficult game to win and so you can consider it a victory if you finish the game with five or fewer cards.
Colorado Slitaire- Solitaire Network	https://www.solitairenetwork.com/solitaire/colorado-solitaire-game.html	Eliminator Games	Colorado Solitaire Rules | Goal | Move all cards to the eight Foundation piles in the same suit (four piles from Ace to King and the other four from King to Ace.) | The Deal | Using two decks, each of 20 Columns is dealt one card. The remaining cards are left over in a Stock. | Foundations | There are eight Foundations. | Four of the Foundations (on the left) are built UP and IN the SAME SUIT starting with an Ace and ending with a King. For example, A,2,3,4,5,6,7,8,9,10,J,Q,K. | The other four Foundations (on the right side) are built DOWN and IN the SAME SUIT from King down to Ace. For example, K,Q,J,10,9,8,7,6,5,4,3,2,A. | Columns | Columns have no particular build order. Any card from the Stock Pile may be placed on any other card. Empty Columns may be filled with any card from the Stock Pile. | Cards may not be moved from Column to Column. | The topmost card in any Column is available for play to a Foundation. | Stock and Stock Pile | 83 cards remain in the Stock after dealing. The Stock Pile will automatically be dealt a card from the Stock each time a card is moved from the Stock Pile.
Calculation Solitaire	https://www.solitairenetwork.com/solitaire/calculation-solitaire-game.html	Eliminator Games	Calculation Solitaire Rules | Goal | Move all cards to the four Foundation piles starting with each Foundation's Starting Card up to Kings in any suit. | The Deal | Using one deck, the Foundations are dealt 4 cards. The first Foundation is dealt an Ace. The second Foundation is dealt a 2. The third Foundation is dealt a 3. The fourth Foundation is dealt a 4. Then the Discard Pile is dealt one card. Columns start the game empty. | Foundations | Foundations are built UP and in ANY SUIT starting with the first card dealt to it and ending with a King. | Each Foundation has a different rule as follows: | The first foundation is built up by 1 as follows: A,2,3,4,5,6,7,8,9,10,J,Q,K. | The second foundation is built up by 2 as follows: 2,4,6,8,10,Q,A,3,5,7,9,J,K. | The third foundation is built up by 3 as follows: 3,6,9,Q,2,5,8,J,A,4,7,10,K. | The fourth foundation is built up by 4 as follows: 4,8,Q,3,7,J,2,6,10,A,5,9,K. | Columns | Any card from the Discard Pile may be placed in any Column. | Cards from the Columns my be played to Foundations at any time. The topmost card in any Column is available for play to a Foundation. Cards may not be moved among Columns. | Stock | Cards from the Stock are flipped automatically one at a time when the card in the Discard Pile is played. There is no redeal. | Discard Pile | The Discard Pile will only ever contain just one card. This card must be played to one of the Columns or to a Foundation before the next card from the Stock is flipped. When the card is played, the Stock will automatically flip another card to the Discard Pile.
Aces Up	https://www.solitairenetwork.com/solitaire/aces-up-solitaire-game.html	Eliminator Games	Aces Up Solitaire Rules | Goal | End the game with all four Aces at the top of the four Columns. | The Deal | Using one deck, each of the four Columns is dealt one card. | Foundations | There are no Foundations in Aces up. | Columns | The fully uncovered card in any Column is a candidate for removal. Cards are removed one at a time and set aside using the following rule: | When there are two or more exposed cards of the same suit, all but the highest card of that suit can be removed. Remove cards by clicking on them. In Aces Up, the Aces are considered the highest rank and are higher than the Kings. | When a Column is empty, any fully uncovered card may optionally be moved to the empty Column. | Stock | When play comes to a halt (or sooner if desired,) you may click on the Stock to deal one card to each Column. There is no redeal.
Aces Up Relaxed Solitaire	https://www.solitairenetwork.com/solitaire/aces-up-relaxed-solitaire-game.html	Eliminator Games	Aces Up Relaxed Solitaire Rules | Goal | End the game with all four Aces at the top of the four Columns. | The Deal | Using one deck, each of the four Columns is dealt one card. The special Reserve pile below the Stock remains empty. | Foundations | There are no Foundations in Aces up - Relaxed. | Columns | The fully uncovered card in any Column is a candidate for removal. Cards are removed one at a time and set aside using the following rule: | When there are two or more exposed cards of the same suit in the four Columns, all but the highest card of that suit can be removed. Remove cards by clicking on them. In Aces Up - Relaxed, the Aces are considered the highest rank and are higher than the Kings. | When a Column is empty, any fully uncovered card may optionally be moved to the empty Column. | Stock | When play comes to a halt (or sooner if desired,) you may click on the Stock to deal one card to each of the four Columns. There is no redeal. | Reserve | In the Relaxed version of Aces Up, there is one special Reserve pile below the Stock that can be used to remove any one card from a Column. When a card is placed in the Reserve, it may ONLY move back to an Empty Column. This card has no effect on which cards in Columns may be removed, except that by placing a card in the Reserve it may open other moves in the Columns. | The Reserve can only be used ONE TIME in this manner. After it is used once, it is treated as though it no longer exists. | Note that if there is a card in the Reserve that the game is not won unless this card is removed also.
Eliminator Solitaire	https://www.solitairenetwork.com/solitaire/eliminator-solitaire-game.html	Eliminator Games	Eliminator Solitaire Rules | Goal | Move all cards to the six Foundation piles using rules similar to Tri-Peaks. | The Deal | Using one deck, all cards are dealt face up to the four Columns so that each Column has 13 cards. | Foundations | There are six Foundations. Each Foundation starts empty and may be filled with ANY CARD. Once filled with at least one card, that Foundation is built upon either UP or DOWN in ANY SUIT. | Columns | Each Column starts the game with 13 cards. The topmost card in any Column is available for play to any Foundation. | Cards may not be moved among Columns. | Empty Columns must remain empty.
Strategy Solitaire	https://www.solitairenetwork.com/solitaire/strategy-solitaire-game.html	Eliminator Games	Strategy Solitaire Rules | Goal | Move all cards to the four Foundation piles from Ace to King in the same suit. | The Deal | Using one deck, the four Aces are pulled from the Stock and placed in their respective Foundations to start the game. The Discard Pile is dealt one card. Columns start the game empty | Foundations | The four Aces are placed in the Foundations to start the game. | Foundations are built UP and IN SUIT starting with an Ace and ending with a King. For example, a 2 of Clubs can be placed on an Ace of Clubs, then a 3 of Clubs, then a 4, 5, 6, 7, 8, 9, 10, J, Q, up to the K of Clubs. The same holds true for the other suits. | Cards may not be played to Foundations until all cards are removed from the Discard Pile and Stock. | Columns | Any card from the Discard Pile may be placed in any Column. Cards may not be moved among Columns. | Cards from Columns may bot be played to a Foundation until all cards have been removed from the Discard Pile and Stock. | The topmost card in any Column is available for play to a Foundation. | Stock | Cards from the Stock are flipped automatically one at a time when the card in the Discard Pile is played. There is no redeal. All cards from the Stock and Discard Pile must be played to a Column before any cards may be played to Foundations. | Discard Pile | The Discard Pile will only ever contain just one card. This card must be played to one of the Columns. When the card is played, the Stock will automatically flip another card to the Discard Pile. All cards from the Stock and Discard Pile must be played to a Column before any cards may be played to Foundations.
Sir Tommy Solitaire	https://www.solitairenetwork.com/solitaire/sir-tommy-solitaire-game.html	Eliminator Games	Sir Tommy Solitaire Rules | Goal | Move all cards to the four Foundation piles from Ace to King in any suit. | The Deal | Using one deck, the Stock Pile is dealt one card. Columns and Foundations start the game empty. | Foundations | Foundations are built UP and in ANY SUIT starting with an Ace and ending with a King. For example, any 2 can be placed on any Ace, then a 3, then a 4, 5, 6, 7, 8, 9, 10, J, Q, up to the K of any suit. The same holds true for the other Foundations. | Columns | Any card from the Stock Pile may be placed in any Column. Cards may not be moved among Columns. | Unlike the similar game called Strategy, cards from the Columns my be played to Foundations before all cards are removed from the Stock. | The topmost card in any Column is available for play to a Foundation. | Stock | Cards from the Stock are flipped automatically one at a time when the card in the Stock Pile is played. There is no redeal. | Stock Pile | The Stock Pile will only contain one card at a time. This card must be played to one of the Columns or to a Foundation before the next card from the Stock is flipped. When the card is played, the Stock will automatically flip another card to the Stock Pile.
Gaps	https://www.solitairenetwork.com/solitaire/gaps-solitaire-game.html	Gaps Games	Gaps Solitaire Rules | Goal | Arrange cards in the four rows left to right from Two to King. | The Deal | Using one deck, All 52 cards are dealt in 4 rows of 13 non-overlapping cards. After all cards have been dealt, the Aces are removed from play forming the four gaps. | Goal | After the Aces are removed, rearrange the cards forming a suit sequence in each Row from 2 to King. | Rows | A card may be moved onto an empty space if the card is one rank higher than the card on its left and of the same suit. | When a leftmost space is empty it may either be filled with any 2, or a card one rank lower and of the same suit as the card to the right of the space. | Tip: Once a 2 is in place, it may still be moved to another space. | Redeal | When play comes to a standstill, the cards that are not in proper sequence are gathered up, reshuffled, and redealt. Two redeals are allowed. | Example Plays | This section will demonstrate the basic movements of the game. | On the bottom row, you may move the two of Spades to the 1st Gap on the left because twos may always be moved to the leftmost gap on each row. You could also move any of the twos there if you want. | Also on the bottom row, you may move the 6 of Spades to the right of the 5 of Spades because the 6 is the same suit and one rank higher than the 5. | No cards may be moved to the right of the Kings in the 2nd row because no cards are higher than Kings.
Unlimited Gaps	https://www.solitairenetwork.com/solitaire/unlimited-gaps-solitaire-game.html	Gaps Games	Unlimited Gaps Solitaire Rules | Goal | Arrange cards in the four rows left to right from Two to King. | The Deal | Using one deck, All 52 cards are dealt in 4 rows of 13 non-overlapping cards. After all cards have been dealt, the Aces are removed from play forming the four gaps. | Goal | After the Aces are removed, rearrange the cards forming a suit sequence in each Row from 2 to King. | Rows | A card may be moved onto an empty space if the card is one rank higher than the card on its left and of the same suit. | When a leftmost space is empty it may either be filled with any 2, or a card one rank lower and of the same suit as the card to the right of the space. | Tip: Once a 2 is in place, it may still be moved to another space. | Unlimited Redeals | When play comes to a standstill, the cards that are not in proper sequence are gathered up, reshuffled, and redealt. Twelve redeals are allowed, effectively making the game impossible to lose. | Example Plays | This section will demonstrate the basic movements of the game. | On the bottom row, you may move the two of Spades to the 1st Gap on the left because twos may always be moved to the leftmost gap on each row. You could also move any of the twos there if you want. | Also on the bottom row, you may move the 6 of Spades to the right of the 5 of Spades because the 6 is the same suit and one rank higher than the 5. | No cards may be moved to the right of the Kings in the 2nd row because no cards are higher than Kings.
Free Parking	https://www.solitairenetwork.com/solitaire/free-parking-solitaire-game.html	Gaps Games	"Free Parking Solitaire Rules | Goal | Arrange cards in the four rows left to right from Two to King. | The Deal | Using one deck, All 52 cards are dealt in 4 rows of 13 non-overlapping cards. After all cards have been dealt, the Aces are removed from play forming the four open spaces. | Goal | After the Aces are removed, rearrange the cards forming a suit sequence in each Row from 2 to King. In the diagrm below, the goal is about 2/3 completed. | Rows | This game is played similar to Gaps but with an additional rule: | A card may be moved onto an empty space if the card is one rank higher than the card on its left, or one rank lower than the card on its right. Also, the card must be of the same suit as the card on its left or right. | When a leftmost space is empty it may either be filled with any 2, or a card one rank lower and of the same suit as the card to the right of the space. | Tip: Once a 2 is in place, it may still be moved to another space. | Redeal | When play comes to a standstill, the cards that are not in proper sequence are gathered up, reshuffled, and redealt. One redeal is allowed. | Tip: Although the ""Click to Redeal"" button appears after there are four empty spaces after Kings (as in Gaps) you may still be able to make other plays by playing to the left of other cards. | Example Plays | This section will demonstrate the basic movements of the game. | On the bottom row, you may move a 10 of Clubs to the left of the Jack of Clubs, or you may move the Queen of Clubs to the right of the Jack of Clubs. | On the third row, you may move the Jack of Hearts to the right of the 10 of Hearts, or you may move the 8 of Clubs to the left of the 9 of Clubs. | No cards may be moved to the right of the King of Clubs on the top row."
Cruel Solitaire	https://www.solitairenetwork.com/solitaire/cruel-solitaire-game.html	Shamrocks Games	Cruel Solitaire Rules | Goal | Move all cards to the four Foundation piles from Ace to King in the same suit. | The Deal | Using one deck, the four Aces are placed on the Foundations to start. The remaining cards are dealt face up evenly to 12 Fans of cards. | All cards of a Fan are dealt before the cards of the next Fan. This deal order becomes important on Redeals. | Foundations | Foundations are built UP and IN SUIT starting with an Ace and ending with a King. For example, a 2 of Clubs can be placed on an Ace of Clubs, then a 3 of Clubs, then a 4, 5, 6, 7, 8, 9, 10, J, Q, up to the K of Clubs. The same holds true for the other suits. | Fans | Fans are built DOWN in the SAME SUIT. For example, the 6 of Spades may be placed only on the 7 of Spades. | The topmost card in any Fan is available for play to either another Fan or a Foundation. Only one card may be moved at a time. | Empty Columns must remain empty. | Redeals | At any time during play, you may choose to redeal the cards. The cards in the Fans are gathered in a specific order and are not reshuffled, so that the order of the cards do not change as a result of the redeal. This is the key to playing Cruel Solitaire. | On a redeal, the original number of cards are dealt to the Fans until the cards run out. | There are unlimited Redeals. | An interesting note is that if no cards are moved between Fans then a Redeal will deal the cards in such a way that it results in identical order and layout.
Baker's Dozen	https://www.solitairenetwork.com/solitaire/bakers-dozen-solitaire-game.html	Shamrocks Games	Baker's Dozen Solitaire Rules | Goal | Move all cards to the four Foundation piles from Ace to King in the same suit. | The Deal | Using one deck, all cards are dealt face up evenly to the 13 Columns. After the cards have been dealt, the Kings are moved to the bottom of their respective Columns. | Foundations | Foundations are built UP and IN SUIT starting with an Ace and ending with a King. For example, a 2 of Clubs can be placed on an Ace of Clubs, then a 3 of Clubs, then a 4, 5, 6, 7, 8, 9, 10, J, Q, up to the K of Clubs. The same holds true for the other suits. | Columns | Columns are built DOWN in ANY SUIT. For example, any 6 may be placed on any 7. | The topmost card in any Column is available for play to either another Column or a Foundation. Only one card may be moved at a time. | Empty Columns must remain empty.
Box Fan Solitaire	https://www.solitairenetwork.com/solitaire/box-fan-solitaire-game.html	Shamrocks Games	Box Fan Solitaire Rules | Goal | Move all cards to the four Foundation piles from Ace to King in the same suit. | The Deal | Using one deck, the four Aces are first removed and placed in the Foundations. Then the remaining 48 cards are dealt face up in Fans (horizontal Columns) of 3 cards each. | Foundations | Foundations are built UP and IN SUIT starting with an Ace and ending with a King. The Aces start the game in their Foundations. For example, a 2 of Clubs can be placed on an Ace of Clubs, then a 3 of Clubs, then a 4, 5, 6, 7, 8, 9, 10, J, Q, up to the K of Clubs. The same holds true for the other suits. | Fans | Fans are built DOWN in the ALTERNATING COLORS. Only the topmost card may be moved at a time. | Fans may hold any number of cards. Empty Fans may only be filled with Kings. | Redeals | Unlike similar games such as La Belle Lucie and Cruel, there is no Redeal in Box Fan.
Shamrocks Solitaire	https://www.solitairenetwork.com/solitaire/shamrocks-solitaire-game.html	Shamrocks Games	Shamrocks Solitaire Rules | Goal | Move all cards to the four Foundation piles from Ace to King in the same suit. | The Deal | Using one deck, all cards are dealt to the layout. | There are 18 Columns (dealt horizontally.) All Columns are dealt 3 cards except the last Column which is dealt 1 card. | Foundations | Foundations are built UP and IN SUIT starting with an Ace and ending with a King. For example, a 2 of Clubs can be placed on an Ace of Clubs, then a 3 of Clubs, then a 4, 5, 6, 7, 8, 9, 10, J, Q, up to the K of Clubs. The same holds true for the other suits. | Columns | Columns may hold no more than three cards. | Columns are built UP OR DOWN in ANY SUIT. For example, a 6 may be placed on any 7 or any 5 as long as the destination Column doesn't already have three cards in it. | The topmost card in any Column is available for play to either another Column or a Foundation. | Empty Columns remain empty.
Grandfather's Clock Solitaire	https://www.solitairenetwork.com/solitaire/grandfathers-clock-solitaire-game.html	Shamrocks Games	Grandfather's Clock Solitaire Rules | Goal | Move all cards to the four Foundation piles from Ace to King in the same suit. | The Deal | Using one deck, twelve Foundation cards are removed from the deck and placed in a circle resembling a clock face. The cards placed are always the same. | The remaining 40 cards are dealt face up evenly to eight Columns. | Foundations | Foundations are built UP and IN SUIT so that when the game is won the last Foundation card in each location corresponds to the number on a clock. For example, the card at the one o'clock position must end with an Ace of Hearts. The card at the six o'clock position must end with the 6 of Spades, etc. | Jacks are 11, and Queens are 12. Foundations will wrap from King to Ace when necessary. | Foundations may not advance past their clock face values. | Columns | Columns are built DOWN in ANY SUIT. Only one card may be moved at a time. | Empty Columns may be filled with any card.
Beleaguered Castle	https://www.solitairenetwork.com/solitaire/beleaguered-castle-solitaire-game.html	Shamrocks Games	"Beleaguered Castle Solitaire Rules | Goal | Move all cards to the four Foundation piles from Ace to King in the same suit. | The Deal | Using one deck, the Aces are removed and placed in the Foundations to start. The remaining cards are dealt evenly to the 8 columns. | Foundations | Aces are placed in the Foundations to start the hand. | Foundations are built UP and IN SUIT starting with an Ace and ending with a King. For example, a 2 of Clubs can be placed on an Ace of Clubs, then a 3 of Clubs, then a 4, 5, 6, 7, 8, 9, 10, J, Q, up to the K of Clubs. The same holds true for the other suits. | Columns | Columns are built DOWN in ANY SUIT. For example, any 6 may be placed on any 7. | The topmost card in any Column is available for movement to either another Column or a Foundation. | Empty Columns may be filled with any card. | Game Notes | SolitaireNetwork.com supports a ""Supermove"" where you may move more than one card at a time as long as the move would have been possible by moving cards singly using empty Columns to shuffle the cards around."
Sea Towers (Seahaven Towers)	https://www.solitairenetwork.com/solitaire/sea-towers-solitaire-game.html	Free Cell Games	"Sea Towers Solitaire Rules | Goal | Move all cards to the four Foundation piles from Ace to King in the same suit. | The Deal | Using one deck, 50 cards are dealt face up evenly to 10 Columns in the layout. The remaining two cards are place in two of the four Reserve spaces. | Foundations | Foundations are built UP and IN SUIT starting with Aces. For example, on the Ace of Clubs, only the 2 of Clubs may be played, then the 3 of Clubs, etc. | Columns | Columns must be built DOWN in the SAME SUIT. For example, a 7 of Clubs can only be placed on an 8 of Clubs. | Only the topmost card in a column may be moved. | Only Kings may be placed in an Empty Column. | Reserves | The are four Reserves that act as a holding place for any card at any time. Two of Reserves start the game with a card in them. Reserves may be reused after they have been emptied. | Game Notes | SolitaireNetwork.com's version of Sea Towers supports a ""Supermove"" where you may move more than one card at a time as long as the move would have been possible had it been done moving a single card at a time also. | Currently, there are certain situations where the game doesn't allow a supermove that is valid. We will work on improving the game until this problem is resolved. | Sea Towers rules by Art Cabral. This game is also known as Seahaven Towers."
Penguin Solitaire	https://www.solitairenetwork.com/solitaire/penguin-solitaire-game.html	Free Cell Games	"Penguin Solitaire Rules | Goal | Move all cards to the four Foundation piles from Ace to King in the same suit. | The Deal | Using one deck, three cards of the same rank are randomly dealt in the first three Foundations. The fourth card of the Foundation rank is placed at the top of the first Column. The remaining cards are dealt face up evenly to the seven Columns so that each Column has seven cards. | Foundations | Foundations are built UP and IN SUIT starting with a random rank and continuing until each Foundation has 13 cards. The Foundations will wrap from King to Ace when necessary. | The fourth Foundation must start with the same ranked card as the other three Foundations. | Columns | Columns must be built DOWN in the SAME SUIT. For example, a 7 of Hearts can only be placed on the 8 of Hearts. | The topmost card in any Column may be moved. Also, built sequences of cards such as the 10, 9, and 8 of Spades may be moved (onto a Jack of Spades.) | Empty Columns may only be filled with a card (or sequence of cards headed by a card) that is one rank less than the Foundation starting rank. For example, if the starting Foundation rank is a 10, then only 9's can fill an empty Column. When the starting Foundation card is an Ace, then Kings will start empty Columns. | Reserves | The are seven Reserves that act as a holding place for any card at any time. These Reserve places start the game empty. | Game Notes | Solitaire Network's version of Penguin supports a ""Supermove"" where you may move more than one card at a time as long as the move would have been possible had it been done moving a single card at a time also. | Currently, there are certain situations where the game doesn't allow a supermove that is valid. We will work on improving the game until this problem is resolved. | Penguin solitaire rules created by David Parlett."
Bowling Solitaire	https://www.solitairenetwork.com/solitaire/bowling-solitaire-game.html	Hand Building Games	"Bowling Solitaire Rules | Goal | Try to fill in all 10 spaces (pins) on each of the 10 shuffles (frames) to score 150 points or more. | The Deal | Using one deck, cards are automatically dealt one at a time to the single Discard Pile. | The 10 Pins | Move the card next to the Stock to one of the 10 ""Pin"" spaces. Each pin may hold only one card. | To place a card on a Pin, the rank of the card must be equal to or higher than all cards on lower numbered pins. See the screenshot above for the Pin numbers. | For example, if there is a 7 on the 5-Pin, then you may only play cards equal to or lower than a 7 on Pins 1 through 4. Similarly, only cards equal to or higher than a 7 may be played on Pins 6 through 10. | It is not necessary, and usually not desirable to match the card rank to the Pin number. Also, it is not necessary to place sequential ranks on sequential Pin numbers. There may be gaps in rank from one Pin to the next (see screenshot below.) | Ball 1 and Ball 2 Columns | When it is impossible to place a card because it doesn't follow the rules set out above, you must place the card in the Ball 1 or Ball 2 Columns. You are allowed to place up to 3 cards in each Ball. (Cards are always placed into Ball 1 before Ball 2.) | If you fill up all 10 Pins before missing 3 times, you earn a Strike. If you don't get a Strike but are able to fill up all 10 Pins before missing 6 times, you get a Spare. Otherwise, you have an Open Frame and the frame ends. | Scoring | The scoring for Bowling Solitaire is identical to the way real bowling is scored, however, it is not necessary to know how Bowling is scored in order to enjoy Bowling Solitaire. Just remember that a Strike is better than a Spare, and a Spare is better than an Open Frame. | A Strike scores 10 points plus the actual number of pins knocked over on the next 2 balls thrown. For example, if the next 2 balls are a 7 and 2, the the Strike scores 19. If the next 2 balls are another Strike and a 9, then the first Strike scores 29. | A Spare scores 10 points plus the actual number of pins knocked over on the next 1 ball thrown. For example, if the next ball is an 8 then the Spare scores 18. If the next ball thrown is a Strike then the Spare scores 20. | When there is an Open frame (no Spare or Strike) then the total pins knocked down for both balls are scored. | Since a Strike and Spare cannot be scored until more balls have been thrown, the latest Frame will not show an accumulated score until more balls are thrown. In the 10th frame, you may have to bowl extra frames in order to satisfy the scoring requirements for Strikes and Spares. | Scoring Example | 1st Frame | The Strike in the 1st frame could not be scored until 2 more balls were thrown. The Strike in the 2nd frame only required 1 Ball to be thrown and so we still could not score the 1st frame yet. Finally, in the 3rd frame we have the 2nd Ball needed to score the Strike in the 1st frame. So the 1st frame scores 10 for it's own Strike, plus 10 for the Strike in the 2nd Frame, plus 7 for the 1st ball in the 3rd frame or 27 points. | 2nd FrameThe Strike in the second frame can be scored as soon as the 3rd frame is over since 2 balls were thrown in the 3rd frame. It scores 10 for the Strike, plus 7 for the next ball plus 1 more for the next ball after that, or 18 points. When 18 is added to the 1st frame we have 45 points total in the 2nd frame. | 3rd Frame | Since no Strike or Spare was thrown in the 3rd frame, it can be scored right away. 8 points are added to the previous total for a new total score of 53 in the 3rd frame. | 4th Frame | The Spare in the 4th frame requires 1 more ball to be thrown before it can be scored. The first ball in the next frame knocked down 9 pins and so the Spare in Frame 4 scores 10 for the Spare plus 9 more for the first ball in Frame 5 for 19 more points. | 10th Frame | There is a Spare in the 10th Frame. Since Spares cannot be scored until one more ball is thrown, one extra ball must be thrown in order to arrive at a score for the 10th Frame. | Strategy | In the example below, a 2 must be played. To follow the rules, it must be placed before the 4 onto either Pin 1 or 2. | It is better to place the 2 on the 1-Pin. That way, any of three different cards will work for the 2-Pin (a 2, 3, or 4 may then go there.) If you place the 2 on the 2-Pin, then only an Ace or another 2 may be placed on the 1-Pin. So you've increased your odds by playing the 2 on the 1-Pin. | Game Notes | Bowling is an original solitaire game designed by Warren Schwader. A similar version of the game was included in the Hoyle Solitaire collection in 1988 (also designed by Warren Schwader.) Solitaire Network's version of Bowling Solitaire has been improved from the original! | Another solitaire game called ""Bowling"" was created by Sid Sackson in the 1970's. It is a completely different game using rules that are not at all similar to Bowling solitaire on Solitaire Network. The wikipedia page and other references on the internet do a poor job of differentiating these two very different solitaire games. The only things they have in common is that both games are solitaire games and both are bowling themed."
Poker Square Solitaire	https://www.solitairenetwork.com/solitaire/poker-square-solitaire-game.html	Hand Building Games	Poker Square Solitaire Rules | Goal | Build multiple Poker hands to score 100 points or more. | The Deal | Using one deck, the layout starts the game empty. The Stock flips over one card. | Stock | The face up card near the Stock must be played to the Poker hands or a Discard Pile. As each card is played, the Stock will automatically flip another card. | Layout | The 25 spaces may hold one card each and form 10 hands of 5 cards each (5 rows of cards and 5 columns of cards.) The card next to the Stock must be played to one of the Poker hands or one of the Discards. | Once a card is placed it may not be moved. | Discards | There are four spaces where cards may be placed that are not wanted in the Poker hands. | SolitaireNetwork.com is liberal in the rules in providing these spaces. The actual game of Poker Square does not allow for discards. For a bigger challenge, try playing without the Discards. | Scoring | Scoring for the various Poker hands is based on the relative difficulty of obtaining a certain hand in a regular game of Poker. | Each of the 10 hands are scored as follows: | Hand | Points | Example | Royal Flush100A, K, Q, J, 10 of same suit | Straight Flush759, 8, 7, 6, 5 of same suit (5 sequential cards of same suit) | 4 of a Kind503, 3, 3, 3, X (X refers to any other card) | Full House255, 5, 5, J, J (Three of a kind and a pair) | Flush20Q, 10, 6, 4, 3 of same suit (any 5 cards of the same suit) | Straight156, 5, 4, 3, 2 of any suit. (5 sequential cards of any suit) | 3 of a Kind10K, K, K, X, X (any three cards of the same rank) | Two Pair5A, A, 4, 4, X | One Pair2Q, Q, X, X, X | The scores from all 10 hands are added together to arrive at the final score.
Blackjack Square Solitaire	https://www.solitairenetwork.com/solitaire/blackjack-square-solitaire-game.html	Hand Building Games	Blackjack Square Solitaire Rules | Goal | Build multiple Blackjack hands to score 30 points or more. | The Deal | The layout starts the game empty. The Stock flips over one card. | Stock | The face up card near the Stock must be played to a place in the Blackjack hands or a Discard Pile. As each card is played, the Stock will automatically flip another card. | Layout | The 16 spaces may hold one card each. The spaces form nine hands of from 2 to 5 cards each depending on the position of the spaces. There are two hands of 2 cards, two hands of 3 cards, three hands of 4 cards, and two hands of 5 cards. | Once a card is placed it may not be moved. | Discards | There are four spaces where cards may be placed that are not wanted in the Blackjack hands. Each space may hold one card. | Scoring | Scoring for the various Blackjack hands is based on how close the player comes to 21 in each hand. Face cards count as 10. Aces can count as either 1 or 11. | Each of the nine hands are scored as follows: | Hand | Points | Example | Blackjack10A Blackjack is two cards that total 21. A King, Queen, Jack, or 10 combined with an Ace | 2173, 4, or 5 cards that total 21 | 205All cards in the hand total 20 | 194All cards in the hand total 19 | 183All cards in the hand total 18 | 172All cards in the hand total 17 | 16 and under1All cards in the hand total 16 or less | Bust0All cards in the hand total 22 or more | The scores from all nine hands are added together to arrive at the final score. | Game Notes | Blackjack Square is a Solitaire Network original created by Warren Schwader. | OK, we know the layout isn't exactly a square, but in keeping with the pattern of names and the game play of Cribbage Square and Poker Square we felt you would understand.
Cribbage Square Solitaire	https://www.solitairenetwork.com/solitaire/cribbage-square-solitaire-game.html	Hand Building Games	Cribbage Square Solitaire Rules | Goal | Build multiple Poker hands to score 60 points or more. | The Deal | Using one deck, the layout starts the game empty. The Stock flips over a single card. | Stock | The face up card near the Stock must be played to the Cribbage hands or a Discard Pile. As each card is played, the Stock will automatically flip another card. | Layout | The 16 spaces may hold one card each and form 8 hands of 4 cards each (4 rows of cards and 4 columns of cards.) The card next to the Stock must be played to one of the Cribbage hands or one of the Discards. | Once a card is placed it may not be moved. | Once the layout is filled, the hand is over. the final card flipped face up from the Stock becomes what is known in Cribbage terminology as the Starter. The Starter becomes the 5th card for each of the eight Cribbage hands so that each Cribbage hand actually will have 5 cards. | Discard Piles | There are four spaces where cards may be placed that are not wanted in the Cribbage hands. Each space may hold one card each. | SolitaireNetwork.com is liberal in the rules in providing these spaces. The actual game of Cribbage Square does not allow for discards. For a harder challenge, try playing without the Discards. | Scoring | Scoring for the various Cribbage hands is based on the actual game of Cribbage. The card game Cribbage can be confusing to learn. Learning the scoring of Cribbage Square can help you to learn the game of Cribbage. | Scoring is based on unique combinations of cards in the hand. For example, if you have two cards A and B, there is only one combination of the two cards AB. If you have three cards A, B, and C, there are three combinations of the three cards AB, AC, and BC. If you have four cards the combinations would be AB, AC, AD, BC, BD, and CD. And so on... This is an important concept in learning how to score Cribbage hands. | Each of the 8 hands are scored as follows: | Hand | Points | Example | Double Pairs Royal12K, K , K , K , X (This is 4 of a kind in Cribbage talk.) the X means any other card. | Pairs Royal610, 10, 10, X, X (3 of a Kind) | Pairs2 each4, 4, 8, 8, X would be worth 4 points. 2 points per pair. 4, 4, X, X, X would be worth 2 points. | Fifteens2 each6, 9, 9, X, X would be worth 4 points of fifteens (the pair of 9's also add 2 points) Any combination of 2 to 5 cards can total 15. Face cards are worth 10 so a King and 2 and 3 would be a fifteen. | Runs1 point per4, 5, 6, X, X is worth 3 points. 1 point per card in the run. 4, 5, 6, 7, X is worth 4 points. 4, 5, 6, 7, 8 is worth 5 points. | Flush4 or 52, 4, 6, J all of the same suit in the 4 card part of the hand is worth 4 points. If the Started is also of the same suit then 5 points. | Nobs1A Jack in the hand of the same suit as the Starter is worth 1 point. | Starter Nobs2If the Starter is a Jack, each hand scores 2 points. | Some more examples: | Fifteens: Suppose you have 4, 5, 5, 6, 9 in your hand. There are three unique combinations of cards that total fifteen. 4 + 5 + 6 = 15, 4 + the other 5 + 6 = 15, and the 6 + 9 = 15. This hand has 6 points in fifteens. | Runs: Using the same hand: 4, 5, 5, 6, 9 there are two combinations of runs in the hand: 4, 5, 6 = 3 points and 4, the other 5, and 6 = 3 more points. | Hence, the hand: 4, 5, 5, 6, 9 is worth 6 points in fifteens + 6 points in runs + the pair of 5's is 2 more points for a total of 14 points for this hand. | Another example: 9, 10, J, J, Q is worth 10 points 9, 10, J, Q = 4 points. 9, 10, the other Jack, Q = 4 more points. The pair of Jacks is worth 2 more points. This hand may possibly be worth 1 more if the suit of one of the Jacks matches the suit of the Starter./p> | The scores from all 8 hands are added together to arrive at the final score. | Game Notes | If you are unfamiliar with Cribbage, we highly recommend that you learn the scoring so that you can enjoy this excellent solitaire too.
Slide Solitaire	https://www.solitairenetwork.com/solitaire/slide-solitaire-game.html	Slider Games	"Slide Solitaire Rules | Goal | Form 3-card sets of the same rank (lined up vertically) to score 300 points or more. | The Deal | Using one deck, 24 cards are dealt to a grid of 6 x 4 spaces on the layout. The remaining 28 cards are dealt to a special Stock-type area at the bottom of the playfield. | Stock | 28 cards are dealt to a special type of Stock at the bottom of the playfield. Only the face-up card at the bottom of the playfield may be moved. When that card is played, the next card flips up. When no more cards remain in the Stock, the hand is over. | Arrow Spaces | Cards in the 6 x 4 grid cannot be moved directly. However, they are manipulated when a card is place on any of the eight special Arrows. | Cards placed onto an Arrow will ""Slide"" in the direction that the arrow points. When a card slides, it pushes other cards in that row. The sliding stops when cards are pushed into an empty space, or pushed off the other end of the row. | Cards pushed off the end of a row, will either go into a Discard Pile or back to the bottom of the Stock at the bottom of the playfield. The determining factor is whether or not the card pushed off has another card of the same rank in that row (including the card that started the pushing.) If there is a same-ranked card, the card pushed off gets recycled. Otherwise, it is placed into the Discard Pile and will be out of play. | Empty Spaces | Cards from the Stock can be moved directly to an Empty Space. When this is done, no sliding occurs. | Scoring: | The first set of three cards removed score 1 times the rank value of the cards. For example, if a set of three 9's are removed, 9 points are scored. | The second set of three cards score 2 times the rank value. So if the 2nd set removed are 4's then 2 X 4, or 8 points are added. | The third set scores 3 times the rank, the fourth set scores 4 times the rank, etc. on up to 13 times the rank value if you can remove that many sets. | A score of 300 is considered Good. A score of 500 is considered Excellent. Removing all 13 sets is difficult. A perfect score of 819 points is nearly impossible to achieve. | Strategy: | To achieve higher scores, it is important to remove sets of lower ranked cards first since each set removed increases the multiplier. For example, Kings removed first only score 13 points. When Kings are removed as the 13th set, they score 13 x 13 or 169 points! | Aces are the best choice to remove first, however, don't waste too much effort on them if other lower ranked sets can be made easier at first. In the screenshot below, 5's are easier to get than Aces, so go for the 5's first since they are still a fairly low rank. | Pay close attention to cards that are pushed off the end of a row. Try to recycle as many cards as possible since this will give you many more opportunities to make sets. For example, in the screenshot below, you can place the Ace of Hearts to the left of the 5 of Hearts. That play will push the 5 of Spades off the right side of the row. Since there are two or more 5's in the row, the 5 of Spades gets recycled to the bottom of the Stock. | It is often a good strategy to push off and recycle higher ranked cards early in the hand. If that is not possible, try to push the Kings and other high ranked cards to the center of a row. For example, placing the Ace of Hearts to the right of the King of Spades will push the King towards the center of the row. | Try to get a matched set as early as possible in the game. Having empty spaces available offers more options. For example, in this screenshot, a set of 5's can be matched on the very first play by placing the Ace of Hearts on the arrow in the upper right (to the right of the King of Spades.) This play also places two Aces fairly close together. Unfortunately, this play will cause the 9 of Clubs to be lost since there is not another 9 in that row. That is probably an acceptable compromise. | Since matched sets only require three cards, there is a fourth card of each rank that is expendable. After a set of three cards are made, use the fourth card of the same rank to your advantage by placing them along the outer edges so that when they are pushed off, it does not matter. Also, pay attention early in the game so that you only dispose of one of each rank so that you leave three cards of that rank still in play so they can be matched up. | Game Notes | Slide is an original solitaire game designed by Warren Schwader in 1988. It very well could be the most strategic solitaire game of all time. Whether that is true or not, Slide is definitely unique!"
Super Slide Solitaire	https://www.solitairenetwork.com/solitaire/super-slide-solitaire-game.html	Slider Games	"Super Slide Solitaire Rules | Goal | Form 3-card sets of the same rank (lined up horizontally or vertically) to score 300 points or more. | The Deal | Using one deck, 16 cards are dealt to a grid of 4 x 4 spaces on the layout. The remaining 36 cards are dealt to a special Stock-type area at the bottom of the playfield. | Stock | 36 cards are dealt to a special type of Stock at the bottom of the playfield. Only the face-up card at the bottom of the playfield may be moved. When that card is played, the next card flips up. When no more cards remain in the Stock, the hand is over. | Arrow Spaces | Cards in the 4 x 4 grid cannot be moved directly. However, they are manipulated when a card is place on any of the 16 special Arrows. | Cards placed onto an Arrow will ""Slide"" in the direction that the arrow points. When a card slides, it pushes other cards in that row or column. The sliding stops when cards are pushed into an empty space, or pushed off the other end of the row or column. | Cards pushed off the end of a row or column will either go into a Discard Pile or back to the bottom of the Stock at the bottom of the playfield. The determining factor is whether or not the card pushed off has another card of the same rank in that row (including the card that started the pushing.) If there is a same-ranked card, the card pushed off gets recycled. Otherwise, it is placed into the Discard Pile and will be out of play. | Empty Spaces | Cards from the Stock can be moved directly to an Empty Space. When this is done, no sliding occurs. | Scoring: | The first set of three cards removed score 1 times the rank value of the cards. For example, if a set of three 9's are removed, 9 points are scored. | The second set of three cards score 2 times the rank value. So if the 2nd set removed are 4's then 2 X 4, or 8 points are added. | The third set scores 3 times the rank, the fourth set scores 4 times the rank, etc. on up to 13 times the rank value if you can remove that many sets. | A score of 300 is considered Good. A score of 500 is considered Excellent. Removing all 13 sets is difficult. A perfect score of 819 points is nearly impossible to achieve. | Strategy: | To achieve higher scores, it is important to remove sets of lower ranked cards first since each set removed increases the multiplier. For example, Kings removed first only score 13 points. When Kings are removed as the 13th set, they score 13 x 13 or 169 points! | Aces are the best choice to remove first, however, don't waste too much effort on them if other lower ranked sets can be made easier at first (unless you are going for that perfect score.) | Pay close attention to cards that are pushed off the end of a row. Try to recycle as many cards as possible since this will give you many more opportunities to make sets. | It is often a good strategy to push off and recycle higher ranked cards early in the hand. If that is not possible, try to push the Kings and other high ranked cards to the center of a row. | Try to get a matched set as early as possible in the game. Having empty spaces available offers more options. | Pay attention early in the game so that you only dispose of one of each rank so that you leave three cards of that rank still in play so they can be matched up. | Since matched sets only require three cards, there is a fourth card of each rank that is expendable. After a set of three cards are made, use the fourth card of the same rank to your advantage by placing them along the outer edges so that when they are pushed off, it does not matter. | Game Notes | Super Slide is an original Solitaire game designed by Warren Schwader. It is one of the most Strategic Solitaire games of all time, especially if you are going for a perfect score."
Poker Slide Solitaire	https://www.solitairenetwork.com/solitaire/poker-slide-solitaire-game.html	Slider Games	Poker Slide Solitaire Rules | Goal | Build multiple Poker hands to score 150 points or more. | The Deal | Using one deck, 25 cards are dealt to the 25 spaces in the layout. The remaining cards form the Stock. | Layout | The 25 spaces in the layout each hold one card. These 25 cards form 10 Poker hands of 5 cards each (5 horizontal rows of cards and 5 vertical columns of cards.) | The cards in the layout may not be moved directly, but only by means of sliding cards into and out of the layout by means of placing cards on slider arrows. | Reserves | There are three Reserves that can hold one card each. The Reserves are single-use. Once a card is placed in a Reserve it may still be played to the layout, however once played the Reserve goes away. | Stock | The face up card on the bottom row are to be placed on one of the arrows on the layout and thus entered into the Poker hands. Alternately, cards may be played to one of the three Reserves. | As each card is played, the Stock will automatically flip another card. Play continues until the last Stock card is played. | Discard Pile | Each play into the layout also forces a card out of the layout. The card forced out of the layout is placed in a Discard Pile and remains out of play. | Scoring | Poker hands will be formed during the dealing and the score will increase during the deal. The score will also be recalculated after each play. | Scoring for the various Poker hands is based on the relative difficulty of obtaining a certain hand in a regular game of Poker. | Each of the 10 hands are scored as follows: | Hand | Points | Example | Royal Flush100A, K, Q, J, 10 of same suit | Straight Flush759, 8, 7, 6, 5 of same suit (5 sequential cards of same suit) | 4 of a Kind503, 3, 3, 3, X (X refers to any other card) | Full House255, 5, 5, J, J (Three of a kind and a pair) | Flush20Q, 10, 6, 4, 3 of same suit (any 5 cards of the same suit) | Straight156, 5, 4, 3, 2 of any suit. (5 sequential cards of any suit) | 3 of a Kind10K, K, K, X, X (any three cards of the same rank) | Two Pair5A, A, 4, 4, X | One Pair2Q, Q, X, X, X | The scores from all 10 hands are added together to arrive at the final score. | 150 Points is considered a Win. | Game Notes | Poker Slide is an original solitaire game designed by Warren Schwader.
Germaine	https://www.solitairenetwork.com/solitaire/germaine-solitaire-game.html	Slider Games	"Germaine Solitaire Rules | Goal | Remove all cards from the layout by pairing up ""near-ranked"" cards that are also adjacent to each other in the layout. | The Deal | Using one deck, All 52 cards are dealt in 4 rows of 13 non-overlapping cards. | Rows and Columns | Cards may be moved onto nearby cards if their rank is one higher or lower. Aces and Kings are consecutive ranks and may be played on each other. | A nearby card is defined as any card that is one space away from another card horizontally or vertically, but not diagonally. In the layout shown above, there are many plays that can be made such as | Row 2: the 6 of Spades on the 5 of Hearts, (or the 5 on the 6) | Rows 2 and 3: the 5 of Hearts on 4 of Spades (or the 4 on the 5) | and several other plays | Open Spaces | After two cards are combined, a space will be left behind. Spaces can be filled according to the following rules: | Any card one space away (horizontally or vertically) from the open space may be moved into the space. | When a card is moved into an open space using vertical movements another space will be left behind. | When a card is moved into an empty space using a horizontal movement, all of the following cards in the row will also be moved automatically. The space at the end of the row is then removed from the game. | An empty space in the center of a horizontal row MUST be filled before any more cards can be combined. When an empty space is at the end of a row, then that space may optionally be filled. | Example Plays | This section will demonstrate the basic movements of the game. It is not necessarily intended as the best strategy. | Starting with the layout above, the 6 of Hearts is moved onto the 7 of Diamonds. This creates an empty space in the center of row 2 that must be filled before any more cards can be combined. | The next diagram shows that that 10 of Spades was moved up to fill the empty space. But that move left another space behind, so the 4 of Diamonds was also moved up. | But there is still an empty space that needs to be filled. | The next diagram shows that the 3 of Spades was moved to the right, and all cards to the left of the 3 of Spades followed it. Notice that the 8 of Spades is now next to the 7 of Spades in the 3rd row. So that play could be made next if that is what you wanted to do. That is how cards are moved around the layout in order to open up other plays. | Notice that the space that the 7 of Clubs was in (on the bottom row,) has now been removed from play. | The following diagram demonstrates that there is an empty space at the end of one of the rows (row 3.) This space does not need to be filled before another play is made because the space is on the end of a row. | You could move the 5 of Hearts or the J of Hearts into that space next, or you could choose to not do that and make your next play instead - such as moving the Jack of Hearts to the Queen above it, or any other play. | The next diagram shows a typical layout that could arise at the end of the game. The Q of Clubs and 6 of Clubs on the top row are isolated from the rest of the cards and are going to cause problems in this scenario. | When few cards remain, pay attention to what ranks have duplicate ranks and what ranks are missing. In this layout, there are duplicate Jacks, sixes, and sevens. Your next play should probably include one of those cards. | If there was a rank missing, pay attention to the next ranks in the sequence so that you don't isolate a rank, thus making it impossible to win. Similarly, try not to create a missing rank any sooner than is necessary. For example, moving the 4 of Clubs onto the 3 of Diamonds would eliminate the last remaining 3 a little too soon. | Scoring | Each time cards are combined 1 point is scored. When all cards are combined, a bonus is awarded that is equal to the rank of the final card remaining. | Kings count as 13, Queens count as 12, Jacks count as 11, all other cards count as their face value. | A perfect score is 64 points: 51 + 13 bonus. | Game Notes | Germaine solitaire was based on rules from the book ""The Complete Book of Solitaire"" by Pierre Crepeau. It was named after his grandmother, who created the game."
Germaine 2-Move	https://www.solitairenetwork.com/solitaire/germaine-2-move-solitaire-game.html	Slider Games	"Germaine 2-Move Solitaire Rules | Goal | Remove all cards from the layout by pairing up ""near-ranked"" cards that are also adjacent to each other in the layout. | The Deal | Using one deck, All 52 cards are dealt in 4 rows of 13 non-overlapping cards. | Rows and Columns | Cards may be moved onto nearby cards if their rank is one higher or lower. Aces and Kings are consecutive ranks and may be played on each other. | A nearby card is defined as any card that is one space away from another card horizontally or vertically, but not diagonally. In the layout shown below, there are many plays that can be made such as | Row 4: the 8 of Hearts on the 9 of Hearts, (or the 9 on the 8) | Rows 1 and 2: the 8 of Diamonds on 7 of Hearts (or the 7 on the 8) | and several other plays | Open Spaces | After two cards are combined, a space will be left behind. As more cards are combined, more spaces will be available. Spaces can be filled according to the following rules: | Any cards one space away (horizontally or vertically) from an open space may be moved into the space. | Up to two card movements into empty spaces may be made after cards are combined. It is not a requirement to make two moves. | Example Plays | This section will demonstrate the basic movements of the game. It is not necessarily intended as the best strategy. | Starting with the layout above, the 2 of Clubs is moved onto the A of Hearts. This creates an empty space in the center of row 3. | In the above diagram, the four queens are far away from either the Jacks or Kings. Therefore, the J of Hearts is moved left a space using one of the two moves allowed after two cards are combined. | The second move slides the 9 of diamonds to the left in order to bring it closer to the 8 of Clubs in the row above it. | These moves leave the board as in the following diagram. | Now that two card movements have been made, it is time to combine two other cards. In our effort to bring a Jack closer to one of the Queens, the 2 of Clubs is moved onto the 3 of Clubs. | Then the two card movements are the J of Hearts and 9 of Diamonds are moved left again. as shown in the following diagram. | Notice in the above diagram that there are now two open spaces. As each two cards are combined, another empty space is created. | In the final diagram below, we complete our short term goal of placing a Jack next to a Queen by moving the 8 of Clubs onto the 9 of Diamonds below it, then sliding the 5 of Spades right, and the Q of Hearts down. | Scoring | Each time cards are combined 1 point is scored. When all cards are combined, a bonus is awarded that is equal to the rank of the final card remaining. | Kings count as 13, Queens count as 12, Jacks count as 11, all other cards count as their face value. | A perfect score is 64 points: 51 + 13 bonus. | Game Notes | Germaine 2-Move is Solitaire Network original created by Warren Schwader."
Air Lock	https://www.solitairenetwork.com/solitaire/air-lock-solitaire-game.html	Slider Games	Air Lock Solitaire Rules | Goal | Remove all cards from the layout by matching pairs of cards next to each other. | The Deal | Using one deck, All 52 cards are dealt in 4 rows of 13 non-overlapping cards. | Rows and Columns | Pairs of cards of the same rank are removed from the layout when they are nearby to each other. To remove the pair, drag one of the cards on top of the other. | A nearby card is defined as any card that is one space away from another card horizontally or vertically, but not diagonally. In the layout shown above, there are many plays that can be made such as | Rows 1 and 2: the 9 of Spades and the 9 of Hearts | Rows 4: the 3 of Diamonds and the 3 of Clubs | and a few other plays | Open Spaces | After two cards are paired and removed, two spaces will be left behind. Spaces can be filled according to the following rules: | Any cards one space away (horizontally or vertically) from the open space may be moved into the space. | When a card is moved into an open space using vertical movements another space will be left behind. | When a card is moved into an empty space using a horizontal movement, all of the following cards in the row will also be moved automatically. The space at the end of the row is then removed from the game. | Empty spaces in the center of a horizontal row MUST be filled before any more cards can be paired. When an empty space is at the end of a row, then that space may optionally be filled. | Example Plays | This section will demonstrate the basic movements of the game. It is not necessarily intended as the best strategy. | Starting with the layout above, the 9 of Clubs and 9 of Hearts are paired and removed. (To remove the pair, drag one of the nines on top of the other.) This creates two empty spaces in the center of row 2 that must be filled before any more cards can be paired. | The next diagram shows that that K of Hearts was moved down to be close to the K of Spades. | Then, the 9 of Spades on the top row is moved left one space, and thus all other cards following the 9 of Spades are also moved left. This move has the benefit of lining up the 8 of Clubs and 8 of Hearts in rows 1 and 2. | However, there is still an empty space to the right of the K of Hearts that needs to be filled, before we can remove another pair. | The 8 of Hearts could be moved left causing the 2 of Spades to line up with the 2 of Diamonds (after all cards on that row are slid left.) This is the move that was made in the next diagram. | Another reasonable move would have been to move the K of Hearts (and following cards) to the right. That move would have kept the 8's closer to each other. | The following diagram demonstrates that there is an empty space at the end of one of the rows (row 2) as a result of removing the 2 of Spades and 2 of Diamonds. | This space (to the right of the 10 of Clubs) does not need to be filled before another pair is matched because the space is on the end of a row. However, the empty space below (between the 7 and 4 of Diamonds) MUST still be filled because it is a space in the center of a horizontal row. | Scoring | Each pair of cards removed score 2 points. When all cards are removed, a bonus is added that is equal to the rank values of the last 8 pairs matched. | Kings count as 13, Queens count as 12, Jacks count as 11, all other cards count as their face value. | A perfect score is 144 points: 52 + 13 + 13 + 12 + 12 + 11 + 11 + 10 + 10. Incidentally, the lowest winning score is 72. | Game Notes | Air Lock is a Solitaire Network original created by Warren Schwader.
Mahjong Solitaire	https://www.solitairenetwork.com/mahjong/mahjong-turtle.html	Mahjong Games	"Mahjong Rush ""Classic Timed"" - Rules | As in most MAHJONG Solitaire Games, the basic goal is to remove all tiles from the layout. However, in this ""Classic Timed"" variant, more points are awarded for faster play. Finish quickly to earn a big win bonus! | How to Play | Most of the time you must match 2 identical tiles. However, the Flowers and Seasons suits are different in that you may match any Flower with any other Flower, and you may match any Season with any other Season. For example: | Only tiles that are not blocked may be matched. A tile is blocked when there are tiles on both immediate sides of it, or when there is a tile directly on top of it. For example: | To make it easier to see which tiles are blocked, press the orange ""Playable Tiles"" button near the top-right of the game. When this setting is active, the unplayable tiles will be dimmed. | You may use up to 7 hints per game. Hints may not always show the best play, but show a possible play. To see a hint for a specific tile, you can highlight the tile first and then click the Hint button. If there is a tile that matches then the hint will show it. If there is not a tile that matches then a random hint will be shown instead. | When all of the tiles are unblocked, the game will automatically play the rest of the tiles for you, unless you turn this feature off by using the blue ""Autoplay"" button near the top-right of the game. | Indicates that Autoplay is ON. | Indicates that Autoplay is OFF. | Scoring | In ""Classic Timed"" Mahjong Rush, there are two ways to score: | Each pair of matched tiles scores the value on the timer. For example, if the timer reads 623 then 623 points are awarded. | When a layout is won, a bonus is awarded. The bonus amount is based on the time remaining multiplied by 50. For example, if 448 is shown on the timer at the end of a winning game, that amount is multiplied by 50 points for a total win bonus of 22,400 points. | Strategy | Each different layout will have its own strategy. Much will depend on how ""open"" or ""closed"" a layout is. An open layout is one that tends to open up more choices as play progresses. A closed layout will tend to offer fewer choices or the same amount as play progresses. | Often, different parts of a layout will have open or closed characteristics. It is beneficial to try to determine this early while playing the layout so that tiles from closed sections are given more consideration over tiles from open sections. | Often, there are a few tiles at the start of a layout that block many others. Do all that you can to remove these tiles first. | Whenever you see 4 matching tiles, it is always safe to play those right away and remove them all from the layout. Also, if you remember that you have previously removed 2 of a certain tile and you see 2 more, it is safe to remove the other 2 tiles. | When you have 3 matching tiles available, choose 2 of them that cover or block the most other tiles. Remember that just because you see a match, it doesn't mean it is best to take that match right away. | Since the score is determined by how fast you play, if you are trying to maximize your score, then it should be obvious that you will want to play as fast as reasonable. However, it is more important to match the right tiles so that the game can be won than it is to simply play fast. (Note: Not everyone likes timers. Solitaire Network is planning a future variant of Mahjong Rush without timers.) | With Hints limited to just 5 per game, we suggest that you try to save at least half of your hints for when there are few matches that can be made (see the upper-left of the game, which tells you how many matches are available). For example, when there are only 1 or 2 matches available, it is sometimes difficult to find where they are. A hint at that time will relieve the frustration of not being able to find them. | You have unlimited Undos, so sometimes you can ""peek"" under other tiles by matching them and then undoing. Of course, this takes time and can cost you some points. | Tile Set | The ""Classic Timed"" variant of Mahjong Rush uses the standard set of 144 Mahjong tiles: | Dots Suit: 4 of Each | Bams Suit: 4 of Each | Craks Suit: 4 of Each | Winds Suit: 4 of Each | Dragons Suit: 4 of Each | Flowers Suit: 1 of Each (any two match) | Seasons Suit: 1 of Each (any two match)"
