{
  "highland_range": {
    "bad": [
      3.0,
      5.0,
      4.0,
      5.0,
      6.0,
      1.0,
      4.0,
      2.0,
      2.0,
      3.0,
      2.0,
      1.0
    ],
    "bad_n": 6,
    "bins": 12,
    "good": [
      4.0,
      6.0,
      2.0,
      1.0,
      2.0,
      3.0,
      3.0,
      6.0,
      15.0,
      2.0,
      5.0,
      9.0
    ],
    "good_n": 58,
    "hi": 0.5,
    "is_int": false,
    "lo": 0.1
  },
  "mountain_threshold": {
    "bad": [
      3.0,
      5.0,
      2.0,
      2.0,
      3.0,
      4.0,
      3.0,
      1.0,
      2.0,
      3.0,
      6.0,
      4.0
    ],
    "bad_n": 6,
    "bins": 12,
    "good": [
      0.0,
      4.0,
      4.0,
      5.0,
      3.0,
      4.0,
      8.0,
      10.0,
      9.0,
      9.0,
      1.0,
      1.0
    ],
    "good_n": 58,
    "hi": 0.8,
    "is_int": false,
    "lo": 0.5
  },
  "peak_height_cap": {
    "bad": [
      34.0,
      2.0,
      0.0,
      0.0,
      0.0,
      0.0,
      1.0,
      1.0,
      0.0,
      0.0,
      0.0,
      0.0
    ],
    "bad_n": 6,
    "bins": 12,
    "good": [
      30.0,
      13.0,
      0.0,
      1.0,
      1.0,
      2.0,
      2.0,
      2.0,
      0.0,
      5.0,
      2.0,
      0.0
    ],
    "good_n": 58,
    "hi": 4.074135273,
    "is_int": false,
    "lo": 4.0337973
  },
  "peak_uplift": {
    "bad": [
      1.0,
      2.0,
      0.0,
      2.0,
      3.0,
      2.0,
      8.0,
      1.0,
      4.0,
      6.0,
      3.0,
      6.0
    ],
    "bad_n": 6,
    "bins": 12,
    "good": [
      1.0,
      7.0,
      12.0,
      12.0,
      10.0,
      10.0,
      0.0,
      4.0,
      1.0,
      0.0,
      1.0,
      0.0
    ],
    "good_n": 58,
    "hi": 0.6,
    "is_int": false,
    "lo": 0.0
  },
  "peaks_gain": {
    "bad": [
      4.0,
      5.0,
      5.0,
      2.0,
      4.0,
      4.0,
      1.0,
      2.0,
      1.0,
      2.0,
      2.0,
      6.0
    ],
    "bad_n": 6,
    "bins": 12,
    "good": [
      1.0,
      1.0,
      4.0,
      7.0,
      10.0,
      3.0,
      1.0,
      7.0,
      10.0,
      5.0,
      5.0,
      4.0
    ],
    "good_n": 58,
    "hi": 1.0,
    "is_int": false,
    "lo": 0.0
  },
  "peaks_lacunarity": {
    "bad": [
      4.0,
      4.0,
      2.0,
      5.0,
      6.0,
      2.0,
      2.0,
      3.0,
      4.0,
      0.0,
      1.0,
      5.0
    ],
    "bad_n": 6,
    "bins": 12,
    "good": [
      3.0,
      14.0,
      5.0,
      2.0,
      0.0,
      5.0,
      13.0,
      3.0,
      5.0,
      5.0,
      3.0,
      0.0
    ],
    "good_n": 58,
    "hi": 4.0,
    "is_int": false,
    "lo": 1.0
  },
  "peaks_octaves": {
    "bad": [
      3.0,
      8.0,
      0.0,
      3.0,
      0.0,
      6.0,
      5.0,
      0.0,
      6.0,
      0.0,
      5.0,
      2.0
    ],
    "bad_n": 6,
    "bins": 12,
    "good": [
      0.0,
      10.0,
      0.0,
      8.0,
      0.0,
      3.0,
      9.0,
      0.0,
      16.0,
      0.0,
      10.0,
      2.0
    ],
    "good_n": 58,
    "hi": 8.0,
    "is_int": true,
    "lo": 1.0
  },
  "peaks_warp_amp": {
    "bad": [
      5.0,
      4.0,
      3.0,
      2.0,
      2.0,
      2.0,
      4.0,
      3.0,
      6.0,
      3.0,
      2.0,
      2.0
    ],
    "bad_n": 6,
    "bins": 12,
    "good": [
      1.0,
      8.0,
      6.0,
      7.0,
      2.0,
      4.0,
      5.0,
      11.0,
      1.0,
      0.0,
      7.0,
      6.0
    ],
    "good_n": 58,
    "hi": 60.0,
    "is_int": false,
    "lo": 0.0
  },
  "peaks_warp_freq": {
    "bad": [
      2.0,
      2.0,
      1.0,
      5.0,
      3.0,
      1.0,
      6.0,
      3.0,
      3.0,
      6.0,
      3.0,
      3.0
    ],
    "bad_n": 6,
    "bins": 12,
    "good": [
      4.0,
      4.0,
      4.0,
      4.0,
      3.0,
      10.0,
      6.0,
      3.0,
      6.0,
      7.0,
      3.0,
      4.0
    ],
    "good_n": 58,
    "hi": 0.03,
    "is_int": false,
    "lo": 0.002
  },
  "ridge_frequency": {
    "bad": [
      0.0,
      3.0,
      2.0,
      4.0,
      1.0,
      1.0,
      2.0,
      5.0,
      4.0,
      8.0,
      6.0,
      2.0
    ],
    "bad_n": 6,
    "bins": 12,
    "good": [
      5.0,
      14.0,
      13.0,
      6.0,
      4.0,
      4.0,
      1.0,
      5.0,
      3.0,
      3.0,
      0.0,
      0.0
    ],
    "good_n": 58,
    "hi": 0.03,
    "is_int": false,
    "lo": 0.004
  },
  "ridge_offset": {
    "bad": [
      4.0,
      6.0,
      6.0,
      3.0,
      3.0,
      2.0,
      2.0,
      4.0,
      1.0,
      6.0,
      0.0,
      1.0
    ],
    "bad_n": 6,
    "bins": 12,
    "good": [
      1.0,
      2.0,
      7.0,
      0.0,
      4.0,
      8.0,
      6.0,
      5.0,
      6.0,
      1.0,
      12.0,
      6.0
    ],
    "good_n": 58,
    "hi": 1.5,
    "is_int": false,
    "lo": 0.5
  }
}