id,name,status,approved_effect,slot,class,family,class_group,variant,was_recommended,answer_state,owner_note,one_line_summary,provenance,option_a,option_b,option_c
Q0001,Cheering Team card,unanswered,,skill,A1,A - Scoring — the number itself,A1 - Flat point add,,,,,Pays its own suit,random potential effects.csv:5,Each scored card sharing this card's suit gains extra points,"Each scored card sharing this card's suit gains extra points, scaling with how many of them there are","Each scored card sharing this card's suit gains extra points, and this card gains the same again"
Q0002,Crowd glow,unanswered,,rule,A1,A - Scoring — the number itself,A1 - Flat point add,,,,,The crowd trickles in regardless,"DESIGN_REFERENCES.md §F3 Music, Concerts & Festivals","On a low-scoring turn, a small amount of fame arrives anyway","On a turn that scores nothing at all, a small amount of fame arrives anyway","On a low-scoring turn, fame arrives inversely to what you scored, so the worst turns pay most"
Q0003,Extra Point,unanswered,,skill,A1,A - Scoring — the number itself,A1 - Flat point add,,,,,Gain extra flat points on score (+10),CARD_CATALOG,+10 points when this card scores,+2 points for each card in the line this card scores in,"+10 points when this card scores, doubling each further time it scores in the same show"
Q0004,The Pose (Sandow),unanswered,,skill,A1,A - Scoring — the number itself,A1 - Flat point add,,,,,Scores by standing still,DESIGN_REFERENCES.md §B3 Strength & Endurance,"Scores by being spotlit and doing nothing, rather than by melding","Scores by being spotlit and doing nothing, paying more the longer it holds the pose","Scores by being spotlit and doing nothing, and cannot score by melding at all"
Q0005,The Sparkler,unanswered,,skill,A1,A - Scoring — the number itself,A1 - Flat point add,,,,,Straight into the column score,CARD_CATALOG,"When this card scores, +10 flat points go to its column's score","When this card scores, flat points equal to its rank go to its column's score","When this card scores, +10 flat points go to whichever of its lines scored lowest"
Q0006,Bootstraps,unanswered,,skill,A2,A - Scoring — the number itself,A2 - Additive mult,,,,,Paid by what is in your pocket,balatro,Gains a multiplier for every fixed amount of gold you hold,"Gains a multiplier for every fixed amount of gold, and spending gold mid-show lowers it immediately","Gains a multiplier for gold held, capped, and converts overflow gold into flat points"
Q0007,Combo card,unanswered,,skill,A2,A - Scoring — the number itself,A2 - Additive mult,,,,,Scored cards keep the hand's value,random potential effects.csv:6,"During scoring, each card gains temporary points equal to the hand it scored in","During scoring, each card gains permanent points equal to the hand it scored in, once","During scoring, each card gains temporary points equal to the hand it scored in, doubled if it scored in two lines"
Q0008,Diamond type,unanswered,,type,A2,A - Scoring — the number itself,A2 - Additive mult,,,,,"Twice the score, twice the price",curated effects pre grid.csv:92,"Doubles this card's score, and costs 3 more when traded at shops","Doubles this card's score, and it cannot be sold at all","Doubles this card's score, and every other card of its suit costs more at shops"
Q0009,More Poker card,unanswered,,skill,A2,A - Scoring — the number itself,A2 - Additive mult,,,,,Poker hands pay double,random potential effects.csv:3,Poker hands score double,"Poker hands score double, but only the highest hand of each act","Poker hands score double, and non-poker melds score nothing"
Q0010,Noble Family card,unanswered,,skill,A2,A - Scoring — the number itself,A2 - Additive mult,,,,,Face cards feed each other,random potential effects.csv:7,Each scored face card raises the points of the next scored face card by 1,"Each scored face card raises the next one by 1, and the chain resets at the end of each act","Each scored face card raises the next by 1, with no reset, so the chain runs the whole show"
Q0011,Per-act score multiplier,unanswered,,rule,A2,A - Scoring — the number itself,A2 - Additive mult,,,,,Later acts are worth more,DESIGN_DOC.md §2 Core Game Loop refinements,"Each act carries a rising score multiplier, so the final act is worth the most",Only the final act carries an extra multiplier,"Each act's multiplier rises, and skipping an act carries its multiplier into the next"
Q0012,Hoop tower,unanswered,,skill,A3,A - Scoring — the number itself,A3 - Multiplicative mult,,,,,"Same suit, stacked hoops",DESIGN_REFERENCES.md §A5 China,Consecutive same-suit cards in a line multiply their score together,"Consecutive same-suit cards in a line multiply their score, and the multiplier grows with run length","Consecutive same-suit cards in a line multiply their score, counting across grid boundaries at the same row"
Q0013,Joker Stencil,unanswered,,skill,A3,A - Scoring — the number itself,A3 - Multiplicative mult,,,,,Paid by the room you left,balatro,Gains a multiplier for every empty skill slot you are carrying,Gains a multiplier for every empty cell on the grid at scoring,"Gains a multiplier for every empty skill slot, doubled if every slot but its own is empty"
Q0014,Pagliacci,unanswered,,skill,A3,A - Scoring — the number itself,A3 - Multiplicative mult,,,,,Gains bonus multiplier while this card carries any debuff or negative status,CARD_CATALOG,Gains a multiplier while carrying any debuff or negative status,"Gains a multiplier per debuff or negative status it carries, stacking","Gains a multiplier per debuffed card anywhere in its grid, whether or not it is one of them"
Q0015,Searing Knife,unanswered,,skill,A3,A - Scoring — the number itself,A3 - Multiplicative mult,,,,,"When scored, its column pays 3x this act but is locked (no placement or grabs) for the next 2 turns",CARD_CATALOG,"When this card scores, its column pays triple this act and is locked against placement and grabs for two turns","When this card scores, its column pays triple this act and is locked for the rest of the show","When this card scores, its column pays triple, and the column to each side is locked for one turn"
Q0016,Swashbuckler,unanswered,,skill,A3,A - Scoring — the number itself,A3 - Multiplicative mult,,,,,Paid by what your collection is worth,balatro,Adds the total sell value of your other cards to the multiplier,"Adds the total sell value of your other cards to the multiplier, and selling any of them lowers it at once","Adds the sell value of your single most valuable other card, doubled"
Q0017,The Advance Campaign,unanswered,,skill,A3,A - Scoring — the number itself,A3 - Multiplicative mult,,,,,Cue before a show: spend N Gold tokens to multiply that show's fame payout by 1 + N/10,CARD_CATALOG,Cue before a show: spend N gold to multiply that show's payout by 1 + N/10,"Cue before a show: spend all your gold to multiply that show's payout by 1 + gold/10, capped at triple","Cue before a show: spend N gold to multiply the payout by 1 + N/10, but the next show's goal rises by the same fraction"
Q0018,The Kecak Chorus,unanswered,,skill,A3,A - Scoring — the number itself,A3 - Multiplicative mult,,,,,Paid by the low cards on the board,CARD_CATALOG,"When any meld scores, gains a multiplier per rank-1 card on the board","When any meld scores, gains a multiplier per card on the board below rank 4","When any meld scores, gains a multiplier per card on the board whose rank is lower than this card's"
Q0019,The Wall of Death,unanswered,,skill,A3,A - Scoring — the number itself,A3 - Multiplicative mult,,,,,"Both neighbours pay, and both pay for it",CARD_CATALOG,"Both adjacent columns gain a multiplier, and every card in them takes an Exhausted debuff at show end","Both adjacent columns gain a multiplier, and one random card in each is Exhausted at show end","Both adjacent columns gain a multiplier scaling with how many cards are in them, and all of those cards are Exhausted at show end"
Q0020,Abstract Card,unanswered,,skill,A4,A - Scoring — the number itself,A4 - Higher operators,,,,,Raises the score to a power,cryptid,"Raises the act's multiplier to a power rather than adding or multiplying, with a chance of being destroyed each show","Raises the act's multiplier to a power, with no destruction risk but a very small exponent","Raises the multiplier to a power that grows the longer this card survives, with a rising chance of destruction"
Q0021,Critical Deck,unanswered,,rule,A4,A - Scoring — the number itself,A4 - Higher operators,,,,,A coin flip on the exponent,cryptid,"Deck: after each act, a small chance the multiplier is squared, and a smaller chance it is square-rooted","Deck: after each act, a small chance the multiplier is squared, with no downside","Deck: after each act, the multiplier is raised to a random power between a half and two"
Q0022,Googol Play Card,unanswered,,skill,A4,A - Scoring — the number itself,A4 - Higher operators,,,,,A tiny chance at an absurd number,cryptid,"A small chance per act of an enormous multiplier, and nothing otherwise","A small chance per act of an enormous multiplier, with a modest one the rest of the time","A small chance of an enormous multiplier, and the chance improves each act it fails"
Q0023,Double Trigger,unanswered,,stamp,A5,A - Scoring — the number itself,A5 - Retrigger,,,,,"All of this card's effects trigger twice, once per scoring pass",CARD_CATALOG,All of this card's effects trigger twice,"All of this card's effects trigger twice, but only on the first line it completes each show","This card's effects trigger once more for each line it belongs to, so a card scoring in a row and a column fires three times"
Q0024,Echoing Trigger,unanswered,,skill,A5,A - Scoring — the number itself,A5 - Retrigger,,,,,"All triggers on the grid repeat once, per card, per scoring pass",CARD_CATALOG,Every card's triggers on the grid repeat once per scoring pass,Every card's triggers in this card's own row and column repeat once,"Every card's triggers on the grid repeat once, and this card is destroyed at the end of the show"
Q0025,Exposed,unanswered,,skill,A5,A - Scoring — the number itself,A5 - Retrigger,,,,,"Retriggers the plain ones, kills the faces",cryptid,"Retriggers every scoring non-face card twice more, and debuffs every face card","Retriggers every scoring non-face card twice more, and face cards simply score normally","Retriggers whichever card type is rarer on the board, and debuffs the commoner one"
Q0026,Hanging Chad,unanswered,,skill,A5,A - Scoring — the number itself,A5 - Retrigger,,,,,Re-fires whichever card went first,balatro,Retriggers the first card of a scoring line two extra times,Retriggers the first and last card of a scoring line one extra time each,"Retriggers the first card of every scoring line once, across every line that scores"
Q0027,Seltzer,unanswered,,skill,A5,A - Scoring — the number itself,A5 - Retrigger,,,,,"Retriggers everything, then burns out",balatro,"Retriggers every scoring card for the next ten acts, then is destroyed","Retriggers every scoring card for the next three acts, then is destroyed","Retriggers every scoring card until it has retriggered a fixed total number of times, then is destroyed"
Q0028,The Aerialist,unanswered,,skill,A5,A - Scoring — the number itself,A5 - Retrigger,,,,,"Once per submit, re-scores the topmost meld, but is destroyed permanently if her column ever fails to score",CARD_CATALOG,"Once per submit, re-scores the highest meld; destroyed for good if her column ever fails to score","Once per submit, re-scores the highest meld; destroyed for good the first time her column fails to score twice running","Once per submit, re-scores any meld you choose; each use carries a 1-in-8 chance of destroying her"
Q0029,The Clock Hang,unanswered,,skill,A5,A - Scoring — the number itself,A5 - Retrigger,,,,,"May be placed half-off the grid past the last column; while hanging it is double-spotlit (its skill fires twice), but any board-shift effect discards it",CARD_CATALOG,"May be placed half off the grid past the last column; while hanging its skill fires twice, and any board-shift effect discards it",May be placed half off the grid past any edge; while hanging its skill fires twice and it cannot be part of any meld,"May be placed half off the grid; while hanging it fires twice, and it falls off at the end of the act unless a line scored"
Q0030,The Drone Swarm,unanswered,,skill,A5,A - Scoring — the number itself,A5 - Retrigger,,,,,"Cue, once per show: re-triggers any formation bonus already scored this run, paying it again without needing the cards",CARD_CATALOG,"Cue, once per show: re-trigger any formation bonus already scored this run, paying it again without needing the cards","Cue, once per show: re-trigger any formation bonus already scored this show, paying it again","Cue, once per show: re-trigger the highest-paying formation bonus of the run, at half value"
Q0031,The Encore,unanswered,,stamp,A5,A - Scoring — the number itself,A5 - Retrigger,,,,,"If this card's skill triggered this show, there is a seeded 50% chance it triggers once more at show end",CARD_CATALOG,"If this card's skill triggered this show, a 50% chance it triggers once more at show end","If this card's skill triggered this show, it triggers once more at show end, guaranteed","If this card's skill triggered this show, a 50% chance per trigger that it fires again at show end, capped at three"
Q0032,The Fanchant,unanswered,,skill,A5,A - Scoring — the number itself,A5 - Retrigger,,,,,"After all scoring resolves, each meld that raised the act's combo pays again at 25%",CARD_CATALOG,"After all scoring resolves, every meld that raised the act's combo pays again at 25%","After all scoring resolves, the single highest meld that raised the combo pays again in full","After all scoring resolves, every meld that raised the combo pays again at 10% per distinct class involved"
Q0033,The Groundhog,unanswered,,skill,A5,A - Scoring — the number itself,A5 - Retrigger,,,,,"Cue, once per show: replay the previous act's entire effect sequence against the current board, same effects and order, targets resolved fresh",CARD_CATALOG,"Gains bonus points for every consecutive show it stays in the deck unplayed, paying it all at once when finally scored, then resetting","Gains bonus points for every consecutive show it stays unplayed, paying out when scored; being drawn without being placed does not break the streak","Gains bonus points per show unplayed, and if the streak reaches five it also gains a permanent rarity tier"
Q0034,Broken Sync Catalyst,unanswered,,skill,A6,A - Scoring — the number itself,A6 - Score redirect,,,,,Trades chips for mult,cryptid,Swaps a tenth of the line's flat points into its multiplier,"Swaps a tenth of the flat points into multiplier, or the reverse, whichever scores higher","Swaps a proportion you choose, up to a half, between flat points and multiplier"
Q0035,The Accountant,unanswered,,skill,A6,A - Scoring — the number itself,A6 - Score redirect,,,,,"At payout, before row x column multiplication, shift up to 20% of the larger axis total onto the smaller, costing 2 combo to invoke",CARD_CATALOG,"At payout, before row times column, shift up to 20% of the larger axis total onto the smaller, at a cost of 2 combo","At payout, shift up to 20% of the larger axis total onto the smaller, free of charge","At payout, the row and column totals are averaged and both set to that average, at a cost of 2 combo"
Q0036,AP Joker,unanswered,,skill,A7,A - Scoring — the number itself,A7 - Scoring gate,,,,,Saves itself for the boss,cryptid,Scores a large multiplier against bosses only,"Scores a large multiplier against bosses, and nothing at all otherwise",Scores a multiplier that scales with how many bosses you have already beaten this run
Q0037,Card Sharp,unanswered,,skill,A7,A - Scoring — the number itself,A7 - Scoring gate,,,,,Paid for repeating yourself,balatro,Gains a multiplier if the hand it scores in has already been scored this show,Gains a multiplier if the hand it scores in has already been scored this act,Gains a multiplier that grows each time the same hand type is scored again in a show
Q0038,Facile,unanswered,,skill,A7,A - Scoring — the number itself,A7 - Scoring gate,,,,,Rewards a board you have barely used,cryptid,Raises the multiplier to a power if the scoring cards have been scored few times this run,Raises the multiplier to a power if none of the scoring cards has ever scored before,Raises the multiplier to a power scaling inversely with how often the scoring cards have been used
Q0039,Flash,unanswered,,type,A7,A - Scoring — the number itself,A7 - Scoring gate,,,,,The first time this card would score each show it scores triple; every later score that show is zero,CARD_CATALOG,The first time this card scores each show it scores triple; every later score that show is zero,The first time this card scores each show it scores triple; every later score that show is halved,"The first line this card completes each show scores triple for every card in it, and this card cannot score again that show"
Q0040,Green Seal,unanswered,,skill,A7,A - Scoring — the number itself,A7 - Scoring gate,,,,,Pays for the card that did not score,cryptid,Creates a bonus card whenever a placed card fails to score,"Creates a bonus card whenever a placed card fails to score, capped once per act",Creates a bonus card for each card in a completed line that contributed nothing to the hand
Q0041,Lot Lice,unanswered,,rule,A7,A - Scoring — the number itself,A7 - Scoring gate,,,,,Town rule: the first submit each show scores 0 fame,CARD_CATALOG,Town rule: the first submit each show scores nothing,Town rule: the first line completed in each grid scores nothing,Town rule: the first submit each show scores nothing and the second scores double
Q0042,Non-scoring bonus card,unanswered,,skill,A7,A - Scoring — the number itself,A7 - Scoring gate,,,,,Paid for not being used,random potential effects.csv:5,"If this card is not part of any scoring hand, it gives 10 points","If this card is not part of any scoring hand, it gives points equal to its rank","If this card is not part of any scoring hand this act, it gives 10 points and gains +1 rank"
Q0043,Obelisk,unanswered,,skill,A7,A - Scoring — the number itself,A7 - Scoring gate,,,,,Paid for not repeating yourself,balatro,"Gains a permanent multiplier for each consecutive act played without scoring your most-played hand, resetting when you do",Gains a permanent multiplier per act played without repeating any hand you have already scored this show,"Gains a permanent multiplier per consecutive act without your most-played hand, and keeps half of it through the reset"
Q0044,Score input cards on submit,unanswered,,rule,A7,A - Scoring — the number itself,A7 - Scoring gate,,,,,The Entrance scores too,random potential effects.csv:9,"On submit, the Entrance cards score as well as the board","On submit, the Entrance cards score at half value as well as the board","On submit, the Entrance cards score as a sixth line of their own"
Q0045,Supernova,unanswered,,skill,A7,A - Scoring — the number itself,A7 - Scoring gate,,,,,Paid by how often you have played it,balatro,Adds to the multiplier the number of times the scoring hand type has been played this run,Adds the number of times the scoring hand type has been played this show only,"Adds the number of times the hand has been played this run, and doubles if it is your most-played"
Q0046,The Chromatic,unanswered,,skill,A8,A - Scoring — the number itself,A8 - Negative scoring,,,,,Negative on alternate acts,cryptid,Applies a negative multiplier on every odd-numbered act and a positive one on every even,"Applies a negative multiplier on every odd act, and nothing on the even ones","Applies a negative multiplier on alternating acts, and you choose which act it starts on"
Q0047,The Negative,unanswered,,status,A8,A - Scoring — the number itself,A8 - Negative scoring,,,,,Props under it subtract score and add combo. (line 821),generated,"A card at negative rank spawns props that subtract score instead of adding it, and each one still raises the act's combo","A card at negative rank spawns props that subtract score, and they raise the combo by double","A card at negative rank subtracts score itself and raises the combo, but its props behave normally"
Q0048,Grock's Instrument,unanswered,,skill,A9,A - Scoring — the number itself,A9 - Deferred payout,,,,,"Each act this card would score, it instead hops one column away and banks the points; when it has no legal hop left, it scores everything banked at once",CARD_CATALOG,"Each act it would score, it hops one column instead and banks the points; when it cannot hop, it pays out the whole bank","Each act it would score, it banks the points instead; cue at any time to pay the bank out","Each act it would score, it hops one column and banks double; if another effect ever moves it, the bank is lost"
Q0049,Mid-show instant tips,unanswered,,rule,A9,A - Scoring — the number itself,A9 - Deferred payout,,,,,Tips paid on the spot,DESIGN_REFERENCES.md §A13 Korea & Southeast Asia,Overscoring a single meld pays out immediately rather than at show end,"Overscoring a single meld pays out immediately, at a worse rate than banking it would give","Overscoring a single meld pays out immediately, and you choose per meld whether to take it or bank it"
Q0050,Style flourish (Mie),unanswered,,skill,A9,A - Scoring — the number itself,A9 - Deferred payout,,,,,Holds the pose for the applause,DESIGN_REFERENCES.md §A6 Japan,A scored meld holds on screen a beat longer and pays extra tips,"A scored meld holds a beat longer and pays extra tips, and holding two in a row pays more","You may choose to hold a meld, delaying the next placement by a turn in exchange for extra tips"
Q0051,The Hunger Artist,unanswered,,skill,A9,A - Scoring — the number itself,A9 - Deferred payout,,,,,"Gains bonus points for every consecutive show it stays in the deck unplayed; when finally played and scored, pays it all at once and resets to zero",CARD_CATALOG,"Gains bonus points for each consecutive show it stays in the deck unplayed, pays it all when scored, then resets to zero","Gains bonus points for each consecutive show unplayed, pays out when scored, and keeps half the total through the reset","Gains bonus points per show unplayed with no cap, but is destroyed if it goes ten shows unplayed"
Q0052,The Instrument,unanswered,,skill,A9,A - Scoring — the number itself,A9 - Deferred payout,,,,,Keeps missing until it does not,DESIGN_REFERENCES.md §B5 Clowning Across Cultures,Moves away rather than scoring each time it would score; when finally played it scores everything it dodged,"Moves away rather than scoring, banking each dodge; cue at any time to cash the bank","Moves away rather than scoring, and each dodge raises what it eventually pays by more than the last"
Q0053,The Hat Line,unanswered,,skill,A10,A - Scoring — the number itself,A10 - Score conversion,,,,,"At show end, cue to convert the act's unused combo above the payout into Gold tokens instead of losing it",CARD_CATALOG,"At show end, cue to turn the act's unused combo into gold tokens rather than lose it","At show end, unused combo automatically becomes gold tokens","At show end, cue to turn unused combo into gold, or into a rank increase on one card, your choice"
Q0054,The Lecture,unanswered,,skill,A10,A - Scoring — the number itself,A10 - Score conversion,,,,,Turns flavour into fame,"DESIGN_REFERENCES.md §E The Fairground, Midway & Business","Converts a card's flavour text into fame, once per card",Converts a card's flavour text into fame each time that card scores,"Converts flavour text into fame, paying more for cards you have never scored before"
Q0055,Lemon Trophy,unanswered,,skill,A11,A - Scoring — the number itself,A11 - Floor / ceiling / rounding,,,,,The multiplier cannot outgrow the points,cryptid,The multiplier can never exceed the flat points it is multiplying,"The multiplier can never exceed the flat points, and any excess converts to flat points instead","The multiplier and the flat points are both clamped to whichever is lower, then both doubled"
Q0056,The Tax,unanswered,,rule,A11,A - Scoring — the number itself,A11 - Floor / ceiling / rounding,,,,,A ceiling on each act,cryptid,"Boss: each act's score is capped at a fraction of the goal, so no single act can win it","Boss: each act's score is capped at a fraction of the goal, and the cap rises each act","Boss: each act's score is capped, and anything above the cap is banked for the next act"
Q0057,Diversity-based scoring instead of combo,unanswered,,rule,A12,A - Scoring — the number itself,A12 - Combo-counter manipulation,,,,,Variety as its own axis,gam draft.txt:1024,"The act's payout scales with how many distinct suits and types are on the board, alongside the combo","The act's payout scales with distinct suits and types instead of the combo, replacing it","The act's payout scales with distinct suits and types, and the combo scales with distinct effects, multiplying together"
Q0058,Flea Circus,unanswered,,skill,A12,A - Scoring — the number itself,A12 - Combo-counter manipulation,,,,,"When scored, counts as five rank-1 cards for combo-counting purposes (not points)",CARD_CATALOG,"When scored, counts as five separate triggers for the combo without adding any points","When scored, counts as one extra trigger for each card in its line, without adding points","When scored, counts as five separate triggers, and each one can be amplified by retrigger effects"
Q0059,Grand Spec,unanswered,,skill,A12,A - Scoring — the number itself,A12 - Combo-counter manipulation,,,,,"If all columns scored a meld this act, doubles the act's combo multiplier",CARD_CATALOG,"If every column scored a meld this act, the act's combo doubles","If every row and every column scored a meld this act, the act's combo triples",The act's combo is multiplied by the number of columns that scored a meld
Q0060,Presentation,unanswered,,skill,A12,A - Scoring — the number itself,A12 - Combo-counter manipulation,,,,,"While spotlit, each time a placed card's rank is higher than the last card placed, gain +1 combo for the act",CARD_CATALOG,"While spotlit, each placed card of higher rank than the last placed card adds +1 combo for the act","While spotlit, an unbroken ascending sequence of placements adds +1 combo per placement, and any drop resets it","While spotlit, each placed card of higher rank than the last adds +1 combo, and each lower one removes 1"
Q0061,Spangle,unanswered,,stamp,A12,A - Scoring — the number itself,A12 - Combo-counter manipulation,,,,,"The first time this card is part of any scored meld each act, it adds +1 to the act's combo",CARD_CATALOG,"The first time this card is part of a scored meld each act, it adds +1 to the act's combo","Every time this card is part of a scored meld, it adds +1 to the act's combo","The first time this card is part of a scored meld each act, it adds +1 combo for each distinct suit in that meld"
Q0062,The Calliope,unanswered,,skill,A12,A - Scoring — the number itself,A12 - Combo-counter manipulation,,,,,Gains +1 combo for every different class that scored this act,CARD_CATALOG,Gains +1 combo for every different class that scored this act,"Gains +1 combo for every different class on the grid, whether or not it scored","Gains +1 combo per class that scored, and double that if every class on the grid scored"
Q0063,The Dramaturg,unanswered,,skill,A12,A - Scoring — the number itself,A12 - Combo-counter manipulation,,,,,"Rewrites one card's combo identity so each of its triggers registers a fresh combo key every time this act, instead of only on first activation",CARD_CATALOG,"Rewrites one card's combo identity so each of its triggers registers a fresh combo key this act, instead of only the first",Rewrites every card's combo identity so each trigger registers a fresh combo key this act,"Rewrites one card's combo identity permanently, so its triggers always register fresh combo keys"
Q0064,The Exchange Rate,unanswered,,skill,A12,A - Scoring — the number itself,A12 - Combo-counter manipulation,,,,,"At act end, cue to convert unused combo above 3 into flat points at a fixed rate, or spend points to pre-register +1 combo for the next act",CARD_CATALOG,"At act end, cue to turn unused combo above 3 into flat points at a fixed rate, or spend points to pre-register +1 combo for the next act","At act end, unused combo above 3 automatically becomes flat points at a fixed rate","At act end, cue to bank unused combo, carrying it into the next act instead of converting it"
Q0065,The Forty-Two,unanswered,,rule,A12,A - Scoring — the number itself,A12 - Combo-counter manipulation,,,,,"Hidden rule: when a row's score plus its column's score totals exactly 42, the act's combo gains +3",CARD_CATALOG,"Hidden rule: when a row's score plus its column's score totals exactly 42, the act's combo gains +3","Hidden rule: when a row's score plus its column's score totals a specific number reseeded each run, the act's combo gains +3","Hidden rule: when a row's score and its column's score are exactly equal, the act's combo gains +3"
Q0066,The System,unanswered,,skill,A12,A - Scoring — the number itself,A12 - Combo-counter manipulation,,,,,"Paid by the combo, and shy of inspection",CARD_CATALOG,"After each act, gains bonus points scaled to that act's combo; any inspection effect halves the bonus permanently","After each act, gains bonus points scaled to that act's combo, with no downside","After each act, gains bonus points scaled to the combo; being inspected halves it, and it recovers one step per show uninspected"
Q0067,Zooble,unanswered,,skill,A12,A - Scoring — the number itself,A12 - Combo-counter manipulation,,,,,"Paid for rank variety, unless it is a run",cryptid,"Gains a multiplier per distinct rank in the scoring line, unless that line is a straight","Gains a multiplier per distinct rank in the scoring line, always","Gains a multiplier per distinct rank and per distinct suit in the scoring line, unless it is a straight or a flush"
Q0068,Drumroll,unanswered,,skill,A13,A - Scoring — the number itself,A13 - Comparative scoring,,,,,The last meld scored each act gets a bonus multiplier,CARD_CATALOG,The last line scored in each act pays double,The highest-scoring line of each act pays double,The lowest-scoring line of each act is re-scored as though it were the highest
Q0069,The First Juggler,unanswered,,skill,A13,A - Scoring — the number itself,A13 - Comparative scoring,,,,,The oldest trick there is,DESIGN_REFERENCES.md §A1 The Ancient World,Scores a bonus for completing the simplest possible meld,"Scores a bonus for completing the simplest meld, growing each time you do it again","Scores a bonus for completing the lowest-scoring meld of the act, so the worst hand pays"
Q0070,The Odd Couple,unanswered,,skill,A13,A - Scoring — the number itself,A13 - Comparative scoring,,,,,The extremes of the row pay each other,CARD_CATALOG,The lowest- and highest-ranked cards in this card's row pay each other bonus points when the row scores,The lowest- and highest-ranked cards in this card's row pay each other bonus points scaling with the gap between them,"In every line this card belongs to, the highest and lowest cards pay each other bonus points"
Q0071,The Comeback,unanswered,,skill,A14,A - Scoring — the number itself,A14 - Progress-relative,,,,,Stronger the further behind you are,generated,Scores a multiplier scaling with how far below the goal you currently are,"Scores a multiplier scaling with how far behind you are, and nothing once you are ahead","Scores a multiplier scaling with how far behind you are at the START of each act, so catching up early costs you"
Q0072,The Front-Runner,unanswered,,skill,A14,A - Scoring — the number itself,A14 - Progress-relative,,,,,Stronger once you are already winning,generated,"Scores a multiplier once you are past the goal, scaling with the overshoot","Scores a multiplier once you are past halfway to the goal, fixed","Scores a multiplier past the goal, and the overshoot it earns is banked as fame rather than points"
Q0073,The Handicapper,unanswered,,rule,A14,A - Scoring — the number itself,A14 - Progress-relative,,,,,The board reads the scoreboard,generated,Rule: every effect that scales reads the gap to the goal as its scaling input,"Rule: every effect that scales reads the gap to the goal, but only in the final act",Rule: falling far enough behind switches the whole board to a stronger set of defaults for that show
Q0074,The Photo Finish,unanswered,,skill,A14,A - Scoring — the number itself,A14 - Progress-relative,,,,,Pays for landing exactly,generated,"Pays an enormous bonus for finishing a show within a hair of the goal, and nothing for overshooting",Pays a bonus scaling inversely with how far past the goal you finish,"Pays an enormous bonus for finishing exactly on the goal, to the point"
Q0075,Adjacency-required marriage melds,unanswered,,rule,B1,B - Melds — what counts as a hand,B1 - New meld types,,,,,Melds that need true adjacency,gam draft.txt:1385,"Marriage melds require the cards to be exactly adjacent, not merely in the same line","Marriage melds require exact adjacency, and diagonal adjacency counts double","Marriage melds require exact adjacency, and any two adjacent cards that pair score as a meld of their own"
Q0076,Beehive four-of-a-kind removal,unanswered,,rule,B1,B - Melds — what counts as a hand,B1 - New meld types,,,,,Take four of a kind off the board,gam draft.txt:1427,Any four of a kind on the grid may be removed together for a bonus,"Any four of a kind on the grid may be removed together, scoring as a meld and freeing the cells","Any four of a kind may be removed, and doing so pulls four new cards into the Entrance"
Q0077,Blackjack bust rule,unanswered,,rule,B1,B - Melds — what counts as a hand,B1 - New meld types,,,,,Twenty-one exactly,gam draft.txt:1406,A line whose ranks total exactly 21 scores as its own meld; going over scores nothing,"A line whose ranks total exactly 21 scores as its own meld, alongside its poker hand","A line totalling exactly 21 scores as a meld, and the closest line to 21 without going over scores as well"
Q0078,Bulwark,unanswered,,rule,B1,B - Melds — what counts as a hand,B1 - New meld types,,,,,A hand made of rankless cards,cryptid,"A new hand: five rankless, suitless cards score as a large flat meld","A new hand: five rankless cards score as a large meld, and each blank card in your deck raises it",A new hand: any five cards that share no rank and no suit at all score as a meld
Q0079,Clusterfuck/Cluster,unanswered,,rule,B1,B - Melds — what counts as a hand,B1 - New meld types,,,,,A hand made of nothing matching,cryptid,"A new hand: eight or more cards containing no pair, no flush and no straight score as a large meld","A new hand: a full line containing no pair, flush or straight scores as a large meld",A new hand: a line where no two cards share a rank or a suit scores as a large meld
Q0080,Cribbage phase-1 stack-to-31,unanswered,,rule,B1,B - Melds — what counts as a hand,B1 - New meld types,,,,,Build to thirty-one,gam draft.txt:1393,"A running total builds across placements up to 31, scoring at exact totals along the way","A running total builds across placements up to 31; hitting exactly 31 scores, and overshooting resets it","A running total builds per line rather than per show, scoring at exact totals along the way"
Q0081,Cribbage-style scoring,unanswered,,rule,B1,B - Melds — what counts as a hand,B1 - New meld types,,,,,Cribbage counting,DESIGN_DOC.md §5 Scoring v1 (cribbage),"Face cards count as 10; score 2 per 15-sum, 2 per 31-sum, 2 per pair, 6 per triple, 12 per quad, and 3 to 7 for runs","Face cards count as 10, and only the 15-sums score, at 2 each",Face cards count as 10; the cribbage counts score alongside poker hands rather than replacing them
Q0082,Flower Pot,unanswered,,rule,B1,B - Melds — what counts as a hand,B1 - New meld types,,,,,One of every suit,balatro,A line containing one card of every suit scores as its own meld,"A line containing one card of every suit scores as its own meld, ranked above a flush","A line containing one card of every suit scores as a meld, and the more suits the game has the more it pays"
Q0083,Mahjong hand check across ring,unanswered,,rule,B1,B - Melds — what counts as a hand,B1 - New meld types,,,,,Mahjong hands across a grid,gam draft.txt:1279,A grid holding four triplets and a pair across its rows or its columns scores as a mahjong hand,"A grid holding four triplets and a pair scores as a mahjong hand, replacing its poker scoring",Any grid satisfying one of a set of named mahjong hands scores that hand as a bonus meld
Q0084,Many Have Lost Their Minds Comprehending This Joker,unanswered,,rule,B1,B - Melds — what counts as a hand,B1 - New meld types,,,,,A hand made of the entire deck,cryptid,A hand consisting of every card in the deck at once scores an absurd amount,A hand consisting of every card on the board at once scores an absurd amount,"A hand consisting of every card in the deck scores absurdly, and is the only way to win that show"
Q0085,None,unanswered,,rule,B1,B - Melds — what counts as a hand,B1 - New meld types,,,,,A hand of no cards at all,cryptid,"An empty line scores as its own meld, worth nothing but counting as a hand","An empty line scores as its own meld, and pays out if it is the only hand of the act","An empty line counts as a hand, and every empty line on the board raises the act's combo"
Q0086,Pyramid entrance-match removal,unanswered,,rule,B1,B - Melds — what counts as a hand,B1 - New meld types,,,,,Match the Entrance card to clear,gam draft.txt:1421,A grid card may be removed if it matches the current Entrance card by one rank up or down,A grid card may be removed if it matches the current Entrance card in rank or in suit,A grid card may be removed if it matches the Entrance card by rank; doing so scores both
Q0087,Pyramid pair-removal rule,unanswered,,rule,B1,B - Melds — what counts as a hand,B1 - New meld types,,,,,Pairs that add to thirteen,gam draft.txt:1420,Two cards whose ranks sum to 13 may be removed together for a bonus,"Two cards whose ranks sum to 13, or which match, may be removed together for a bonus","Two cards summing to 13 may be removed and score as a meld, freeing their cells"
Q0088,Rummy meld types,unanswered,,rule,B1,B - Melds — what counts as a hand,B1 - New meld types,,,,,"Runs and sets, rummy style",gam draft.txt:1325,"Three or more same-suit consecutive cards, or three to four of the same rank, score as melds","Three or more same-suit consecutive cards score as melds, but same-rank sets do not",Rummy melds score alongside poker hands rather than replacing them
Q0089,Sets-of-3 rank boost (Risk),unanswered,,rule,B1,B - Melds — what counts as a hand,B1 - New meld types,,,,,Sets of three do something,gam draft.txt:1433,"Any three matching cards on the grid trigger an effect, such as raising their ranks",Any three matching cards on the grid may be cashed in for an effect you choose from three,"Any three matching cards trigger an effect, and the effect improves the more sets you have cashed"
Q0090,The Fifteen,unanswered,,skill,B1,B - Melds — what counts as a hand,B1 - New meld types,,,,,This card also melds with any adjacent neighbors whose ranks sum to 15 with it,CARD_CATALOG,Also melds with any adjacent neighbours whose ranks sum to 15 with it,Also melds with any set of cards in its line whose ranks sum to 15 with it,Also melds with any adjacent neighbours whose ranks sum to a target that changes each show
Q0091,The Triple,unanswered,,skill,B1,B - Melds — what counts as a hand,B1 - New meld types,,,,,A short run pays out,CARD_CATALOG,"If this card completes a run of exactly three cards assembled that turn, that run scores triple","If this card completes a run of exactly three cards, that run scores triple; runs of four or more score nothing","Any run of exactly three cards scores as a full meld in its own right, whoever completes it"
Q0092,Ultimate Pair,unanswered,,rule,B1,B - Melds — what counts as a hand,B1 - New meld types,,,,,"Two pairs, each in its own suit",cryptid,"A new hand: two two-pairs, each one entirely within a single suit, across two suits","A new hand: two two-pairs each within a single suit, and it outranks a full house","A new hand: any two melds each confined to one suit, across two different suits"
Q0093,Four Fingers,unanswered,,rule,B2,B - Melds — what counts as a hand,B2 - Meld leniency,,,,,Four is enough,balatro,Flushes and straights may be completed with four cards instead of five,Flushes may be completed with four cards; straights still need five,"Any meld may be completed one card short, at three quarters of its value"
Q0094,Paved Joker,unanswered,,skill,B2,B - Melds — what counts as a hand,B2 - Meld leniency,,,,,Blanks plug the gaps,cryptid,Rankless cards may fill single-rank gaps in straights and flushes,Rankless cards may fill any number of gaps in straights and flushes,"Rankless cards may fill gaps, and each one used raises the line's score"
Q0095,Shortcut,unanswered,,rule,B2,B - Melds — what counts as a hand,B2 - Meld leniency,,,,,Straights can skip,balatro,Straights may be completed with gaps of one rank,"Straights may be completed with gaps of one rank, at three quarters value","Straights may be completed with gaps of one rank, and gaps of two if the line is otherwise a flush"
Q0096,The Red Wagon,unanswered,,skill,B2,B - Melds — what counts as a hand,B2 - Meld leniency,,,,,Money counts as anything,CARD_CATALOG,"While spotlit, every Gold token in the deck counts as a wildcard toward any column run","While spotlit, every Gold token on the grid counts as a wildcard toward any line at all","While spotlit, every token card of any kind counts as a wildcard toward any line"
Q0097,The Eye,unanswered,,rule,B3,B - Melds — what counts as a hand,B3 - Meld denial,,,,,Boss: no hand type twice,balatro,Boss: no hand type may be scored more than once in a show,Boss: no hand type may be scored more than once per act,"Boss: no hand type may be scored twice in a row, but may return later"
Q0098,The Mouth,unanswered,,rule,B3,B - Melds — what counts as a hand,B3 - Meld denial,,,,,Boss: only one hand type all show,balatro,"Boss: only one hand type may be scored for the whole show, fixed by the first line you complete","Boss: only one hand type may be scored, named by the boss before the show starts","Boss: only one hand type may be scored, and you choose it before seeing your Entrance"
Q0099,Calculation Solitaire looping stacks,unanswered,,rule,B4,B - Melds — what counts as a hand,B4 - Rank wrap / equivalence,,,,,Piles that count by their own number,gam draft.txt:1201,"Foundation stacks build in increments of their own base number, wrapping past King","Foundation stacks build in increments of their base number without wrapping, ending at King","Each column builds in increments of its own index, so column 3 stacks in threes"
Q0100,Fan Tan foundation-build rule,unanswered,,rule,B4,B - Melds — what counts as a hand,B4 - Rank wrap / equivalence,,,,,Sevens are the foundation,gam draft.txt:1351,"Sevens are foundations, extended only by a same-suit card one rank higher or lower","Sevens are foundations extended by any suit, one rank higher or lower","One rank named at run start becomes the foundation, extended by same-suit neighbours in rank"
Q0101,Spite and Malice communal foundations,unanswered,,rule,B4,B - Melds — what counts as a hand,B4 - Rank wrap / equivalence,,,,,"Communal foundations, kings wild",gam draft.txt:1290,"Up to four shared foundations build from 1 to Queen regardless of suit, with kings wild; a completed foundation is set aside and replaced","Up to four shared foundations build from 1 to Queen regardless of suit, and completing one scores it as a meld","One shared foundation builds 1 to Queen with kings wild, and completing it scores the whole run at once"
Q0102,The Forged Ace,unanswered,,rank,B4,B - Melds — what counts as a hand,B4 - Rank wrap / equivalence,,,,,"This card has an enormous rank that counts as two Aces in melds; if any inspection effect examines it, it is destroyed and the show's fame payout is voided",CARD_CATALOG,An enormous rank counting as two Aces in melds; any inspection effect that examines it destroys it and voids the show's payout,An enormous rank counting as two Aces in melds; being inspected destroys it but the payout survives,"An enormous rank counting as two Aces; each show it survives without being inspected, its rank grows"
Q0103,The Headliner,unanswered,,rank,B4,B - Melds — what counts as a hand,B4 - Rank wrap / equivalence,,,,,"Aces are renamed and count as either rank 1 or rank 14 in runs, whichever is more favorable, decided at evaluation time",CARD_CATALOG,"Aces count as either rank 1 or rank 14 in runs, whichever helps, decided when the line is read","Aces count as either 1 or 14 in runs and in melds, whichever helps","Every rank may count as one higher or one lower when a run is read, decided per line"
Q0104,Canasta rank-based wildcards,unanswered,,rule,B5,B - Melds — what counts as a hand,B5 - Suit equivalence,,,,,One rank is wild,gam draft.txt:1338,"One rank, named at run start, acts as a wildcard in every meld","One rank acts as a wildcard, and which rank it is changes each show","One rank acts as a wildcard, and using it in a meld consumes it permanently"
Q0105,Crazy Eights wild-suit rule,unanswered,,rule,B5,B - Melds — what counts as a hand,B5 - Suit equivalence,,,,,One rank changes the suit,gam draft.txt:1340,One rank is wild and names the suit the next card must match,One rank is wild and names the suit every card must match until another is played,"One rank is wild and names the suit for its whole line, retroactively"
Q0106,Smeared Joker,unanswered,,rule,B5,B - Melds — what counts as a hand,B5 - Suit equivalence,,,,,Two suits count as one,balatro,Two named pairs of suits each count as a single suit for melds,Two named pairs of suits count as one for melds but stay distinct for stacking,"All suits count as one suit for flushes only, making flushes trivial and everything else unchanged"
Q0107,Burnt Joker,unanswered,,skill,B6,B - Melds — what counts as a hand,B6 - Hand levelling,,,,,Levels up a hand type,balatro,"Permanently raises the level of the first hand type discarded each show, so that hand scores more for the rest of the run",Permanently raises the level of the first hand type scored each show,Permanently raises the level of whichever hand type you have scored least this run
Q0108,The Arm,unanswered,,rule,B6,B - Melds — what counts as a hand,B6 - Hand levelling,,,,,Boss: your hands get worse,balatro,Boss: permanently lowers the level of whichever hand type you score,Boss: lowers the level of the hand type you score for this show only,"Boss: permanently lowers the level of your most-played hand type, once"
Q0109,Universum,unanswered,,skill,B6,B - Melds — what counts as a hand,B6 - Hand levelling,,,,,Levelling up is worth more,cryptid,"When a hand type levels up, it gains multiplier and flat points rather than flat points alone","When a hand type levels up, it gains double what it normally would","When a hand type levels up, every other hand type gains a small amount too"
Q0110,Only first poker hand scores,unanswered,,rule,B7,B - Melds — what counts as a hand,B7 - Hand-selection rule,,,,,Only the best hand on a line counts,"DESIGN_DOC.md §5 Scoring v2 (dual-axis, latest)",Only the best poker hand on a line scores; further hands on that line are ignored,Only the first hand completed on a line scores; later ones on that line are ignored,"Every hand on a line scores, but each after the first at half value"
Q0111,Splash,unanswered,,rule,B7,B - Melds — what counts as a hand,B7 - Hand-selection rule,,,,,Every card in the line counts,balatro,"Every card in a scoring line contributes, not only those the hand uses","Every card in a scoring line contributes, with unused cards at half value",Every card in the grid contributes to every line it touches
Q0112,The Contrary,unanswered,,rule,B7,B - Melds — what counts as a hand,B7 - Hand-selection rule,,,,,"Descending runs count as ascending, and the worst poker hand scores instead of the best, on each row",CARD_CATALOG,"Descending runs count as ascending, and each row scores its worst poker hand instead of its best","Each line scores its worst poker hand instead of its best, and pays triple for doing so","Each line scores its worst poker hand, and any line that would have scored nothing scores its best instead"
Q0113,Dead Man's Hand,unanswered,,rule,B8,B - Melds — what counts as a hand,B8 - Secret melds,,,,,"Hidden rule: scoring two pair, Aces over Eights, in one row pays a jackpot and triggers a map event",CARD_CATALOG,"A hidden meld: two pair, aces over eights, in one line pays a large bonus the first time it is found each run","A hidden meld the game never names, reseeded each run; you have to find out which hand pays","A hidden meld: two pair, aces over eights, pays a large bonus every time and permanently unlocks a card the first time it is found"
Q0114,Secret meld unlocks new rules,unanswered,,rule,B8,B - Melds — what counts as a hand,B8 - Secret melds,,,,,Some cards add rules when you find them,"DESIGN_DOC.md §18 Rarity, Packs & Collection",Cards can carry secret on-acquisition effects that add entirely new rules once discovered,"Cards can carry secret on-acquisition effects that add new rules, revealed only when they first fire","Cards can carry secret rules, and discovering one permanently adds it to the pool for future runs"
Q0115,Sword Swallower,unanswered,,rule,B8,B - Melds — what counts as a hand,B8 - Secret melds,,,,,Hidden rule: a column that is one perfect descending run from top to floor pays a large bonus and mints a Knife-suit card,CARD_CATALOG,Hidden rule: a column that is one perfect descending run from top to floor pays a large bonus and mints a Knives card,Hidden rule: any line that is one perfect run in either direction pays a large bonus and mints a card of that line's dominant suit,"Hidden rule: a column that is a perfect descending run pays a large bonus, and finding it once reveals the rule permanently"
Q0116,The Three Rings,unanswered,,rule,B8,B - Melds — what counts as a hand,B8 - Secret melds,,,,,Three full rows in one submit,CARD_CATALOG,Hidden rule: scoring three separate full five-card hands in one submit permanently unlocks a rule card for the profile,"Hidden rule: scoring three separate full five-card hands in one submit pays a large bonus, every time",Hidden rule: scoring every row of a grid in one submit permanently unlocks a rule card for the profile
Q0117,The Voladores,unanswered,,rule,B8,B - Melds — what counts as a hand,B8 - Secret melds,,,,,"Four columns, four descents",CARD_CATALOG,Hidden rule: four different columns each holding a full thirteen-rank descent in one show banks an enormous fame bonus,Hidden rule: four different columns each holding any full descent in one show banks a large fame bonus,"Hidden rule: four different lines each holding a full descent in one show banks a large bonus, and reveals the rule permanently"
Q0118,The Yakuza Hand,unanswered,,rule,B8,B - Melds — what counts as a hand,B8 - Secret melds,,,,,The worthless hand,CARD_CATALOG,Hidden rule: a meld of exactly 8-9-3 pays a large jackpot,"Hidden rule: a meld of exactly 8-9-3 pays a large jackpot, and each time it is found the jackpot grows","Hidden rule: a meld of three specific ranks, reseeded each run, pays a large jackpot"
Q0119,Goalpost card,unanswered,,skill,B9,B - Melds — what counts as a hand,B9 - Per-run meld set,,,,,Boosts whichever hand matters this run,random potential effects.csv:4,"Enhances one viable scoring type, chosen at random per run","Enhances one viable scoring type, chosen by you at run start","Enhances whichever scoring type you have used least this run, updating as you play"
Q0120,This Season's Trend,unanswered,,rule,B9,B - Melds — what counts as a hand,B9 - Per-run meld set,,,,,"Certain abilities, not hands, pay extra this run. (line 835)",generated,"Each run, a few named abilities are trending and score extra whenever they fire","Each run, a few abilities are trending; the trend rotates every town","Each run a few abilities trend, and using a trending ability enough times makes it trend permanently for your profile"
Q0121,Half Joker,unanswered,,skill,B10,B - Melds — what counts as a hand,B10 - Line-length redefinition,,,,,Paid for playing short,balatro,Scores a large multiplier if the scoring line is three cards or fewer,"Scores a large multiplier for any line shorter than five, scaling with how short",Scores a large multiplier if the whole grid holds fewer than ten cards
Q0122,Infinite Deck,unanswered,,rule,B10,B - Melds — what counts as a hand,B10 - Line-length redefinition,,,,,No limit on line length,cryptid,Any number of cards may be selected to score together as one line,"Any number may be selected, but hands longer than five score at a decreasing rate","Any number may be selected, and the Entrance grows by one to match"
Q0123,Rank-merging meld rule,unanswered,,rule,B10,B - Melds — what counts as a hand,B10 - Line-length redefinition,,,,,Longer lines pay disproportionately,todo.md:80,"A line's points are multiplied by its length, from roughly double at five cards up to six times at thirteen","A line's points are multiplied by its length linearly, with no cap","A line's points are multiplied by its length, and lines longer than the grid pay a further bonus"
Q0124,Line Ledger,unanswered,,rule,C1,C - Grid geometry & lines,C1 - Which lines score,,,,,Turns line types on and off,generated,"At show start, choose two of rows, columns, diagonals and height columns; only those score","At show start, one line type is disabled at random and everything else scores double","Each act, one line type is enabled that was not before, so the board opens up over the show"
Q0125,The Long Diagonal,unanswered,,rule,C1,C - Grid geometry & lines,C1 - Which lines score,,,,,Turns a diagonal into a scoring line,generated,"The two long diagonals of each grid score as lines, alongside the rows and columns","The two long diagonals score, and any card sitting on both of them counts twice","Every diagonal of four cards or more scores, not only the two long ones"
Q0126,The Short Ring,unanswered,,skill,C1,C - Grid geometry & lines,C1 - Which lines score,,,,,Grants the short diagonals as lines,generated,The four four-card diagonals of a grid also score as lines,The four four-card diagonals score at half value,"One short diagonal per grid, chosen at show start, scores as a full line"
Q0127,The Puszta Five,unanswered,,skill,C2,C - Grid geometry & lines,C2 - Extra lines granted,,,,,In every column at once,CARD_CATALOG,"Cue, once per show: for one scoring pass this card counts as a member of every column's meld","Cue, once per show: for one scoring pass this card counts as a member of every line's meld, rows and diagonals included","Cue, once per show: for one scoring pass this card counts as a member of the same column in every grid"
Q0128,Stage Fright,unanswered,,rule,C3,C - Grid geometry & lines,C3 - Re-score on disturbance,,,,,Disturbance costs instead of pays,generated,"Rule: disturbing a completed line re-scores it, but the re-score subtracts rather than adds","Rule: disturbing a completed line scores nothing at all, so lines are final once made","Rule: disturbing a completed line re-scores it, and each disturbance halves what that line can ever pay again"
Q0129,The Reprise,unanswered,,skill,C3,C - Grid geometry & lines,C3 - Re-score on disturbance,,,,,Re-fires a line by disturbing it,generated,Cue: lift and replace one card in a completed line to score that line again,"Cue: lift and replace one card to re-score its line, at half value each subsequent time","Any card removed and replaced re-scores its line, with no cue needed and no limit"
Q0130,The Understudy Call,unanswered,,skill,C3,C - Grid geometry & lines,C3 - Re-score on disturbance,,,,,Swaps a card without breaking the line,generated,Cue: swap one card in a completed line for one in the Entrance; the line re-scores with the new card,"Cue: swap one card in a completed line for one in the Entrance, but the line does not re-score",Cue: swap any two cards between two completed lines; both re-score
Q0131,Element boards (ice/water),unanswered,,rule,C4,C - Grid geometry & lines,C4 - Cell modifiers,,,,,Rows that do not hold still,DESIGN_REFERENCES.md §F6 Film Stunts & Spectacle Sports,Ice rows slide any card placed on them to the end of the column; water rows let cards drift,"One row per grid is ice, sliding any card placed on it to the end of its column","Ice and water rows appear at random per show, and which rows they are is telegraphed before you place"
Q0132,Empty-zone rank buff (mancala effect),unanswered,,rule,C4,C - Grid geometry & lines,C4 - Cell modifiers,,,,,A cell that raises what lands on it,gam draft.txt:1280,An empty cell shows a bonus and temporarily raises the rank of whatever is placed there,An empty cell shows a bonus and permanently raises the rank of whatever is placed there,"Empty cells accumulate a bonus the longer they stay empty, spent by the next card placed"
Q0133,Free Cell reserve slots,unanswered,,rule,C4,C - Grid geometry & lines,C4 - Cell modifiers,,,,,A reserve you can reach any time,gam draft.txt:1423,Free reserve cells hold cards outside the grid and can be drawn from at any moment,"Free reserve cells hold cards outside the grid, and cards there still count for class and set bonuses","Free reserve cells hold cards, and a card returning from reserve keeps whatever it gained while there"
Q0134,Sawdust,unanswered,,type,C4,C - Grid geometry & lines,C4 - Cell modifiers,,,,,"When this card is discarded from the grid, its slot keeps a marker that gives the next card placed there bonus points on its first score",CARD_CATALOG,"When this card leaves a cell, the cell keeps a marker giving the next card placed there bonus points on its first score","When any card leaves a cell, that cell keeps a marker giving the next card placed there bonus points","When this card leaves a cell, the cell is marked permanently and every card ever placed there scores bonus points"
Q0135,Tetris shape-matching bonus tiles,unanswered,,rule,C4,C - Grid geometry & lines,C4 - Cell modifiers,,,,,Cells that want a shape,gam draft.txt:1417,"Certain cells want a preset tetromino shape placed over them, rotatable, matched by suit or rank, for a bonus","Certain cells want a preset shape placed over them, matched by suit only","Certain cells want a shape that changes each show, and matching it scores the whole shape as a meld"
Q0136,The Butoh Walker,unanswered,,skill,C4,C - Grid geometry & lines,C4 - Cell modifiers,,,,,Moves one slot automatically every other turn; every slot it leaves permanently grants bonus points to the next card scored there,CARD_CATALOG,"Moves one cell on its own every other turn, and every cell it leaves permanently grants bonus points to the next card scored there","Moves one cell on its own every turn, marking the cell it leaves for the rest of the show only","Moves one cell on its own every other turn, and the cells it has left form a trail that pays out all at once when it completes a loop"
Q0137,Trap card,unanswered,,skill,C4,C - Grid geometry & lines,C4 - Cell modifiers,,,,,A space that is not really there,random potential effects.csv:4,"Creates an extra empty cell; the next card placed there goes beneath this card instead, and the cell vanishes","Creates an extra empty cell that any card may use normally, until this card leaves","Creates an extra empty cell that swallows the next card placed there entirely, removing it from the show"
Q0138,Minesweeper board,unanswered,,rule,C5,C - Grid geometry & lines,C5 - Prefilled cells,,,,,A board you have to uncover,DESIGN_DOC.md §15 Map v1 (Minesweeper),"The deck is laid out face down; only cards adjacent to a revealed one may be clicked, and clicking fights for that card and reveals its neighbours","The deck is laid face down; clicking any card reveals it, and the board is won by uncovering everything",The deck is laid face down with hazards hidden among it; adjacent cards show how many hazards surround them
Q0139,Minesweeper bomb-prefilled grid,unanswered,,rule,C5,C - Grid geometry & lines,C5 - Prefilled cells,,,,,Bombs under the grid,gam draft.txt:1437,"Grids start with hidden bombs; numbered cells show how many are adjacent, and placing on a bomb lowers that card's value","Grids start with hidden bombs; numbered cells show how many are adjacent, and placing on a bomb destroys the card",Grids start with hidden bombs you may defuse by completing a line through them
Q0140,Null,unanswered,,type,C5,C - Grid geometry & lines,C5 - Prefilled cells,,,,,"Junk material inserted by hazards: occupies a slot, scores nothing, and melds nothing",CARD_CATALOG,"Junk inserted by hazards: it fills a cell, scores nothing and melds nothing","Junk inserted by hazards: it fills a cell and melds nothing, and can only be cleared by a line completing around it","Junk inserted by hazards: it fills a cell, melds nothing, and drags its whole line's score to zero"
Q0141,Spaceship card,unanswered,,skill,C5,C - Grid geometry & lines,C5 - Prefilled cells,,,,,Can be placed off the board,random potential effects.csv:3,May be placed in an otherwise illegal off-grid cell,"May be placed in an off-grid cell, where it counts toward every line's meld but cannot be targeted","May be placed off-grid, and creates a new legal cell there that any card can later use"
Q0142,Mobile pageant zone,unanswered,,rule,C6,C - Grid geometry & lines,C6 - Grid shape change,,,,,A zone that will not stay put,DESIGN_REFERENCES.md §A2 Medieval & Renaissance Europe,One column relocates each turn,"One column relocates each turn, carrying its cards with it","One cell of the grid relocates each turn, leaving a hole where it was"
Q0143,Non-5x5 ring layouts with hazards,unanswered,,rule,C6,C - Grid geometry & lines,C6 - Grid shape change,,,,,Grids that are not five by five,gam draft.txt:1273,"Alternative grid layouts that are not 5x5, some pre-filled with cards or hazards","Alternative grid layouts that are not 5x5, with line length adjusting to the layout","Alternative grid layouts chosen per town, so the shape of the board is part of the venue"
Q0144,Sliced Reality (summary),unanswered,,skill,C6,C - Grid geometry & lines,C6 - Grid shape change,,,,,"Splits a column, or welds two together",DESIGN_DOC.md §14.5 Summary-only cards,"Splits one column into two, or merges two columns into one","Splits one column into two, or merges two into one, once per show","Splits one column into two or merges two into one, and the affected cards redistribute rather than being discarded"
Q0145,Cross-grid row expansion setting,unanswered,,rule,C7,C - Grid geometry & lines,C7 - Cross-grid lines,,,,,"Grids grow together, or apart",pokerpatience.txt:18,"Setting: when one grid's rows spread apart to make room for height, every other grid spreads too","Setting: only the grid that grew spreads, and the others stay compact","Setting: grids spread together, and a line can then run across grids at the same height"
Q0146,Rows spanning multiple grids,unanswered,,rule,C7,C - Grid geometry & lines,C7 - Cross-grid lines,,,,,Lines that run across grids,gam draft.txt:1264,"Rows may run across multiple grids at the same y, scoring as one long line","Rows may run across grids at the same y, scoring as one line but only if every grid contributes","Rows may run across grids, and such a line scores separately from each grid's own row"
Q0147,Strike the Set,unanswered,,skill,C8,C - Grid geometry & lines,C8 - Grid count manipulation,,,,,Closes a grid down,generated,Cue: close one grid; its cards are discarded and the show's goal drops proportionally,Cue: close one grid; its cards return to the deck and the goal is unchanged,Cue: close one grid and its cards are dealt into the remaining grids' empty cells
Q0148,The Fourth Ring,unanswered,,rule,C8,C - Grid geometry & lines,C8 - Grid count manipulation,,,,,Opens another grid,generated,Unlocks one additional grid for this show only,Unlocks one additional grid permanently for the rest of the run,"Unlocks one additional grid, and the show's goal rises by the fraction it adds"
Q0149,The Merger,unanswered,,skill,C8,C - Grid geometry & lines,C8 - Grid count manipulation,,,,,Welds two grids into one,generated,"Cue: merge two adjacent grids into one wider grid, so its rows are ten cards long","Cue: merge two adjacent grids, and lines in the merged grid need seven cards rather than five","Cue: merge two adjacent grids, overlaying them so cards land on top of each other as height"
Q0150,Per-ring independent entrances,unanswered,,rule,C9,C - Grid geometry & lines,C9 - Commitment rules,,,,,Every grid has its own Entrance,gam draft.txt:1268e,"Each grid holds its own five-card Entrance, playable in any order between grids","Each grid holds its own Entrance, but only one may be played from per turn","Each grid holds its own Entrance, and cards may be swapped between them at a cost"
Q0151,Trigger cross-ring effects while placing,unanswered,,rule,C9,C - Grid geometry & lines,C9 - Commitment rules,,,,,Trigger elsewhere while you place here,gam draft.txt:1271,Effects in other grids may be triggered while placing into the committed grid,"Effects in other grids may be triggered while placing, but only once per refresh",Effects in other grids fire automatically when a line completes in the committed grid
Q0152,Fairy Floss,unanswered,,skill,C10,C - Grid geometry & lines,C10 - Adjacency effects,,,,,"When scored, gives +1 rank to all orthogonally adjacent cards for the rest of the show",CARD_CATALOG,"When this card scores, every orthogonally adjacent card gains +1 rank for the rest of the show","When this card is placed, every orthogonally and diagonally adjacent card gains +1 rank permanently","When this card scores, every card in the 3x3 around it gains +1 rank for the rest of the show"
Q0153,Misdirection,unanswered,,skill,C10,C - Grid geometry & lines,C10 - Adjacency effects,,,,,"While spotlit, the topmost covered card in each adjacent column is also treated as spotlit",CARD_CATALOG,"While spotlit, the topmost covered card in each adjacent column also counts as spotlit","While spotlit, every covered card in this card's own column also counts as spotlit","While spotlit, the card directly beneath this one also counts as spotlit"
Q0154,Mr. Punch,unanswered,,skill,C10,C - Grid geometry & lines,C10 - Adjacency effects,,,,,"Each act, gains points for every orthogonally adjacent card debuffed or destroyed",CARD_CATALOG,"Each act, gains points for every orthogonally adjacent card that is debuffed or destroyed","Each act, gains points for every debuffed or destroyed card anywhere in its grid",Gains +1 permanent rank each time an orthogonally adjacent card is destroyed
Q0155,Neighbor-type value bonus (3-Ring Circus),unanswered,,skill,C10,C - Grid geometry & lines,C10 - Adjacency effects,,,,,Cares who is beside it,gam draft.txt:1445,Gains value based on the types of the cards to its left and right,Gains value based on the types of all four orthogonal neighbours,"Gains value based on how many distinct types surround it, in all eight directions"
Q0156,Punch,unanswered,,skill,C10,C - Grid geometry & lines,C10 - Adjacency effects,,,,,Hits what is next to it,DESIGN_REFERENCES.md §A2 Medieval & Renaissance Europe,Scores points for each adjacent card it beats in rank,"Scores points for each adjacent card it beats in rank, and knocks the lowest one out of the grid","Scores points for each adjacent card it beats, doubled if it beats all four"
Q0157,Spiderweb,unanswered,,skill,C10,C - Grid geometry & lines,C10 - Adjacency effects,,,,,"When scored, gains +1 point per card diagonally adjacent to it",CARD_CATALOG,"On scoring, gains +1 point per diagonally adjacent card","On scoring, gains +1 point per card on both full diagonals running through its cell","On scoring, gains +1 point per diagonally adjacent card, doubled if all four diagonals are occupied"
Q0158,The Courier,unanswered,,skill,C10,C - Grid geometry & lines,C10 - Adjacency effects,,,,,"While spotlit, this card counts as a member of both its own column's and the adjacent column's melds",CARD_CATALOG,"While spotlit, this card counts in both its own column's melds and the adjacent column's","While spotlit, this card counts in the melds of every line that passes within one cell of it","While spotlit, this card counts in both its own column's and its own row's melds twice over"
Q0159,The Puppet (Bunraku),unanswered,,skill,C10,C - Grid geometry & lines,C10 - Adjacency effects,,,,,Needs hands to work it,DESIGN_REFERENCES.md §A6 Japan,A powerful card that only functions while two or more adjacent cards support it,"A powerful card that only functions while two adjacent cards support it, scaling with how many do","A powerful card that needs two supporters, and its supporters score as well when it does"
Q0160,The Giant,unanswered,,skill,C11,C - Grid geometry & lines,C11 - Region / shape effects,,,,,Takes up four cells,"DESIGN_REFERENCES.md §F5 Puppetry, Mime & Street","Occupies a two-by-two footprint, and stays active only while adjacent crew cards support it",Occupies a two-by-two footprint and counts in every line it touches,"Occupies a two-by-two footprint, counts in every line it touches, and collapses if any supporting neighbour leaves"
Q0161,Hunting Season,unanswered,,skill,C12,C - Grid geometry & lines,C12 - Coordinate effects,,,,,Kills the middle one,cryptid,"If a line scores with exactly three cards, the centre card is destroyed afterwards","If a line scores with exactly three cards, the centre card is destroyed and this card takes its rank","The centre cell of any scoring line is destroyed afterwards, whatever the line's length"
Q0162,Performance Rings,unanswered,,rule,C12,C - Grid geometry & lines,C12 - Coordinate effects,,,,,Depth is worth more,DESIGN_DOC.md §5 Scoring,"Score zones by board depth: rows 1 to 5 score at 1x, rows 6 to 10 at 2x, rows 11 to 15 at 3x, and so on","Score zones by board depth, with the multiplier applying only to the column score, not the row",Score zones by height rather than row: every five levels of stack height multiplies that stack's score by one more
Q0163,Ring Column,unanswered,,rule,C12,C - Grid geometry & lines,C12 - Coordinate effects,,,,,One per column: adds one grid column at game creation; its rank equals which column it is,CARD_CATALOG,"One per column: adds a grid column at game creation, its rank equal to which column it is","One per column: adds a grid column at game creation, and can be destroyed mid-run to remove that column",One per column: adds a grid column whose cells all carry a bonus matching the column's rank
Q0164,Sliced Bread,unanswered,,skill,C12,C - Grid geometry & lines,C12 - Coordinate effects,,,,,"On submission, if a same-suit card sits lower in this card's stack, gain a point per card between them",CARD_CATALOG,"On scoring, gain a point for each card lying between this card and the nearest same-suit card lower in its stack","On scoring, gain a point for each card between this one and the nearest same-suit card anywhere in its line","On scoring, gain a point for each card between this one and every same-suit card in its line, counting each pair"
Q0165,Escaramuza,unanswered,,skill,C13,C - Grid geometry & lines,C13 - Parity & pattern,,,,,"When the grid's column heights read the same left-to-right as right-to-left at scoring, gain bonus multiplier on the act",CARD_CATALOG,"If the grid's column heights read the same left to right as right to left when a line scores, the act gains a large multiplier","While the grid's column heights read the same in both directions, every line scored pays double",Any line whose ranks read the same forwards as backwards pays double
Q0166,Sudoku-rule grid bonus,unanswered,,rule,C13,C - Grid geometry & lines,C13 - Parity & pattern,,,,,Sudoku on the grid,gam draft.txt:1435,"If the ranks on a grid satisfy sudoku constraints, the grid scores a bonus","If any row, column or block satisfies sudoku constraints, that line scores a bonus","If no rank repeats in any row or column of a grid, that grid scores a bonus scaling with how full it is"
Q0167,The Hammer,unanswered,,rule,C13,C - Grid geometry & lines,C13 - Parity & pattern,,,,,Half the ranks are dead,cryptid,Boss: every odd-ranked card is debuffed,"Boss: every card of one parity is debuffed, and which parity flips each act","Boss: every odd-ranked card is debuffed, and every even-ranked card scores double"
Q0168,The Junk Orchestra,unanswered,,skill,C13,C - Grid geometry & lines,C13 - Parity & pattern,,,,,"Scores by position, not by rank",DESIGN_REFERENCES.md §G The Modern Era,Skill-less cards score by their positional pattern rather than their ranks,"Skill-less cards score by positional pattern, paying more the more regular the pattern is","Skill-less cards score by positional pattern, and matching a pattern named at show start pays double"
Q0169,The Kickline,unanswered,,skill,C13,C - Grid geometry & lines,C13 - Parity & pattern,,,,,A pattern across the tops of the columns,CARD_CATALOG,"When the top cards of all five columns share a suit at scoring, the row above them scores again","When the top cards of all five columns share a suit, every line through them scores again","When the top cards of all five columns form any poker hand, that hand scores as a sixth line"
Q0170,The Pyramid,unanswered,,skill,C13,C - Grid geometry & lines,C13 - Parity & pattern,,,,,A staircase of stacks,CARD_CATALOG,"Formation: three adjacent columns holding stacks of exactly 3, 2 and 1 score a bonus meld","Formation: any three adjacent columns whose heights descend by one score a bonus meld, scaling with the height they start from",Formation: any run of columns whose heights ascend or descend by one scores a bonus meld per column involved
Q0171,The Repulsor,unanswered,,rule,C13,C - Grid geometry & lines,C13 - Parity & pattern,,,,,Only the ends of the row fire,cryptid,Boss: only the first and last card of each line trigger; everything between does nothing,"Boss: only the first and last card of each line trigger, and they trigger twice",Boss: only the centre card of each line triggers
Q0172,Callback,unanswered,,skill,C14,C - Grid geometry & lines,C14 - Placement order & history,,,,,Reaches back a fixed number of turns,generated,"Cue: re-trigger whatever card you placed three turns ago, wherever it is now",Cue: re-trigger whatever card you placed on the previous turn,Cue: name a turn number; re-trigger the card you placed on that turn this show
Q0173,The Opener,unanswered,,skill,C14,C - Grid geometry & lines,C14 - Placement order & history,,,,,Remembers what went first,generated,Scores a bonus equal to the rank of the first card you placed this act,Scores a bonus equal to the rank of the first card placed in its own line,"The first card placed each act is spotlit for the whole act, wherever it sits"
Q0174,The Running Order,unanswered,,skill,C14,C - Grid geometry & lines,C14 - Placement order & history,,,,,"Reads the sequence, not the position",generated,Scores a bonus if the cards in its line were placed in ascending rank order,"Scores a bonus if the cards in its line were placed in any strictly ordered sequence, ascending or descending","Scores a bonus per card in its line that was placed in order, so a partly ordered line still pays"
Q0175,The Understudy List,unanswered,,rule,C14,C - Grid geometry & lines,C14 - Placement order & history,,,,,Placement order is recorded and readable,generated,"Rule: the order cards were placed in is tracked and shown, and effects may read it","Rule: placement order is tracked but hidden, and only specific effects may read it","Rule: placement order is tracked, and the last three placements are always visible on the board"
Q0176,The Diagonal Company,unanswered,,rule,C15,C - Grid geometry & lines,C15 - Adjacency topology,,,,,Only diagonals count as adjacent,generated,Rule: adjacency is diagonal only; orthogonal neighbours do not count as adjacent,"Rule: adjacency is diagonal only for effects, but lines still score orthogonally","Rule: adjacency is diagonal only, and which it is flips each act"
Q0177,The Joined Tents,unanswered,,rule,C15,C - Grid geometry & lines,C15 - Adjacency topology,,,,,Grids touch at their edges,generated,Rule: the rightmost column of each grid is adjacent to the leftmost column of the next,"Rule: grids are adjacent at their edges, and a line may cross that seam",Rule: grids are adjacent at their edges only while both are more than half full
Q0178,The Long Reach,unanswered,,stamp,C15,C - Grid geometry & lines,C15 - Adjacency topology,,,,,Counts distant cells as adjacent,generated,This card treats every cell in its own row and column as adjacent to it,This card treats every cell within two steps as adjacent to it,This card treats the mirrored cell across the grid's centre as adjacent to it
Q0179,The Round Ring,unanswered,,rule,C15,C - Grid geometry & lines,C15 - Adjacency topology,,,,,The grid wraps,generated,"Rule: the grid's left and right edges are adjacent, so rows wrap around","Rule: all four edges wrap, so the grid is a torus and every cell has four neighbours","Rule: the edges wrap, and a line that uses the wrap scores double"
Q0180,Accordion pile-combining rule,unanswered,,rule,D1,D - Height — the fourth coordinate,D1 - Stacking legality,,,,,Piles that combine at a distance,gam draft.txt:1196,Stacks whose top cards match may combine if they are adjacent or exactly three apart,"Stacks whose top cards match may combine if they are adjacent, three apart, or five apart","Stacks whose top cards match may combine at any distance, but only along a row"
Q0181,Any card placeable on this card,unanswered,,skill,D1,D - Height — the fourth coordinate,D1 - Stacking legality,,,,,Anything can go on top of it,gam draft.txt:223,"Any card may be placed on top of this one, whatever the stacking rules say","Any card may be placed on top of this one, and doing so scores this card immediately","Any card may be placed on top of this one, and this card takes the suit of whatever lands there"
Q0182,Canfield tableau stacking rule,unanswered,,rule,D1,D - Height — the fourth coordinate,D1 - Stacking legality,,,,,"Descending, alternating colour",gam draft.txt:1206,"Stacks build one rank lower and in the opposite colour, and a whole legal stack moves as one","Stacks build one rank lower in the opposite colour, and only single cards may be moved","Stacks build one rank lower in any suit but the same one, and a whole legal stack moves as one"
Q0183,Devil's Grip +3 rank stacking,unanswered,,rule,D1,D - Height — the fourth coordinate,D1 - Stacking legality,,,,,Stack by threes,gam draft.txt:1425,"Stacking requires a rank exactly three higher, with the starting row deciding the sequence",Stacking requires a rank exactly three higher or three lower,"Stacking requires a fixed rank gap named at run start, the same gap for the whole run"
Q0184,Jumbo,unanswered,,skill,D1,D - Height — the fourth coordinate,D1 - Stacking legality,,,,,"Heavy: no cards may be placed on this card, but it can be placed on anything; scores bonus points per card beneath it when scored",CARD_CATALOG,"Nothing may be placed on this card, though it may be placed on anything; scores bonus points per card beneath it",Nothing may be placed on this card and it may only go on an empty cell; it scores triple,Nothing may be placed on this card; it scores bonus points per card in its whole column
Q0185,Klondike empty-space king rule,unanswered,,rule,D1,D - Height — the fourth coordinate,D1 - Stacking legality,,,,,Only a king opens an empty cell,gam draft.txt:1219,An empty cell can only be filled by a stack headed by the highest rank,"An empty cell can only be filled by a stack headed by the highest rank, or by a single card of any rank",An empty cell can be filled by a stack headed by any face card
Q0186,OG Placer,unanswered,,rule,D1,D - Height — the fourth coordinate,D1 - Stacking legality,,,,,Default placement legality: a stack may be placed where the join continues a legal run without same-suit contact,CARD_CATALOG,Default placement legality: a stack lands where the join continues a legal run without same-suit contact,"Default placement legality: a stack lands anywhere, and an illegal join simply scores nothing","Default placement legality: a stack lands where the join is adjacent in rank, whatever the suits"
Q0187,Rosin,unanswered,,type,D1,D - Height — the fourth coordinate,D1 - Stacking legality,,,,,"Cards placed onto this card cannot be picked up again, but score +1 bonus per level deeper than they stand",CARD_CATALOG,"Cards placed on this one can never be lifted again, but score +1 for each level they sit above it","Cards placed on this one can never be lifted again, and score double","Cards placed on this one can be lifted only by paying a charge, and score +1 per level above it"
Q0188,The Grip,unanswered,,skill,D1,D - Height — the fourth coordinate,D1 - Stacking legality,,,,,The bottom card legalises the pile,DESIGN_REFERENCES.md §B1 Aerial & Wire,"The bottom card of a stack makes everything above it legal, whatever the stacking rules say","The bottom card of a stack makes everything directly above it legal, one card only","The bottom card legalises the whole stack, and the stack cannot be broken up afterwards"
Q0189,The Mighty Atom,unanswered,,skill,D1,D - Height — the fourth coordinate,D1 - Stacking legality,,,,,"Small, and holds up anything",DESIGN_REFERENCES.md §B3 Strength & Endurance,"A rank-3 card that can legally hold any stack above it, whatever the stacking rules","A rank-3 card that can hold any stack above it, and scores per card it is holding","A low-ranked card that can hold any stack, and the lower its rank the more it scores for doing so"
Q0190,OG Grabber,unanswered,,rule,D2,D - Height — the fourth coordinate,D2 - Pickup legality,,,,,Default grab legality: a stack may be picked up if it is an ascending or descending run with no two same-suit cards adjacent,CARD_CATALOG,Default grab legality: a stack lifts if it is an ascending or descending run with no two same-suit cards touching,"Default grab legality: any stack lifts, and legality is checked only when it is put down",Default grab legality: a stack lifts if every card in it shares a suit or every card in it shares a rank
Q0191,Ringmaster's Grip,unanswered,,stamp,D2,D - Height — the fourth coordinate,D2 - Pickup legality,,,,,"This card and the stack it heads can always be picked up, regardless of stack legality",CARD_CATALOG,"This card and the stack it heads can always be picked up, whatever the stacking rules say","This card and the stack it heads can always be picked up, and can always be put down anywhere","Any stack containing this card can always be picked up, even from underneath it"
Q0192,The Acrobat,unanswered,,skill,D2,D - Height — the fourth coordinate,D2 - Pickup legality,,,,,This card can be grabbed even while covered; the cards above cascade down one slot,CARD_CATALOG,This card can be grabbed while covered; the cards above it cascade down one slot,"This card can be grabbed while covered, taking the cards above it along as a stack",Any card can be grabbed while covered while this one is on the grid; the cards above cascade down
Q0193,Carrier-stacking bonus points,unanswered,,skill,D3,D - Height — the fourth coordinate,D3 - Height-line scoring,,,,,Tricks on top of other performers,gam draft.txt:1054,A skill card stacked on another skill card scores bonus points for both,A skill card stacked on another skill card scores bonus points scaling with the stack's height,"A skill card stacked on another scores bonus points, and the carrier also fires its own skill again"
Q0194,Chair stack,unanswered,,skill,D3,D - Height — the fourth coordinate,D3 - Height-line scoring,,,,,Paid by the tallest stack,DESIGN_REFERENCES.md §A5 China,Gains a multiplier per card in the tallest column on its grid,Gains a multiplier per card in its own column,"Gains a multiplier per card in the tallest column of any grid, counting across all of them"
Q0195,Mallakhamb Pole,unanswered,,skill,D3,D - Height — the fourth coordinate,D3 - Height-line scoring,,,,,"While spotlit, every card in this card's column gains bonus points per row of column height when the column scores",CARD_CATALOG,"While spotlit, every card in this card's column gains bonus points per level of column height when that column scores","While spotlit, this card scores its rank once for every level of height beneath it","While spotlit, a height line completed in this card's column scores twice"
Q0196,Poker Crown,unanswered,,skill,D3,D - Height — the fourth coordinate,D3 - Height-line scoring,,,,,"When scored, this card and the 4 cards directly above it in its column stack are also evaluated as a poker hand, once",CARD_CATALOG,"When this card scores, it and the four cards directly above it in its stack are also read as a poker hand, once","When this card scores, it and the four cards directly above it are read as a poker hand every time, not just once","When this card scores, the five cards nearest it in any straight line, including diagonals, are also read as a poker hand"
Q0197,The Backlift,unanswered,,skill,D3,D - Height — the fourth coordinate,D3 - Height-line scoring,,,,,Paid by what is piled on it,DESIGN_REFERENCES.md §B3 Strength & Endurance,Scores extra per card currently stacked on top of this one,"Scores extra per card stacked on top, doubled if it is the bottom of its stack","Scores extra per card stacked on top, and the whole stack scores with it"
Q0198,Collapse,unanswered,,consumable,D4,D - Height — the fourth coordinate,D4 - Compaction,,,,,Brings a whole column down,generated,"Consumable: every stack on one grid compacts to the floor at once, scoring each card that falls","Consumable: every stack on one grid compacts to the floor, scoring nothing","Consumable: one stack collapses entirely, and its cards spread into the nearest empty cells"
Q0199,Dead Weight,unanswered,,rule,D4,D - Height — the fourth coordinate,D4 - Compaction,,,,,What happens to the pile above,generated,Rule: removing a card drops everything above it down one level,Rule: removing a card leaves a gap in the stack that only another card can fill,"Rule: removing a card drops everything above it, and each card that falls scores its rank"
Q0200,The Scaffold,unanswered,,skill,D4,D - Height — the fourth coordinate,D4 - Compaction,,,,,Holds the stack up,generated,"While this card is anywhere in a stack, removing a card from that stack leaves the rest suspended","While this card is at the bottom of a stack, that stack never compacts","While this card is in a stack, cards above a removal fall two levels instead of one"
Q0201,The Tire Trick,unanswered,,skill,D4,D - Height — the fourth coordinate,D4 - Compaction,,,,,"Hidden in the stack, gone when it is taken apart. (line 975)",generated,"While buried, this card is safe from everything; dismantling the stack removes it from play, and rebuilding the stack brings it back","While buried, this card is safe from everything; dismantling the stack destroys it permanently","While buried it is safe and scores nothing; dismantling the stack removes it, and it returns with a bonus when the stack is rebuilt to the same height"
Q0202,Air,unanswered,,type,D5,D - Height — the fourth coordinate,D5 - Position-in-stack rules,,,,,"Whenever this card's stack changes, it automatically moves to the top of that stack",CARD_CATALOG,"Whenever its stack changes, this card rises to the top of that stack",This card can never be covered: a card placed on it goes underneath it instead,"At each Entrance refresh this card rises one position in its stack, reaching the top over time rather than at once"
Q0203,Earth,unanswered,,type,D5,D - Height — the fourth coordinate,D5 - Position-in-stack rules,,,,,"Whenever this card's stack changes, it automatically sinks to the bottom of that stack, carrying its stamp with it",CARD_CATALOG,"Whenever its stack changes, this card sinks to the bottom of that stack",This card can never be placed on another card; anything played to its cell goes on top of it,At each Entrance refresh this card sinks one position in its stack
Q0204,Gold type,unanswered,,type,D5,D - Height — the fourth coordinate,D5 - Position-in-stack rules,,,,,"Sinks, but not all the way",curated effects pre grid.csv:89,"Sinks toward the bottom of its stack, stopping at other heavy cards, and costs more at shops",Sinks straight to the bottom of its stack regardless of what is there,Sinks one level per turn until it reaches the bottom or meets another heavy card
Q0205,The Surveyor,unanswered,,skill,D5,D - Height — the fourth coordinate,D5 - Position-in-stack rules,,,,,Everything you drop sinks,CARD_CATALOG,"While spotlit, cards you drop resolve to the bottom of the target column instead of the top","While spotlit, cards you drop resolve to whichever end of the target column you choose","While spotlit, cards you drop resolve to the bottom of the target column, and the card displaced scores as it rises"
Q0206,Tunneler card,unanswered,,skill,D5,D - Height — the fourth coordinate,D5 - Position-in-stack rules,,,,,Everything sinks past it,random potential effects.csv:7,A single card placed on this one drops to the bottom of the stack instead,"A single card placed on this one drops to the bottom of the stack, and this card scores its rank","Every card placed on this one drops to the bottom, so the stack builds downward"
Q0207,Distancing card,unanswered,,skill,D6,D - Height — the fourth coordinate,D6 - Active while covered,,,,,Hovers without covering,random potential effects.csv:4,"Hovers above its stack without blocking the card beneath, and cannot be clicked","Hovers above its stack without blocking the card beneath, and counts as occupying an extra row for line purposes","Hovers above its stack without blocking anything, and any card may be placed beneath it freely"
Q0208,Ghost Light,unanswered,,stamp,D6,D - Height — the fourth coordinate,D6 - Active while covered,,,,,This card does not block the Spotlight of cards beneath it; they stay active as if uncovered,CARD_CATALOG,Does not block the spotlight of cards beneath it,"Does not block the spotlight of cards beneath it, and nor does anything else in its column","Does not block the spotlight of cards beneath it, and the card directly beneath also scores when this one does"
Q0209,Kuroko,unanswered,,stamp,D6,D - Height — the fourth coordinate,D6 - Active while covered,,,,,This card does not block Spotlight beneath it and cannot be targeted by boss or town effects,CARD_CATALOG,"Does not block spotlight beneath it, and cannot be targeted by boss or town effects","Does not block spotlight beneath it, and cannot be targeted by any effect at all, including your own","Does not block spotlight beneath it, and the cards beneath it cannot be targeted either"
Q0210,Glass type,unanswered,,type,D6,D - Height — the fourth coordinate,D6 - Active while covered,,,,,"Transparent, and brittle",curated effects pre grid.csv:95,"Cards behind this one stay spotlit through it, but it breaks if a Heavy card passes through","Cards behind this one stay spotlit through it, and it breaks the third time anything passes through","Cards behind this one stay spotlit, and it never breaks, but it cannot score itself"
Q0211,Global,unanswered,,stamp,D6,D - Height — the fourth coordinate,D6 - Active while covered,,,,,"This card's modifiers are active from anywhere: grid, Entrance, deck, or discard",CARD_CATALOG,"This card's modifiers are active from anywhere: grid, Entrance, deck or discard","This card's modifiers are active from the Entrance and the deck, but not from the discard","This card's modifiers are active from anywhere, at half effect when it is not on the grid"
Q0212,Hidden bearers (costaleros),unanswered,,skill,D6,D - Height — the fourth coordinate,D6 - Active while covered,,,,,The ones underneath are carrying it,"DESIGN_REFERENCES.md §A15 Iberia, Nordics & Eastern Europe",Covered cards beneath a scoring card add their ranks to it,"Covered cards beneath a scoring card add half their ranks to it, rounded down","Covered cards beneath a scoring card add their ranks to it, and each also counts as a trigger for the combo"
Q0213,Humbug,unanswered,,skill,D6,D - Height — the fourth coordinate,D6 - Active while covered,,,,,"While covered, counts as a copy of the most valuable card in its row; when uncovered, is revealed as junk (rank 2, base score only)",CARD_CATALOG,"While covered, counts as a copy of the highest-value card in its row; uncovered it is junk at rank 2","While covered, counts as a copy of the highest-value card in its row; uncovering it destroys it","While covered, counts as a copy of the card covering it; uncovered it is junk at rank 2"
Q0214,Lithograph,unanswered,,type,D6,D - Height — the fourth coordinate,D6 - Active while covered,,,,,While this card sits in the Entrance its skill is active globally; on the grid it has no effect,CARD_CATALOG,"This card's skill is active globally while it is in the Entrance, and does nothing on the grid","This card's skill is active globally from the Entrance, and at half strength on the grid","This card's skill is active from the Entrance or the deck, and does nothing on the grid"
Q0215,Revealing,unanswered,,stamp,D6,D - Height — the fourth coordinate,D6 - Active while covered,,,,,This card's modifiers stay active while covered,CARD_CATALOG,This card's modifiers stay active while it is covered,"This card's modifiers stay active while covered, and it stays visible by pushing the rows below it down","This card's modifiers stay active while covered, at half strength"
Q0216,The Prompter,unanswered,,skill,D6,D - Height — the fourth coordinate,D6 - Active while covered,,,,,Keeps one card in the light,CARD_CATALOG,"While spotlit, choose one card in this card's column; that card's modifiers stay active however it is covered","While spotlit, choose one card anywhere on the grid; its modifiers stay active however it is covered","While spotlit, every card directly beneath this one keeps its modifiers active"
Q0217,The Seed,unanswered,,skill,D6,D - Height — the fourth coordinate,D6 - Active while covered,,,,,Grows while it is buried,DESIGN_REFERENCES.md §A7 India & South Asia,Gains +1 rank every turn it stays covered,"Gains +1 rank every turn it stays covered, and loses it all the moment it is uncovered","Gains +1 rank every turn covered, keeping the gain permanently once it finally scores"
Q0218,The Spirit Cabinet,unanswered,,skill,D6,D - Height — the fourth coordinate,D6 - Active while covered,,,,,Works best buried,CARD_CATALOG,"While fully covered, every card in this card's column triggers as though spotlit","While fully covered, every card in this card's grid triggers as though spotlit","While fully covered, this card's own column triggers as though spotlit, and the effect grows with how deeply it is buried"
Q0219,The Stilt-Walker,unanswered,,skill,D6,D - Height — the fourth coordinate,D6 - Active while covered,,,,,Tall enough to be seen over one card,CARD_CATALOG,"Spotlit even when covered by one card, but not by two","Spotlit even when covered by one card, and the card covering it is spotlit too","Spotlit through any number of covering cards, but its effects work at half strength per card above it"
Q0220,Champion card,unanswered,,skill,D7,D - Height — the fourth coordinate,D7 - Consumption,,,,,Clears its own rank above and below,random potential effects.csv:3,Cards of the same rank directly above or below this one are discarded,"Cards of the same rank anywhere in this card's column are discarded, and this card gains a rank for each","Cards of the same rank adjacent in any direction are discarded, and this card scores their summed rank"
Q0221,Edith's Bayonet,unanswered,,skill,D7,D - Height — the fourth coordinate,D7 - Consumption,,,,,"Cue: permanently destroy one Knives-suit card and add its rank to this card's own, forever",CARD_CATALOG,"Cue: destroy one card of this card's own suit anywhere on the grid and add its rank to this card's, permanently","Cue: destroy the card directly above this one and add its rank to this card's, permanently","Automatically destroys any card of its own suit placed orthogonally adjacent to it, gaining half that card's rank"
Q0222,Gentling,unanswered,,skill,D7,D - Height — the fourth coordinate,D7 - Consumption,,,,,Tame it instead of eating it,DESIGN_REFERENCES.md §A3 Golden Age Western Circus,"Animal cards may be buffed into loyalty rather than consumed, gaining rank without being destroyed",Animal cards may be buffed into loyalty rather than consumed; a loyal card cannot be eaten by anything afterwards,"Any card may be tamed rather than eaten, gaining half the rank the eater would have taken"
Q0223,Hungry Hippo,unanswered,,skill,D7,D - Height — the fourth coordinate,D7 - Consumption,,,,,"Consumes cards dropped onto it, adding their rank to its own up to a cap of 13, and returns everything eaten at show end",CARD_CATALOG,"Eats cards placed on it, adding their rank to its own up to 13, and gives everything back at show end","Eats cards placed on it, adding their rank to its own up to 13; what it eats is destroyed","Eats cards placed on it, adding half their rank rounded up with no cap, and gives them back at show end"
Q0224,Mabel's Tigers,unanswered,,skill,D7,D - Height — the fourth coordinate,D7 - Consumption,,,,,"Consumes prop (skill-less) cards dropped on it, gaining +1 rank per card eaten, with no cap, permanently",CARD_CATALOG,"Eats skill-less cards placed on it, gaining +1 rank each, permanently and without cap","Eats skill-less cards placed on it, gaining that card's full rank, permanently and without cap","Eats any card placed on it for +1 rank, but loses 1 rank at the end of each show"
Q0225,Sin of Gluttony,unanswered,,skill,D7,D - Height — the fourth coordinate,D7 - Consumption,,,,,"Consumes cards from anywhere (grid, Entrance, or decks, via cue), with no cap, permanently gaining rank",CARD_CATALOG,"Cue: consume any card anywhere - grid, Entrance or deck - gaining its rank permanently, with no cap","Cue: consume any card anywhere, gaining its rank permanently with no cap, but the consumed card is removed from the run",Consumes automatically: at each Entrance refresh it eats the lowest-ranked card on its grid and gains that rank permanently
Q0226,Parasite card,unanswered,,skill,D7,D - Height — the fourth coordinate,D7 - Consumption,,,,,Replaces its host,random potential effects.csv:5,"Attaches to the next card placed on it; on submit, it replaces that card",Attaches to the next card placed on it; on submit it replaces that card and keeps its rank,"Attaches to the next card placed on it and slowly drains its rank each turn, replacing it at rank 0"
Q0227,Snake card,unanswered,,skill,D7,D - Height — the fourth coordinate,D7 - Consumption,,,,,Eats downward through the stack,random potential effects.csv:5,"Consumes every lower-ranked card beneath it, leaving a temporary body card of the same rank behind each","Consumes every lower-ranked card beneath it outright, leaving nothing behind","Consumes one lower-ranked card beneath it per turn, leaving a body card each time"
Q0228,The Digesting Duck,unanswered,,skill,D7,D - Height — the fourth coordinate,D7 - Consumption,,,,,"Consumes cards dropped on it like a Glutton, but secretly stores them; cue to return any one stored card to the Entrance",CARD_CATALOG,Consumes cards dropped on it but stores them instead of destroying them; cue to return any one stored card to the Entrance,Consumes cards dropped on it and stores them; all stored cards return to the deck at show end,"Consumes cards dropped on it and stores them; cue to return one, and it scores bonus points per card still stored"
Q0229,Vampire,unanswered,,skill,D7,D - Height — the fourth coordinate,D7 - Consumption,,,,,Eats the enhancements off cards,balatro,"Gains a permanent multiplier per stamped card that scores, and strips that card's stamp","Gains a permanent multiplier per stamped card that scores, leaving the stamp intact","Gains a permanent multiplier per stamped card that scores and strips the stamp, keeping it for itself"
Q0230,Conjoined cards,unanswered,,skill,D8,D - Height — the fourth coordinate,D8 - Merge / fuse,,,,,"Two cards, one body",DESIGN_REFERENCES.md §A3 Golden Age Western Circus,Two cards are permanently fused side by side; they move as one unit but score as two,Two cards are permanently fused; they move as one unit and score as one card of summed rank,"Two cards are fused until one of them scores, at which point they separate"
Q0231,Frankenstein,unanswered,,skill,D8,D - Height — the fourth coordinate,D8 - Merge / fuse,,,,,"On submit, merges with the cards directly above and below it into one 3-card stack of summed rank that stays in the zone after scoring",CARD_CATALOG,"On Submit, merges with the cards directly above and below into one card of their summed rank",Cue: merges with the card directly above into one card carrying both suits and their summed rank,"On Submit, merges with its whole stack into one card of summed rank, capped at 30"
Q0232,The Castell,unanswered,,skill,D9,D - Height — the fourth coordinate,D9 - Stack as one card,,,,,"Formation: a stack of 6+ cards topped by the lowest-ranked card pays a large bonus at scoring; if the stack is broken by a hazard first, lose double the bonus instead",CARD_CATALOG,"A stack of six or more topped by its own lowest-ranked card pays a large bonus at scoring; if a hazard breaks it first, lose double that bonus","A stack of six or more topped by its own lowest-ranked card pays a large bonus, with no penalty for breaking",Any stack topped by its own lowest-ranked card pays a bonus scaling with the stack's height
Q0233,The Contortionist,unanswered,,skill,D9,D - Height — the fourth coordinate,D9 - Stack as one card,,,,,May share one grid slot with another card; both cards count in melds,CARD_CATALOG,May share one cell with another card; both count in melds,"May share one cell with another card; both count in melds, and the pair scores as a single card of their summed rank","May share a cell with any number of cards, but only the top two count in melds"
Q0234,The Foot Juggler,unanswered,,skill,D9,D - Height — the fourth coordinate,D9 - Stack as one card,,,,,Holds one card spinning above itself,DESIGN_REFERENCES.md §A10 The Americas,"Holds one card suspended in a sub-slot above itself, playable from there at any time",Holds one card suspended above itself; that card scores in every line this card belongs to,"Holds up to two cards suspended above itself, played one at a time"
Q0235,The Half Card,unanswered,,rank,D9,D - Height — the fourth coordinate,D9 - Stack as one card,,,,,This card has half rank (rounded down) and half size: two copies occupy one grid slot together and meld as one combined card,CARD_CATALOG,Half rank rounded down and half size: two copies share one cell and meld as a single combined card,Half rank rounded down and half size: two copies share one cell and meld as two separate cards,"Half rank and half size: it shares a cell with any card, and the pair melds as whichever of the two is more useful"
Q0236,The Seven Pyramid,unanswered,,skill,D9,D - Height — the fourth coordinate,D9 - Stack as one card,,,,,"One stack, seven high",CARD_CATALOG,"Formation: a single stack of exactly seven legally-run cards scores a large bonus; broken by a hazard, rebuilding it once scores double","Formation: a single stack of exactly seven legally-run cards scores a large bonus, once per show",Formation: any stack of five or more legally-run cards scores a bonus scaling with its height
Q0237,The Singa Barong,unanswered,,skill,D9,D - Height — the fourth coordinate,D9 - Stack as one card,,,,,Carries the whole stack as one,DESIGN_REFERENCES.md §A13 Korea & Southeast Asia,Everything above this card counts as a single card for movement,Everything above this card counts as a single card for movement and for scoring,"Everything above this card counts as one card for movement, and this card scores their summed rank"
Q0238,Low Ceiling,unanswered,,rule,D10,D - Height — the fourth coordinate,D10 - Height caps,,,,,A venue that will not take a tall act,generated,Boss: the height cap is lowered for this show,Boss: the height cap is lowered by one each act,"Boss: the height cap is lowered, and any stack already taller is cut down to it"
Q0239,The Cherry Picker,unanswered,,skill,D10,D - Height — the fourth coordinate,D10 - Height caps,,,,,Raises the ceiling,generated,Raises the height cap by three while it is on the board,Raises the height cap by one for each level this card itself sits above the floor,"Removes the height cap entirely, and scores a bonus per level of the tallest stack"
Q0240,The Rigging Loft,unanswered,,rule,D10,D - Height — the fourth coordinate,D10 - Height caps,,,,,Sets how high a stack may go,generated,"Rule: stacks may not exceed a fixed height, and a card that would exceed it cannot be placed","Rule: stacks may not exceed a fixed height, and a card that would exceed it pushes the bottom card out instead","Rule: there is no height cap, but every level above the fifth costs one patience to place"
Q0241,Hopak Burst,unanswered,,skill,E1,E - Movement & repositioning,E1 - Self-move,,,,,"Cue, 1 charge per show: jumps this card's entire stack one row upward in its column, sliding everything beneath up",CARD_CATALOG,"Cue, one charge per show: this card's whole stack jumps one row up its column, sliding everything beneath it up","Cue, one charge per show: this card alone jumps one row up its column, swapping with whatever is there","Cue, one charge per show: this card's whole stack jumps to the top row of its column"
Q0242,Rabbit card,unanswered,,skill,E1,E - Movement & repositioning,E1 - Self-move,,,,,Bolts when you reach for it,random potential effects.csv:3,"If clicked or grabbed, this card moves to the furthest orthogonal cell instead","If clicked or grabbed, this card moves one cell away at random","If clicked or grabbed, this card moves to the furthest orthogonal cell and scores a bonus for escaping"
Q0243,Selection sort card,unanswered,,skill,E1,E - Movement & repositioning,E1 - Self-move,,,,,Sorts itself upward,random potential effects.csv:3,Moves up one position whenever the card above it is of lower rank,Moves up one position per turn until the card above it is of higher rank,"Moves up one position whenever the card above is lower, and scores a bonus each time it moves"
Q0244,The Crowd Surf,unanswered,,skill,E1,E - Movement & repositioning,E1 - Self-move,,,,,"Cue: pass this card across the tops of all columns to the far edge, scoring bonus points per column crossed; if any crossed column is empty, this card is discarded instead",CARD_CATALOG,"Cue: pass this card across the tops of every column to the far edge, scoring per column crossed; an empty column discards it","Cue: pass this card across the tops of every column, scoring per column crossed; an empty column simply stops it there","Cue: pass this card across the tops of every column and on into the next grid, scoring per column crossed"
Q0245,The Leotard,unanswered,,skill,E1,E - Movement & repositioning,E1 - Self-move,,,,,Carries its stack anywhere,CARD_CATALOG,"Cue: move this card and everything above it to the top of any column, ignoring legality","Cue: move this card and everything above it to any cell in any grid, ignoring legality","Cue: move this card and everything above it one column sideways, keeping its row"
Q0246,The Traceur,unanswered,,skill,E1,E - Movement & repositioning,E1 - Self-move,,,,,Never enters a stack,CARD_CATALOG,"Moves only across the tops of columns, never into a stack; cue to move any distance sideways along topmost cells","Moves only across the tops of columns; cue to move one column per turn, and it scores per column it has crossed","Moves only across the tops of columns and may cross into the next grid, cueing to move any distance"
Q0247,Tumbler's Poise,unanswered,,skill,E1,E - Movement & repositioning,E1 - Self-move,,,,,"One hop, spend it or lose it",CARD_CATALOG,"One charge per turn: cue to hop this card one column sideways, and an unused charge spends itself on the next refresh",One charge per turn: cue to hop one column sideways; unused charges accumulate up to three,"One charge per turn: cue to hop one cell in any direction, and an unused charge spends itself on the next refresh"
Q0248,Walking Through the Wall,unanswered,,skill,E1,E - Movement & repositioning,E1 - Self-move,,,,,Steps through what is in the way,CARD_CATALOG,Cue: move this card through an occupied cell into the empty cell beyond it,Cue: move this card through any number of occupied cells in a straight line to the first empty one,"Cue: move this card through an occupied cell into the cell beyond, and the card passed through is spotlit for the act"
Q0249,Carries a chosen card,unanswered,,skill,E2,E - Movement & repositioning,E2 - Move another card,,,,,Takes a passenger,DESIGN_REFERENCES.md §B3 Strength & Endurance,"Carries one chosen card wherever it moves, so the two relocate together","Carries one chosen card wherever it moves, and that card cannot be targeted while carried","Carries every card adjacent to it when it moves, so a cluster relocates as a unit"
Q0250,Colleano's Somersault,unanswered,,skill,E2,E - Movement & repositioning,E2 - Move another card,,,,,Cue: swaps positions with the single card covering it,CARD_CATALOG,Cue: swap places with the card directly covering this one,Cue: swap places with any card in the same stack,"Swaps with the card covering it automatically, every time a line it belongs to completes"
Q0251,Foot of God,unanswered,,skill,E2,E - Movement & repositioning,E2 - Move another card,,,,,"Cue: this card switches locations with any card on screen (grid, Entrance, or decks)",CARD_CATALOG,"Cue: swap places with any card on screen, including the Entrance and the decks","Cue: swap places with any card on the grid, in any grid","Cue: swap places with any card on screen, and the card swapped with keeps this card's stamp"
Q0252,Hand of God,unanswered,,skill,E2,E - Movement & repositioning,E2 - Move another card,,,,,"Cue: move any card to any grid location ignoring legality, or reorder the cards inside any deck",CARD_CATALOG,"Cue: move any card to any cell ignoring legality, or reorder any deck","Cue: move any card to any cell, ignoring legality","Cue: move any card to any cell and reorder any deck, but the show's goal rises 10% each time you do"
Q0253,Human Cannonball,unanswered,,skill,E2,E - Movement & repositioning,E2 - Move another card,,,,,Cue: fire the bottom card of any column to the top of any other column,CARD_CATALOG,Cue: fire the bottom card of any column to the top of any other column,Cue: fire the bottom card of any column into the same cell of an adjacent grid,"Cue: fire this card to any empty cell in any grid, scoring every card it passes over"
Q0254,Jenga card,unanswered,,skill,E2,E - Movement & repositioning,E2 - Move another card,,,,,Pull one out and the pile shifts,random potential effects.csv:5,"Clicking a buried card moves it to the top of the next-smallest stack, leaving a gap; too many gaps and this card is discarded","Clicking a buried card moves it to the top of the smallest stack on the grid, leaving a gap","Clicking a buried card moves it to the top of any stack you choose, leaving a gap that closes at act end"
Q0255,The Dragon Meld,unanswered,,skill,E2,E - Movement & repositioning,E2 - Move another card,,,,,"When a run of 4+ scores while this card is in it, that run can be relocated as a unit anywhere on the grid once, next turn",CARD_CATALOG,"When a run of four or more scores with this card in it, that run may be relocated as one unit anywhere on the grid next turn","When a run of four or more scores with this card in it, that run may be relocated as one unit to any grid, next turn","When any run of four or more scores, it may be relocated as one unit once, and this card is spent for the show"
Q0256,Blondin's Crossing,unanswered,,skill,E3,E - Movement & repositioning,E3 - Board transforms,,,,,"Once per show: shift an entire row one column left or right, wrapping around the grid edge",CARD_CATALOG,"Once per show, shift a whole row one cell left or right, wrapping at the grid edge","Cue with three charges: shift a whole row or column one cell, wrapping at the edge","Once per show, shift a whole row one cell; the card pushed off the edge is discarded rather than wrapping"
Q0257,Earthquake card,unanswered,,consumable,E3,E - Movement & repositioning,E3 - Board transforms,,,,,Shakes the board apart,random potential effects.csv:11,Scrambles the positions of every card on one grid,"Scrambles the positions of every card on one grid, and any line the scramble happens to complete scores",Scrambles every card on every grid
Q0258,Poker shuffle: pre-commit reshuffle,unanswered,,rule,E3,E - Movement & repositioning,E3 - Board transforms,,,,,Rearrange before the square is full,gam draft.txt:1284,Placed cards may be shifted around freely until all 25 cells are filled,Placed cards may be shifted around freely until the first line completes,"Placed cards may be shifted freely, but each shift costs one patience or one act"
Q0259,The Hanged Man,unanswered,,consumable,E3,E - Movement & repositioning,E3 - Board transforms,,,,,"Consumable: flips the order of one entire stack, bottom becomes top",CARD_CATALOG,"Consumable: flip one whole stack over, bottom becomes top","Consumable: flip one whole stack over, and every card in it re-triggers as it lands","Consumable: flip one whole column of the grid, so the top row becomes the bottom"
Q0260,Three-box shuffle,unanswered,,skill,E3,E - Movement & repositioning,E3 - Board transforms,,,,,Shuffles three of them,DESIGN_REFERENCES.md §B2 Juggling & Object Manipulation,Cue: rearrange the order of any three adjacent cards,Cue: rearrange the order of any three cards in one line,"Cue: rearrange any three adjacent cards, and if the new order completes a meld it scores at once"
Q0261,Turntable card,unanswered,,consumable,E3,E - Movement & repositioning,E3 - Board transforms,,,,,Turns the board upside down,random potential effects.csv:8,"Flips the whole grid vertically, so the top row becomes the bottom","Flips the whole grid vertically, and every line re-scores in its new position",Flips every grid vertically at once
Q0262,Windy Day card,unanswered,,rule,E3,E - Movement & repositioning,E3 - Board transforms,,,,,The wind takes the board,random potential effects.csv:20,Every card shifts one row or column at random,Every card shifts one cell in the same random direction,"Every card shifts one cell in the same direction, and the direction is telegraphed one turn ahead"
Q0263,The High Dive,unanswered,,skill,E4,E - Movement & repositioning,E4 - Gravity rules,,,,,"Cue: drop this card from the top of its column to the bottom, scoring bonus points per row fallen",CARD_CATALOG,"Cue: drop this card from the top of its column to the bottom, scoring per row fallen","Cue: drop this card from the top of its column to the bottom, scoring per row fallen and applying a status to each card it passes","Cue: drop this card through its column and on into the same column of the grid below, scoring per row fallen"
Q0264,Water,unanswered,,type,E4,E - Movement & repositioning,E4 - Gravity rules,,,,,Always seeks the lowest level,CARD_CATALOG,"On each refresh, if an adjacent column is shorter, this card flows sideways into it","On each refresh, this card flows toward the shortest column on its grid, one step at a time","On each refresh, this card flows into the shortest adjacent column, and every card it passes catches a Wet status"
Q0265,Brass Ring,unanswered,,rule,E5,E - Movement & repositioning,E5 - Patterned movement,,,,,"A token rotates one column per turn; if that column scores while the token is on it, the meld pays double and a Ticket Stub is banked",CARD_CATALOG,A token marks one column and rotates one column per Entrance refresh; a line scored through the marked column pays double,A token marks one cell and walks one cell per placement; the card placed on the marked cell scores twice,A token marks the same column in every grid at once; scoring that column in all grids in one act pays a large bonus
Q0266,Checkers hop-capture card,unanswered,,skill,E5,E - Movement & repositioning,E5 - Patterned movement,,,,,Hops over what is in the way,gam draft.txt:1439,May hop over an adjacent card into the cell beyond it,"May hop over an adjacent card into the cell beyond, and may chain hops while empty cells follow","May hop over an adjacent card into the cell beyond, capturing what it jumped"
Q0267,Conveyor Deck,unanswered,,rule,E5,E - Movement & repositioning,E5 - Patterned movement,,,,,The board conveys,cryptid,Deck: cards may not be rearranged; at each show's start the rightmost is duplicated and the leftmost destroyed,Deck: cards may not be rearranged; at each show's start the whole line shifts one position,"Deck: at each show's start the rightmost is duplicated and the leftmost destroyed, and you may pay gold to freeze it"
Q0268,Diabolo,unanswered,,skill,E5,E - Movement & repositioning,E5 - Patterned movement,,,,,"Every Entrance refresh, alternates between two adjacent columns, granting bonus points to the top card of the column it leaves",CARD_CATALOG,"On each Entrance refresh this card moves between two adjacent columns, giving bonus points to the top card of the column it leaves","On each Entrance refresh this card moves one cell along its row, wrapping, and gives +1 rank to the card it passes",On each line completion this card jumps to the mirrored cell across the grid's centre
Q0269,The Bishop,unanswered,,skill,E5,E - Movement & repositioning,E5 - Patterned movement,,,,,"May be placed onto any card along an open diagonal, capturing it; blocked by occupied slots between",CARD_CATALOG,"May be placed on any card along an open diagonal, capturing it; occupied cells in between block the path","May be placed on any card along an open diagonal or orthogonal line, capturing it","May be placed on any card along an open diagonal, capturing it, and a capture raises this card's rank by 1"
Q0270,The King,unanswered,,skill,E5,E - Movement & repositioning,E5 - Patterned movement,,,,,"Moves like a king, and is worth taking",CARD_CATALOG,"Moves one cell in any direction by swapping only, never capturing; steps out of check on its own whenever you act; a chess card that captures it gains a large bonus and +1 rank","Moves one cell in any direction by swapping; if it is ever captured, the show ends immediately","Moves one cell in any direction by swapping, and every card orthogonally adjacent to it cannot be targeted by hazards"
Q0271,The Knight,unanswered,,skill,E5,E - Movement & repositioning,E5 - Patterned movement,,,,,Jumps in an L and takes what it lands on,CARD_CATALOG,"May be placed on any card two cells and one cell away, discarding it and taking its place, ignoring stacking legality","May be placed on any card an L away, and the card it lands on is returned to the Entrance rather than discarded","May be placed on any card an L away in any grid, discarding it and taking its place"
Q0272,The Pawn,unanswered,,skill,E5,E - Movement & repositioning,E5 - Patterned movement,,,,,Advances and takes on the diagonal,CARD_CATALOG,"Stacked under a card, it swaps upward with it on each refresh, two slots if it is bottommost; placed diagonally onto a card, it captures and replaces it","Stacked under a card, it swaps upward on each refresh; it captures diagonally, and reaching the top of its column it becomes any other chess card you own","Stacked under a card, it swaps upward on each refresh; it captures diagonally, and each capture raises its rank by 1"
Q0273,The Procession,unanswered,,skill,E5,E - Movement & repositioning,E5 - Patterned movement,,,,,A meld that walks,DESIGN_REFERENCES.md §A14 The Caribbean & Central America,"A scored meld walks one column per turn, collecting a bonus from each column it crosses","A scored meld walks one column per turn until it reaches the edge, then stops","A scored meld walks one column per turn and can cross into the next grid, collecting from each"
Q0274,The Rook,unanswered,,skill,E5,E - Movement & repositioning,E5 - Patterned movement,,,,,Takes along its row or column,CARD_CATALOG,"May be placed on any card along its open row or column, capturing it","May be placed on any card along its open row or column, capturing it, and may continue into the next grid at the same row","May be placed on any card along its open row or column, capturing it, but only toward the grid's edge"
Q0275,The Queen,unanswered,,skill,E5,E - Movement & repositioning,E5 - Patterned movement,,,,,Takes along any open line,CARD_CATALOG,"May be placed on any card along an open line or diagonal, capturing it","May be placed on any card along an open line or diagonal, capturing it, and may pass through one occupied cell","May be placed on any card along an open line or diagonal in any grid, capturing it"
Q0276,Cards bounce/swap between grids,unanswered,,skill,E6,E - Movement & repositioning,E6 - Cross-grid movement,,,,,Bounces a card to another grid,gam draft.txt:1266,"Cue: send a card to the same cell in another grid, or swap two cards between grids",Cue: send a card to any cell in an adjacent grid,Cue: swap two whole columns between two grids
Q0277,Centrifugal column (Wall of Death),unanswered,,skill,E7,E - Movement & repositioning,E7 - Anchoring,,,,,Nothing falls while it spins,DESIGN_REFERENCES.md §B4 Danger Acts,"Cards in this column cannot fall or be discarded while it spins, for a limited number of turns","Cards in this column cannot fall or be discarded while it spins, and the spin lasts until the column scores","Cards in this column cannot fall or be discarded, and the column also cannot be added to, for three turns"
Q0278,Quartz Stake,unanswered,,rule,E7,E - Movement & repositioning,E7 - Anchoring,,,,,Some cards get pinned in place,cryptid,Difficulty: a proportion of cards arrive pinned and cannot be moved from their position,"Difficulty: a proportion arrive pinned to the first position, blocking that slot","Difficulty: a proportion arrive pinned, and unpinning one costs gold"
Q0279,Stone,unanswered,,type,E7,E - Movement & repositioning,E7 - Anchoring,,,,,"Once placed on the grid this card cannot be grabbed again, and it scores a bonus for remaining unmoved",CARD_CATALOG,"Once placed, this card can never be grabbed again, and scores a bonus for staying unmoved","Once placed, this card can never be grabbed again, and its bonus grows each show it stays put","Once placed, this card can only be moved by paying gold, and scores a bonus for each turn it stayed put"
Q0280,Straitjacket,unanswered,,skill,E7,E - Movement & repositioning,E7 - Anchoring,,,,,Starts each show unable to be moved; frees itself and scores bonus points the first time its column scores,CARD_CATALOG,Starts each show unable to be moved; frees itself and scores bonus points the first time its column scores,"Starts each show unable to be moved; frees itself the first time any line it belongs to scores, and the bonus scales with how long it stayed bound","Starts each show unable to be moved and never frees itself, but scores triple"
Q0281,The Decision,unanswered,,rule,E7,E - Movement & repositioning,E7 - Anchoring,,,,,Play a card and it is fixed there,cryptid,Cards become immovable the moment they are placed or discarded,"Cards become immovable once placed, and a pack of drawbacks opens after the show","Cards become immovable once they have scored, but stay movable until then"
Q0282,The Handicap,unanswered,,skill,E7,E - Movement & repositioning,E7 - Anchoring,,,,,Cue at show start: lock this card's movement for the show (cannot be grabbed) in exchange for scoring double all show,CARD_CATALOG,"Cue at show start: lock this card against being grabbed for the show, and it scores double all show","Cue at show start: lock any one card against being grabbed for the show, and it scores double","Cue at show start: lock this card for the show; it scores double, and triple if it is never covered either"
Q0283,The Light and Heavy Chest,unanswered,,skill,E7,E - Movement & repositioning,E7 - Anchoring,,,,,"Yours to move, nobody else's",CARD_CATALOG,"You may always grab this card, and no board effect or hazard can move or discard it","You may always grab this card, and no effect at all can move it, including your own others","You may always grab this card and everything above it, and hazards cannot touch its whole stack"
Q0284,Boss: adjacency-only placement,unanswered,,rule,E8,E - Movement & repositioning,E8 - Placement restriction,,,,,Boss: cards must touch,gam draft.txt:1451,Boss: cards may only be placed adjacent to a card already on the grid,"Boss: cards may only be placed adjacent to a card already placed, diagonals not counting","Boss: cards must be placed adjacent to the card placed immediately before, forming a path"
Q0285,Column-locked entrance placement,unanswered,,rule,E8,E - Movement & repositioning,E8 - Placement restriction,,,,,"One card per column, per refresh",gam draft.txt:1268b,"Each column accepts only one Entrance card per refresh, from whichever of the five you choose","Each column accepts only one Entrance card per refresh, and the column is chosen for you at random","Each column accepts one Entrance card per refresh, and filling all five in one refresh pays a bonus"
Q0286,Cross-path entrance bonus,unanswered,,skill,E8,E - Movement & repositioning,E8 - Placement restriction,,,,,Rewards cards crossing paths,gam draft.txt:1268c,Scores a bonus when Entrance cards cross each other's paths on the way to their columns,"Scores a bonus per crossing, so an entirely reversed Entrance pays most","Scores a bonus when Entrance cards cross, and a larger one if every card crosses at least one other"
Q0287,Leader elemental fears,unanswered,,skill,E8,E - Movement & repositioning,E8 - Placement restriction,,,,,Afraid of the sharp ones,"DESIGN_DOC.md §11 Classes, Groups & Leaders",Some leaders fear fire or knives and cannot be placed on cards of those suits,"Some leaders fear one suit, chosen at run start, and cannot be placed adjacent to it either","Some leaders fear one suit and cannot be placed on it, but score double when they end a show next to it"
Q0288,No-adjacency placement with shifting,unanswered,,rule,E8,E - Movement & repositioning,E8 - Placement restriction,,,,,"Place freely, but everything shifts",gam draft.txt:1267,"Cards may be placed anywhere, and a second card placed five cells away fixes the first card's final position","Cards may be placed anywhere, and the grid shifts to centre itself on whatever has been placed","Cards may be placed anywhere, and the grid's boundaries are only fixed once the fifth card is down"
Q0289,The Diva,unanswered,,skill,E8,E - Movement & repositioning,E8 - Placement restriction,,,,,Will not go on second,DESIGN_REFERENCES.md §F1 Theater & Opera,"The strongest card of its class, but its skill is disabled unless it is placed first each show","The strongest card of its class, but its skill is disabled unless it is the first card placed in its grid",The strongest card of its class; placing it first each show also buffs everything placed after it
Q0290,The Invisible Wall,unanswered,,skill,E8,E - Movement & repositioning,E8 - Placement restriction,,,,,Seals a column against everything,CARD_CATALOG,"Cue: seal one empty column for a turn so nothing may enter or leave it, hazards included","Cue: seal one column for a turn, cards and all, so nothing in it can be moved, scored or hit",Cue: seal one cell permanently; nothing may ever be placed there again
Q0291,Sleight of Hand,unanswered,,skill,E9,E - Movement & repositioning,E9 - Mid-flight interception,,,,,The card does not land where you put it. (line 937),generated,"Cards you place have a chance to land in a different cell than the one you chose, and you are shown where after the fact","Cards you place always land one cell off in a direction this card names, so the offset is learnable","Cards you place land where you chose, but this card silently swaps two already-placed cards each act"
Q0292,The Dzhigit's Pickup,unanswered,,skill,E9,E - Movement & repositioning,E9 - Mid-flight interception,,,,,"During an Entrance refresh, once armed by cue, intercepts one falling card as it drops and redirects it to any column",CARD_CATALOG,Armed by cue: intercepts one card as the Entrance refreshes and redirects it to any column,Armed by cue: intercepts one card as the Entrance refreshes and redirects it to any cell in any grid,Armed by cue: intercepts one card as the Entrance refreshes and sends it to the bottom of the deck instead
Q0293,Deja Vu card,unanswered,,skill,E10,E - Movement & repositioning,E10 - Position memory,,,,,Remembers where it was,random potential effects.csv:3,"Remembers its cell; the next time that cell is empty, it returns there from anywhere","Remembers its cell; the next time that cell is empty it returns there, and scores a bonus for coming home","Remembers every cell it has occupied, and returns to whichever of them opens first"
Q0294,Stowaway card,unanswered,,skill,E10,E - Movement & repositioning,E10 - Position memory,,,,,Slides into the gap once it has scored,random potential effects.csv:6,"After it scores, this card moves itself into the free cell if one is open","After it scores, this card moves itself into the nearest empty cell in its grid","After it scores, this card moves into an empty cell that would complete a line, if one exists"
Q0295,Bottom Deal,unanswered,,skill,F1,"F - Deck, draw & order",F1 - Deck position control,,,,,"Cue: this turn, the Entrance refills from the bottom of the deck instead of the top",CARD_CATALOG,Cue: the next Entrance refresh draws from the bottom of the deck instead of the top,"While this card is on the grid, every Entrance refresh draws from the bottom of the deck",Cue: look at the bottom five cards of the deck and move one of them to the top
Q0296,Final Act,unanswered,,type,F1,"F - Deck, draw & order",F1 - Deck position control,,,,,"After every shuffle, this card sinks below all non-Heavy cards and only enters play after the rest of the deck is drawn; scores a bonus multiplier as the closer",CARD_CATALOG,"Sinks below every non-Heavy card on each shuffle and enters play alone after the rest of the deck is drawn, scoring a bonus multiplier","Sinks to the bottom of the deck, and the Entrance it arrives in holds only this card","Sinks to the bottom of the deck, and its multiplier scales with how many cards were drawn before it"
Q0297,First Act,unanswered,,type,F1,"F - Deck, draw & order",F1 - Deck position control,,,,,"After every shuffle, this card moves to the top of the deck and enters play alone before any other card that refresh",CARD_CATALOG,Rises to the top of the deck on every shuffle and enters play alone in its Entrance,Rises to the top of the deck on every shuffle,"Rises to the top of the deck, and the Entrance it arrives in is dealt one card short"
Q0298,Heavy,unanswered,,type,F1,"F - Deck, draw & order",F1 - Deck position control,,,,,"After any shuffle or return to deck, this card sinks to the deck bottom",CARD_CATALOG,"After any shuffle or return to the deck, this card sinks to the bottom","After any shuffle this card sinks to the bottom, and once placed it cannot be moved",This card sinks to the bottom of the deck and drags the card above it down with it
Q0299,Helium,unanswered,,type,F1,"F - Deck, draw & order",F1 - Deck position control,,,,,"After any shuffle or return to deck, this card rises to the top and is always the first card drawn on refresh",CARD_CATALOG,"After any shuffle or return to the deck, this card rises to the top and is drawn first","After any shuffle this card rises to the top, and on the grid it floats to the top of its stack",This card rises to the top of the deck and cannot be placed below the third row of any grid
Q0300,Second Act,unanswered,,type,F1,"F - Deck, draw & order",F1 - Deck position control,,,,,"After every shuffle, this card is placed exactly at the deck's midpoint and enters play alone",CARD_CATALOG,After every shuffle this card sits exactly at the deck's midpoint and enters play alone,"After every shuffle this card sits at the midpoint, and the show's goal halves the moment it is drawn","After every shuffle this card sits at the midpoint, and everything drawn before it scores +1 rank once it appears"
Q0301,The Ambitious Card,unanswered,,skill,F1,"F - Deck, draw & order",F1 - Deck position control,,,,,"Always rises to the top of the deck after any shuffle or discard, and scores bonus points if drawn the same show it was discarded",CARD_CATALOG,"Always rises to the top of the deck after any shuffle or discard, and scores a bonus if drawn in the same show it was discarded",Always rises to the top of the deck after any shuffle or discard,"Always rises to the top after any shuffle or discard, and each round trip through the discard raises its rank by 1"
Q0302,The Chest,unanswered,,type,F1,"F - Deck, draw & order",F1 - Deck position control,,,,,"Heavy for them, light for you",DESIGN_REFERENCES.md §C1 Golden-Age Stage Magic,This card is Light when you move it and Heavy when an effect moves it,This card is Light when you move it and immovable when an effect tries,"This card is Light when you move it and Heavy otherwise, and its rank counts as its weight"
Q0303,The Wedding Band,unanswered,,stamp,F1,"F - Deck, draw & order",F1 - Deck position control,,,,,Two cards that travel together,CARD_CATALOG,Applied to two cards: the pair always shuffles adjacent and is always drawn together,"Applied to two cards: the pair always shuffles adjacent, and if one is drawn the other joins the same Entrance","Applied to two cards: the pair always shuffles adjacent, and separating them on the board destroys the stamp"
Q0304,Metamorphosis,unanswered,,skill,F2,"F - Deck, draw & order",F2 - Tutor / search,,,,,"Cue: swap this card with any card in the deck (seen or unseen), taking its board position",CARD_CATALOG,"Cue: swap this card with any card in the deck, seen or unseen, taking its position",Cue: swap this card with any card in the deck you have already seen this run,Cue: swap any card on the grid with any card in the deck
Q0305,The Card Index,unanswered,,skill,F2,"F - Deck, draw & order",F2 - Tutor / search,,,,,"Cue, once per show: search the deck for any card and put it into the Entrance",CARD_CATALOG,"Cue, once per show: search the deck for any card and put it into the Entrance","Cue, once per show: search the deck for any card and put it on top of the deck","Cue, once per show: name a card; if it is in the top ten of the deck it goes to the Entrance, otherwise nothing happens"
Q0306,Madame Zora's Eye,unanswered,,skill,F3,"F - Deck, draw & order",F3 - Peek,,,,,The next card to be drawn is always visible above the deck slot while this card is anywhere in play,CARD_CATALOG,The next card to be drawn is always shown above the deck,The next three cards to be drawn are always shown above the deck,"The next card to be drawn is shown, and once per show you may send it to the bottom instead"
Q0307,The Raree Box,unanswered,,consumable,F3,"F - Deck, draw & order",F3 - Peek,,,,,Buys a look at the deck,CARD_CATALOG,Consumable: pay 1 gold to see the next five cards of the deck in order,"Consumable: pay 1 gold to see the next five cards, and reorder them once","Consumable: pay 1 gold per card to see that many of the next cards, as many as you can afford"
Q0308,The Cooler,unanswered,,consumable,F4,"F - Deck, draw & order",F4 - Deck ordering,,,,,"Consumable, once per run: replaces the remaining deck with a copy in a chosen order",CARD_CATALOG,"Consumable, once per run: replace the rest of the deck with the same cards in an order you choose","Consumable, once per run: reorder the next ten cards of the deck","Consumable, once per run: reorder the rest of the deck, but the show's goal rises 20%"
Q0309,The Tarot Reading,unanswered,,skill,F4,"F - Deck, draw & order",F4 - Deck ordering,,,,,Rearranges what is coming,CARD_CATALOG,"Cue, once per show: look at the top five cards of the deck and reorder them freely","Cue, once per show: look at the top five cards, reorder them, and send one to the bottom","Cue, once per act: look at the top three cards and reorder them"
Q0310,Blowdown,unanswered,,rule,F5,"F - Deck, draw & order",F5 - Entrance manipulation,,,,,"At show start and each Entrance refresh, a random seeded card is discarded from the Entrance",CARD_CATALOG,At each Entrance refresh one random incoming card is discarded before you see the rest,At each Entrance refresh one random incoming card is discarded and replaced from the deck,"At show start only, the first Entrance is dealt one card short"
Q0311,Effarcire,unanswered,,skill,F5,"F - Deck, draw & order",F5 - Entrance manipulation,,,,,Deals the whole deck at once,cryptid,"When a show begins, the entire deck is dealt into the Entrance at once","When a show begins, the entire deck is dealt out, but only five may be placed per turn",Cue once per show to deal the whole remaining deck into the Entrance
Q0312,Flash Mob,unanswered,,skill,F5,"F - Deck, draw & order",F5 - Entrance manipulation,,,,,"Cue, once per show: deploy the entire Entrance onto the grid in one action, columns assigned left-to-right automatically",CARD_CATALOG,"Cue, once per show: place the whole Entrance onto the grid at once, filling left to right","Cue, once per show: place the whole Entrance onto the grid at once into cells you pick, resolving every line completion together","Cue, once per show: place the whole Entrance into a single row or column at once"
Q0313,Liberty Horses,unanswered,,skill,F5,"F - Deck, draw & order",F5 - Entrance manipulation,,,,,"On Entrance refresh, all Animal-class cards in the Entrance rearrange into ascending rank order before dropping",CARD_CATALOG,"On Entrance refresh, every Animal-class card in the Entrance sorts into ascending rank order","On Entrance refresh, the whole Entrance sorts into ascending rank order","On Entrance refresh, you may reorder the Entrance freely"
Q0314,Popcorn Cascade,unanswered,,skill,F5,"F - Deck, draw & order",F5 - Entrance manipulation,,,,,"Whenever a column of 4 or more cards scores, refill 1 card into the Entrance",CARD_CATALOG,"Whenever a column of four or more cards scores, refill one card into the Entrance","Whenever any line scores, refill one card into the Entrance","Whenever a line scores, refill one Entrance card for every card in that line above four"
Q0315,The Grease Joint,unanswered,,skill,F5,"F - Deck, draw & order",F5 - Entrance manipulation,,,,,"At show start, discards the bottom card of the deck, then refills 1 card into the Entrance",CARD_CATALOG,"At show start, discard the bottom card of the deck and refill one Entrance card","At show start, discard the bottom three cards of the deck and refill one Entrance card","At every Entrance refresh, discard the bottom card of the deck and refill one extra Entrance card"
Q0316,The Serpent,unanswered,,rule,F5,"F - Deck, draw & order",F5 - Entrance manipulation,,,,,The Entrance always refills to a fixed size,balatro,"After every placement or discard, the Entrance refills to a fixed smaller size","After every placement or discard, the Entrance refills to its full size immediately","After every placement, the Entrance refills by one card rather than waiting to empty"
Q0317,The Stray Whistle,unanswered,,skill,F5,"F - Deck, draw & order",F5 - Entrance manipulation,,,,,One card jumps the queue,DESIGN_REFERENCES.md §F1 Theater & Opera,A random Entrance card drops early into a random column,A random Entrance card drops early into a column you choose,"A random Entrance card drops early into a random column, and scores double if it completes a line"
Q0318,Clown Car,unanswered,,skill,F6,"F - Deck, draw & order",F6 - Entrance size,,,,,"On Entrance refresh, adds one extra card into this card's column, plus one more per Clown-class card scored last submit",CARD_CATALOG,Each Entrance refresh deals one extra card into this card's column,"Each Entrance refresh deals one extra card, plus one more for every Clown-class card on the grid",The Entrance holds six cards instead of five while this card is on the grid
Q0319,Discard-to-deck on score,unanswered,,skill,F7,"F - Deck, draw & order",F7 - Discard recursion,,,,,Puts two back in the deck,random potential effects.csv:3,"On score, two random cards return from the discard to the deck","On score, two cards of your choice return from the discard to the deck","On score, two random cards return from the discard; an exhausted version returns four and then never fires again"
Q0320,The Egg Bag,unanswered,,skill,F7,"F - Deck, draw & order",F7 - Discard recursion,,,,,"Cue while spotlit: stash the top discard inside this card; when this card scores, the stashed card returns to the Entrance",CARD_CATALOG,Cue while spotlit: stash the top card of the discard inside this one; it returns to the Entrance when this card scores,Cue while spotlit: stash any card from the discard inside this one; it returns to the Entrance when this card scores,Cue while spotlit: stash the top discard inside this one; it returns at the start of the next show instead
Q0321,Lucky Streak,unanswered,,skill,F8,"F - Deck, draw & order",F8 - Shuffle control,,,,,"Grants +1 reroll per shop visit; after it activates, repeated actions for the rest of the show never repeat identical results",CARD_CATALOG,"Grants +1 shop reroll, and once it activates no repeated action returns an identical result for the rest of the show",Grants +1 shop reroll per visit,"Once it activates, every random outcome for the rest of the show is rolled twice and the better result kept"
Q0322,Deck auto-slotter,unanswered,,skill,F9,"F - Deck, draw & order",F9 - Fires from the deck,,,,,Slots itself in from the deck,random potential effects.csv:3,"While in the deck, this card moves itself into any legal empty cell that becomes available","While in the deck, this card moves itself into a legal empty cell once per show","While in the deck, this card moves itself into an empty cell that would complete a line"
Q0323,Psycho,unanswered,,skill,F9,"F - Deck, draw & order",F9 - Fires from the deck,,,,,"Every Entrance refresh, automatically plays the top card of the deck into this card's column",CARD_CATALOG,"Every Entrance refresh, the top card of the deck is played automatically into this card's column","Every Entrance refresh, the top card of the deck is played automatically into a random empty cell of this card's grid","Every Entrance refresh, the top card of the deck is played automatically into this card's column, and this card scores for each one that completes a line"
Q0324,Scan deck/discard for scoring,unanswered,,rule,F9,"F - Deck, draw & order",F9 - Fires from the deck,,,,,Scoring reaches into the decks,"DESIGN_DOC.md §5 Scoring v2 (dual-axis, latest)","Scoring also scans the draw deck and discard pile, not just the board","Scoring also scans the discard pile, but not the draw deck","Scoring scans the decks as well as the board, but cards there score at half"
Q0325,The Comedic Drop,unanswered,,skill,F10,"F - Deck, draw & order",F10 - Fires from the discard,,,,,Cue: discard this card mid-show for a bonus larger than scoring it would have paid,CARD_CATALOG,Cue: discard this card mid-show for a bonus larger than scoring it would have paid,Cue: discard this card mid-show for a bonus scaling with how many cards are still in the deck,"Cue: discard this card mid-show for a bonus, and it returns to the deck at the start of the next show"
Q0326,The Escape Map,unanswered,,skill,F10,"F - Deck, draw & order",F10 - Fires from the discard,,,,,"When discarded, reveals part of the world map's fog of war",CARD_CATALOG,"When discarded, reveals part of the world map's fog","When discarded, reveals the next two map nodes and their contents","When discarded, reveals part of the map and may be recovered from the discard once per run to do it again"
Q0327,Blue Joker,unanswered,,skill,F11,"F - Deck, draw & order",F11 - Deck-size scaling,,,,,Paid by what is left to draw,balatro,Scores bonus points per card remaining in the deck,"Scores bonus points per card remaining in the deck, halving once the deck is under a quarter full","Scores bonus points per card remaining, or per card already drawn, whichever is higher"
Q0328,The Census,unanswered,,skill,F12,"F - Deck, draw & order",F12 - Deck-composition reads,,,,,Reads the deck's balance,generated,Scores a bonus scaling with how evenly your deck's suits are balanced,Scores a bonus scaling with how UNEVENLY your deck's suits are balanced,Scores a bonus per suit your deck holds at least five of
Q0329,The Ledger,unanswered,,rule,F12,"F - Deck, draw & order",F12 - Deck-composition reads,,,,,Deck shape sets the defaults,generated,"Rule: at show start, whichever suit your deck holds most of scores double all show","Rule: at show start, whichever suit your deck holds LEAST of scores double all show","Rule: at show start, the suit you hold most of scores double and the one you hold least scores nothing"
Q0330,The Purist,unanswered,,skill,F12,"F - Deck, draw & order",F12 - Deck-composition reads,,,,,Paid for what your deck does not contain,generated,Scores a large bonus while your deck contains no cards of a named suit,Scores a large bonus while your deck contains no cards of a named class,"Scores a bonus for each suit your deck contains none of, so a narrow deck pays most"
Q0331,The Repertoire Check,unanswered,,skill,F12,"F - Deck, draw & order",F12 - Deck-composition reads,,,,,Reads class spread rather than count,generated,Scores a bonus per distinct class present in your deck,"Scores a bonus per distinct class present in your deck, doubled if every class is","Scores a bonus per distinct class in your deck, and a penalty for each class you hold more than three of"
Q0332,Certificate,unanswered,,skill,G1,"G - Creation, destruction & transformation",G1 - Create a card,,,,,Deals in a card with a stamp on it,balatro,"At the start of each show, adds a random card carrying a random stamp to the Entrance","At the start of each show, adds a random card carrying a stamp you choose","At the start of each show, adds a random card with a random stamp, and the stamp is kept even if the card is discarded"
Q0333,Hall of Mirrors,unanswered,,rule,G1,"G - Creation, destruction & transformation",G1 - Create a card,,,,,Boss: duplicates the grid's reflection with fake copies of your cards interleaved into rows; they score 0,CARD_CATALOG,Boss: fake copies of your cards are interleaved into every row; they score 0 and cannot be removed,"Boss: fake copies of your cards fill every empty cell, scoring 0 and blocking placement until scored around","Boss: each grid is mirrored by a fake grid, and lines completed in the fake grid subtract from your score"
Q0334,Pickpocket card,unanswered,,skill,G1,"G - Creation, destruction & transformation",G1 - Create a card,,,,,Adds a card if it never performs,gam draft.txt:1020,"If this card is never scored during a show, it adds an extra card to the deck","If this card is never scored, it adds an extra card to the deck and gains +1 rank","If this card is never scored, it steals a card from the town and adds it to your deck"
Q0335,Pot of Greed card,unanswered,,skill,G1,"G - Creation, destruction & transformation",G1 - Create a card,,,,,"Alone, it doubles",random potential effects.csv:4,"When this card sits alone in a cell with nothing adjacent, discard it and draw two cards from the deck","When this card sits alone in its row, discard it and draw two cards into the Entrance","When this card sits alone with nothing adjacent, discard it and draw two; if it is never alone, it scores nothing"
Q0336,The Signed Card,unanswered,,stamp,G1,"G - Creation, destruction & transformation",G1 - Create a card,,,,,Every card the game creates comes out as this one. (line 988),generated,Name a card: the next card any effect creates is that card instead of what it would have made,"Name a card: every card any effect creates is that card instead, for the rest of the show","Name a card: when it leaves the board, the next card created anywhere is it, returning"
Q0337,Loaned temporary cards,unanswered,,skill,G2,"G - Creation, destruction & transformation",G2 - Create a temporary card,,,,,"Borrowed, and due back",gam draft.txt:1431,Creates a temporary card that lasts a few shows and then leaves,"Creates a temporary card that lasts a few shows; if it scores in every one of them, it stays",Creates a temporary card on loan; keeping it past its term costs gold every show
Q0338,Spirit Photo,unanswered,,consumable,G2,"G - Creation, destruction & transformation",G2 - Create a temporary card,,,,,"Consumable: creates an intangible ghost copy of an owned card that plays for one show at half score, then disappears",CARD_CATALOG,"Consumable: an intangible ghost copy of one owned card plays for one show at half score, then vanishes","Consumable: an intangible ghost copy of one owned card plays for three shows at half score, then vanishes","Consumable: an intangible ghost copy of one owned card plays at full score for one show, and cannot be targeted"
Q0339,The Guest Star,unanswered,,consumable,G2,"G - Creation, destruction & transformation",G2 - Create a temporary card,,,,,"Consumable: a random Legendary card joins the deck for exactly 3 shows then departs, kept permanently if a hidden condition is met during its stay",CARD_CATALOG,"Consumable: a random Legendary joins the deck for exactly three shows, kept permanently if a hidden condition is met while it is there","Consumable: a random Legendary joins the deck for exactly three shows, then leaves","Consumable: a random Legendary joins the deck permanently, but one card of the same rarity leaves"
Q0340,Cat Tag,unanswered,,consumable,G3,"G - Creation, destruction & transformation",G3 - Copy another card,,,,,Two of the same merge upward,cryptid,Two of these at the same level merge into one of the next level when combined,"Two of these merge into the next level, and the top level converts into a permanent card",Any two identical consumables merge into a stronger single one
Q0341,DNA,unanswered,,skill,G3,"G - Creation, destruction & transformation",G3 - Copy another card,,,,,Copies your opening card,balatro,"If the first placement of a show is a single card, a permanent copy of it joins the deck and arrives in the Entrance","If the first placement of a show is a single card, a copy of it joins the deck for that show only","The first card placed each show is copied permanently, whatever else you place after it"
Q0342,Genie's Wish,unanswered,,consumable,G3,"G - Creation, destruction & transformation",G3 - Copy another card,,,,,"Consumable: choose any card in your deck and create a full copy of it in the Entrance for this show, which becomes permanent in the deck afterward",CARD_CATALOG,Consumable: choose any card in your deck; a copy appears in the Entrance and joins the deck permanently after the show,Consumable: choose any card in your deck; a copy appears in the Entrance for this show only,"Consumable: choose any card in your deck and duplicate it permanently, but the original is out for the rest of the show"
Q0343,Invisible Joker,unanswered,,skill,G3,"G - Creation, destruction & transformation",G3 - Copy another card,,,,,"Held long enough, it copies something",balatro,"After being held through two shows, sell it to duplicate another card you own at random","After being held through two shows, sell it to duplicate another card you choose","After being held through two shows it duplicates a random card of yours automatically, then leaves"
Q0344,Pepper's Ghost,unanswered,,skill,G3,"G - Creation, destruction & transformation",G3 - Copy another card,,,,,"While spotlit, an intangible duplicate of this card appears in the opposite zone; it scores in melds but cannot be touched, moved, or targeted",CARD_CATALOG,"While spotlit, an intangible duplicate appears in the mirrored cell of its grid; it melds but cannot be touched, moved or targeted","While spotlit, an intangible duplicate appears in the same cell of the next grid over; it melds but cannot be touched","While spotlit, an intangible duplicate appears in any empty cell you choose, and vanishes when this card is covered"
Q0345,Perkeo,unanswered,,skill,G3,"G - Creation, destruction & transformation",G3 - Copy another card,,,,,"Copies a consumable, for free",balatro,"At the end of each shop, creates a slot-free copy of one random consumable you hold","At the end of each shop, creates a copy of one consumable you choose","Every consumable you use leaves a slot-free copy of itself behind, once per show"
Q0346,SUS,unanswered,,skill,G3,"G - Creation, destruction & transformation",G3 - Copy another card,,,,,Copies one card and destroys the rest,cryptid,"At each show's end, copies one card from the Entrance and destroys all the others","At each show's end, copies one card of your choice from the Entrance and destroys the rest","At each show's end, copies the Entrance card that scored most and destroys the rest"
Q0347,The Avatar,unanswered,,stamp,G3,"G - Creation, destruction & transformation",G3 - Copy another card,,,,,"This card copies another deck card's name, class, and identity for all checks until it has scored 3 times, at which point it is unmasked",CARD_CATALOG,"Copies another deck card's name, class and identity for every check until it has scored three times, then is unmasked","Copies another deck card's identity permanently, and can never be unmasked",Copies another deck card's identity until it is covered; being covered unmasks it
Q0348,The Costume Fitting,unanswered,,skill,G3,"G - Creation, destruction & transformation",G3 - Copy another card,,,,,"On show start, copies the stamp of one adjacent card for the duration of the show",CARD_CATALOG,"At show start, copies the stamp of one adjacent card for the whole show","At show start, copies the stamp of any card on the grid for the whole show","Copies the stamp of whichever card is adjacent to it, updating whenever its neighbours change"
Q0349,The Imitator,unanswered,,skill,G3,"G - Creation, destruction & transformation",G3 - Copy another card,,,,,"Choose a deck card at acquisition: this card scores 150% of that card's base points, but only while the original is not on the board",CARD_CATALOG,"Choose a deck card when this is acquired: this card scores 150% of that card's base points, but only while the original is off the board",Choose a deck card when this is acquired: this card scores 150% of its base points whenever the original is also on the board,"This card copies whichever card scored highest last show, at 150% of its base points"
Q0350,Tintype,unanswered,,type,G3,"G - Creation, destruction & transformation",G3 - Copy another card,,,,,Prints a copy of what made it,CARD_CATALOG,"On acquisition, permanently copies the rank and suit of the card it was created from","On acquisition, permanently copies the rank, suit and stamp of the card it was created from","On acquisition, copies the rank and suit of the card it was created from, and re-copies whenever that card changes"
Q0351,Arsonist,unanswered,,skill,G4,"G - Creation, destruction & transformation",G4 - Destroy / exhaust,,,,,Burns the board down after a big hand,cryptid,"If a named hand scores, every card on the grid is destroyed after scoring resolves","If a named hand scores, every card in that line is destroyed after scoring resolves","If a named hand scores, every card on the grid is destroyed and each pays its rank in gold"
Q0352,Milk Can,unanswered,,skill,G4,"G - Creation, destruction & transformation",G4 - Destroy / exhaust,,,,,"Cue: place one grid card inside the can, safe and out of play; cue again on a later turn to retrieve it to the Entrance",CARD_CATALOG,Cue: put one grid card safely out of play; cue again later to bring it back to the Entrance,Cue: put one grid card out of play; it returns on its own at the start of the next show,"Cue: put up to three grid cards out of play, retrieving them one at a time"
Q0353,Monopoly card,unanswered,,skill,G4,"G - Creation, destruction & transformation",G4 - Destroy / exhaust,,,,,Corners the market on a card,random potential effects.csv:17,Playing a flush of five of one card removes that card from future generation,Playing a flush of five of one card removes it from generation and pays you every time it would have appeared,"Playing a flush of five of one card removes it from generation for the rest of the run, and you may reverse it once"
Q0354,Queen's Gambit,unanswered,,skill,G4,"G - Creation, destruction & transformation",G4 - Destroy / exhaust,,,,,Sacrifices a card out of the best hand,cryptid,"If a line scores as the highest hand, one named card in it is destroyed and a rare card is created","If a line scores as the highest hand, one card of your choice in it is destroyed and a rare card created",Any line that scores above a threshold destroys its highest card and creates a rare one
Q0355,Sword swallowing (fakir),unanswered,,skill,G4,"G - Creation, destruction & transformation",G4 - Destroy / exhaust,,,,,"Swallow now, produce later, bigger",DESIGN_REFERENCES.md §A1 The Ancient World,Cue: swallow one Knives card into this one; produce it later at increased rank,Cue: swallow any card into this one; produce it later at increased rank,"Cue: swallow a card; it gains +1 rank per turn held, and is lost if this card is destroyed while holding it"
Q0356,The Called Shot,unanswered,,skill,G4,"G - Creation, destruction & transformation",G4 - Destroy / exhaust,,,,,Takes the top off a stack,DESIGN_REFERENCES.md §B4 Danger Acts,"Destroys the top card of any stack, leaving the rest intact",Destroys the top card of any stack and this card takes its place,"Destroys the top card of any stack, and the card beneath is spotlit for the act"
Q0357,The Kite,unanswered,,skill,G4,"G - Creation, destruction & transformation",G4 - Destroy / exhaust,,,,,Sends a card away and brings it back better,CARD_CATALOG,"Cue: send a card out of play and name the turn it returns; it lands with +1 rank per turn aloft, up to +3",Cue: send a card out of play; it returns on its own after three turns with +3 rank,"Cue: send a card out of play indefinitely; it gains +1 rank per turn aloft with no cap, but a hazard may lose it"
Q0358,The Regurgitator,unanswered,,skill,G4,"G - Creation, destruction & transformation",G4 - Destroy / exhaust,,,,,"Swallows now, produces later",CARD_CATALOG,"Cue: swallow up to three grid cards, then produce them into the Entrance later in an order you choose",Cue: swallow up to three grid cards; they return automatically at the start of the next show,"Cue: swallow any number of grid cards, producing one per turn thereafter in the order swallowed"
Q0359,The Tower,unanswered,,consumable,G4,"G - Creation, destruction & transformation",G4 - Destroy / exhaust,,,,,Levels a column for cash,CARD_CATALOG,"Consumable: destroy an entire column, scoring half the summed rank of its cards as flat points","Consumable: destroy an entire column, scoring the full summed rank of its cards as flat points","Consumable: destroy any line, scoring half its summed rank, and the cards go to the discard rather than out of the run"
Q0360,Astral in a Bottle,unanswered,,skill,G5,"G - Creation, destruction & transformation",G5 - Transform a slot,,,,,"Sold, it upgrades something at random",cryptid,"When sold, applies a random upgrade to a random card you own","When sold, applies a random upgrade to a card you choose","When sold, applies an upgrade and a drawback to two different random cards"
Q0361,Bian Lian,unanswered,,skill,G5,"G - Creation, destruction & transformation",G5 - Transform a slot,,,,,Cue: instantly swap this card's rank and suit with an adjacent card's,CARD_CATALOG,Cue: exchange this card's rank and suit with an orthogonally adjacent card's,"Cue: exchange this card's suit with any card's in its grid, leaving both ranks alone","Every time a line it belongs to completes, it swaps rank and suit with a random adjacent card, free and automatic"
Q0362,Brittle Candy,unanswered,,skill,G5,"G - Creation, destruction & transformation",G5 - Transform a slot,,,,,"Stamps whatever scores, for a while",cryptid,"For the next several acts, adds a random stamp to the last scoring card of each line","For the next several acts, adds a stamp of your choice to the last scoring card of each line","For the rest of the show, adds a random stamp to one scoring card per act"
Q0363,Cotton Candy,unanswered,,skill,G5,"G - Creation, destruction & transformation",G5 - Transform a slot,,,,,"Sold, it upgrades its neighbours",cryptid,"When sold, the cards adjacent to it become slot-free","When sold, the cards adjacent to it each gain a random stamp","When sold, the cards adjacent to it become slot-free, and every other card loses a stamp"
Q0364,Custard Pie,unanswered,,skill,G5,"G - Creation, destruction & transformation",G5 - Transform a slot,,,,,"Cue: target card's suit becomes Balls; if that completes a flush row, gain bonus multiplier immediately",CARD_CATALOG,Cue: change one card's suit to match this card's,Cue: change every card in one row to match this card's suit,"Cue: change one card's suit to match this card's, and if that completes a flush the line scores at once"
Q0365,High Five,unanswered,,skill,G5,"G - Creation, destruction & transformation",G5 - Transform a slot,,,,,Everything becomes one rank,cryptid,"If the highest scoring rank in a line is a named rank, every scoring card becomes that rank",Every scoring card in a line becomes the rank of its highest card,"Every scoring card in a line becomes the rank of its lowest card, which pays more the lower it is"
Q0366,Hikinuki,unanswered,,skill,G5,"G - Creation, destruction & transformation",G5 - Transform a slot,,,,,"On scoring, swaps this card's stamp with any stamp held in reserve",CARD_CATALOG,"On scoring, swap this card's stamp with any stamp held in reserve",Cue: swap this card's stamp with the stamp of any card on the grid,"On scoring, this card takes the stamp of the card directly above it, destroying that stamp"
Q0367,Midas Mask,unanswered,,skill,G5,"G - Creation, destruction & transformation",G5 - Transform a slot,,,,,Turns face cards to gold,balatro,Face cards become Gold cards when they score,"Face cards become Gold cards when they score, and stay gold permanently","One card per act becomes a Gold card when it scores, chosen by you"
Q0368,Paintbrush card,unanswered,,skill,G5,"G - Creation, destruction & transformation",G5 - Transform a slot,,,,,Paints what lands on it,random potential effects.csv:4,Cards placed on top of this one take its suit,"Cards placed on top of this one take its suit permanently, even after they leave","Cards placed on top of this one take its suit, and so do their orthogonal neighbours"
Q0369,Rewrite card,unanswered,,skill,G5,"G - Creation, destruction & transformation",G5 - Transform a slot,,,,,Rewrites what is underneath,random potential effects.csv:4,On entering the grid it remembers the cards below it; on submit it replaces that many cards below it,On entering it remembers the cards below; on submit it replaces them with copies of itself,On entering it remembers the cards below; on submit it swaps their positions rather than replacing them
Q0370,Slapstick,unanswered,,skill,G5,"G - Creation, destruction & transformation",G5 - Transform a slot,,,,,Cue: swap the ranks of this card and one adjacent card,CARD_CATALOG,Cue: swap the ranks of this card and one adjacent card,Cue: swap the ranks of any two cards in this card's line,"Cue: give this card's rank to an adjacent card and take that card's rank, keeping whichever is higher for itself"
Q0371,Joey Grimaldi,unanswered,,skill,G5,"G - Creation, destruction & transformation",G5 - Transform a slot,,,,,"Once per turn, freely swaps the ranks of any two adjacent cards without spending a cue",CARD_CATALOG,"Once per turn, swap the ranks of any two adjacent cards for free","Once per turn, swap the ranks of any two cards in the same line for free","Once per turn, rotate the ranks of any three adjacent cards one step for free"
Q0372,Sniper card,unanswered,,skill,G5,"G - Creation, destruction & transformation",G5 - Transform a slot,,,,,Takes a rank off whatever you touched last,random potential effects.csv:5,"On the next refresh, lowers the rank of the last card you interacted with by one, discarding it at rank 1","On the next refresh, lowers the rank of any card you name by one","Lowers the rank of the last card you interacted with by one every refresh, until it is discarded"
Q0373,The Ghost Writer,unanswered,,skill,G5,"G - Creation, destruction & transformation",G5 - Transform a slot,,,,,"Each show start, writes a temporary skill (a copy of an effect that fired last show) onto one blank/prop card; it fades at show end",CARD_CATALOG,"At show start, writes a copy of an effect that fired last show onto one blank card; it fades at show end","At show start, writes a copy of an effect that fired last show onto one blank card; it stays until that card is destroyed","At show start, writes a copy of any effect in your deck onto one blank card; it fades at show end"
Q0374,The Steelpan,unanswered,,skill,G5,"G - Creation, destruction & transformation",G5 - Transform a slot,,,,,Teaches a plain card a trick,CARD_CATALOG,"Cue, once per show: permanently give one skill-less card the ability to score bonus points when its row melds","Cue, once per show: permanently give one skill-less card a copy of any skill already on the grid","Cue: give one skill-less card a bonus-scoring ability for this show only, with unlimited uses"
Q0375,The Wardrobe Trunk,unanswered,,skill,G5,"G - Creation, destruction & transformation",G5 - Transform a slot,,,,,Keeps a stamp in the wings,CARD_CATALOG,"Holds one stamp in reserve; cue to apply it permanently to any spotlit card, and it refills at the next shop","Holds one stamp in reserve; cue to apply it permanently to any card at all, and it refills at the next shop",Holds up to three stamps in reserve; cue to apply one per show
Q0376,Cutting Up Jackpots,unanswered,,skill,G6,"G - Creation, destruction & transformation",G6 - Randomize,,,,,Rerolls a card into its own class,DESIGN_RECOMMENDATIONS.md §9 Events,Cue: reroll any card in the deck into another card of the same class,Cue: reroll any card in the deck into another card of the same rarity,"Cue: reroll any card in the deck into another of the same class, once per show, keeping whichever you prefer"
Q0377,ERROR,unanswered,,skill,G6,"G - Creation, destruction & transformation",G6 - Randomize,,,,,"Corrupts the shop, then pays off",cryptid,"At each shop's end, randomises the values of everything in it; after several shows, selling this card duplicates every card you own","At each shop's end, randomises the values of everything in it, permanently","Randomises the shop each time, and after a hidden number of shows it duplicates everything you own on its own"
Q0378,Mystery Box,unanswered,,skill,G6,"G - Creation, destruction & transformation",G6 - Randomize,,,,,"On game start, this card becomes a random skill for the rest of the run, deterministic per seed",CARD_CATALOG,"At run start this card becomes a random skill for the whole run, fixed by the seed",At the start of every show this card becomes a random skill for that show,"At run start this card becomes a random skill, and re-rolls each time it is destroyed and recovered"
Q0379,Utter Chaos,unanswered,,skill,G6,"G - Creation, destruction & transformation",G6 - Randomize,,,,,A new trick every refresh,CARD_CATALOG,Becomes a random skill on every Entrance refresh,"Becomes a random skill on every Entrance refresh, drawn only from skills already in your deck","Becomes a random skill on every line completion, so the pace is set by how fast you score"
Q0380,Randomizer,unanswered,,rule,G6,"G - Creation, destruction & transformation",G6 - Randomize,,,,,Cards evolve into other cards,pokermon,Cards that upgrade become a randomly chosen other card rather than their designated upgrade,Cards that upgrade become a random card of the next rarity up,"Cards that upgrade become a random card, and you may reroll the result once"
Q0381,Tappable Clown,unanswered,,skill,G6,"G - Creation, destruction & transformation",G6 - Randomize,,,,,3 charges per show: cue to deterministically re-roll the ranks of all adjacent cards,CARD_CATALOG,"Cue, 3 charges per show: re-roll the ranks of every adjacent card","Cue, 3 charges per show: re-roll the ranks of every card in one line","Cue, 3 charges per show: re-roll the rank of one card of your choice, anywhere"
Q0382,The Wheel,unanswered,,consumable,G6,"G - Creation, destruction & transformation",G6 - Randomize,,,,,Spins the ranks of a row,CARD_CATALOG,Consumable: re-roll the ranks of every card in one row,"Consumable: re-roll the ranks of every card in one row, and keep whichever result scores higher","Consumable: re-roll the ranks of every card in one line, chosen after you see the result of the first roll"
Q0383,Vermillion Virus,unanswered,,rule,G6,"G - Creation, destruction & transformation",G6 - Randomize,,,,,One card is replaced every act,cryptid,Boss: one random card you own is replaced by another every act,"Boss: one random card you own is replaced every act, and you see what it becomes before the act resolves","Boss: one random card is replaced every act, and any card that scored that act is safe"
Q0384,Pizza,unanswered,,skill,G7,"G - Creation, destruction & transformation",G7 - Split,,,,,Breaks into pieces on a timer,cryptid,"After several shows, this card sells itself and becomes six smaller cards","After several shows, this card becomes six smaller cards, and you keep it too","You choose when it breaks; the longer you wait, the more pieces it makes"
Q0385,Sawing in Half,unanswered,,skill,G7,"G - Creation, destruction & transformation",G7 - Split,,,,,"Cue: split a target card into two same-suit cards of half rank (one rounded up, one down); this card exhausts for the show",CARD_CATALOG,"Cue: split a card into two same-suit cards of half its rank, one rounded up and one down; this card is spent for the show",Cue: split a card into two cards of half rank that must be placed in different grids; this card is spent for the show,"Cue: split a card into two of half rank; if both later score in the same line, they merge back at double rank"
Q0386,The Half Card talent,unanswered,,skill,G7,"G - Creation, destruction & transformation",G7 - Split,,,,,Splits down the diagonal,curated effects pre grid.csv:122,"On placement, splits into two halves along the diagonal: one keeps the rank and stamp, the other only the suit; stacking the halves back together scores them as their own meld","On placement, splits into two cards each holding half the original rank","On placement it splits, and the halves may be placed in different grids; reuniting them anywhere scores a large bonus"
Q0387,The Lion Dance,unanswered,,skill,G7,"G - Creation, destruction & transformation",G7 - Split,,,,,"Splits rather than dies, and feeds on what it lands on",CARD_CATALOG,"When destroyed it splits into two cards of half rank instead of dying; placed onto a card, it takes bonus points from the one beneath",When destroyed it splits into two cards of half rank; the halves cannot split again,"When destroyed it splits into two cards of half rank, and each half can split again down to rank 1"
Q0388,Buried Alive,unanswered,,skill,G8,"G - Creation, destruction & transformation",G8 - Self-upgrade,,,,,"Cue: remove a card from the game for 2 shows; it returns upgraded one rarity, with a seeded chance it does not return",CARD_CATALOG,Cue: remove one card from the run for two shows; it returns one rarity higher,"Cue: remove one card from the run for two shows; it returns one rarity higher, with a 1-in-6 chance it never returns",Cue: bury one card under this one; it scores nothing while buried and returns with +5 rank when uncovered
Q0389,Quests (TFT-style),unanswered,,skill,G8,"G - Creation, destruction & transformation",G8 - Self-upgrade,,,,,Upgrades itself when something odd happens,"DESIGN_DOC.md §20 Difficulty, Bosses & Win Cons","Carries a rare random condition that, when met, permanently upgrades it into a stronger version","Carries a rare random condition, revealed only once met, that permanently upgrades it","Carries a rare condition that upgrades it, and a second hidden condition beyond that"
Q0390,Rotation re-trigger naming / fail-to-unlock,unanswered,,skill,G8,"G - Creation, destruction & transformation",G8 - Self-upgrade,,,,,Has to fail before it can succeed,DESIGN_REFERENCES.md §G The Modern Era,Must publicly fail a set number of times before unlocking its true form,Must publicly fail a set number of times to unlock its true form; each failure also pays a small consolation,Must fail a set number of times to unlock; the number is hidden and only revealed as you approach it
Q0391,Sapling,unanswered,,skill,G8,"G - Creation, destruction & transformation",G8 - Self-upgrade,,,,,Grows into something better,cryptid,"After enough stamped cards have scored, this card sells itself and becomes a much rarer one","After enough stamped cards have scored, this card becomes a much rarer one and stays","After enough cards of any kind have scored, this card becomes rarer, and can do so repeatedly"
Q0392,Wax and Gold,unanswered,,skill,G8,"G - Creation, destruction & transformation",G8 - Self-upgrade,,,,,"Says one thing, means another",CARD_CATALOG,"Has a visible effect, and a hidden second effect that unlocks after the visible one has fired five times","Has a visible effect and a hidden second effect that unlocks after the visible one fires five times, then replaces it",Has a visible effect and a hidden one that unlocks on a condition you are never told
Q0393,Double-Sided,unanswered,,type,G9,"G - Creation, destruction & transformation",G9 - Conditional metamorphosis,,,,,There is another card on the back,cryptid,"This card can be flipped to reveal a different card on its reverse, and either face may be played","This card can be flipped to reveal a different card, and flipping costs an act","This card can be flipped, and the two faces merge into one combined card if it ever scores on both"
Q0394,Egg card,unanswered,,skill,G9,"G - Creation, destruction & transformation",G9 - Conditional metamorphosis,,,,,Hatches into something better,random potential effects.csv:3,"On submit, becomes a completely random other card of higher rank","On submit, becomes a random other card of higher rarity","On submit, becomes a random card of higher rank, and the longer it went unplayed the higher"
Q0395,The Repertoire,unanswered,,skill,G9,"G - Creation, destruction & transformation",G9 - Conditional metamorphosis,,,,,"Three skills, one slot",CARD_CATALOG,"Holds three skills in one slot; the active one rotates each act, and a cue rotates it early",Holds three skills in one slot; you choose which is active at the start of each show,"Holds three skills in one slot, all active at once, each at one-third strength"
Q0396,The Two Masks,unanswered,,skill,G9,"G - Creation, destruction & transformation",G9 - Conditional metamorphosis,,,,,"Two faces, and it turns",DESIGN_REFERENCES.md §F1 Theater & Opera,"Comedy side buffs its neighbours, tragedy side buffs itself, and it flips every time it scores","Comedy side buffs its neighbours, tragedy side buffs itself, and you choose which side is up when placing it","It flips every time it scores, and each flip makes the active side slightly stronger"
Q0397,Dedi's Mercy,unanswered,,skill,G10,"G - Creation, destruction & transformation",G10 - Graveyard recovery,,,,,"Once per show, when one of your cards is destroyed, restore it to the discard pile instead",CARD_CATALOG,"Once per show, the first of your cards destroyed goes to the discard pile instead of leaving the run","Once per show, the first of your cards destroyed returns to the deck instead","Once per run, every card destroyed so far returns to the deck at once"
Q0398,Marotte,unanswered,,stamp,G10,"G - Creation, destruction & transformation",G10 - Graveyard recovery,,,,,"When this card is destroyed, a rank-1 copy of it (same skill, no stamp) survives in its place",CARD_CATALOG,"When destroyed, a rank-1 copy with the same skill and no stamp survives in its place","When destroyed, a full copy survives in its place, once per run","When destroyed, it returns to the deck at rank 1 rather than leaving the run"
Q0399,Necromancer,unanswered,,skill,G10,"G - Creation, destruction & transformation",G10 - Graveyard recovery,,,,,Recovers what you threw away,cryptid,"When a card is sold for anything, recover a card you sold this run for nothing","When a card is sold, recover any card you sold earlier this run at half its stats","When a card is destroyed, recover a card you sold this run for nothing"
Q0400,The Basket,unanswered,,skill,G10,"G - Creation, destruction & transformation",G10 - Graveyard recovery,,,,,"Destroyed into a box, not into nothing",DESIGN_REFERENCES.md §A7 India & South Asia,"Destroys a card into this one; it reappears in the Entrance next show unharmed, and pays fame for the trick",Destroys a card into this one; it reappears next show at +1 rank,"Destroys a card into this one; it reappears next show, and each round trip raises the fame the trick pays"
Q0401,The Dead List,unanswered,,rule,G10,"G - Creation, destruction & transformation",G10 - Graveyard recovery,,,,,"Destroyed cards get a zone of their own. (lines 905, 995)",generated,"Rule: destroyed cards go to a dead list rather than vanishing, and effects may reach into it",Rule: destroyed cards go to a dead list you can see but never reach into,"Rule: destroyed cards go to a dead list, and one card may be recovered from it per tour at a fame cost"
Q0402,The Hologram Tour,unanswered,,consumable,G10,"G - Creation, destruction & transformation",G10 - Graveyard recovery,,,,,"Brings back the dead, faintly",DESIGN_REFERENCES.md §G The Modern Era,Consumable: one destroyed card returns for one show as an intangible duplicate that scores but cannot be touched,Consumable: one destroyed card returns permanently at half rank,"Consumable: one destroyed card returns for one show intangible, and stays if it scores in every act"
Q0403,The Ofrenda Show,unanswered,,rule,G10,"G - Creation, destruction & transformation",G10 - Graveyard recovery,,,,,The dead perform one more night,DESIGN_REFERENCES.md §A14 The Caribbean & Central America,"Show: destroyed and discarded cards return for a single show, then rest again","Show: destroyed cards return for a single show, and one of them may be kept","Show: destroyed cards return for one show at rank 1, and any that score are restored permanently"
Q0404,The Ox,unanswered,,skill,G10,"G - Creation, destruction & transformation",G10 - Graveyard recovery,,,,,Death is worth something,CARD_CATALOG,"When destroyed, grants bonus fame and returns to the deck next show","When destroyed, grants bonus fame scaling with its rank and returns to the deck next show at rank 1","When destroyed, grants bonus fame and returns to the deck next show; each death raises the fame it pays"
Q0405,Brass Check,unanswered,,stamp,G11,"G - Creation, destruction & transformation",G11 - Token generation,,,,,"Whenever this card's effects trigger, mint a Gold token card onto the top of the deck",CARD_CATALOG,"Each time this card's effects trigger, one Gold token card is put on top of the deck","Each time this card scores, one Gold token card is put straight into the Entrance","The first time this card triggers each show, three Gold token cards are put on top of the deck"
Q0406,Candy Basket,unanswered,,skill,G11,"G - Creation, destruction & transformation",G11 - Token generation,,,,,Fills a basket over the tour,cryptid,"Accumulates tokens as shows are beaten, more for bosses; sell it to release them all",Accumulates tokens as shows are beaten and releases one per show automatically,"Accumulates tokens as shows are beaten, and the basket's contents upgrade the longer they sit"
Q0407,Chick production (gali-gali),unanswered,,skill,G11,"G - Creation, destruction & transformation",G11 - Token generation,,,,,Something under the cup,"DESIGN_REFERENCES.md §A8 Middle East, Central Asia, Mongolia",Produces token cards underneath scored face-down cards,"Produces token cards underneath scored face-down cards, one per card in the meld","Produces a token underneath any card that scores while face down, and reveals it as it lands"
Q0408,Dove production,unanswered,,skill,G11,"G - Creation, destruction & transformation",G11 - Token generation,,,,,Doves out of the meld,DESIGN_REFERENCES.md §C1 Golden-Age Stage Magic,Scored melds release rank-1 token fliers that land on random columns as free cards,Scored melds release rank-1 token fliers that land on columns you choose,"Scored melds release one rank-1 flier per distinct suit in the meld, landing on random columns"
Q0409,Gold Card,unanswered,,skill,G11,"G - Creation, destruction & transformation",G11 - Token generation,,,,,"Money token: full trade value at shops, always sinks to the deck bottom, and scores 0 in melds",CARD_CATALOG,A token worth full trade value that always sinks to the deck bottom and scores 0 in melds,A token worth full trade value that scores 0 but counts as any rank for completing a straight,A token worth full trade value that can be spent straight from the Entrance without being placed
Q0410,Klyaksa,unanswered,,skill,G11,"G - Creation, destruction & transformation",G11 - Token generation,,,,,Comes with a free rank-1 token card that shuffles into the deck and follows this card's column when drawn,CARD_CATALOG,Comes with a free rank-1 token that shuffles into the deck and follows this card's column when drawn,Comes with a free rank-1 token that is placed adjacent to this card automatically whenever this card is placed,Mints a new rank-1 token into the Entrance every time this card scores
Q0411,Reverse Card,unanswered,,skill,G11,"G - Creation, destruction & transformation",G11 - Token generation,,,,,"Fills every empty slot, then goes",cryptid,"On a condition, fills every empty skill slot with token cards, then destroys itself","On a condition, fills every empty skill slot with token cards and survives","On a condition, fills every empty cell on the grid with token cards, then destroys itself"
Q0412,The Butterfly Trick,unanswered,,skill,G11,"G - Creation, destruction & transformation",G11 - Token generation,,,,,"Cue: create two rank-1 paper-token cards of any suit that drift down one chosen column, one row per Entrance refresh",CARD_CATALOG,Cue: create two rank-1 token cards of any suit that drift one row down a chosen column per Entrance refresh,Cue: create two rank-1 token cards of any suit placed directly into cells you choose,Cue: create two rank-1 token cards that drift down a column and raise the rank of every card they pass
Q0413,The Candy Butcher,unanswered,,skill,G11,"G - Creation, destruction & transformation",G11 - Token generation,,,,,"Whenever a full 5-card row meld scores, mints one Ticket Stub to the deck",CARD_CATALOG,"Whenever a full five-card row meld scores, mint one Ticket Stub into the deck","Whenever any five-card line scores, mint one Ticket Stub into the deck","Whenever a five-card line scores, mint one Ticket Stub per distinct suit in that line"
Q0414,The Conjuror,unanswered,,skill,G11,"G - Creation, destruction & transformation",G11 - Token generation,,,,,"Once per turn, produce a rank-1 token card of any suit into the Entrance",CARD_CATALOG,"Once per turn, produce a rank-1 token card of any suit into the Entrance","Once per turn, produce a rank-1 token of any suit directly into an empty cell you choose","Once per turn, produce a token whose suit and rank you choose, up to a total rank budget of 5 per show"
Q0415,The Witch's Gold,unanswered,,skill,G11,"G - Creation, destruction & transformation",G11 - Token generation,,,,,Tokens that pay out by detonating. (line 901),generated,"Spawns gold tokens that explode at the end of the act, paying out and destroying whatever cell they sat in","Spawns gold tokens that explode at the end of the act, paying out and damaging their neighbours","Spawns gold tokens that explode at act end unless you have spent them first, so holding them is the gamble"
Q0416,Ticket Stub,unanswered,,skill,G11,"G - Creation, destruction & transformation",G11 - Token generation,,,,,A stub worth twice its face,CARD_CATALOG,A token worth double trade value at shops that scores 0 and never melds,A token worth double trade value that scores 0 but counts as a wildcard for flushes,"A token worth double trade value that scores 0, and gains +1 trade value per show it stays in the deck"
Q0417,72 Transformations,unanswered,,skill,H1,H - Meta-effects — modifying other effects,H1 - Copy a skill,,,,,"Cue: copy any spotlit card's skill; track total copies across the run, and at 72 total copies this card permanently upgrades to Legendary stats",CARD_CATALOG,Cue: copies the skill of any spotlit card for the rest of the show; after 30 copies across the run it keeps one copied skill permanently,"Copies the skill of whichever card scored most recently, free and automatic, re-copying every time a line completes","Cue: copies the skill of any spotlit card and destroys that card; keeps every skill taken this way, up to three at once"
Q0418,The Apprentice,unanswered,,skill,H1,H - Meta-effects — modifying other effects,H1 - Copy a skill,,,,,"Blank skill; each show it permanently learns the first effect it observes firing, up to three learned effects",CARD_CATALOG,"Starts blank; each show it permanently learns the first effect it sees fire, up to three learned effects","Starts blank; each show it learns the first effect it sees fire, replacing whatever it learned before","Starts blank; it learns every effect that fires in a line it belongs to, but forgets them all at show end"
Q0419,The Dubplate,unanswered,,skill,H1,H - Meta-effects — modifying other effects,H1 - Copy a skill,,,,,"Event-forged unique card created for this save file, assembled from the two effects scored most this run",CARD_CATALOG,A unique card forged for this save file out of the two effects that scored most this run,A unique card forged for this save file out of two effects you choose from those that scored this run,A unique card forged for this save file that re-forges itself out of the run's two top effects at the start of every run
Q0420,The Impersonation,unanswered,,skill,H1,H - Meta-effects — modifying other effects,H1 - Copy a skill,,,,,Wears a dead card's skill,DESIGN_REFERENCES.md §A5 China,Copies the skill of a card destroyed earlier this run,"Copies the skill of the most recently destroyed card, changing as more are lost","Copies the skill of a destroyed card, and can hold one skill per card you have lost, up to three"
Q0421,The Synthetic Idol,unanswered,,skill,H1,H - Meta-effects — modifying other effects,H1 - Copy a skill,,,,,Assembled out of other cards' skills,DESIGN_REFERENCES.md §G The Modern Era,Its skill is assembled from fragments of other cards' skills in your deck,Its skill is assembled from fragments of the skills that scored most last show,"Its skill is assembled from fragments you choose, one fragment added per show"
Q0422,Understudy,unanswered,,skill,H1,H - Meta-effects — modifying other effects,H1 - Copy a skill,,,,,Learns from what dies above it,CARD_CATALOG,"If the card directly above this one is destroyed or consumed, this card permanently copies that card's skill","If any card in this one's stack is destroyed, this card permanently copies that card's skill, overwriting what it had","If the card directly above is destroyed, this card copies its skill for the rest of the show only"
Q0423,Call-and-response,unanswered,,skill,H2,H - Meta-effects — modifying other effects,H2 - Retrigger a skill,,,,,Answers what its neighbour does,"DESIGN_REFERENCES.md §F4 Dance, Drag & Ballroom","When an adjacent card triggers, this card may answer by mirroring that trigger at half power","When an adjacent card triggers, this card mirrors it at half power automatically","When an adjacent card triggers, this card mirrors it at full power, but only once per act"
Q0424,Canvas,unanswered,,skill,H2,H - Meta-effects — modifying other effects,H2 - Retrigger a skill,,,,,"Retriggers what is behind it, per what is ahead",cryptid,Retriggers every card to one side of it once for each rare card on the other side,"Retriggers every card to one side of it once, regardless of what is on the other",Retriggers every card in its row once for each rare card in its column
Q0425,Double Tag,unanswered,,consumable,H2,H - Meta-effects — modifying other effects,H2 - Retrigger a skill,,,,,Copies the next reward you take,balatro,Consumable: the next reward you take is duplicated,"Consumable: the next reward you take is duplicated, and this card is consumed by the duplication",Consumable: the next two rewards you take are each duplicated once
Q0426,Storyteller's Dance,unanswered,,skill,H2,H - Meta-effects — modifying other effects,H2 - Retrigger a skill,,,,,Says it again,DESIGN_REFERENCES.md §A12 Australia & Oceania,Re-triggers the last effect that fired on an adjacent card,Re-triggers the last effect that fired anywhere on the grid,"Re-triggers the last effect that fired on an adjacent card, and again if that effect was itself a re-trigger"
Q0427,The Cue Card,unanswered,,skill,H2,H - Meta-effects — modifying other effects,H2 - Retrigger a skill,,,,,"Cue: manually fire one adjacent card's trigger hook exactly as if the game had triggered it, including combo credit and stamps",CARD_CATALOG,"Cue: fire one adjacent card's trigger by hand exactly as the game would, combo credit and stamps included","Cue: fire any card's trigger by hand, combo credit and stamps included",Cue: fire one adjacent card's trigger by hand; it counts for points but grants no combo
Q0428,The Monkey,unanswered,,skill,H2,H - Meta-effects — modifying other effects,H2 - Retrigger a skill,,,,,A token that cues what it climbs,CARD_CATALOG,"Spawns a token that climbs its column one row per Entrance refresh, freely cueing whatever card it sits on","Spawns a token that climbs one row per refresh and cues what it sits on; reaching the top, it starts again at the bottom","Spawns a token that climbs one row per refresh, cueing what it sits on and gaining +1 to the strength of each cue as it rises"
Q0429,Caeruleum,unanswered,,skill,H3,H - Meta-effects — modifying other effects,H3 - Amplify another effect,,,,,Promotes its neighbours' operators,cryptid,"Adjacent scoring cards use the next operator up - addition becomes multiplication, multiplication becomes exponentiation - capped there","Adjacent scoring cards use the next operator up, but only one card per act","Every card in this card's line uses the next operator up, capped at multiplication"
Q0430,Fun-house-mirror effect modifiers,unanswered,,skill,H3,H - Meta-effects — modifying other effects,H3 - Amplify another effect,,,,,Bends the effects around it,gam draft.txt:1168,"Modifies the effects of adjacent cards, amplifying or distorting what they do","Modifies the effects of adjacent cards, reversing whichever number they change","Modifies adjacent effects, and which distortion it applies is rerolled each show"
Q0431,Gemini,unanswered,,skill,H3,H - Meta-effects — modifying other effects,H3 - Amplify another effect,,,,,Doubles what is beside it,cryptid,"At the end of each show, doubles every value on an adjacent card","At the end of each show, doubles every value on an adjacent card, then that card is spent","At the end of each show, doubles every value on the adjacent card that scored least"
Q0432,Twin Harmony,unanswered,,skill,H3,H - Meta-effects — modifying other effects,H3 - Amplify another effect,,,,,Doubles what is next to it,CARD_CATALOG,Doubles any combo or multiplier effect on cards adjacent to it,Doubles any combo or multiplier effect on cards in its row and column,"Doubles any combo or multiplier effect on adjacent cards, and triples it if the adjacent card shares its class"
Q0433,The Anarchist,unanswered,,rule,H4,H - Meta-effects — modifying other effects,H4 - Suppress an effect,,,,,"Boss: each submit, disables one of your beneficial rule cards for the rest of the show, in an order it chooses",CARD_CATALOG,"Boss: each submit, one of your beneficial rule cards is disabled for the rest of the show, in an order the boss picks","Boss: each submit, one of your beneficial rule cards is disabled for one act only","Boss: at show start, your two strongest rule cards are disabled for the whole show"
Q0434,The Calm Voice,unanswered,,skill,H4,H - Meta-effects — modifying other effects,H4 - Suppress an effect,,,,,"Once per run, negate a disaster event or boss effect and gain fame equal to its severity instead",CARD_CATALOG,"Once per run, negate a disaster or boss effect and gain fame equal to its severity instead","Once per show, negate a disaster or boss effect, gaining nothing for it","Once per run, negate a disaster or boss effect and permanently add it to your own rules deck to use later"
Q0435,The Loophole,unanswered,,skill,H4,H - Meta-effects — modifying other effects,H4 - Suppress an effect,,,,,Turns the hazard around,CARD_CATALOG,Choose one active town or boss hazard: its effect inverts to help you for this show,Choose one active town or boss hazard: it is simply switched off for this show,"Choose one active hazard: it inverts to help you, and the boss gains a second hazard in exchange"
Q0436,The Patch,unanswered,,consumable,H4,H - Meta-effects — modifying other effects,H4 - Suppress an effect,,,,,Cancels a rule before it lands,CARD_CATALOG,Consumable: cancel one town penalty or hazard rule card before the show begins,Consumable: cancel one town penalty or hazard rule card at any point during the show,Consumable: swap one town hazard for a different one drawn at random
Q0437,Ghost,unanswered,,skill,H5,H - Meta-effects — modifying other effects,H5 - Redirect a target,,,,,Possesses another card,cryptid,"At each show's end, a chance to possess a random card of yours, taking over its effects","At each show's end, a chance to possess a random card, and a smaller chance to destroy itself","Cue to possess a card of your choice for the show, returning its effects when the show ends"
Q0438,The Boot Code,unanswered,,skill,H5,H - Meta-effects — modifying other effects,H5 - Redirect a target,,,,,"Passes a buff down its row card-to-card without triggering, invisible to effects that count or punish triggers",CARD_CATALOG,"Passes a buff along its row card to card without triggering, invisible to anything counting or punishing triggers","Passes a buff along its row card to card without triggering, and the buff doubles at the far end","Passes a buff to any one card in any grid without triggering, invisible to trigger counters"
Q0439,The Double,unanswered,,skill,H5,H - Meta-effects — modifying other effects,H5 - Redirect a target,,,,,Assign a 'star' card at show start; the first destruction or debuff aimed at the star hits this card instead,CARD_CATALOG,Name one card at show start; the first destruction or debuff aimed at it hits this card instead,"Name one card at show start; every destruction or debuff aimed at it hits this card instead, until this card is destroyed",The first destruction or debuff aimed at any of your cards each act hits this card instead
Q0440,The Rigger,unanswered,,skill,H5,H - Meta-effects — modifying other effects,H5 - Redirect a target,,,,,Crosses the wires,CARD_CATALOG,Cue: swap the wiring of two cards so each one's skill now answers the other's events,Cue: swap the wiring of two cards for one act only,Cue: redirect one card's skill so it answers this card's events instead of its own
Q0441,The Throw (ventriloquism),unanswered,,skill,H5,H - Meta-effects — modifying other effects,H5 - Redirect a target,,,,,Throws its voice,"DESIGN_REFERENCES.md §F5 Puppetry, Mime & Street",Cues a card's ability as though the card were in a different column,"Cues a card's ability as though it were in any cell you name, in any grid","Cues a card's ability from its real position, but its effect lands where you name"
Q0442,Automaton,unanswered,,type,H6,H - Meta-effects — modifying other effects,H6 - Rewrite a trigger,,,,,"On every Entrance refresh, automatically performs this card's cue for free; it can never be triggered manually",CARD_CATALOG,This card's cue fires automatically on every Entrance refresh and can never be triggered by hand,"This card's cue fires automatically whenever a line it belongs to completes, and can never be triggered by hand","This card's cue fires automatically at show start and again at show end, and can never be triggered by hand"
Q0443,Configurable rhythm-buff (calliope organ),unanswered,,skill,H6,H - Meta-effects — modifying other effects,H6 - Rewrite a trigger,,,,,A programmable rhythm,"DESIGN_REFERENCES.md §E The Fairground, Midway & Business",A punched-card organ you configure: choose which triggers it answers and in what order,A punched-card organ that answers a fixed rhythm of triggers you set once at run start,"A punched-card organ you reconfigure each show, choosing which triggers it answers"
Q0444,Lazzi trigger-macros,unanswered,,skill,H6,H - Meta-effects — modifying other effects,H6 - Rewrite a trigger,,,,,A rehearsed combo you can equip,DESIGN_REFERENCES.md §A2 Medieval & Renaissance Europe,Equippable trigger macros: small scripted sequences a card can rehearse and then fire as one,Equippable trigger macros that a card rehearses once and can fire once per show,Equippable trigger macros you write yourself from effects already in your deck
Q0445,The Cannon King,unanswered,,skill,H6,H - Meta-effects — modifying other effects,H6 - Rewrite a trigger,,,,,Fireworks-suit cards may score directly from the Entrance without entering the grid,CARD_CATALOG,Fireworks-suit cards may score straight from the Entrance without ever being placed,Any card of one suit you name at show start may score straight from the Entrance without being placed,"One Entrance card per refresh may be scored in place instead of placed, and is then discarded"
Q0446,The Conductor,unanswered,,skill,H6,H - Meta-effects — modifying other effects,H6 - Rewrite a trigger,,,,,"All on-refresh effects are held each turn and fire together at Submit instead, in a chosen order",CARD_CATALOG,"All on-refresh effects are held each turn and fire together at Submit, in an order you choose","All on-refresh effects are held and fire together at Submit, in the order they were held",You may hold any one effect's trigger and release it at a moment of your choosing later in the show
Q0447,The Dragoman,unanswered,,skill,H6,H - Meta-effects — modifying other effects,H6 - Rewrite a trigger,,,,,Choose a card: its on-score effects also fire when it is discarded,CARD_CATALOG,Choose a card: its on-score effects also fire when it is discarded,Choose a card: its on-score effects also fire when it is discarded or when it is covered,"Every card's on-score effects also fire when it is discarded, at half strength"
Q0448,Duende,unanswered,,skill,H7,H - Meta-effects — modifying other effects,H7 - Count other effects,,,,,"When an act scores 5 or more distinct combo classes and every meld that act raised the combo, triples the act's payout",CARD_CATALOG,"If an act raises the combo with five or more distinct effect classes, its payout triples",An act's payout is multiplied by the number of distinct effect classes that fired in it,"If every line scored in an act raised the combo, the act's payout triples"
Q0449,The Critic,unanswered,,skill,H7,H - Meta-effects — modifying other effects,H7 - Count other effects,,,,,"After each act, the effect that triggered most is silenced for the next act; any effect that triggered exactly once scores a bonus",CARD_CATALOG,"After each act, the effect that triggered most is silenced for the next act, and every effect that triggered exactly once pays a bonus","After each act, the effect that triggered most is silenced for the next act","After each act, every effect that triggered more than three times is silenced for the next act, and those that triggered once pay a bonus"
Q0450,Amber Acorn,unanswered,,skill,H8,H - Meta-effects — modifying other effects,H8 - Resolution order,,,,,Shuffles the running order,balatro,Shuffles the resolution order of every effect on the board,"Shuffles the resolution order of every effect, and you may look at the new order before committing",Reverses the resolution order of every effect on the board
Q0451,Cascade Scorer,unanswered,,rule,H8,H - Meta-effects — modifying other effects,H8 - Resolution order,,,,,"On Submit, scores all rows first, then all columns simultaneously per row band",CARD_CATALOG,"When two lines complete at once, rows resolve before columns and columns before diagonals","When two lines complete at once, the line containing the card you just placed resolves last, so what the others trigger applies to it","When two lines complete at once, you choose the order they resolve in"
Q0452,The Dalang,unanswered,,skill,H8,H - Meta-effects — modifying other effects,H8 - Resolution order,,,,,"While in play, the player chooses the trigger order of all card effects each scoring pass",CARD_CATALOG,"While in play, you choose the trigger order of every card effect each scoring pass","While in play, you choose the trigger order within each line, but lines still resolve in their fixed order","While in play, you may move one effect to the front or back of the order each scoring pass"
Q0453,Top Billing,unanswered,,stamp,H8,H - Meta-effects — modifying other effects,H8 - Resolution order,,,,,First on the bill,CARD_CATALOG,"Always scores first within its meld, ahead of normal dispatch order","Always scores last within its meld, so everything else has already resolved when it fires","You choose whether it scores first or last within its meld, per act"
Q0454,Fool's License,unanswered,,skill,H9,H - Meta-effects — modifying other effects,H9 - Read or edit the rules deck,,,,,"While spotlit, choose one rule card in the hidden rules deck whose effect is ignored",CARD_CATALOG,"While spotlit, one rule card of your choice in the hidden rules deck is ignored","While spotlit, one rule card is ignored, chosen at show start and locked in for the show","While spotlit, every hazard rule card the town added is ignored"
Q0455,The Amendment,unanswered,,skill,H9,H - Meta-effects — modifying other effects,H9 - Read or edit the rules deck,,,,,Attach any owned stamp to a rule card in the hidden rules deck,CARD_CATALOG,Attach any stamp you own to a rule card in the hidden rules deck,"Attach any stamp you own to a rule card, and remove it again later to reuse it",Attach any stamp you own to a rule card; the stamp then applies to every card that rule touches
Q0456,The Costumier,unanswered,,skill,H9,H - Meta-effects — modifying other effects,H9 - Read or edit the rules deck,,,,,All your cards may hold 2 stamps,CARD_CATALOG,All your cards may hold two stamps,"All your cards may hold two stamps, but every stamp works at half strength",This card alone may hold three stamps
Q0457,The Illustrated,unanswered,,stamp,H9,H - Meta-effects — modifying other effects,H9 - Read or edit the rules deck,,,,,"This card may hold unlimited stamps, but can never hold a skill",CARD_CATALOG,"May hold unlimited stamps, but can never hold a skill","May hold up to three stamps, and its skill works at half strength","May hold unlimited stamps and no skill, and scores a bonus per stamp it carries"
Q0458,The Lobbyist,unanswered,,skill,H9,H - Meta-effects — modifying other effects,H9 - Read or edit the rules deck,,,,,Drags a rule out into the open,CARD_CATALOG,Extract one rule card from the hidden deck into your play deck; its rule stops applying and it gains random pips,"Extract one rule card into your play deck; its rule stops applying, and you choose its pips","Extract one rule card into your play deck; its rule keeps applying, but only to the grid it is placed in"
Q0459,The Stage Manager,unanswered,,skill,H9,H - Meta-effects — modifying other effects,H9 - Read or edit the rules deck,,,,,Reorders who answers first,CARD_CATALOG,"Cue, once per show: reorder the rules deck, changing which rule answers first on grabs, placement and scoring","Cue, once per show: move one rule card to the front or the back of the rules deck","Cue: reorder the rules deck freely at any time, with unlimited uses"
Q0460,The Double Billing,unanswered,,stamp,H10,H - Meta-effects — modifying other effects,H10 - Slot topology,,,,,A card that holds two skills,generated,"This card may hold two skills at once, both fully active","This card may hold two skills, each firing at half strength","This card may hold two skills, and only the one matching the line's dominant suit fires"
Q0461,The Quick Change,unanswered,,skill,H10,H - Meta-effects — modifying other effects,H10 - Slot topology,,,,,Moves a modifier between slots,generated,"Cue: move a card's skill into its stamp slot, or the reverse","Cue: move any modifier on a card into any other slot on that card, if the slot is empty","Cue: swap the contents of two slots on the same card, whatever they are"
Q0462,The Rule Pocket,unanswered,,stamp,H10,H - Meta-effects — modifying other effects,H10 - Slot topology,,,,,A slot that holds a rule,generated,"This card carries a slot that holds a rule card, applying that rule while this card is spotlit","This card carries a slot that holds a rule card, applying it only within this card's own grid","This card carries a rule slot, and the rule it holds may be swapped once per show"
Q0463,The Stripped Act,unanswered,,skill,H10,H - Meta-effects — modifying other effects,H10 - Slot topology,,,,,Removes a slot entirely,generated,Cue: permanently remove a card's type slot; the card scores more for having less,"Cue: permanently remove any one slot from a card, and it scores more for each slot it lacks",Cue: permanently remove a slot from a card and graft that slot onto another card
Q0464,No-conditions cue,unanswered,,skill,I1,"I - State, charges & persistence",I1 - Charges,,,,,A cue with no strings,DESIGN_REFERENCES.md §A3 Golden Age Western Circus,"This card's cue works from anywhere, with no conditions at all","This card's cue works from anywhere, but only once per show","This card's cue works from anywhere and from any zone, including the deck and the discard"
Q0465,Peanut Pitch,unanswered,,skill,I1,"I - State, charges & persistence",I1 - Charges,,,,,"Cue, 3 charges per show: gives bonus points to any one card on the grid",CARD_CATALOG,"Cue, 3 charges per show: give bonus points to any one card on the grid","Cue, 3 charges per show: give bonus points to every card in one line","Cue, 3 charges per show: give bonus points to one card, and the charge is refunded if that card scores this turn"
Q0466,Bonus Joker,unanswered,,skill,I2,"I - State, charges & persistence",I2 - Charge economy,,,,,Sometimes it makes room,cryptid,"A scoring card has a small chance to permanently grant one extra slot, up to twice per show",A scoring card has a small chance to grant one extra slot for the current show only,"Every completed line has a small chance to grant one extra slot, with no per-show cap"
Q0467,Negative,unanswered,,stamp,I2,"I - State, charges & persistence",I2 - Charge economy,,,,,Takes no room at all,balatro,"This card occupies no slot, so it is carried in addition to your normal capacity","This card occupies no slot, and grants one extra slot besides","This card occupies no slot, but it cannot be sold or moved once acquired"
Q0468,Nostalgic Deck,unanswered,,rule,I2,"I - State, charges & persistence",I2 - Charge economy,,,,,One pool of slots for everything,cryptid,Skill slots and consumable slots are one shared pool,"Skill slots and consumable slots are one shared pool, and the pool is smaller than the two were","Every slot on every card is one shared pool, so a card may trade a stamp for a skill"
Q0469,Shared charge system,unanswered,,rule,I2,"I - State, charges & persistence",I2 - Charge economy,,,,,One charge system for everything,DESIGN_DOC.md §12 Tapping / Cues & Charges,"All charge-based effects share one system, so charges can be gained or lost from any source, and unused charges spend themselves on refresh","All charge-based effects share one system, and unused charges carry over instead of spending themselves",All charge-based effects draw from a single shared pool rather than each holding their own
Q0470,The Metronome,unanswered,,skill,I2,"I - State, charges & persistence",I2 - Charge economy,,,,,"More charges, everywhere",CARD_CATALOG,Every charge-based effect on your cards gains +1 maximum charge,"Every charge-based effect gains +1 maximum charge, and one spent charge is refunded per show","Charges become a shared pool across all your cards rather than per-card, with +1 to the pool"
Q0471,Clockwork Joker,unanswered,,skill,I3,"I - State, charges & persistence",I3 - Cooldowns,,,,,"Four clocks, and they can align",cryptid,"Runs four staggered timers with different periods, each firing its own effect; when all four coincide it copies itself","Runs four staggered timers, each firing its own effect, with no bonus for alignment","Runs four staggered timers whose periods you set once, and aligning all four copies the card"
Q0472,Happy House,unanswered,,skill,I3,"I - State, charges & persistence",I3 - Cooldowns,,,,,A very long fuse,cryptid,"Does nothing until a large number of acts have been played, then raises the multiplier to a power","Does nothing until a large number of acts have passed, then pays a single enormous lump sum","Its threshold is hidden and revealed only as you approach it, then it raises the multiplier to a power"
Q0473,Loyalty Card,unanswered,,skill,I3,"I - State, charges & persistence",I3 - Cooldowns,,,,,"Fires hard, but rarely",balatro,"Every sixth act, this card scores a large multiplier; the rest do nothing","Every sixth act it scores a large multiplier, and the counter carries across shows","Every Nth act it scores a large multiplier, and you set N when you acquire it"
Q0474,Maximum Effort,unanswered,,stamp,I3,"I - State, charges & persistence",I3 - Cooldowns,,,,,Doubles this card's points on score; afterward it is Exhausted (scores nothing) until a show passes in which it was never played,CARD_CATALOG,"Doubles this card's points, then Exhausts it until a show passes in which it was never played","Doubles this card's points, then Exhausts it for exactly one show","Triples this card's points, then Exhausts it until you pay gold to refresh it"
Q0475,Campfire,unanswered,,skill,I4,"I - State, charges & persistence",I4 - Growth,,,,,"Grows on what you sell, resets on bosses",balatro,"Gains a permanent multiplier for each card sold, reset whenever a boss is beaten","Gains a permanent multiplier for each card sold, never reset","Gains a multiplier for each card sold, and beating a boss banks the current value rather than resetting it"
Q0476,Cheat Day,unanswered,,skill,I4,"I - State, charges & persistence",I4 - Growth,,,,,"If the show is won with cards still in the deck, every remaining deck card gains +1 rank permanently",CARD_CATALOG,"If a show is won with cards still in the deck, every card left in the deck gains +1 rank permanently","If a show is won with cards still in the deck, this card gains +1 rank per card left, permanently","At the end of every show, the five cards nearest the bottom of the deck gain +1 rank permanently"
Q0477,Constellation,unanswered,,skill,I4,"I - State, charges & persistence",I4 - Growth,,,,,Grows every time you spend a consumable,balatro,Gains a permanent multiplier every time a consumable is used,"Gains a permanent multiplier every time a consumable is used, doubled for rarer ones","Gains a permanent multiplier per consumable used, and a further one per distinct consumable used"
Q0478,Double Scale,unanswered,,rule,I4,"I - State, charges & persistence",I4 - Growth,,,,,Growth that curves upward,cryptid,Every card that grows with use grows quadratically rather than linearly,"Every card that grows with use grows quadratically, but resets at the end of each show","Every card that grows with use grows quadratically, and the curve steepens once past a threshold"
Q0479,Energia,unanswered,,skill,I4,"I - State, charges & persistence",I4 - Growth,,,,,"Copies rewards, more each time",cryptid,"Whenever you take a reward, it is copied; the number of copies rises by one each time","Whenever you take a reward it is copied once, always","Whenever you take a reward it is copied, the count rising each time, and resetting when you skip one"
Q0480,First of May,unanswered,,skill,I4,"I - State, charges & persistence",I4 - Growth,,,,,A random Common card that permanently upgrades to its Rare version after scoring 10 times across the run,CARD_CATALOG,"After scoring 10 times in a run, this card permanently becomes its Rare version","After scoring 10 times in a run, this card permanently gains one rarity tier, and can keep doing so","Gains +1 rank each time it scores, and at rank 20 permanently becomes its Rare version"
Q0481,Glass Joker,unanswered,,skill,I4,"I - State, charges & persistence",I4 - Growth,,,,,Feeds on a particular kind of death,balatro,Gains a permanent multiplier every time a card of a named type is destroyed,"Gains a permanent multiplier every time any card is destroyed, at half the rate","Gains a permanent multiplier per card of a named type destroyed, and it names the type when acquired"
Q0482,Hiker,unanswered,,skill,I4,"I - State, charges & persistence",I4 - Growth,,,,,Every card it sees gets permanently better,balatro,Every card that scores permanently gains a small flat bonus,"Every card that scores permanently gains a small flat bonus, capped per card","Every card that scores permanently gains a bonus, and this card gains one too for each"
Q0483,Hologram,unanswered,,skill,I4,"I - State, charges & persistence",I4 - Growth,,,,,Grows with the deck,balatro,Gains a permanent multiplier every time a card is added to your deck,"Gains a permanent multiplier per card added, and loses one per card removed","Gains a permanent multiplier per card added, doubled if the card was created rather than bought"
Q0484,Jimball,unanswered,,skill,I4,"I - State, charges & persistence",I4 - Growth,,,,,Rewards playing the same hand over and over,cryptid,Gains a multiplier per consecutive act in which you score your most-played hand type,"Gains a multiplier per act in which you score your most-played hand, consecutive or not","Gains a multiplier per consecutive act scoring the same hand, and loses it all when you switch"
Q0485,Light Card,unanswered,,skill,I4,"I - State, charges & persistence",I4 - Growth,,,,,"Grows, and asks for more",cryptid,"Gains a multiplier each time it scores in a full line, and raises the line size it requires by one","Gains a multiplier each time it scores, and raises its own rank requirement each time","Gains a multiplier each time it scores in a full line, and its requirement resets each show"
Q0486,Pot of Jokes,unanswered,,skill,I4,"I - State, charges & persistence",I4 - Growth,,,,,Starts as a penalty and grows out of it,cryptid,"Begins by shrinking the Entrance, and gives one slot back every show until it is a net gain","Begins by shrinking the Entrance, recovering one slot per show until it is neutral, and no further","Begins by shrinking the Entrance, and recovers one slot every time a line scores"
Q0487,Ride the Bus,unanswered,,skill,I4,"I - State, charges & persistence",I4 - Growth,,,,,A streak that a face card breaks,balatro,"Gains a multiplier per consecutive act with no face card scoring, resetting the moment one does","Gains a multiplier per consecutive act with no face card, and keeps half through the reset",Gains a multiplier per consecutive act without any card of a rank you name
Q0488,Runner,unanswered,,skill,I4,"I - State, charges & persistence",I4 - Growth,,,,,Permanent growth from one hand type,balatro,Gains a permanent flat bonus each time a line scores as a named hand type,Gains a permanent flat bonus each time a line scores as any hand type it has not scored before,"Gains a permanent bonus per named hand type scored, and the named type changes each show"
Q0489,Self-Granted Title,unanswered,,stamp,I4,"I - State, charges & persistence",I4 - Growth,,,,,"This card counts as one rarity higher for all effects and bonuses, but not for pack or shop pool rolls",CARD_CATALOG,"Counts as one rarity higher for every effect and bonus, but not for pack or shop pool rolls","Counts as one rarity higher for everything, pack and shop rolls included","Counts as one rarity higher for every effect, and gains a further tier each time it wins a show single-handedly"
Q0490,The Fadista,unanswered,,skill,I4,"I - State, charges & persistence",I4 - Growth,,,,,Scores bonus points per card destroyed or lost this run,CARD_CATALOG,Scores bonus points for every card destroyed or lost this run,Scores bonus points for every card destroyed or lost this show,Gains +1 permanent rank for every third card destroyed or lost this run
Q0491,The Gentled Beast,unanswered,,skill,I4,"I - State, charges & persistence",I4 - Growth,,,,,Cards dropped on this card are not consumed but returned to the column below it; each one permanently adds +1 to this card's score bonus,CARD_CATALOG,"Cards dropped on this one are not consumed but pass down to the column below it, and each permanently adds +1 to this card's bonus",Cards dropped on this one pass down to the column below and each adds +1 to this card's bonus for the show only,"Cards dropped on this one pass down to the column below, and each adds +1 rank to this card permanently"
Q0492,The Murga,unanswered,,skill,I4,"I - State, charges & persistence",I4 - Growth,,,,,Paid by the run's history,DESIGN_REFERENCES.md §A11 South America,"Scores per boss beaten, per card lost and per event survived this run",Scores per boss beaten this run only,"Scores per boss beaten, card lost and event survived, and remembers across runs on the same profile"
Q0493,Weary Willie,unanswered,,skill,I4,"I - State, charges & persistence",I4 - Growth,,,,,Feeds on your losses,CARD_CATALOG,Gains +1 rank permanently every time one of your cards is destroyed or a show is failed,"Gains +1 rank permanently per card destroyed, and +5 per show failed","Gains +1 rank per card destroyed, and loses it all the moment a show is won without any losses"
Q0494,Clicked Cookie,unanswered,,skill,I5,"I - State, charges & persistence",I5 - Decay,,,,,Wears out as you use it,cryptid,A large flat bonus that shrinks by one every time this card is cued,"A large flat bonus that shrinks every time it is cued, and is destroyed at zero",A large flat bonus that shrinks with use and recovers one step per show it goes uncued
Q0495,Fast Food M,unanswered,,skill,I5,"I - State, charges & persistence",I5 - Decay,,,,,On a timer you can extend,cryptid,A large bonus that self-destructs after a few shows; a specific action adds a show to its life,"A large bonus that self-destructs after a few shows, with no way to extend it","A large bonus on a timer you may extend by paying gold, at a rising price each time"
Q0496,Glass,unanswered,,type,I5,"I - State, charges & persistence",I5 - Decay,,,,,"Scores double points, and is destroyed permanently after its third score",CARD_CATALOG,"Scores double, and is destroyed for good after its third score","Scores double, with a 1-in-4 chance of shattering each time it scores","Scores double, and is destroyed at the end of any show in which it was covered"
Q0497,Ice Cream,unanswered,,skill,I5,"I - State, charges & persistence",I5 - Decay,,,,,Melts as the show runs,balatro,"Starts with a large flat bonus that shrinks with every act played, ending at nothing","Starts with a large flat bonus that shrinks each act, and is destroyed when it reaches nothing","Starts with a large bonus that shrinks each act, and cue at any time to cash out what remains"
Q0498,Persistent spin-buff (Sangmo),unanswered,,skill,I5,"I - State, charges & persistence",I5 - Decay,,,,,Keeps spinning while the combo holds,DESIGN_REFERENCES.md §A13 Korea & Southeast Asia,"A buff that lasts as long as the combo keeps rising, and ends the moment it does not",A buff that decays one step per act unless re-triggered,"A buff that lasts while the combo rises and, when it ends, pays out everything it accumulated"
Q0499,Starfruit,unanswered,,skill,I5,"I - State, charges & persistence",I5 - Decay,,,,,A huge exponent that rerolls away,cryptid,"Raises the multiplier to a power, losing part of the exponent with every shop reroll","Raises the multiplier to a power, losing part of the exponent every act","Raises the multiplier to a power that decays with rerolls, and recovers if you leave a shop without rerolling"
Q0500,The Top,unanswered,,skill,I5,"I - State, charges & persistence",I5 - Decay,,,,,Spins until it topples,DESIGN_REFERENCES.md §A6 Japan,Cue to set it spinning: it scores a little every turn until it topples after a random duration,Cue to set it spinning: it scores a little every turn and topples after exactly five turns,"Cue to set it spinning; it scores more each turn it stays up, and topples on a rising chance"
Q0501,Wax,unanswered,,type,I5,"I - State, charges & persistence",I5 - Decay,,,,,Melts near fire,CARD_CATALOG,"At each show end, loses 1 rank per Flames card that shared its column that show, and is destroyed at rank 0","At each show end, loses 1 rank per Flames card anywhere on its grid, and is destroyed at rank 0","Loses 1 rank the moment any Flames card is placed in its column, and is destroyed at rank 0"
Q0502,Burn After Reading,unanswered,,skill,I6,"I - State, charges & persistence",I6 - One-shot / exhaust,,,,,Spent the moment it is read,generated,"Cue: apply this card's effect to any target, then destroy this card",Cue: apply this card's effect to any target; the card survives but can never be cued again,"Cue: apply this card's effect, then destroy it; it returns to the deck at the end of the run"
Q0503,The Farewell Tour,unanswered,,stamp,I6,"I - State, charges & persistence",I6 - One-shot / exhaust,,,,,"Fires once, enormously",generated,"This card's effect fires once at several times its normal strength, then the card is spent for the run","This card's effect fires once at several times strength, then the card is spent for the show only","This card's effect fires once per show at double strength, and is spent for the run after the third"
Q0504,The Last Rites,unanswered,,skill,I6,"I - State, charges & persistence",I6 - One-shot / exhaust,,,,,Pays out on its way out,generated,"When this card is destroyed by anything, it fires its effect one final time","When this card is destroyed, it fires its effect one final time at double strength","When any card of yours is destroyed, it fires its effect one final time"
Q0505,Flagpole Sitter,unanswered,,skill,I7,"I - State, charges & persistence",I7 - Carries to next show,,,,,Gains bonus points for each consecutive show it ends as the top card of the same column; any move resets the streak to zero,CARD_CATALOG,Gains bonus points for each consecutive show it ends as the top card of the same column; any move resets it,Gains +1 rank for each consecutive show it is never moved; being moved returns it to its printed rank,Gains a stacking multiplier for each consecutive show it ends in the exact same cell; being moved or covered resets it
Q0506,The Holdout,unanswered,,skill,I7,"I - State, charges & persistence",I7 - Carries to next show,,,,,"Stores one card outside the game across shows; cue once per run to insert it into any stack at any moment, but a town search loses it",CARD_CATALOG,"Stores one card outside the game across shows; cue once per run to insert it into any stack at any moment, and a town search loses it",Stores one card outside the game across shows; cue once per show to insert it into any stack,Stores one card outside the game; it returns automatically at the moment its line would complete
Q0507,Season Ticket,unanswered,,rule,I8,"I - State, charges & persistence",I8 - Carries to next run,,,,,The run leaves something behind,generated,Rule: the highest-scoring card of each run is added to the next run's starting deck,"Rule: the highest-scoring card of each run is added to the pool, not the deck","Rule: one card of your choice from each finished run joins the next run's deck, upgraded"
Q0508,The Scrapbook,unanswered,,stamp,I8,"I - State, charges & persistence",I8 - Carries to next run,,,,,Remembers across runs,generated,"This card's accumulated total never resets, growing across every run it appears in","This card's accumulated total never resets, but it starts each run at a quarter of what it held","This card's total carries across runs, and resets the first time a run is lost"
Q0509,The Trunk,unanswered,,skill,I8,"I - State, charges & persistence",I8 - Carries to next run,,,,,Packs something for next time,generated,One card of your choice keeps everything it gained into the next run,One card of your choice keeps half of what it gained into the next run,"One card keeps what it gained, and the card chosen is locked into the next run's starting deck"
Q0510,Permanent-toggle effect archetype,unanswered,,skill,I9,"I - State, charges & persistence",I9 - Latching,,,,,"Once on, never off",DESIGN_DOC.md §12 Tapping / Cues & Charges,"Once activated, this effect stays active for the rest of the show and can never be switched off","Once activated, this effect stays active for the rest of the run and can never be switched off","Once activated it stays active permanently, and its strength grows the longer it has been on"
Q0511,The Trance,unanswered,,skill,I9,"I - State, charges & persistence",I9 - Latching,,,,,Goes into a trance,DESIGN_REFERENCES.md §A13 Korea & Southeast Asia,"Enters a trance for several turns: it acts on its own and is immune to everything, then is hard Exhausted","Enters a trance for several turns, immune and autonomous, and cannot be brought out early",Enters a trance you can end at any time; the longer it lasts the greater the payout and the harder the Exhaust
Q0512,Debuff statuses,unanswered,,rule,I10,"I - State, charges & persistence",I10 - Apply a status,,,,,Cards can catch things,"DESIGN_DOC.md §20 Difficulty, Bosses & Win Cons","Cards carry statuses in an array, such as Exhausted, which costs a rank at show end if the card appeared on the board","Cards carry statuses, and a card may hold only one at a time, the newest replacing the oldest","Cards carry statuses, and identical statuses stack rather than replacing each other"
Q0513,The Alchemist,unanswered,,skill,I10,"I - State, charges & persistence",I10 - Apply a status,,,,,"Cue: transmute all statuses of one class on a target card into another class, count preserved",CARD_CATALOG,"Cue: turn every status of one kind on a target card into another kind, keeping the count","Cue: turn every status of one kind anywhere on the grid into another kind, keeping the count",Cue: turn every negative status on a target card into the positive status of your choice
Q0514,The Fire Breather,unanswered,,skill,I10,"I - State, charges & persistence",I10 - Apply a status,,,,,Cue: apply Burning to every card in this card's entire row; this card becomes Exhausted,CARD_CATALOG,"Cue: apply Burning to every card in this card's row, then Exhaust this card","Cue: apply Burning to every card in this card's row and column, then Exhaust this card","Cue: apply Burning to any five cells you choose in its grid, then Exhaust this card"
Q0515,Eruption card,unanswered,,rule,I11,"I - State, charges & persistence",I11 - Status spread,,,,,An eruption that snakes outward,random potential effects.csv:15,"Cards catch Burning in an expanding snake pattern, with no way to stop it","Cards catch Burning in an expanding snake, which can be stopped by completing a line in its path",Cards catch Burning in an expanding snake whose direction is telegraphed one turn ahead
Q0516,Fire spreading card,unanswered,,skill,I11,"I - State, charges & persistence",I11 - Status spread,,,,,Fire that roads can stop,random potential effects.csv:18,Burning spreads to wood-type cards and is blocked by road-type cards,Burning spreads to any card and is blocked only by a card that has already burned,Burning spreads along a suit and is blocked by any card of the opposing suit
Q0517,The Contagion,unanswered,,skill,I11,"I - State, charges & persistence",I11 - Status spread,,,,,"Each Entrance refresh, every status on this card's neighbors copies one card further outward, with merge-by-class capping the counts",CARD_CATALOG,"At each Entrance refresh, every status on this card's neighbours copies one cell further outward","At each Entrance refresh, every status on this card copies to all its orthogonal neighbours","At each Entrance refresh, statuses spread one cell outward from every card that carries one, anywhere on the grid"
Q0518,Tinder,unanswered,,type,I11,"I - State, charges & persistence",I11 - Status spread,,,,,Catches whatever lands on it,CARD_CATALOG,"Whenever a card is placed on this one, the covering card catches Burning","Whenever a card is placed on this one, the covering card catches Burning, and so does everything above it","Whenever a card is placed on this one, the covering card catches Burning; if it is already Burning, this card is destroyed and the whole column catches"
Q0519,Ascetic,unanswered,,stamp,I12,"I - State, charges & persistence",I12 - Cleanse / immunity,,,,,This card is immune to hazard effects that target rows or the floor,CARD_CATALOG,Ignores any hazard or debuff that targets a whole row or column,"Ignores the first hazard or debuff that would affect it each show, whatever its source",Ignores every hazard while it is the lowest card in its stack
Q0520,Canvas,unanswered,,type,I12,"I - State, charges & persistence",I12 - Cleanse / immunity,,,,,The first debuff or status applied to this card each show is discarded,CARD_CATALOG,The first status or debuff applied to this card each show is discarded,"This card can never carry a status at all, good or bad",Statuses applied to this card are passed to the card directly above it instead
Q0521,Digital,unanswered,,type,I12,"I - State, charges & persistence",I12 - Cleanse / immunity,,,,,This card cannot be discarded from the grid by any effect,CARD_CATALOG,This card cannot be removed from the grid by any effect,"This card cannot be removed from the grid or the deck by any effect, including your own",This card cannot be removed from the grid; an effect that tries removes the card above it instead
Q0522,Iron Body,unanswered,,stamp,I12,"I - State, charges & persistence",I12 - Cleanse / immunity,,,,,Immune to the first destruction or debuff that targets this card each show,CARD_CATALOG,Immune to the first destruction or debuff that targets it each show,"Immune to all destruction, but not to debuffs","Immune to the first destruction each show, which is redirected to the card above it"
Q0523,Lloyd's Policy,unanswered,,stamp,I12,"I - State, charges & persistence",I12 - Cleanse / immunity,,,,,"The first time this card would be destroyed or debuffed, prevent it and mint 2 Gold tokens instead",CARD_CATALOG,The first destruction or debuff on this card is prevented and mints 2 Gold tokens,"Destruction and debuffs on this card are prevented once per show, minting 1 Gold token",The first destruction on any of your cards each show is prevented and mints Gold equal to that card's rank
Q0524,Meal Call,unanswered,,skill,I12,"I - State, charges & persistence",I12 - Cleanse / immunity,,,,,"Cue, once per show: every card on the grid removes one debuff or status",CARD_CATALOG,"Cue, once per show: every card on the grid sheds one debuff or status","Cue, once per show: every card on the grid sheds all debuffs and statuses",Cue with unlimited uses: one card sheds all its debuffs and statuses
Q0525,Palette Cleanser Tag,unanswered,,consumable,I12,"I - State, charges & persistence",I12 - Cleanse / immunity,,,,,Peels a sticker off,cryptid,Consumable: removes one sticker at random from one of your cards,Consumable: removes one sticker of your choice from a card of your choice,"Consumable: removes every sticker from one card, good and bad alike"
Q0526,Sacred juggling (Daikagura),unanswered,,skill,I12,"I - State, charges & persistence",I12 - Cleanse / immunity,,,,,Juggling shakes off the bad,DESIGN_REFERENCES.md §A6 Japan,Each Balls meld scored removes one debuff,Each Balls meld scored removes one debuff from every card in that meld,Each meld of the suit this card carries removes one debuff from the grid
Q0527,The Incubator,unanswered,,skill,I12,"I - State, charges & persistence",I12 - Cleanse / immunity,,,,,Repairs whatever it covers,CARD_CATALOG,"Each turn a card sits covered by this one, that card sheds one debuff and recovers 1 lost rank","Each turn a card sits covered by this one, that card sheds all debuffs; lost rank is not restored","Every card in this card's column sheds one debuff per turn, whether covered or not"
Q0528,The Sunshine Clown,unanswered,,skill,I12,"I - State, charges & persistence",I12 - Cleanse / immunity,,,,,Cleans up beneath itself,CARD_CATALOG,"While spotlit, removes one debuff per turn from the cards directly below it, and never applies debuffs itself","While spotlit, removes one debuff per turn from every card in its grid, and never applies debuffs itself","While spotlit, removes one debuff per turn from the cards below it and converts each removed debuff into points"
Q0529,Candy Cane,unanswered,,skill,J1,J - Economy & resources,J1 - Gold generation,,,,,Retriggers pay in gold,cryptid,"For the next several shows, every retriggered card pays gold","For the rest of the run, every retriggered card pays gold at a lower rate","Every retriggered card pays gold, and the rate rises with the number of retriggers in that act"
Q0530,Cloud 9,unanswered,,skill,J1,J - Economy & resources,J1 - Gold generation,,,,,Paid for a rank you own,balatro,Earn gold at show end for each card of a named rank in your deck,"Earn gold at show end for each card of a named rank in your deck, with the rank changing each show",Earn gold at show end for each card of the rank you own most of
Q0531,Fridge Magnet,unanswered,,skill,J1,J - Economy & resources,J1 - Gold generation,,,,,Pays more the less you own,cryptid,"Earns gold at each show's end, multiplied several times over if you own few cards","Earns gold at each show's end, scaling inversely with how many cards you own","Earns gold scaling inversely with deck size, so thinning the deck pays twice"
Q0532,Gold,unanswered,,suit,J1,J - Economy & resources,J1 - Gold generation,,,,,"This suit's cards count as currency at full trade value in shops; when one scores, it mints a Heavy Gold token card to the deck bottom",CARD_CATALOG,"Cards of this suit trade at full value in shops, and one scoring mints a Heavy Gold token to the deck bottom","Cards of this suit trade at full value, and score points equal to the gold you currently hold","Cards of this suit trade at full value, and any line containing one pays its score in gold instead of points"
Q0533,Misdirection theft,unanswered,,skill,J1,J - Economy & resources,J1 - Gold generation,,,,,A hand in the town's pocket,DESIGN_REFERENCES.md §A2 Medieval & Renaissance Europe,"When the largest meld of a submit scores, a card may steal from the town for bonus gold","When the largest meld of a submit scores, a card steals gold from the town, at the cost of town reputation","Every meld that scores above a threshold steals a little gold, and being caught once ends it for the run"
Q0534,Gold Stake,unanswered,,rule,J2,J - Economy & resources,J2 - Costs & taxes,,,,,Cards you rent rather than own,balatro,Some cards arrive rented: they cost gold every show and are lost if you cannot pay,"Some cards arrive rented, costing gold every show, and may be bought out for a lump sum","Some cards arrive rented, and the rent falls each show until they become yours"
Q0535,Mud Show,unanswered,,rule,J2,J - Economy & resources,J2 - Costs & taxes,,,,,Town rule: every stack pickup this show costs 1 discard from the deck top,CARD_CATALOG,Town rule: every stack pickup this show discards the top card of the deck,Town rule: every stack pickup after the first each turn discards the top card of the deck,"Town rule: picking a stack up is free, but putting it down anywhere other than where it came from discards the deck's top card"
Q0536,Sapphire Stake,unanswered,,rule,J2,J - Economy & resources,J2 - Costs & taxes,,,,,A cut at every tier,cryptid,"Difficulty: lose a quarter of your gold at the end of each tier, up to a cap","Difficulty: lose a quarter of your gold at each tier's end, with no cap","Difficulty: lose a quarter of your gold at each tier's end, unless you spent none that tier"
Q0537,The Sponsorship,unanswered,,stamp,J2,J - Economy & resources,J2 - Costs & taxes,,,,,"Money now, a cut forever",CARD_CATALOG,"Two gold tokens at every show start, in exchange for occupying a stamp slot on your two highest cards and cutting payouts by 10%","Two gold tokens at every show start, in exchange for cutting payouts by 10%","Gold tokens at every show start equal to the number of shows played, in exchange for cutting payouts by 10% each time it pays"
Q0538,The Tooth,unanswered,,rule,J2,J - Economy & resources,J2 - Costs & taxes,,,,,Every card you play costs you,balatro,Lose gold for every card placed,Lose gold for every card placed after the first each act,"Lose gold for every card placed, and gain double that for every line completed"
Q0539,Compound Interest,unanswered,,skill,J3,J - Economy & resources,J3 - Interest,,,,,Interest that compounds,cryptid,"Earns a percentage of your gold at each show's end, and the percentage rises with each consecutive payout",Earns a fixed percentage of your gold at each show's end,"Earns a percentage that compounds, and resets the moment you spend below a threshold"
Q0540,Economy Tag,unanswered,,consumable,J3,J - Economy & resources,J3 - Interest,,,,,Doubles what you have,balatro,"Consumable: doubles your gold, up to a cap",Consumable: doubles your gold with no cap,"Consumable: doubles your gold up to a cap, and the cap rises each town"
Q0541,Rocket,unanswered,,skill,J3,J - Economy & resources,J3 - Interest,,,,,A payout that grows with every boss,balatro,"Earn gold at the end of each show, and the amount rises permanently each time a boss is beaten","Earn gold at the end of each show, rising permanently each time a show is won at all","Earn gold each show, rising per boss beaten, and resetting if a show is lost"
Q0542,Cards cannot retire until scored,unanswered,,rule,J4,J - Economy & resources,J4 - Selling,,,,,Nothing leaves until it has performed,DESIGN_DOC.md §17 Turn Resources,"A card cannot be sold or removed until it has scored, or its ability has fired, at least once",A card cannot be sold or removed until it has scored at least once; abilities firing do not count,"A card cannot be sold until it has scored, and its sale value rises with how often it has"
Q0543,Diet Cola,unanswered,,skill,J4,J - Economy & resources,J4 - Selling,,,,,Sell it to get something else,balatro,Sell this card to create a free bonus of a named kind,Sell this card to create a free bonus you choose from three,Sell this card to create a free bonus scaling with how long you held it
Q0544,Egg,unanswered,,skill,J4,J - Economy & resources,J4 - Selling,,,,,Worth more the longer you keep it,balatro,Gains sell value at the end of every show,"Gains sell value at the end of every show, and loses it all if it ever scores","Gains sell value every show, accelerating the longer it goes unsold"
Q0545,Emergency Chips,unanswered,,skill,J4,J - Economy & resources,J4 - Selling,,,,,Sell it for a chunk of the goal,cryptid,Selling this card immediately scores a fixed fraction of the show's goal,"Selling this card scores a fraction of the goal, larger the earlier in the show you sell it","Selling this card scores a fraction of the remaining goal, so it is worth most when you are behind"
Q0546,Gift Card,unanswered,,skill,J4,J - Economy & resources,J4 - Selling,,,,,Makes everything else worth more,balatro,"At the end of each show, every other card you own gains sell value","At the end of each show, every other card of the same class gains sell value","At the end of each show, every other card gains sell value, and this card gains the total gained"
Q0547,The Chamber (Waxworks),unanswered,,rule,J4,J - Economy & resources,J4 - Selling,,,,,Sells likenesses of your dead,DESIGN_REFERENCES.md §C3 Automata & Illusion Technology,Map node: sells likenesses of your destroyed cards for gold,"Map node: sells likenesses of your destroyed cards for gold, at a price scaling with what they scored while alive","Map node: sells likenesses of your destroyed cards, or buys one back as a playable copy"
Q0548,The Egress,unanswered,,skill,J4,J - Economy & resources,J4 - Selling,,,,,"Cue: send any grid card to the discard, gaining 1 Ticket Stub",CARD_CATALOG,Cue: send any grid card to the discard and gain one Ticket Stub,Cue: send any grid card to the discard and gain Ticket Stubs equal to its rank,"Cue: send any grid card to the discard for one Ticket Stub, or destroy it outright for three"
Q0549,The Shredder,unanswered,,skill,J4,J - Economy & resources,J4 - Selling,,,,,Worth more destroyed than sold,DESIGN_REFERENCES.md §G The Modern Era,Destroys itself when sold and pays double its price,"Destroys itself when sold and pays double, and cannot be sold at all in the first three towns","Destroys itself when sold and pays triple, but selling it also removes one other card"
Q0550,Astronomer,unanswered,,skill,J5,J - Economy & resources,J5 - Shop manipulation,,,,,One category is free,balatro,All cards of one named category are free in the shop,"All cards of one named category are free in the shop, and the category changes each town","One card per shop is free, and you choose which"
Q0551,Common,unanswered,,skill,J5,J - Economy & resources,J5 - Shop manipulation,,,,,"While in the deck, doubles the odds of Rare cards appearing in packs and shops",CARD_CATALOG,"While in the deck, doubles the chance of Rare cards appearing in packs and shops","While in the deck, doubles the chance of the rarity one step above this card's own appearing","While on the grid, the next pack opened contains one guaranteed Rare"
Q0552,Canfield rules economy,unanswered,,rule,J6,J - Economy & resources,J6 - Cards as currency,,,,,"Pay in cards, get paid in gold","DESIGN_REFERENCES.md §D Cards, Gambling & Fortune",Economy variant: you pay cards to play and earn gold per card scored,Economy variant: you pay cards to play and earn gold per line scored rather than per card,Economy variant: you pay one card per act and earn gold equal to that act's combo
Q0553,Card-stack shop pricing,unanswered,,rule,J6,J - Economy & resources,J6 - Cards as currency,,,,,Buying is also thinning,DESIGN_DOC.md §16 Economy & Shop,"Shop prices are paid as a stack of cards drawn from your own deck to match the listed value, so buying thins the deck",Shop prices are paid as a stack of cards you choose from your deck to match the listed value,"Shop prices may be paid in gold or in cards, at a better rate in cards"
Q0554,Cards as currency,unanswered,,rule,J6,J - Economy & resources,J6 - Cards as currency,,,,,"No money, only cards",DESIGN_DOC.md §16 Economy & Shop,Cards are the only currency; there is no gold at all,"Cards are the only currency, and a card's trade value is its rank","Cards are the only currency, and their trade value is set by rarity rather than rank"
Q0555,Mana cards,unanswered,,rule,J6,J - Economy & resources,J6 - Cards as currency,,,,,Any card is fuel,DESIGN_DOC.md §16 Economy & Shop,"Any card may be spent as a resource instead of played, with no separate resource bar",Any card may be spent as a resource; its value is its rank,"Any card may be spent as a resource, and spending one from the Entrance costs no act"
Q0556,Heat as second currency,unanswered,,rule,J7,J - Economy & resources,J7 - Second currency,,,,,"Heat, earned by being the villain",DESIGN_REFERENCES.md §F2 Kayfabe & Sports Entertainment,"Heel shows earn heat instead of fame, and some towns pay more for a villain","Heel shows earn heat alongside fame, and heat buys different things than fame does",Heel shows earn heat instead of fame; heat cannot buy cards but can buy rule changes
Q0557,Masked satire (Talchum),unanswered,,skill,J7,J - Economy & resources,J7 - Second currency,,,,,The mask takes the anger,DESIGN_REFERENCES.md §A13 Korea & Southeast Asia,"Earns heat safely: while masked, the town's retaliation lands on the mask rather than the card","Earns heat safely while masked, and the mask breaks after three shows",Earns heat safely while masked; unmasking converts all accumulated heat into fame at once
Q0558,The Cheap Pop,unanswered,,skill,J7,J - Economy & resources,J7 - Second currency,,,,,"When scored, grants a small bonus fame in every town",CARD_CATALOG,"When scored, grants a small amount of bonus fame in every town","When scored, grants bonus fame scaling with how many shows you have already played in this town","When scored, grants bonus fame, doubled in any town you have never performed in before"
Q0559,Credit Card,unanswered,,skill,J8,J - Economy & resources,J8 - Debt,,,,,Lets you go into debt,balatro,You may spend into debt down to a fixed negative limit,"You may spend into debt with no limit, but shows pay out to the debt first","You may spend into debt down to a limit, and interest accrues on what you owe"
Q0560,Cube,unanswered,,skill,J8,J - Economy & resources,J8 - Debt,,,,,Cheap because it costs you,cryptid,"A flat bonus, and acquiring it puts you into debt","A flat bonus, and holding it costs gold every show","A large flat bonus that puts you into debt, and the debt must be cleared before the run can be won"
Q0561,Luxury Tax,unanswered,,rule,J8,J - Economy & resources,J8 - Debt,,,,,Wealth costs you room,balatro,The Entrance shrinks by one card for every fixed amount of gold you hold,"The Entrance shrinks by one for every fixed amount of gold held, down to a floor of two",The grid loses one usable cell for every fixed amount of gold held
Q0562,Rich get Richer,unanswered,,rule,J8,J - Economy & resources,J8 - Debt,,,,,You cannot score more than you own,balatro,Points scored are capped at your current gold,"Points scored are capped at your current gold, and exceeding the cap converts the excess to gold at a poor rate","Points scored are capped at your gold, and gold is capped at your fame"
Q0563,The Claque,unanswered,,consumable,J8,J - Economy & resources,J8 - Debt,,,,,"Consumable: raises this show's fame floor to 60% of goal, but costs 1 Gold at every subsequent show forever",CARD_CATALOG,"Consumable: this show's floor rises to 60% of goal, but every later show costs 1 gold, forever","Consumable: this show's floor rises to 60% of goal, and the next three shows each cost 1 gold","Consumable: this show's floor rises to 60% of goal, and every later show's reward drops by 5%"
Q0564,The Greed,unanswered,,rule,J8,J - Economy & resources,J8 - Debt,,,,,Being rich raises the bar,cryptid,Boss: the goal rises with the gold you hold when the show is selected,"Boss: the goal rises with the gold you hold, recalculated at every act","Boss: the goal rises with gold held, and spending gold mid-show lowers it again"
Q0565,The Ox,unanswered,,rule,J8,J - Economy & resources,J8 - Debt,,,,,Boss: your favourite hand costs you everything,balatro,Boss: scoring your most-played hand type sets your gold to nothing,Boss: scoring your most-played hand type halves your gold each time,Boss: scoring your most-played hand type costs gold equal to what that line scored
Q0566,Inflation,unanswered,,rule,J9,J - Economy & resources,J9 - Price setting,,,,,Everything you buy raises the prices,balatro,Every purchase permanently raises all shop prices,"Every purchase permanently raises all shop prices, and every sale lowers them",Every purchase raises prices for the rest of the town only
Q0567,Rotten Egg,unanswered,,skill,J9,J - Economy & resources,J9 - Price setting,,,,,Crashes the sale price of everything,cryptid,"Sets the sell value of every card, present and future, to the minimum, then destroys itself once it has earned enough","Sets the sell value of every card to the minimum permanently, with no escape","Halves the sell value of every card, and pays you the difference each time one is sold"
Q0568,Banner,unanswered,,skill,K1,K - Turn resources & flow,K1 - Discards,,,,,Paid for the discards you did not use,balatro,Scores bonus points per unused Entrance discard remaining,"Scores bonus points per unused discard, doubled if none were used at all","Scores bonus points per unused discard and per unused undo, together"
Q0569,Crazy Tan escalating draw penalty,unanswered,,rule,K1,K - Turn resources & flow,K1 - Discards,,,,,Skipping compounds,gam draft.txt:1353,Each consecutive turn without a legal placement raises the number of cards the next player must discard by one,"Each consecutive turn without a legal placement discards one extra card from the deck, resetting when a placement happens",Each turn without a placement raises the discard penalty by one and lowers the show's goal by the same
Q0570,Delayed Gratification,unanswered,,skill,K1,K - Turn resources & flow,K1 - Discards,,,,,Paid for restraint,balatro,Earn gold per discard if no discards were used by the end of the show,"Earn gold per unused discard, whether or not any were used","Earn gold per unused discard, and the rate rises the longer you go without using one"
Q0571,Green Joker,unanswered,,skill,K1,K - Turn resources & flow,K1 - Discards,,,,,"Rises with acts, falls with discards",balatro,Gains a multiplier per act played this show and loses one per discard used,"Gains a multiplier per act played this show, with discards costing nothing","Gains a multiplier per act played and loses two per discard, so the choice is sharp"
Q0572,The Loose Card,unanswered,,rule,K1,K - Turn resources & flow,K1 - Discards,,,,,Discard whatever is connected to nothing. (line 845),generated,"Any card with no connection to anything else in its column may be discarded freely, and the column closes up behind it","Any card with no connection to anything else in its column may be discarded freely, and a replacement is drawn onto that column","Any card that is part of no potential meld at all may be discarded freely, whatever its column"
Q0573,The Mulligan,unanswered,,skill,K1,K - Turn resources & flow,K1 - Discards,,,,,Throws one card back,CARD_CATALOG,Discard one Entrance card per turn before placement; further copies add one discard each,"Discard any number of Entrance cards per turn, but each discard after the first costs 1 gold","Discard one Entrance card per turn, and the discarded card is replaced immediately from the deck"
Q0574,Fame banks at Continue,unanswered,,rule,K2,K - Turn resources & flow,K2 - Undo,,,,,A win is not banked until you say so,DESIGN_DOC.md §2 Core Game Loop refinements,"Fame is committed only when you press Continue after a win, so the show stays undoable until then","Fame is committed at the outcome screen, and only the last act is undoable","Fame is committed when you press Continue, and you may replay the show once instead of banking it"
Q0575,Free Undo,unanswered,,rule,K2,K - Turn resources & flow,K2 - Undo,,,,,Grants one free undo per turn that does not carry over,CARD_CATALOG,"One free undo per turn, which does not carry over","One free undo per turn, and unused undos accumulate up to three","Unlimited undos until the first line scores each show, and none after"
Q0576,The Escapologist,unanswered,,skill,K2,K - Turn resources & flow,K2 - Undo,,,,,"Free undo becomes 2 per turn, and all debuffs on your cards expire one show sooner",CARD_CATALOG,"Free undos become two per turn, and debuffs on your cards expire one show sooner",Free undos become two per turn,"Free undos become two per turn, and an undo also rewinds any debuff applied since"
Q0577,Live undo during resolution,unanswered,,rule,K2,K - Turn resources & flow,K2 - Undo,,,,,Undo mid-resolution,DESIGN_DOC.md §2 Core Game Loop refinements,"Pressing Undo during a resolving act cancels it: resolution fast-forwards and the pre-act board returns, costing no act","Pressing Undo during a resolving act cancels it, but the act is still spent","Pressing Undo during a resolving act pauses it, letting you resume or cancel after seeing what has resolved so far"
Q0578,The Ledger of Undos,unanswered,,rule,K2,K - Turn resources & flow,K2 - Undo,,,,,Undo accrual has to account for its own rewinding. (line 807),generated,"Undos accrue every few turns; undoing rewinds the turn counter, and the game tracks what you already banked so a rewind cannot mint you a second one","Undos accrue every few turns, and rewinding past the point one was earned takes it back again","Undos accrue per turn and are banked permanently the moment they are earned, so rewinding never touches them"
Q0579,The Rewinder,unanswered,,skill,K2,K - Turn resources & flow,K2 - Undo,,,,,Spends your safety net for points,CARD_CATALOG,"Cue: destroy your oldest undo snapshots for bonus points each, up to five per act","Cue: destroy every undo snapshot you hold for bonus points each, once per show",Cue: destroy your oldest undo snapshot for bonus points scaling with how many turns ago it was taken
Q0580,Escalating reroll cost,unanswered,,rule,K3,K - Turn resources & flow,K3 - Rerolls,,,,,Rerolling gets dearer,DESIGN_DOC.md §16 Economy & Shop,Shop reroll cost rises with each use within a shop,Shop reroll cost rises with each use and does not reset between shops,"Shop reroll cost rises with each use, and the first reroll of each shop is always free"
Q0581,Flash Card,unanswered,,skill,K3,K - Turn resources & flow,K3 - Rerolls,,,,,Grows on rerolls,balatro,Gains a permanent bonus for every shop reroll you make,"Gains a permanent bonus per reroll, and the reroll cost stops rising while it is held","Gains a permanent bonus per reroll, and loses one for each shop you leave without rerolling"
Q0582,Burglar,unanswered,,skill,K4,K - Turn resources & flow,K4 - Acts / submits,,,,,"More acts, no discards",balatro,"When a show begins, gain extra acts and lose every discard for that show","When a show begins, gain extra acts and lose every discard and undo",You choose at show start how many discards to trade for how many extra acts
Q0583,John Robinson,unanswered,,rule,K4,K - Turn resources & flow,K4 - Acts / submits,,,,,"Elite hazard: the show is shortened to 2 submits instead of 3, with the goal unchanged",CARD_CATALOG,"Elite hazard: the show has 2 submits instead of 3, with the goal unchanged","Elite hazard: the show has 2 submits instead of 3, and the goal drops 20%",Elite hazard: the show ends the moment any grid is completely filled
Q0584,The All-Nighter,unanswered,,rule,K4,K - Turn resources & flow,K4 - Acts / submits,,,,,Three times the show,DESIGN_REFERENCES.md §A13 Korea & Southeast Asia,"Show: triple the submits, triple the goal, triple the reward","Show: triple the submits and goal, with the reward scaling to how far past the goal you get","Show: triple the submits and goal, and the deck is not reshuffled between them"
Q0585,The Needle,unanswered,,rule,K4,K - Turn resources & flow,K4 - Acts / submits,,,,,Boss: one act only,balatro,"Boss: the show has a single act, at a proportionally lower goal",Boss: the show has a single act at the full goal,"Boss: the show has a single act, and every line completed in it scores twice"
Q0586,Audience Patience,unanswered,,rule,K5,K - Turn resources & flow,K5 - Patience clock,,,,,"Each show, patience starts at N; each pickup or placement spends 1 patience, a unique effect trigger refunds 1; at 0 patience the Entrance auto-commits",CARD_CATALOG,Patience starts at 20 each show; every pickup or placement spends 1 and every unique effect trigger refunds 1; at 0 the Entrance auto-commits its remaining cards to random cells,"Patience starts at 20 each show and is spent only by placement, never by pickup; at 0 the show ends immediately and scores what is on the grid",Each grid carries its own patience of 10; running one grid dry locks it and forces the Entrance onto another grid
Q0587,Lavender Loop,unanswered,,rule,K5,K - Turn resources & flow,K5 - Patience clock,,,,,The goal grows while you think,cryptid,The show's goal rises steadily with real time spent in it,"The show's goal rises with the number of actions taken, not with real time","The show's goal rises with real time, and pausing stops the clock at a fame cost"
Q0588,Roman Numerals rank,unanswered,,rank,K6,K - Turn resources & flow,K6 - Time / tempo,,,,,A rank that keeps time,curated effects pre grid.csv:53,Ranks run 1 to 12 and wrap; the rank advances by 1 with every player action,Ranks run 1 to 12 and wrap; the rank advances by 1 with every line completed,"Ranks run 1 to 12 and wrap; the rank advances by 1 per action, and you may cue to stop the clock for a turn"
Q0589,The Charivari,unanswered,,skill,K6,K - Turn resources & flow,K6 - Time / tempo,,,,,"If 4 or more cards are placed onto the grid on the first turn of a show, gain bonus multiplier on the first act's payout",CARD_CATALOG,"If four or more cards are placed on the first turn of a show, the first act's payout gains a multiplier","If the whole Entrance is placed within one turn, that act's payout gains a multiplier",Each act gains a multiplier scaling with how few turns it took to fill the lines that scored in it
Q0590,La Belle Lucie merci rule,unanswered,,rule,K7,K - Turn resources & flow,K7 - Free actions,,,,,One mercy move,gam draft.txt:1227,"When no legal moves remain, one card may be shifted up or down by one position","When no legal moves remain, one card may be moved anywhere, once per show","One mercy move is granted per show whether or not you are stuck, and it is lost if unused"
Q0591,Soundcheck,unanswered,,rule,K7,K - Turn resources & flow,K7 - Free actions,,,,,"At show start, grants one free move (grab and place one stack) before the first Entrance refresh, without spending an act",CARD_CATALOG,"At show start, one free grab-and-place before the first Entrance refresh, costing no act","At the start of every act, one free grab-and-place costing no act","At show start, one free grab-and-place, and another every time a grid is completely filled"
Q0592,Stuntman,unanswered,,skill,K7,K - Turn resources & flow,K7 - Free actions,,,,,"Huge, and it costs you room",balatro,"A very large flat bonus, at the cost of two Entrance slots","A very large flat bonus, at the cost of one act per show","A very large flat bonus, at the cost of two Entrance slots, refundable by selling it"
Q0593,5D multiverse time-travel card,unanswered,,skill,K8,K - Turn resources & flow,K8 - Phase manipulation,,,,,Sends a card into the past,random potential effects.csv:31,"Cue: send a card into a past board state, play that board out, and keep only what differs from the present",Cue: send a card into the previous turn's board state and replay that turn with it there,"Cue: rewind the grid to its state three turns ago, keeping every card you have gained since"
Q0594,Labyrinth,unanswered,,skill,K8,K - Turn resources & flow,K8 - Phase manipulation,,,,,Every act is the first act,cryptid,Every act counts as the first act of the show for every effect that cares,"Every act counts as the first act, and every discard as the first discard","Every act counts as the first, and every act also counts as the last"
Q0595,The Crowd Takes Over,unanswered,,rule,K8,K - Turn resources & flow,K8 - Phase manipulation,,,,,The audience plays your turn,DESIGN_REFERENCES.md §G The Modern Era,"For one turn, a seeded random audience makes your moves for you","For one turn the audience makes your moves, and anything it scores pays double",For one turn the audience proposes each move and you may veto one of them
Q0596,The Fourth Wall,unanswered,,skill,K8,K - Turn resources & flow,K8 - Phase manipulation,,,,,"Once per act, during scoring resolution, pauses the show to allow one grab/place before resolution continues",CARD_CATALOG,"Once per act, pause scoring mid-resolution to make one grab and place before resolution continues","Once per show, pause scoring mid-resolution to make one grab and place","Once per act, pause scoring mid-resolution to make one grab and place, but the paused line scores at half"
Q0597,The Time Signature,unanswered,,rule,K8,K - Turn resources & flow,K8 - Phase manipulation,,,,,Splits the submit in two,CARD_CATALOG,"Rows score at Submit as normal; columns score at the start of the next turn against the board as it then stands, and the combo carries across","Rows score at Submit; columns score at the start of the next turn, and the combo resets between them","You choose per act whether rows or columns resolve first, and the second one resolves against the board the first one left"
Q0598,Paper the House,unanswered,,consumable,K9,K - Turn resources & flow,K9 - End early,,,,,"Consumable: auto-passes one town's fame check, but grants zero fame and zero rewards from it",CARD_CATALOG,"Consumable: one town's requirement passes automatically, granting no fame and no rewards",Consumable: one town's requirement passes automatically at half fame and half rewards,"Consumable: one town's requirement passes automatically, and the following town's goal rises by the fame you skipped"
Q0599,Golden Buzzer,unanswered,,consumable,K9,K - Turn resources & flow,K9 - End early,,,,,"Consumable, once per run: skips one town's requirement entirely for an instant win with full rewards",CARD_CATALOG,"Consumable, once per run: one show is skipped and counts as won with full rewards","Consumable, once per run: one show is skipped and counts as won, with no rewards","Consumable, once per run: one show is won immediately at whatever score is already on the grid"
Q0600,The Gong,unanswered,,rule,K9,K - Turn resources & flow,K9 - End early,,,,,Town hazard: any submit scoring under 25% of goal ends the show immediately,CARD_CATALOG,Town hazard: any submit scoring under 25% of goal ends the show at once,Town hazard: any submit scoring under 25% of goal costs you an act,Town hazard: any submit scoring less than the one before it ends the show at once
Q0601,The Big Top,unanswered,,skill,K10,K - Turn resources & flow,K10 - Spatial cost,,,,,Priced in board space,generated,"This card blocks the four cells around it, which can never be filled, and scores hugely for it","This card blocks the four cells around it, and scores in proportion to how many it is blocking","This card blocks its neighbours until it scores, then releases them"
Q0602,The Clearance,unanswered,,rule,K10,K - Turn resources & flow,K10 - Spatial cost,,,,,Room is the resource,generated,"Rule: effects are paid for with empty cells rather than gold, at a fixed rate","Rule: effects may be paid for with empty cells or gold, your choice, at a fixed rate","Rule: effects are paid for with empty cells, and a full grid means nothing can fire"
Q0603,The Deposit,unanswered,,skill,K10,K - Turn resources & flow,K10 - Spatial cost,,,,,Pay a cell to fire,generated,Cue: permanently destroy one empty cell on the grid to fire this card's effect,Cue: block one empty cell for the rest of the show to fire this card's effect,"Cue: block one empty cell per use, so repeated use costs more and more room"
Q0604,The Casting Call,unanswered,,skill,K11,K - Turn resources & flow,K11 - Choice-presenting,,,,,Lets you choose the target every time,generated,"Each time this card triggers, you choose which card its effect lands on","Each time this card triggers, you choose the target from three the card offers","Each time this card triggers you choose the target, and choosing the same one twice running doubles it"
Q0605,The Director's Note,unanswered,,skill,K11,K - Turn resources & flow,K11 - Choice-presenting,,,,,"Fires, then asks",generated,"When a line scores, choose which of its cards keeps the bonus for the rest of the show","When a line scores, choose one of its cards to score again immediately","When a line scores, choose between a large bonus now and a smaller permanent one"
Q0606,The Fork,unanswered,,consumable,K11,K - Turn resources & flow,K11 - Choice-presenting,,,,,"Two roads, pick one",generated,Consumable: offers two effects drawn at random; you take one and the other is lost,Consumable: offers two effects; you take one now and the other becomes available next show,"Consumable: offers three effects and you take one, with the rejected two raising the odds of better offers later"
Q0607,Bus Driver,unanswered,,skill,L1,"L - Risk, gambling & failure",L1 - Coin flip,,,,,"Usually great, sometimes awful",cryptid,"A large multiplier three times in four, and an equally large penalty the fourth","A large multiplier three times in four, and nothing the fourth","A large multiplier three times in four and a penalty the fourth, with the odds improving each time it pays out"
Q0608,Chocolate Die,unanswered,,rule,L1,"L - Risk, gambling & failure",L1 - Coin flip,,,,,A die decides what happens next,cryptid,Beating a boss rolls a die to start a random event,"Beating a boss rolls a die to start a random event, and you may reroll once",Beating a boss rolls a die whose faces you have collected over the run
Q0609,Color-wheel booth,unanswered,,rule,L1,"L - Risk, gambling & failure",L1 - Coin flip,,,,,Bet on a colour,DESIGN_REFERENCES.md §A13 Korea & Southeast Asia,Stake a gold card on a suit at a wheel; hitting it pays out several times over,Stake any number of gold cards on a suit at a wheel; hitting it pays out several times over,"Stake a gold card on a suit; hitting it pays out, and missing converts the stake into a debuff card"
Q0610,Glitched,unanswered,,stamp,L1,"L - Risk, gambling & failure",L1 - Coin flip,,,,,Every number on it is a lie,cryptid,"Every value on this card is randomised within a wide band, rerolled each show","Every value on this card is randomised once, when acquired, and fixed thereafter","Every value is randomised each act, so the same card is different every time it fires"
Q0611,Misprint,unanswered,,skill,L1,"L - Risk, gambling & failure",L1 - Coin flip,,,,,A wildly variable bonus,balatro,"Scores a random multiplier between nothing and a large amount, rerolled every act","Scores a random multiplier between nothing and a large amount, fixed for the whole show once rolled","Scores a random multiplier, and you may reroll it once per act"
Q0612,Run the monte (thrower),unanswered,,rule,L1,"L - Risk, gambling & failure",L1 - Coin flip,,,,,Run the game yourself,"DESIGN_REFERENCES.md §D Cards, Gambling & Fortune","Play the swindler's side for gold, at the risk of the town's reputation",Play the swindler's side for gold; being caught bars you from that town for the rest of the run,"Play the swindler's side for gold, with the payout and the risk both set by how long you keep going"
Q0613,Snake Oil,unanswered,,consumable,L1,"L - Risk, gambling & failure",L1 - Coin flip,,,,,"Consumable: gives +3 rank to one card this show, with a seeded 1-in-4 chance of doing nothing",CARD_CATALOG,"Consumable: +3 rank to one card this show, with a 1-in-4 chance of doing nothing at all","Consumable: +3 rank to one card permanently, with a 1-in-2 chance of doing nothing at all",Consumable: +3 rank to one card this show; on the 1-in-4 failure it instead loses 3 rank
Q0614,The Faro Bank,unanswered,,rule,L1,"L - Risk, gambling & failure",L1 - Coin flip,,,,,A crooked bank,"DESIGN_REFERENCES.md §D Cards, Gambling & Fortune","Gambling node where the house cheats, and you may cheat back",Gambling node where the house cheats; catching it out pays the whole bank,"Gambling node where the house cheats and you may cheat back, with being caught costing town reputation"
Q0615,Trick-or-Treat,unanswered,,skill,L1,"L - Risk, gambling & failure",L1 - Coin flip,,,,,"Sold, it is a treat or a trick",cryptid,"When sold, usually creates two useful tokens, and occasionally a cursed card instead","When sold, creates two useful tokens or a cursed card at even odds","When sold, creates tokens or a curse, and you may pay gold to improve the odds"
Q0616,Wheel of Death roulette,unanswered,,skill,L1,"L - Risk, gambling & failure",L1 - Coin flip,,,,,A wheel that lands where the knife did,DESIGN_REFERENCES.md §B4 Danger Acts,A bonus wheel spins and pays out on the cell where the last Knives card scored,"A bonus wheel spins and pays out on a random cell, with the payout scaling with that cell's rank","A bonus wheel spins where the last Knives card scored, and you may re-spin once at the cost of half the payout"
Q0617,Fragile,unanswered,,skill,L2,"L - Risk, gambling & failure",L2 - Odds manipulation,,,,,Its odds cannot be improved,cryptid,"A large multiplier with a small chance of destruction each trigger, and no effect may alter those odds","A large multiplier with a small chance of destruction, and odds-improving effects work on it normally","A large multiplier whose destruction odds cannot be altered, and which grows each time it survives"
Q0618,Non Verisimile,unanswered,,skill,L2,"L - Risk, gambling & failure",L2 - Odds manipulation,,,,,Long odds pay proportionally,cryptid,"Whenever a probability check succeeds, gains a multiplier equal to how unlikely it was","Whenever a probability check succeeds, gains a fixed multiplier regardless of the odds","Whenever a probability check succeeds, gains a multiplier equal to its odds, and loses one when a check fails"
Q0619,Oops! All 6s,unanswered,,skill,L2,"L - Risk, gambling & failure",L2 - Odds manipulation,,,,,Doubles every chance in the game,balatro,Every stated probability in the game is doubled,Every stated probability affecting your own cards is doubled,"Every stated probability is doubled, including the ones that work against you"
Q0620,Wheel of Hope,unanswered,,skill,L2,"L - Risk, gambling & failure",L2 - Odds manipulation,,,,,Paid for its failures,cryptid,Gains a permanent multiplier every time one of your probability checks fails,"Gains a permanent multiplier every time a probability check fails, and loses it when one succeeds","Gains a permanent multiplier per failed check, scaling with how likely that check was to succeed"
Q0621,Injury stacking status,unanswered,,rule,L3,"L - Risk, gambling & failure",L3 - Injury stacks,,,,,"Injuries stack, and they end careers",gam draft.txt:1028,"Each act a card performs may add an injury stack, and each stack raises the chance it retires permanently; a card that sits out an act sheds one",Each act may add an injury stack raising the retirement chance; stacks never clear,"Each act may add an injury stack; a card sits out to shed one, and a protective card lowers the chance"
Q0622,"Net card lowers retirement, raises injury",unanswered,,skill,L3,"L - Risk, gambling & failure",L3 - Injury stacks,,,,,A net changes the odds,gam draft.txt:1176,Raises the chance of injury but lowers the chance of retirement,Lowers the chance of retirement without affecting injury at all,"Raises injury chance and lowers retirement chance, and converts each prevented retirement into fame"
Q0623,Contract Ink,unanswered,,stamp,L4,"L - Risk, gambling & failure",L4 - Permanent retirement,,,,,"Scores +X points per show it is played; if benched two shows in a row, it is permanently removed from the deck",CARD_CATALOG,Scores bonus points each show it is played; two consecutive shows unplaced and it is removed from the deck for good,Scores bonus points each show it is played; one show unplaced and it drops a rarity tier,"Scores double points each show it is played, and is removed from the deck for good after five shows regardless"
Q0624,Railroad Jump,unanswered,,rule,L4,"L - Risk, gambling & failure",L4 - Permanent retirement,,,,,"Map-edge hazard: traveling this route costs one card, permanently removed from the deck",CARD_CATALOG,"Map hazard: taking this route costs one card, removed from the deck for good","Map hazard: taking this route costs one card of your choice, removed from the deck for good","Map hazard: taking this route costs one random card, which returns two towns later"
Q0625,Bull-leap vault,unanswered,,skill,L5,"L - Risk, gambling & failure",L5 - Insurance,,,,,Dodges the attack and takes a bow,DESIGN_REFERENCES.md §A1 The Ancient World,"When a boss attacks this card's column, it dodges and scores instead","When a boss attacks anywhere on its grid, this card dodges the hit for the whole column and scores","When a boss attacks this card's column, it dodges and scores; each successful dodge raises the score it takes"
Q0626,Deus ex Machina,unanswered,,consumable,L5,"L - Risk, gambling & failure",L5 - Insurance,,,,,"Consumable, once per run: when a show is lost, it is instead won at exactly the goal",CARD_CATALOG,"Consumable, once per run: a lost show is instead won at exactly its goal",Consumable: a lost show is replayed from the start with the same deck and a fresh seed,"Consumable, once per run: a lost show is won, and the next show's goal doubles"
Q0627,Press Bribery,unanswered,,skill,L5,"L - Risk, gambling & failure",L5 - Insurance,,,,,"Once: on failing a town, keep touring as if it were won; if still unspent by the final town, converts to an automatic win there",CARD_CATALOG,"Once: a failed town is treated as won and the tour continues; unspent at the final town, it becomes an automatic win there","Once: a failed town is treated as won and the tour continues; unspent, it is simply wasted",Once: a failed town is replayed with the Entrance order known in advance
Q0628,The Elimination Save,unanswered,,rule,L5,"L - Risk, gambling & failure",L5 - Insurance,,,,,"Two would die, so they duel","DESIGN_REFERENCES.md §F4 Dance, Drag & Ballroom","When two cards would be destroyed at once, they duel and the winner survives","When two cards would be destroyed at once, you choose which survives","When two cards would be destroyed at once they duel, and the survivor takes the loser's rank"
Q0629,The Mime,unanswered,,stamp,L5,"L - Risk, gambling & failure",L5 - Insurance,,,,,Takes the hit for the stack,CARD_CATALOG,Attaches to a stack and absorbs the first hostile effect aimed at any card in it,"Attaches to a stack and absorbs every hostile effect aimed at it, breaking after three","Attaches to a stack and absorbs the first hostile effect each show, refreshing between shows"
Q0630,The Rodeo Clown,unanswered,,skill,L5,"L - Risk, gambling & failure",L5 - Insurance,,,,,Steps in front of the hit,CARD_CATALOG,"Once per turn, when a boss or town effect targets another of your cards, it hits this one instead","Whenever a boss or town effect targets another of your cards, it hits this one instead, until this card is destroyed","Once per turn, redirect a hostile effect onto this card, and this card scores bonus points for taking it"
Q0631,All In card,unanswered,,skill,L6,"L - Risk, gambling & failure",L6 - Double or nothing,,,,,"Double now, double the goal",random potential effects.csv:3,"On the next score, the total doubles, and so does the score needed next round","On the next score the total doubles, and the next round's goal rises by half",You choose the multiplier; the goal rises by the same multiplier
Q0632,Flesh Panopticon,unanswered,,rule,L6,"L - Risk, gambling & failure",L6 - Double or nothing,,,,,An enormous boss that pays enormously,cryptid,"Boss: the goal is many times larger than normal, and beating it grants an outsized reward","Boss: the goal is many times larger, and you may decline it for a lesser reward","Boss: you set the multiplier on the goal yourself, and the reward scales with it"
Q0633,Risk/reward doubled-points tricks,unanswered,,rule,L6,"L - Risk, gambling & failure",L6 - Double or nothing,,,,,Bigger tricks fail more often,gam draft.txt:1115,"Higher-tier tricks pay more and fail more often, with risk-lowering cards to manage it","Higher-tier tricks pay more and fail more often, and you opt in per trick","Every trick may be attempted at doubled points for doubled failure chance, chosen per attempt"
Q0634,The Bullet Catch,unanswered,,skill,L6,"L - Risk, gambling & failure",L6 - Double or nothing,,,,,"When scored in the Spotlight, scores 10x rank, but has a seeded 1-in-13 chance of being destroyed instead",CARD_CATALOG,"When scored while spotlit, scores ten times its rank, with a 1-in-13 chance of being destroyed instead","When scored while spotlit, scores ten times its rank, with a 1-in-13 chance of being destroyed; each survival shortens the odds by one","When scored while spotlit, you choose the multiplier up to ten times rank, and the destruction chance scales with it"
Q0635,The Committee,unanswered,,rule,L6,"L - Risk, gambling & failure",L6 - Double or nothing,,,,,Submit a fake for inspection,"DESIGN_REFERENCES.md §C2 Séance, Spiritualism & Paranormal","Submit a fake card for testing: a large reward if it survives scrutiny, destroyed if it does not","Submit a fake for testing: a large reward if it survives, and it becomes real if it does","Submit any card for testing: the reward scales with how fake it is, and failure destroys it"
Q0636,The Mask Wager,unanswered,,rule,L6,"L - Risk, gambling & failure",L6 - Double or nothing,,,,,Stake your identity,DESIGN_REFERENCES.md §F2 Kayfabe & Sports Entertainment,Duel: stake a card's stamp and identity; losing unmasks it permanently across the save file,Duel: stake a card's stamp; losing removes the stamp but leaves the card,"Duel: stake a card's identity, and the prize is the opponent's, so a win doubles your stamps"
Q0637,Entrance-set betting proposal,unanswered,,rule,L7,"L - Risk, gambling & failure",L7 - Declared bets,,,,,Bet on this Entrance against the next,gam draft.txt:1410,"Before placing, wager on whether the current Entrance will out-score the next one","Before placing, wager on whether the current Entrance will out-score the next; winning lets you keep both","Before placing, you may sell the current Entrance unseen for a fixed sum and take the next instead"
Q0638,Mock the Booking,unanswered,,skill,L7,"L - Risk, gambling & failure",L7 - Declared bets,,,,,Talks the contract down,DESIGN_REFERENCES.md §A7 India & South Asia,"Once per tour, reduce the declared Booking target","Once per tour, reduce the declared Booking target by half","Once per show, reduce the declared Booking target, but the reward falls by the same fraction"
Q0639,The Booking,unanswered,,rule,L7,"L - Risk, gambling & failure",L7 - Declared bets,,,,,"Declares a goal/term for the show (e.g. score X with no Knife melds); fulfilling it grants bonus fame, missing it triggers a worse penalty",CARD_CATALOG,"Declare a term for the show before it starts - a score with a named restriction; meeting it pays a bonus, missing it costs more than the bonus was worth","Declare a term before the show; meeting it pays a bonus, missing it simply pays nothing","Declare a term before the show, and declare how much you are staking on it; both the bonus and the penalty scale with the stake"
Q0640,The Rider,unanswered,,skill,L7,"L - Risk, gambling & failure",L7 - Declared bets,,,,,Carries a clause you have to honour,CARD_CATALOG,"Carries one hidden instruction; obeying it all show scores this card double, and breaking it scores it zero without telling you","Carries one hidden instruction; obeying it scores this card double, and breaking it is announced when it happens",Carries one hidden instruction that you may pay gold to read before the show starts
Q0641,Crit chance to increase score,unanswered,,rule,L8,"L - Risk, gambling & failure",L8 - Crit chance,,,,,Sometimes a trigger lands harder,gam draft.txt:1177,Every trigger has a small chance to crit and pay double,"Every trigger has a small chance to crit and pay double, with the chance rising per trigger already fired this act",Every trigger has a chance to crit; the chance is fixed but the crit multiplier grows with the act's combo
Q0642,Brodie's Leap,unanswered,,skill,L9,"L - Risk, gambling & failure",L9 - Cursed cards,,,,,"Banks fame each show for an unearned stunt; if ever exposed by an inspection effect, loses double everything banked",CARD_CATALOG,Banks points each show instead of scoring them; any inspection effect used on this card forfeits the whole bank,"Banks points each show and pays out at the end of the run, but the bank is lost entirely if this card is ever covered","Banks double points each show, with a 1-in-4 chance at the end of each show that the bank is lost"
Q0643,Cavendish,unanswered,,skill,L9,"L - Risk, gambling & failure",L9 - Cursed cards,,,,,"Enormous, and it might not survive",balatro,"Triples score, with a 1-in-1000 chance of being destroyed at the end of each show","Triples score, with a 1-in-100 chance of being destroyed at the end of each show","Triples score, and the destruction chance rises each show it survives"
Q0644,Cherry Pie,unanswered,,consumable,L9,"L - Risk, gambling & failure",L9 - Cursed cards,,,,,A debuff you took on purpose,DESIGN_RECOMMENDATIONS.md §9 Events,Take a debuff card for this show in exchange for gold,Take a debuff card for this show in exchange for gold scaling with how bad the debuff is,Take a debuff card for the rest of the run in exchange for gold every show
Q0645,Devil Parade,unanswered,,rule,L9,"L - Risk, gambling & failure",L9 - Cursed cards,,,,,Play the show with damaged goods,DESIGN_REFERENCES.md §A11 South America,Show variant: play the debuffed cards; each one scored turns its debuff into fame,Show variant: play the debuffed cards; each one scored clears its debuff permanently,"Show variant: every card you play is debuffed on arrival, and scoring turns each debuff into fame"
Q0646,Monopoly Money,unanswered,,skill,L9,"L - Risk, gambling & failure",L9 - Cursed cards,,,,,Money that might not be real,cryptid,"A chance that purchases are destroyed on buying, and selling this card halves your gold","A chance that purchases are destroyed on buying, and selling this card costs all your gold","A chance purchases are destroyed, and each destroyed purchase permanently buffs this card"
Q0647,The Dirty Opening,unanswered,,rule,L9,"L - Risk, gambling & failure",L9 - Cursed cards,,,,,Everything starts damaged,DESIGN_REFERENCES.md §A14 The Caribbean & Central America,"Show: every card starts debuffed, and any card that scores anyway pays double","Show: every card starts debuffed, and scoring one clears its debuff",Show: every card starts debuffed and pays double; the debuffs deepen each act
Q0648,The Kneeling Devil,unanswered,,skill,L9,"L - Risk, gambling & failure",L9 - Cursed cards,,,,,A liability that pays off at the very end,CARD_CATALOG,"Debuffs its own column every show; kept in the deck for the whole tour, it becomes a Legendary at the final city","Debuffs its own column every show; kept for the whole tour it becomes Legendary, and selling it early pays nothing","Debuffs its own column every show, and each show survived raises what it becomes at the final city by one tier"
Q0649,The Scottish Play curse,unanswered,,skill,L9,"L - Risk, gambling & failure",L9 - Cursed cards,,,,,Do not say its name,DESIGN_REFERENCES.md §F1 Theater & Opera,Cueing this card by its true name brings bad luck; a discoverable ritual cleanses it,"Cueing this card by its true name brings bad luck permanently, with no cure","Cueing it by name brings bad luck, and the ritual that cleanses it is different each run"
Q0650,Till Eulenspiegel deal,unanswered,,skill,L9,"L - Risk, gambling & failure",L9 - Cursed cards,,,,,Does exactly what it says,DESIGN_REFERENCES.md §A2 Medieval & Renaissance Europe,Grants exactly what its text says rather than what you meant by it,"Grants exactly what its text says, and the text is written to be misread",Grants exactly what its text says; you may pay fame to have the text clarified before accepting
Q0651,White Elephant,unanswered,,skill,L9,"L - Risk, gambling & failure",L9 - Cursed cards,,,,,"Enormous, and it eats",CARD_CATALOG,"Scores hugely, but consumes 1 gold token every show it stays in the deck, or 1 rank from your richest card if you have none","Scores hugely, but consumes 1 gold every show, and is destroyed if you cannot pay","Scores hugely, and its upkeep rises by 1 gold for every show it has been in the deck"
Q0652,Burning Man build-to-burn,unanswered,,skill,L10,"L - Risk, gambling & failure",L10 - Sacrifice,,,,,Build it up to burn it down,DESIGN_REFERENCES.md §G The Modern Era,Build a temporary venue out of your own cards and burn it for a payout; ending the show with an empty board pays a further bonus,Build a temporary venue out of your own cards and burn it for a payout scaling with the ranks committed,"Build a temporary venue and burn it; the payout scales with the ranks committed, and an empty board at show end doubles it"
Q0653,Ceremonial Dagger,unanswered,,skill,L10,"L - Risk, gambling & failure",L10 - Sacrifice,,,,,Eats the card beside it for good,balatro,"When a show begins, destroys an adjacent card and permanently gains twice that card's value as a multiplier","When a show begins, destroys an adjacent card and permanently gains that card's value","Cue to destroy an adjacent card at any time, gaining twice its value permanently"
Q0654,Madness,unanswered,,skill,L10,"L - Risk, gambling & failure",L10 - Sacrifice,,,,,Grows by eating your own,balatro,"When a show begins, gains a multiplier and destroys one of your other cards at random","When a show begins, gains a multiplier and destroys one of your other cards, chosen by you",Gains a multiplier each act and destroys one of your cards at random each act
Q0655,The Ninot,unanswered,,skill,L10,"L - Risk, gambling & failure",L10 - Sacrifice,,,,,An investment that only pays if it burns,CARD_CATALOG,"Cue: bank any part of the act's score into this card each show; burning it at the final city pays triple everything invested, and a seeded vote may instead pardon it into the next run","Cue: bank any part of the act's score into this card; burning it at the final city pays triple, with no chance of a pardon","Cue: bank any part of the act's score into this card; you may burn it at any city for double, or hold for triple at the last"
Q0656,No Two Alike,unanswered,,skill,L11,"L - Risk, gambling & failure",L11 - Determinism control,,,,,Repeated actions stop repeating,generated,"Once this fires, no repeated action returns the same result again for the rest of the show","Once this fires, no repeated action repeats for the rest of the run","Once this fires, repeated actions never repeat, and each distinct result raises the combo"
Q0657,The Marked Seed,unanswered,,rule,L11,"L - Risk, gambling & failure",L11 - Determinism control,,,,,"Rolls are correlated, not independent",generated,"Rule: probability checks of the same kind are correlated, so a run of failures makes success likelier","Rule: probability checks are fully independent, and the game says so plainly",Rule: checks are correlated within a show and reset between shows
Q0658,The Prepared Deck,unanswered,,skill,L11,"L - Risk, gambling & failure",L11 - Determinism control,,,,,Makes an outcome stop being random,generated,Cue: the next probability check this show succeeds automatically,Cue: the next probability check this show is rolled twice and the better result kept,"Cue: fix the next probability check's result now, before you know what it will be used for"
Q0659,The Rehearsal,unanswered,,skill,L11,"L - Risk, gambling & failure",L11 - Determinism control,,,,,See the roll before you commit,generated,Cue: see the result of the next probability check before deciding whether to take it,"Cue: see the result of the next check, and you may re-roll it once at a cost","Cue once per show: see the results of every probability check that show, in advance"
Q0660,Chorus cards,unanswered,,skill,M1,M - Information & visibility,M1 - Reveal,,,,,Two in a row see it coming,DESIGN_REFERENCES.md §F1 Theater & Opera,"While any two of these share a row, the boss's next intent is revealed one turn early","While any two of these share a line, the boss's next two intents are revealed","While any two of these are on the board at all, the boss's next intent is revealed one turn early"
Q0661,Effect-order deck viewer,unanswered,,skill,M1,M - Information & visibility,M1 - Reveal,,,,,Shows the order effects will fire in,DESIGN_DOC.md §25 Cross-Reference,"Shows the trigger order of every skill in the deck, even while the deck is shuffled",Shows the trigger order of the next five skills that will fire,"Shows the trigger order of every skill, and lets you swap two of them once per show"
Q0662,Eye of God,unanswered,,skill,M1,M - Information & visibility,M1 - Reveal,,,,,"Reveals all decks (including draw order), the hidden rules deck, and the true identity of every card, including fakes",CARD_CATALOG,"Reveals the draw order of the deck, the hidden rules deck, and the true identity of every disguised card","Reveals the next five cards of the deck and the hidden rules deck, but not disguised cards","Reveals all of it, and in exchange one random card of yours is revealed to the show's hazards"
Q0663,The audience warns you,unanswered,,rule,M1,M - Information & visibility,M1 - Reveal,,,,,The crowd shouts a warning,DESIGN_REFERENCES.md §F1 Theater & Opera,The crowd warns one step before a hazard hits a card,"The crowd warns one step before a hazard hits, and names which card it will hit","The crowd warns one step ahead, and warns earlier the higher the town's loyalty"
Q0664,The Disaster March,unanswered,,rule,M1,M - Information & visibility,M1 - Reveal,,,,,Learn the tell,"DESIGN_REFERENCES.md §E The Fairground, Midway & Business",A hidden audio cue plays one turn before a surprise boss effect,"A hidden audio cue plays one turn before a surprise effect, and a visual tell appears once you have heard it enough times","A hidden cue plays one turn before a surprise effect, differing per boss so each has to be learned"
Q0665,The Discoverie,unanswered,,consumable,M1,M - Information & visibility,M1 - Reveal,,,,,"Consumable, 3 uses: reveals every fake card in play (yours, the shop's, the town's); banned (a crime event) in pious towns",CARD_CATALOG,"Consumable with three uses: reveals every fake card in play, yours and the town's; using it in a pious town is a crime",Consumable with three uses: reveals every fake card in play,"Consumable with three uses: reveals every fake card, and each fake revealed mints a gold token"
Q0666,The Learned Pig,unanswered,,skill,M1,M - Information & visibility,M1 - Reveal,,,,,Reads anything face-down,CARD_CATALOG,"Once per turn, reveal the identity of any face-down, hidden or unknown card","Once per turn, reveal the identity of any hidden card, and it stays revealed for the rest of the show",Every hidden card adjacent to this one is permanently revealed
Q0667,The Ouija Board,unanswered,,consumable,M1,M - Information & visibility,M1 - Reveal,,,,,Asks the deck a question,CARD_CATALOG,"Consumable with three charges: ask one true-or-false question about the deck per show, answered honestly",Consumable with three charges: ask one true-or-false question about the deck or the map per show,"Consumable with three charges: ask one question per show; the answer is honest, but a wrong guess costs an act"
Q0668,The Séance Buster,unanswered,,skill,M1,M - Information & visibility,M1 - Reveal,,,,,Calls out every fake on the board,CARD_CATALOG,"Cue: reveal every fake card on the board, yours and the town's, scoring bonus points per fake exposed","Cue: reveal every fake on the board and destroy the town's, scoring per fake exposed","Cue: reveal one fake per act automatically, scoring bonus points each time"
Q0669,X-Ray Eyes,unanswered,,skill,M1,M - Information & visibility,M1 - Reveal,,,,,Sees more the deeper it is buried,CARD_CATALOG,"While covered, reveals every face-down board card and the top three of the deck","While covered, reveals every face-down board card and the top of the deck, seeing one card further per card covering it","While covered, reveals every face-down board card; while uncovered it reveals nothing at all"
Q0670,Bauta,unanswered,,stamp,M2,M - Information & visibility,M2 - Conceal,,,,,This card's rarity and identity are hidden from inspection effects until it scores,CARD_CATALOG,"This card's rank, suit and skill are hidden from inspection until it first scores",This card's rank and suit are hidden from you as well as from effects until it is placed,This card shows itself as a copy of another random card on the grid until it scores
Q0671,Blackout turn,unanswered,,rule,M2,M - Information & visibility,M2 - Conceal,,,,,One turn in the dark,"DESIGN_REFERENCES.md §C2 Séance, Spiritualism & Paranormal",One turn is played with the whole board face down,"One turn is played with the whole board face down, and any line completed blind scores double","One turn per show is played face down, chosen by you rather than forced"
Q0672,Emerald Stake,unanswered,,rule,M2,M - Information & visibility,M2 - Conceal,,,,,Shop stock is face down,cryptid,A proportion of shop items are face down until bought,"Every shop item is face down until bought, and prices reflect rarity so you can guess","A proportion are face down, and you may pay to reveal one before buying"
Q0673,Grand Vanish,unanswered,,skill,M2,M - Information & visibility,M2 - Conceal,,,,,"Cue, once per show: hide an entire column so it cannot be seen, targeted, scored, or touched for one turn; it then returns with bonus points on every card",CARD_CATALOG,"Cue, once per show: one column vanishes for a turn, unseeable and untargetable, then returns with bonus points on every card",Cue: one column vanishes until the end of the show and its cards return to the Entrance,"Cue, once per show: one column vanishes for a turn and returns in a different column's position"
Q0674,The Fish,unanswered,,rule,M2,M - Information & visibility,M2 - Conceal,,,,,Boss: cards arrive face down,balatro,Boss: cards are dealt face down after each act,"Boss: cards are dealt face down after each act, and turn face up once placed",Boss: cards are dealt face down and stay face down until they score
Q0675,The Mask Maker,unanswered,,skill,M2,M - Information & visibility,M2 - Conceal,,,,,Puts a card behind a mask,CARD_CATALOG,"Cue, once per show: mask any card, hiding its identity and rarity from inspections and towns until it scores twice","Cue, once per show: mask any card until it scores twice; while masked it cannot be targeted by town hazards","Cue: mask any card permanently; it never unmasks, but it also never counts toward set or class bonuses"
Q0676,Klondike reveal-on-move rule,unanswered,,rule,M3,M - Information & visibility,M3 - Face-down play,,,,,Moving one reveals the next,gam draft.txt:1218,Moving a face-up card off a stack turns the card beneath face up,Moving a face-up card off a stack turns the card beneath face up and spotlights it for the act,"Moving any card reveals the card beneath, and revealing pays a small bonus"
Q0677,The Trick,unanswered,,rule,M3,M - Information & visibility,M3 - Face-down play,,,,,Everything flips over,cryptid,"Boss: after each act, every face-up card in the Entrance flips face down","Boss: after each act, every face-up card on the grid flips face down","Boss: after each act, every card flips - face-up becomes face-down and back again"
Q0678,Second Sight,unanswered,,skill,M4,M - Information & visibility,M4 - Prediction,,,,,"Predicts the board, not the hand",generated,"At each act's start, name a cell; if a card scores there this act, gain a bonus","At each act's start, name a cell; if a card scores there, gain a bonus, and if none does, lose one","At each act's start, name a cell and a rank; matching both pays enormously and matching one pays a little"
Q0679,The Mentalist,unanswered,,skill,M4,M - Information & visibility,M4 - Prediction,,,,,Calls it before it happens,generated,"At show start, name a hand type; scoring it pays a large bonus, and failing to costs nothing","At show start, name a hand type; scoring it pays a large bonus, and failing to costs fame","At show start, name a hand type and an act; scoring it in exactly that act pays an enormous bonus"
Q0680,The Sealed Envelope,unanswered,,consumable,M4,M - Information & visibility,M4 - Prediction,,,,,A prediction opened later,generated,"Consumable: write down a prediction now, opened at show end; a correct one pays several times over","Consumable: write down a prediction now, opened at show end, and you may change it once","Consumable: write a prediction that is opened three shows later, paying more the longer it waited"
Q0681,Marked,unanswered,,stamp,M5,M - Information & visibility,M5 - Marked cards,,,,,Always shows this card's position in the deck,CARD_CATALOG,This card's position in the deck is always visible,"This card's position in the deck is always visible, and once per show you may move it up one place",Every card sharing this card's suit shows its position in the deck
Q0682,Amogus fake card,unanswered,,skill,M6,M - Information & visibility,M6 - Misinformation,,,,,One of your cards is lying,random potential effects.csv:29,"A card is secretly fake: playing it loses score, and it ignores the rules on certain turns until you find and remove it",A card is secretly fake and loses score when played; it is revealed after it has cost you three times,"A card is secretly fake, and each turn you may accuse one card, at a cost if you are wrong"
Q0683,Kayfabe,unanswered,,rule,M6,M - Information & visibility,M6 - Misinformation,,,,,"While in play, all fake cards count as real and score as what they pretend to be; removing this card reverts that",CARD_CATALOG,"While in play, every fake card counts as real and scores as whatever it pretends to be","While in play, fakes count as real, and any card you publicly name as fake becomes fake","While in play, fakes count as real, and real cards you have never scored count as fake"
Q0684,Marketed monster,unanswered,,skill,M6,M - Information & visibility,M6 - Misinformation,,,,,Advertised as a monster,DESIGN_REFERENCES.md §A3 Golden Age Western Circus,"Debuffs adjacent cards while secretly being harmless, and is exposed if inspected",Debuffs adjacent cards while secretly being harmless; being exposed turns the debuff into a buff,"Appears to debuff adjacent cards but actually buffs them, and inspection reveals the truth to the town, not to you"
Q0685,Spy,unanswered,,skill,M6,M - Information & visibility,M6 - Misinformation,,,,,Disguised until you buy it,cryptid,"Appears in the shop disguised as a different card, revealed only once bought","Appears in the shop disguised, and you may pay to inspect it before buying","Appears disguised, and is revealed the first time it scores rather than on purchase"
Q0686,The Charm,unanswered,,skill,M6,M - Information & visibility,M6 - Misinformation,,,,,The card text is not the trigger,DESIGN_REFERENCES.md §A7 India & South Asia,The printed trigger is not the real one; the real trigger is something else entirely,"The printed trigger is not the real one, and the real one is revealed after it first fires",The printed trigger is not the real one; inspecting the card reveals the truth at a cost
Q0687,The Gaff,unanswered,,rank,M6,M - Information & visibility,M6 - Misinformation,,,,,"Shows one value, holds another",DESIGN_RECOMMENDATIONS.md §3 Suits & Pips,"Wild pip: displays a fixed rank and suit until scored, then reveals its true randomly determined value","Wild pip: displays a fixed rank and suit until scored, then becomes whatever would have scored highest","Wild pip: displays a fixed value that is a lie, and inspecting it before scoring reveals the truth"
Q0688,The Radio Dummy,unanswered,,skill,M6,M - Information & visibility,M6 - Misinformation,,,,,"Its gimmick does not work, and it scores anyway","DESIGN_REFERENCES.md §F5 Puppetry, Mime & Street","Its stated gimmick is nullified by the board context, and it scores regardless","Its stated gimmick is nullified, and it scores more the more thoroughly it is nullified","Its stated gimmick never works, and the card scores a flat amount that no effect can change"
Q0689,The Skipping Tape,unanswered,,rule,M6,M - Information & visibility,M6 - Misinformation,,,,,Exposed after the fact,"DESIGN_REFERENCES.md §F3 Music, Concerts & Festivals","A fake that already scored is exposed retroactively, and you pay back the fame it earned","A fake that already scored is exposed retroactively, and you pay back double","A fake that already scored may be exposed retroactively, and you may pay gold to bury the story instead"
Q0690,The Unicorn,unanswered,,skill,M6,M - Information & visibility,M6 - Misinformation,,,,,Worth a fortune until somebody checks,CARD_CATALOG,"Scores as a Legendary at five times base until an inspection effect examines it, after which it scores half, forever","Scores as a Legendary until inspected, after which it scores half for the rest of that show only",Scores as a Legendary until inspected; being inspected destroys it outright
Q0691,Zip's Question Mark,unanswered,,skill,M6,M - Information & visibility,M6 - Misinformation,,,,,Its text is just a question mark,DESIGN_REFERENCES.md §A3 Golden Age Western Circus,This card's text is permanently a question mark and its effect is never stated anywhere,"This card's text is a question mark until it has fired three times, then it reads plainly","This card's text is a question mark, and its effect is rerolled every run so it can never be learned"
Q0692,Exposure cost,unanswered,,rule,M7,M - Information & visibility,M7 - Inspection as a cost,,,,,Looking behind the curtain costs something,DESIGN_REFERENCES.md §C1 Golden-Age Stage Magic,"Revealing a fake's true nature, yours or the boss's, costs fame",Revealing a fake's true nature costs an act,"Revealing a fake costs fame, and revealing your own costs double"
Q0693,The Blind Spot,unanswered,,rule,M7,M - Information & visibility,M7 - Inspection as a cost,,,,,The inspector can only watch one side,DESIGN_REFERENCES.md §F2 Kayfabe & Sports Entertainment,"While the inspector watches one grid, outlawed cards may act freely in the others","While the inspector watches one grid, outlawed cards act freely elsewhere, and you are shown where they are watching","The inspector watches one grid, chosen fresh each turn without warning"
Q0694,The Blind,unanswered,,skill,M8,M - Information & visibility,M8 - Adversary information,,,,,Hides your board from the opposition,generated,"The boss cannot see one grid of your choice, so its targeting never lands there","The boss cannot see one grid of your choice, and targets the others twice as often",The boss cannot see any card that has not yet scored
Q0695,The Decoy,unanswered,,skill,M8,M - Information & visibility,M8 - Adversary information,,,,,Shows the opposition something false,generated,Presents a false picture of your board so the boss targets a card that is not there,Presents a false picture so the boss targets this card instead of what it wanted,Presents a false picture; the boss targets at random instead of choosing
Q0696,The Tell,unanswered,,rule,M8,M - Information & visibility,M8 - Adversary information,,,,,The opposition reads you back,generated,Rule: the boss targets whichever card scored most last act,"Rule: the boss targets whichever card scored most last act, and you are told before it lands",Rule: the boss targets whichever card you have moved most this show
Q0697,Boss effects as temporary rule cards,unanswered,,rule,O1,O - The rule deck,O1 - Add / remove a rule card,,,,,Bosses are just rule cards that expire,DESIGN_DOC.md §8 Rule Deck,Boss and hazard effects are temporary cards added to the hidden rules deck that destroy themselves at show end,Boss and hazard effects are temporary rule cards that persist until you beat that boss again,"Boss and hazard effects are temporary rule cards, and beating the show lets you keep one of them for yourself"
Q0698,Deck influences ruleset,unanswered,,rule,O1,O - The rule deck,O1 - Add / remove a rule card,,,,,The deck you pick sets the rules,DESIGN_DOC.md §2 Core Game Loop,"Different starting decks change both the card pool and the rules you play under, via the rules deck",Different starting decks change the card pool only; the rules are the same for all of them,"Different starting decks change the rules, and you may swap one rule card between decks before the run starts"
Q0699,Player-editable rule deck,unanswered,,rule,O1,O - The rule deck,O1 - Add / remove a rule card,,,,,Edit the rulebook mid-run,DESIGN_DOC.md §8 Rule Deck,You may add or remove cards from the hidden rules deck during a run,"You may add cards to the hidden rules deck during a run, but never remove them","You may swap one rule card for another between shows, with the removed one going into a reserve you can draw from later"
Q0700,The Convention,unanswered,,skill,O1,O - The rule deck,O1 - Add / remove a rule card,,,,,Enact one new law chosen from a fixed slate of three; it becomes a permanent rule card for the rest of the run,CARD_CATALOG,Enact one law from a slate of three; it becomes a permanent rule card for the rest of the run,Enact one law from a slate of three each town; the previous one is repealed when a new one passes,Enact one law from a slate of three; you may repeal it later by destroying this card
Q0701,Contradiction,unanswered,,rule,O2,O - The rule deck,O2 - Change stacking defaults,,,,,Two stacking rules at once,generated,"Rule card: two stacking rules apply at once, and a build is legal if it satisfies either","Rule card: two stacking rules apply at once, and a build is legal only if it satisfies both","Rule card: two stacking rules apply, one per grid, so different grids build differently"
Q0702,House Rules: Building,unanswered,,rule,O2,O - The rule deck,O2 - Change stacking defaults,,,,,Rewrites what a legal build is,generated,Rule card: replaces the default stacking rule with same-suit ascending instead of different-suit adjacent,"Rule card: replaces the default stacking rule with anything-on-anything, removing legality entirely","Rule card: the stacking rule is drawn at random each show from a fixed set, and announced before play"
Q0703,The Amendment Clause,unanswered,,skill,O2,O - The rule deck,O2 - Change stacking defaults,,,,,Lets you edit the stacking rule,generated,Cue once per show: relax one clause of the stacking rule for the rest of the show,Cue once per show: relax one clause of the stacking rule for one placement only,Cue once per show: swap the stacking rule for any other you have seen this run
Q0704,Double Billing,unanswered,,rule,O3,O - The rule deck,O3 - Change scoring defaults,,,,,"Two scoring rules, both paid",generated,"Rule card: every line scores under two rules at once, and both payouts are banked","Rule card: every line scores under two rules, and you keep whichever paid more",Rule card: rows score under one rule and columns under another
Q0705,House Rules: Scoring,unanswered,,rule,O3,O - The rule deck,O3 - Change scoring defaults,,,,,Rewrites how a line resolves,generated,Rule card: a line's score is the sum of its ranks rather than its poker hand,Rule card: a line's score is its poker hand multiplied by the number of distinct suits in it,"Rule card: a line scores as its poker hand, or its rank sum, whichever is higher"
Q0706,The Revised Bill,unanswered,,skill,O3,O - The rule deck,O3 - Change scoring defaults,,,,,Swaps the scoring rule mid-show,generated,Cue: swap the scoring rule for the rest of the show from a slate of three,"Cue: swap the scoring rule for one act only, from a slate of three","Cue: swap the scoring rule, and every line already scored this show re-scores under the new one"
Q0707,15 Minute City,unanswered,,rule,O4,O - The rule deck,O4 - Change board layout,,,,,A deck with holes in it,balatro,"Deck: two copies of every face card and no aces, twos or threes","Deck: two copies of every face card and no low ranks, with two locked cards you can never remove","Deck: a named set of ranks is missing entirely, and which ranks differ per challenge"
Q0708,Antimatter Deck,unanswered,,rule,O4,O - The rule deck,O4 - Change board layout,,,,,Every deck's upside at once,cryptid,Deck: carries the upside of every deck you have already won with,Deck: carries the upside of every deck in the game at once,"Deck: carries the upside of every deck you have won with, and one downside for each"
Q0709,CCD Deck,unanswered,,rule,O4,O - The rule deck,O4 - Change board layout,,,,,Every card is also a consumable,cryptid,"Deck: every card is also a random consumable, spendable instead of placed","Deck: every card is also a consumable, and spending it removes the card from the deck","Deck: every card is also a consumable, and which consumable is rerolled each show"
Q0710,Double Everything deck,unanswered,,rule,O4,O - The rule deck,O4 - Change board layout,,,,,Everything doubled,DESIGN_DOC.md §13 Special Decks & Variants,"Deck: ranks doubled, deck size doubled, starting slots doubled, goal doubled, packs doubled","Deck: ranks doubled and deck size doubled, with the goal unchanged","Deck: everything doubled, and lines need ten cards instead of five"
Q0711,Edition Deck,unanswered,,rule,O4,O - The rule deck,O4 - Change board layout,,,,,Every card is the same edition,cryptid,"Deck: every card carries one chosen enhancement, and no card may ever change it","Deck: every card carries one chosen enhancement, and you may change it once per tour",Deck: every card carries an enhancement chosen at random per show
Q0712,Enter the Gungeon,unanswered,,rule,O4,O - The rule deck,O4 - Change board layout,,,,,Every show is a boss,cryptid,Deck: every show is a boss show and none may be skipped,"Deck: every show is a boss show, and beating one lets you skip the next","Deck: every show is a boss show, and the bosses are drawn without repeating"
Q0713,Glowing Deck,unanswered,,rule,O4,O - The rule deck,O4 - Change board layout,,,,,Beating a boss buffs everything,cryptid,Deck: beating a boss multiplies the values of every card you own,Deck: beating a boss multiplies the values of one card you choose,"Deck: beating a boss multiplies every card's values, and losing one divides them"
Q0714,Hundred Entertainments deck,unanswered,,rule,O4,O - The rule deck,O4 - Change board layout,,,,,A hundred commons,DESIGN_REFERENCES.md §A1 The Ancient World,"Deck: 100 cards, all Common, built for combo scoring","Deck: 100 cards, all Common, and the combo multiplier counts double","Deck: 100 cards, all Common, and every tenth card scored upgrades permanently"
Q0715,Input Column,unanswered,,rule,O4,O - The rule deck,O4 - Change board layout,,,,,"One per column: on Entrance refresh, drops its upper-zone stack into the paired grid column, then draws a card from the deck to refill",CARD_CATALOG,One per column: on Entrance refresh its stack drops into the paired grid column and it draws a replacement,"One per column: on Entrance refresh its card may be placed in any column, not only the paired one",One per column: on Entrance refresh its card drops into the paired column of whichever grid you are focused on
Q0716,Legendary Deck,unanswered,,rule,O4,O - The rule deck,O4 - Change board layout,,,,,"Starts legendary, and might get more",cryptid,"Deck: starts with a Legendary card, with a chance of gaining another whenever a boss is beaten",Deck: starts with a Legendary card and nothing else out of the ordinary,"Deck: starts with a Legendary, and every Legendary gained costs you two Commons"
Q0717,Magic deck,unanswered,,rule,O4,O - The rule deck,O4 - Change board layout,,,,,"Suits as elements, melds as spells",DESIGN_DOC.md §13 Special Decks & Variants,"Deck: each suit is an element, and completing certain suit combinations casts a spell effect","Deck: each suit is an element, and any line with three or more elements casts a random spell",Deck: each suit is an element; you choose which spell each combination maps to at run start
Q0718,Outcast Troupe deck,unanswered,,rule,O4,O - The rule deck,O4 - Change board layout,,,,,"Cheap everywhere, banned somewhere",DESIGN_REFERENCES.md §A13 Korea & Southeast Asia,"Deck: cheaper cards everywhere, but barred from wealthy towns; built from exactly six classes","Deck: cheaper cards everywhere, barred from wealthy towns, and those towns pay double if you sneak in","Deck: cheaper cards everywhere and barred from wealthy towns, with one class unlocked per tour completed"
Q0719,Punk / Minimal unlockable decks,unanswered,,rule,O4,O - The rule deck,O4 - Change board layout,,,,,Two decks with a philosophy,DESIGN_REFERENCES.md §G The Modern Era,"Decks: a rule-breaking commons deck with no Producer class, and a pips-only deck with no skills at all","Decks: a rule-breaking commons deck, and a pips-only deck where pip effects are twice as strong","Decks: a commons-only deck that upgrades cards through play, and a pips-only deck that gains one skill per tour"
Q0720,Rules-in-hand deck,unanswered,,rule,O4,O - The rule deck,O4 - Change board layout,,,,,The rules are in the deck with everything else,DESIGN_DOC.md §13 Special Decks & Variants,Deck: the rules deck is empty and every rule is shuffled into the main deck,"Deck: the rules deck is empty and rules are drawn from the main deck, taking effect only once drawn","Deck: rules are shuffled into the main deck, and any rule you place on the grid is disabled until it scores"
Q0721,Small-tent starting deck (Carpas),unanswered,,rule,O4,O - The rule deck,O4 - Change board layout,,,,,"Start small, end famous",DESIGN_REFERENCES.md §A10 The Americas,"Deck: a weak starting deck built around an underdog-to-star arc, gaining strength as fame rises",Deck: a weak starting deck whose cards each upgrade once at a fame threshold,"Deck: a weak starting deck that gains one card of the highest rarity you have ever scored, each tour"
Q0722,Suit Deck,unanswered,,rule,O4,O - The rule deck,O4 - Change board layout,,,,,"One suit, all the way down",cryptid,Deck: every card is one chosen suit and no card may ever change suit,"Deck: every card is one chosen suit, and flushes score nothing","Deck: every card is one suit, and the suit changes each show"
Q0723,Survivor deck,unanswered,,rule,O4,O - The rule deck,O4 - Change board layout,,,,,Suits as supplies,DESIGN_DOC.md §13 Special Decks & Variants,"Deck: suits represent survival resources - food, water, blade and so on - each with its own upkeep","Deck: suits represent survival resources, and running out of one imposes a debuff until it is replenished",Deck: suits are resources consumed when scored and replenished by specific melds
Q0724,The Collective deck,unanswered,,rule,O4,O - The rule deck,O4 - Change board layout,,,,,"No stars, just the ensemble",DESIGN_REFERENCES.md §A12 Australia & Oceania,"Deck: no leader, every card shares the ensemble's average power, and a deck with no rares scores a multiplier","Deck: no leader, every card shares the ensemble's average power, so buffing one buffs all","Deck: every card shares the average power of the board, recalculated as cards are placed"
Q0725,Buttons as cards (shop),unanswered,,rule,O5,O - The rule deck,O5 - Change what the buttons do,,,,,The buttons are cards too,DESIGN_DOC.md §12 Tapping / Cues & Charges,Shop controls such as reroll are tappable cards on the board rather than interface widgets,"Shop controls are tappable cards, and any effect that can target a card can target them","Every control in the game is a tappable card, including Submit, and effects can target them all"
Q0726,Label,unanswered,,rule,O6,O - The rule deck,O6 - Rule visibility,,,,,"While this rule card is in the hidden rules deck, its effect text is announced on the board",CARD_CATALOG,"While this rule card is in the hidden deck, its own effect text is announced on the board","While this rule card is in the hidden deck, every rule card's effect text is announced","While this rule card is in the hidden deck, one rule card of your choice is announced each show"
Q0727,Rule cards as a type,unanswered,,rule,O6,O - The rule deck,O6 - Rule visibility,,,,,Rule cards are just a card type,DESIGN_DOC.md §8 Rule Deck,Rule cards are an ordinary card type whose skill is always globally spotlit,"Rule cards are an ordinary type, and other types can define their own return-to-deck conditions","Rule cards are an ordinary type, so any card may be moved into or out of the rules deck by an effect"
Q0728,Local Ordinance,unanswered,,rule,O7,O - The rule deck,O7 - Grid-local rules,,,,,Every grid gets its own law,generated,"Rule card: each grid draws its own rule at show start, announced before you commit","Rule card: each grid draws its own rule at show start, hidden until a line completes there","Rule card: each grid draws its own rule, and completing a line there reveals and disables it"
Q0729,The Side Tent,unanswered,,rule,O7,O - The rule deck,O7 - Grid-local rules,,,,,A rule that only applies to one grid,generated,Rule card: attaches to one grid; its rule applies there and nowhere else,"Rule card: attaches to one grid, and may be moved to another once per show","Rule card: attaches to one grid, and every other grid gets the opposite of its rule"
Q0730,The Travelling Clause,unanswered,,skill,O7,O - The rule deck,O7 - Grid-local rules,,,,,A rule that moves between grids,generated,One rule moves to the next grid every Entrance refresh,One rule moves to the grid you are focused on whenever you switch,"One rule moves to whichever grid has the fewest cards, every refresh"
Q0731,Repertory,unanswered,,rule,O8,O - The rule deck,O8 - Venue rules,,,,,Venues keep what you brought,generated,"Rule: a rule card you played in a town stays there, and applies again next time you visit",Rule: a rule card you played in a town stays there and applies to the rival who plays it next,Rule: every rule card played anywhere joins a pool that later towns draw from
Q0732,Rider Clause,unanswered,,skill,O8,O - The rule deck,O8 - Venue rules,,,,,Adds your own clause to the venue,generated,Cue before a show: add one rule card of your own to the town's rules for that show,"Cue before a show: add one of your own rules, and the town adds one more of its own in exchange",Cue before a show: swap one of the town's rules for one of yours
Q0733,The Standing Contract,unanswered,,rule,O8,O - The rule deck,O8 - Venue rules,,,,,The town's rules are cards you can see,generated,Rule: a town's hazards arrive as visible rule cards you may read before committing to the show,"Rule: a town's hazards arrive as face-down rule cards, revealed one per act","Rule: a town's hazards arrive as visible rule cards, and you may veto one for a fame cost"
Q0734,Rehearsal Hall,unanswered,,rule,P1,"P - Class, group & set synergy",P1 - Class-count scaling,,,,,Class counts unlock tiers,generated,"Rule: two, four and six cards of one class on the board each unlock a stronger bonus for that class","Rule: every second card of one class on the board raises that class's bonus by one step, with no cap","Rule: two, four and six of one class unlock tiers, and the tiers differ per class"
Q0735,The Full Troupe,unanswered,,skill,P1,"P - Class, group & set synergy",P1 - Class-count scaling,,,,,Pays for how many of a class are out,generated,Scores a bonus for every card of a named class on the board,"Scores a bonus for every card of a named class on the board, squared rather than summed",Scores a bonus for every card of whichever class is most represented on the board
Q0736,Thin Bill,unanswered,,skill,P1,"P - Class, group & set synergy",P1 - Class-count scaling,,,,,Pays for having almost none,generated,Scores a large bonus if exactly one card of its class is on the board,Scores a large bonus if it is the only card of its class in the whole deck,Scores a bonus scaling inversely with how many of its class are on the board
Q0737,Cross-class Clown leader,unanswered,,skill,P2,"P - Class, group & set synergy",P2 - Leader / champion,,,,,A leader whose joke lands everywhere,DESIGN_REFERENCES.md §A4 Russia & the Soviet Circus,Leader: its buff reaches every class rather than one,"Leader: its buff reaches every class, at half the strength a single-class leader would give","Leader: its buff reaches every class, growing with the number of distinct classes on the board"
Q0738,Engineer-impresario leader,unanswered,,skill,P2,"P - Class, group & set synergy",P2 - Leader / champion,,,,,Danger comes cheaper,DESIGN_REFERENCES.md §A10 The Americas,Leader: risk-tagged cards cost less to acquire,Leader: risk-tagged cards cost less and their failure odds are halved,"Leader: risk-tagged cards cost less, and each one on the board lowers the cost of the next"
Q0739,Gambler leader (Poker Alice),unanswered,,skill,P2,"P - Class, group & set synergy",P2 - Leader / champion,,,,,A leader for a gambling deck,"DESIGN_REFERENCES.md §D Cards, Gambling & Fortune","Leader: every probability roll you make is rolled twice, keeping the better","Leader: every probability roll is rolled twice keeping the better, but failures cost double",Leader: you may re-roll one failed probability check per show
Q0740,Magician leader (Tenkatsu),unanswered,,skill,P2,"P - Class, group & set synergy",P2 - Leader / champion,,,,,A leader who prints cards,DESIGN_REFERENCES.md §A6 Japan,Leader: produces one token card per show,"Leader: produces one token card per act, whose suit you choose",Leader: produces a token card whenever a line scores with no token in it
Q0741,Satirical Animal Trainer leader,unanswered,,skill,P2,"P - Class, group & set synergy",P2 - Leader / champion,,,,,"Fame up, relations down",DESIGN_REFERENCES.md §A4 Russia & the Soviet Circus,Leader: satire raises fame and lowers town relations,"Leader: satire raises fame and lowers town relations, and low relations raise the payout further",Leader: satire raises fame and lowers relations; at zero relations the town bars you and pays a lump sum
Q0742,The Juggler King,unanswered,,skill,P2,"P - Class, group & set synergy",P2 - Leader / champion,,,,,Leader that keeps one suit scoring,CARD_CATALOG,Leader: Balls cards may re-score each act for as long as at least one Balls card scores every submit,Leader: cards of one suit you name at run start may re-score each act while that suit scores every submit,Leader: cards of the suit that scored most last act may re-score this act
Q0743,The Ringmaster,unanswered,,skill,P2,"P - Class, group & set synergy",P2 - Leader / champion,,,,,The leader who never leaves,CARD_CATALOG,"Leader with no suit or rank: starts in the Entrance, is always grabbable, may be placed anywhere uncovered, and stays on the board after submission","Leader with no suit or rank that stays on the board after submission, but may only occupy the centre cell of a grid",Leader with no suit or rank that stays on the board after submission and counts as a member of every line it touches
Q0744,The Satirist,unanswered,,skill,P2,"P - Class, group & set synergy",P2 - Leader / champion,,,,,"More fame, worse weather",CARD_CATALOG,"Leader: shows earn 25% more fame, and every town's hazard is one tier harsher","Leader: shows earn 25% more fame, and every town gets one extra hazard","Leader: shows earn 25% more fame per hazard active in the town, and hazards are one tier harsher"
Q0745,The Sharpshooter,unanswered,,skill,P2,"P - Class, group & set synergy",P2 - Leader / champion,,,,,Calls the rank of the night,CARD_CATALOG,Leader: name a rank at each show start; cards of that rank score double all show,"Leader: name a rank at each show start; cards of that rank score double, and cards one either side score 50% more",Leader: the rank you placed most last show scores double this show
Q0746,The Showman,unanswered,,skill,P2,"P - Class, group & set synergy",P2 - Leader / champion,,,,,Fakes are free here,CARD_CATALOG,"Leader: shops offer one extra card, and every fake or disguised card costs nothing to acquire","Leader: shops offer one extra card, and fakes cost nothing but cannot be sold","Leader: shops offer one extra card, and one card per shop is always a fake, offered free"
Q0747,The Sibyl,unanswered,,skill,P2,"P - Class, group & set synergy",P2 - Leader / champion,,,,,Sees the top and rerolls for free,CARD_CATALOG,"Leader: the top of the deck is always revealed, and the first reroll at every shop is free","Leader: the top of the deck is always revealed, and you may send it to the bottom once per show","Leader: the top three cards of the deck are always revealed, but shop rerolls cost double"
Q0748,The Sweet Tooth,unanswered,,skill,P2,"P - Class, group & set synergy",P2 - Leader / champion,,,,,Makes the buffs stick,CARD_CATALOG,Leader: every rank buff your effects grant becomes permanent instead of lasting the show,"Leader: every rank buff your effects grant lasts an extra show, stacking if reapplied","Leader: rank buffs become permanent, but every debuff your cards take is permanent too"
Q0749,The Tiger Queen,unanswered,,skill,P2,"P - Class, group & set synergy",P2 - Leader / champion,,,,,Takes the lid off eating,CARD_CATALOG,"Leader: every consumption effect loses its cap, so rank gains from eating are unbounded","Leader: every consumption effect loses its cap, and eaten cards are never returned","Leader: consumption caps double rather than vanish, and eating a card of the same class as the eater ignores the cap entirely"
Q0750,The Widow's Succession,unanswered,,skill,P2,"P - Class, group & set synergy",P2 - Leader / champion,,,,,The partner inherits,DESIGN_REFERENCES.md §C1 Golden-Age Stage Magic,"When a leader is destroyed, its partner card inherits the leader slot and one signature power","When a leader is destroyed, its partner inherits the leader slot with all its powers","When a leader is destroyed, any card of its class may be promoted, keeping one power of your choice"
Q0751,Pink Lemonade,unanswered,,skill,P3,"P - Class, group & set synergy",P3 - Cross-class interaction,,,,,"When a Flames card and a Concessions card score in the same row, gain bonus points and refill 1 card into the Entrance",CARD_CATALOG,"When a Flames card and a Concessions card score in the same line, gain bonus points and refill one Entrance card","When any two named classes score in the same line, gain bonus points and refill one Entrance card","When two cards of different classes score adjacent to each other, gain bonus points; refill one Entrance card if three or more classes were involved"
Q0752,The Engineer,unanswered,,skill,P3,"P - Class, group & set synergy",P3 - Cross-class interaction,,,,,Gamble-tagged cards cost 1 less to acquire and their destruction odds are halved,CARD_CATALOG,Gamble-tagged cards cost 1 less to acquire and their destruction odds are halved,"Gamble-tagged cards cost 1 less and every probability roll they make is rolled twice, keeping the better","Gamble-tagged cards cost 1 less, and each one on the grid raises every other one's payout"
Q0753,The Lion's Bride,unanswered,,skill,P3,"P - Class, group & set synergy",P3 - Cross-class interaction,,,,,Survives the animal act,CARD_CATALOG,Scores bonus points each act it shares a column with a consuming Animal card and is not eaten,"Scores bonus points each act it is adjacent to any card that consumes, and cannot be eaten by it","Scores bonus points scaling with how many consuming cards are on its grid, and is always eaten last"
Q0754,Macabre Joker,unanswered,,skill,P4,"P - Class, group & set synergy",P4 - Class exclusion,,,,,Purges everything but one class,cryptid,"When a show begins, destroys every card not of a named class, creating a token for each destroyed","When a show begins, destroys every card not of a named class, with no compensation","When a show begins, destroys every card not of the class you own most of, creating a token for each"
Q0755,Clown set bonus raises patience,unanswered,,skill,P5,"P - Class, group & set synergy",P5 - Set collection,,,,,Clowns buy you patience,gam draft.txt:737,"Each distinct Clown card on the board raises patience by 1, and holding a full set gives a chance not to spend patience at all",Each distinct Clown card on the board raises patience by 1,"Each distinct Clown card raises patience by 1, and a full set stops patience being spent entirely"
Q0756,Congress deck,unanswered,,rule,P5,"P - Class, group & set synergy",P5 - Set collection,,,,,One of everything,DESIGN_REFERENCES.md §A10 The Americas,"Deck: starts with one card from every regional tradition, with cross-tradition synergy tags","Deck: starts with one card from every class, and class bonuses count double","Deck: starts with one card from every tradition, and holding a full set of any tradition pays a standing bonus"
Q0757,Houses,unanswered,,rule,P5,"P - Class, group & set synergy",P5 - Set collection,,,,,Cards belong to houses,"DESIGN_REFERENCES.md §F4 Dance, Drag & Ballroom","Cards belong to named houses led by a Mother card, and category shows are judged scoring events",Cards belong to named houses led by a Mother card; a full house on the board pays a standing bonus,"Cards belong to houses, and a house's Mother card buffs every member on the board by the house's size"
Q0758,Named court card identities,unanswered,,rule,P5,"P - Class, group & set synergy",P5 - Set collection,,,,,The face cards have names,"DESIGN_REFERENCES.md §D Cards, Gambling & Fortune",Face cards carry hidden historical identities discovered through play; finding all twelve grants a meta reward,Face cards carry hidden identities; each one discovered permanently buffs that card,"Face cards carry hidden identities discovered through play, and each discovery reveals a hint toward the next"
Q0759,The Erdnase Cipher,unanswered,,rule,P5,"P - Class, group & set synergy",P5 - Set collection,,,,,A signature that turns up across runs,DESIGN_RECOMMENDATIONS.md §10 Secrets & Mysteries,A hidden signature appears on random cards across many runs; collecting them all unlocks an unexplained reward,A hidden signature appears on random cards; scoring a signed card pays a small bonus and marks progress,"A hidden signature appears across runs, and each one found makes the next slightly more likely"
Q0760,The Major Arcana,unanswered,,consumable,P5,"P - Class, group & set synergy",P5 - Set collection,,,,,A set worth completing across runs,CARD_CATALOG,A series of 22 unique one-shot consumables; collecting all 22 across runs grants a permanent profile reward,A series of 22 unique one-shot consumables; each one you have already used this run makes the next cheaper,A series of 22 unique consumables; holding any three at once lets you spend them together for a combined effect
Q0761,Animal-puppet tokens,unanswered,,skill,P6,"P - Class, group & set synergy",P6 - Class conversion,,,,,An animal that is legally a puppet,DESIGN_REFERENCES.md §A16 Africa & the Arctic,"Animal effects that register as Puppet-type, immune to animal bans","Animal effects that register as Puppet-type, immune to animal bans but excluded from Animal class bonuses","Any card may be re-registered as Puppet-type once per run, dodging bans on its real class"
Q0762,Bahurupiya,unanswered,,type,P6,"P - Class, group & set synergy",P6 - Class conversion,,,,,"At the start of each show, this card is assigned a random different class (seeded), and counts for that class's synergy effects for the show",CARD_CATALOG,At show start this card is assigned a random class and counts as that class all show,"Counts as every class at once for class-count effects, but never as its own","Counts as whichever class is most represented on its grid, updating as cards are placed"
Q0763,Face/heel alignment,unanswered,,rule,P6,"P - Class, group & set synergy",P6 - Class conversion,,,,,"Villain or hero, and towns care",DESIGN_REFERENCES.md §F2 Kayfabe & Sports Entertainment,"Cards carry a face or heel alignment with different bonuses, and towns prefer one or the other","Cards carry a face or heel alignment you may flip once per show, with towns preferring one","Cards carry an alignment, and a card scoring against a town's preference earns a different currency instead of fame"
Q0764,Greasepaint,unanswered,,stamp,P6,"P - Class, group & set synergy",P6 - Class conversion,,,,,This card counts as a Clown-class card in addition to its own class,CARD_CATALOG,Counts as a Clown-class card in addition to its own class,"Counts as one additional class of your choice, fixed when the stamp is applied",Counts as every class already present in its grid
Q0765,The Capoeirista,unanswered,,skill,P6,"P - Class, group & set synergy",P6 - Class conversion,,,,,Registered as a Dancer but functions as an Escape Artist; town bans on Escape Artist-type acts still let it perform,CARD_CATALOG,"Registered as a Dancer but works as an Escape Artist, so town bans on Escape Artists never catch it","Registered as one class and works as another, both chosen when acquired, so bans on the working class never catch it","Whenever a town bans a class, this card registers as a different one for that show"
Q0766,The Heel Turn,unanswered,,rule,P6,"P - Class, group & set synergy",P6 - Class conversion,,,,,"Turn heel, and stay turned",DESIGN_REFERENCES.md §F2 Kayfabe & Sports Entertainment,"Flip the leader to heel mid-tour for new powers and changed town reactions, with no way back this run","Flip the leader to heel mid-tour, and flip back once at the cost of all accumulated heat","Flip the leader to heel mid-tour; every town's reaction changes, and heel shows pay a different currency"
Q0767,The Impresario,unanswered,,rank,P6,"P - Class, group & set synergy",P6 - Class conversion,,,,,"Kings are renamed, count as Producer-class cards, and give +1 trade value when spent at shops",CARD_CATALOG,Kings count as Producer-class cards and give +1 trade value when spent at shops,"Kings count as Producer-class cards, give +1 trade value, and mint a gold token whenever they score",Every face card counts as a Producer-class card and gives +1 trade value at shops
Q0768,The Little Umbrella,unanswered,,skill,P6,"P - Class, group & set synergy",P6 - Class conversion,,,,,A prop that lends its class,DESIGN_REFERENCES.md §A11 South America,"While held, lets its holder perform Acrobat moves regardless of the holder's class","While held, lets its holder count as any one class you name","While held, lets its holder perform the moves of whichever class is adjacent to it"
Q0769,The One-Man Band,unanswered,,skill,P6,"P - Class, group & set synergy",P6 - Class conversion,,,,,"Three jobs, badly",CARD_CATALOG,"Counts as three classes chosen when acquired, each at one-third effect","Counts as three classes chosen when acquired, each at full effect, but it can never be the target of a class bonus itself","Counts as three classes chosen fresh at the start of each show, each at one-third effect"
Q0770,The Jongleur,unanswered,,skill,P6,"P - Class, group & set synergy",P6 - Class conversion,,,,,"Every class at once, at a discount",CARD_CATALOG,"Counts as every class for group effects, with all class bonuses at half value","Counts as every class for group effects at full value, but scores no points of its own","Counts as every class present on its own grid at full value, and none that are absent"
Q0771,The Renaming,unanswered,,rule,P6,"P - Class, group & set synergy",P6 - Class conversion,,,,,A class renames itself,DESIGN_REFERENCES.md §A3 Golden Age Western Circus,"After a vote event, one class's tag upgrades to a better-received label with better town reactions","After a vote event, one class's tag changes, and cards of that class gain a new synergy","After a vote event you choose which class renames, and towns react to the new label from then on"
Q0772,The Talking Wire,unanswered,,skill,P6,"P - Class, group & set synergy",P6 - Class conversion,,,,,Two classes on one trigger,DESIGN_REFERENCES.md §A13 Korea & Southeast Asia,"Counts as two named classes on the same trigger, so both class bonuses apply at once","Counts as two named classes, but each bonus applies at half","Counts as two classes of your choosing, re-chosen at the start of each show"
Q0773,Troupe adoption,unanswered,,skill,P6,"P - Class, group & set synergy",P6 - Class conversion,,,,,Everyone takes the leader's colours,DESIGN_REFERENCES.md §A3 Golden Age Western Circus,Any card without a class takes the current leader's class tag,"Any card without a class takes the current leader's class, and loses it if the leader is destroyed",Every card takes the leader's class tag in addition to its own
Q0774,Autochess-style ring type combo,unanswered,,rule,P7,"P - Class, group & set synergy",P7 - Tier thresholds,,,,,Copies of a class in one grid pay off,gam draft.txt:1448,"Multiple cards of the same class in one grid trigger a scaling bonus at 2, 4 and 6 copies",Multiple cards of the same class in one grid trigger a bonus scaling smoothly with the count,"Multiple cards of the same class in one grid trigger a bonus at 2, 4 and 6, and the bonus differs per class"
Q0775,Baseball Card,unanswered,,skill,P7,"P - Class, group & set synergy",P7 - Tier thresholds,,,,,Paid by rarity,balatro,Every card of a named rarity on the board gives a multiplier,"Every card of a named rarity on the board gives a multiplier, and the rarity rises each show",The multiplier scales with how many distinct rarities are represented on the board
Q0776,Beige Deck,unanswered,,rule,P7,"P - Class, group & set synergy",P7 - Tier thresholds,,,,,Commons hit far harder,cryptid,Deck: Common cards have their values quadrupled,"Deck: Common cards have their values quadrupled, and rarer cards halved",Deck: whichever rarity you own most of has its values quadrupled
Q0777,Driver's License,unanswered,,skill,P7,"P - Class, group & set synergy",P7 - Tier thresholds,,,,,Paid once your deck is stamped enough,balatro,Triples score once your deck holds at least a threshold number of stamped cards,"Triples score once the deck holds a threshold of stamped cards, and the threshold rises each time it triggers","Scales smoothly with how many stamped cards the deck holds, rather than snapping at a threshold"
Q0778,Stone Joker,unanswered,,skill,P7,"P - Class, group & set synergy",P7 - Tier thresholds,,,,,Paid by a type you have collected,balatro,Gains a flat bonus for each card of a named type in your whole deck,"Gains a flat bonus for each card of a named type in your deck, and names the type when acquired",Gains a flat bonus for each card of whichever type you own most of
Q0779,Thalia and Melpomeme,unanswered,,skill,P7,"P - Class, group & set synergy",P7 - Tier thresholds,,,,,Paid by variety of rarity,cryptid,Gains a multiplier for every pair of distinct rarities among the cards you own,Gains a multiplier for every distinct rarity you own at least one of,"Gains a multiplier for every pair of distinct rarities, doubled if you own one of every rarity"
Q0780,One Ring at a Time,unanswered,,rule,P8,"P - Class, group & set synergy",P8 - Grid-local class synergy,,,,,Class bonuses count per grid,generated,Rule: class counts are counted per grid rather than across the whole board,"Rule: class counts are per grid, and a class present in every grid pays a further bonus","Rule: class counts are per grid, and a grid holding only one class pays double for it"
Q0781,Rival Companies,unanswered,,rule,P8,"P - Class, group & set synergy",P8 - Grid-local class synergy,,,,,"Two grids, two classes",generated,Rule: each grid is assigned a class at show start; cards of that class score double there and half elsewhere,Rule: each grid is assigned a class; cards of other classes cannot be placed there at all,"Rule: each grid is assigned a class, and you choose the assignment before the show"
Q0782,The Company Split,unanswered,,skill,P8,"P - Class, group & set synergy",P8 - Grid-local class synergy,,,,,Rewards spreading a class thin,generated,Scores a bonus for each grid containing at least one card of its class,Scores a bonus for each grid containing at least two cards of its class,"Scores a bonus for each grid containing its class, doubled if every grid does"
Q0783,Reserved Seating,unanswered,,rule,P9,"P - Class, group & set synergy",P9 - Class-restricted cells,,,,,Some cells only take one class,generated,"Rule: certain cells accept only cards of a named class, marked before you place","Rule: certain cells accept only a named class, and a card of that class placed there scores double","Rule: certain cells accept only a named class, and which class is rerolled each act"
Q0784,The Star Trap,unanswered,,skill,P9,"P - Class, group & set synergy",P9 - Class-restricted cells,,,,,Claims a cell for its own class,generated,Cue: mark one empty cell so only cards of this card's class may be placed there; that card scores double,"Cue: mark one empty cell so only this card's class may go there, permanently","Cue: mark one empty cell so only this card's class may go there, and every such cell raises the class's bonus"
Q0785,Union Rules,unanswered,,rule,P9,"P - Class, group & set synergy",P9 - Class-restricted cells,,,,,A class must be represented,generated,"Rule: at least one card of each class already on the board must be placed each act, or that act scores nothing",Rule: each row must contain at least two distinct classes to score,Rule: each line must contain at least one card of the class named at show start to score at all
Q0786,Club passing,unanswered,,skill,P10,"P - Class, group & set synergy",P10 - Named rivalries,,,,,Passing clubs between columns,DESIGN_REFERENCES.md §B2 Juggling & Object Manipulation,Two of these in different columns trade a buff back and forth on every refresh,"Two of these in different columns trade a buff back and forth, and the buff grows each pass","Two of these trade a buff every refresh, and the buff grows with the distance between them"
Q0787,Flyer & catcher system,unanswered,,skill,P10,"P - Class, group & set synergy",P10 - Named rivalries,,,,,Thrown to wherever the catcher is,DESIGN_REFERENCES.md §B1 Aerial & Wire,The Flyer may be thrown to any column containing the Catcher,"The Flyer may be thrown to any cell adjacent to the Catcher, in any grid","The Flyer may be thrown to the Catcher's column, and both score if it lands in the same line"
Q0788,Karagöz & Hacivat,unanswered,,skill,P10,"P - Class, group & set synergy",P10 - Named rivalries,,,,,"Bound pair: each gains bonus multiplier while they are in opposite zones (one in the Entrance, one on the grid)",CARD_CATALOG,"A bound pair: each gains a multiplier while they sit in opposite zones, one in the Entrance and one on the grid","A bound pair: each gains a multiplier while they share a line, and neither scores at all if the other is absent",A bound pair: each gains a multiplier that scales with the distance between them on the grid
Q0789,Pizza Slice,unanswered,,skill,P10,"P - Class, group & set synergy",P10 - Named rivalries,,,,,Grows when its siblings die,cryptid,Gains a multiplier whenever another card of the same kind is sold,Gains a multiplier whenever another card of the same kind is sold or destroyed,"Gains a multiplier per sibling sold, and the last surviving one keeps the whole total"
Q0790,The Paired Giants,unanswered,,skill,P10,"P - Class, group & set synergy",P10 - Named rivalries,,,,,Two that need each other on the board,CARD_CATALOG,A pair: each gains a multiplier while both are anywhere on the board,"A pair: each gains a multiplier while both are on the board, doubled while they are in the same grid","A pair: each gains a multiplier while both are on the board, and each loses one when its partner is destroyed"
Q0791,The Second Sight,unanswered,,skill,P10,"P - Class, group & set synergy",P10 - Named rivalries,,,,,Two that see the deck together,CARD_CATALOG,"A pair: while both are on the board, the top card of the deck is always revealed","A pair: while both are on the board, the top three cards of the deck are always revealed","A pair: while both are on the board the top card is revealed, and while they are in the same line you may reorder the top three"
Q0792,The Tango Pair,unanswered,,skill,P10,"P - Class, group & set synergy",P10 - Named rivalries,,,,,"Two that dance, one that leads",CARD_CATALOG,"A pair that must stay adjacent, the free one sliding to rejoin each refresh; they alternate lead each turn and only the leader's skill fires, at +50%","A pair that must stay adjacent; both skills fire, each at +25%","A pair that must stay adjacent; they alternate lead, and the follower's skill fires on the leader's target"
Q0793,The Triple Somersault,unanswered,,skill,P10,"P - Class, group & set synergy",P10 - Named rivalries,,,,,A partner has to catch what goes blind. (line 1092),generated,"A three-stage effect where the middle stage resolves hidden from you, and a partner card must be on the board to complete it or the whole thing fails",A three-stage effect whose middle stage is hidden; without a partner card it completes anyway at a third of its value,"A three-stage effect where the middle stage is hidden and the partner must be in the same line, paying enormously if it lands"
Q0794,Whiteface & Auguste,unanswered,,skill,P10,"P - Class, group & set synergy",P10 - Named rivalries,,,,,"One gives the order, the other misreads it",CARD_CATALOG,"Cue the first to name an adjacent card's trigger; the second fires it on a different valid target instead, at 150%","Cue the first to name any card's trigger; the second fires it on a target of your choosing, at 150%",Cue the first to name an adjacent card's trigger; the second fires it on a random valid target at 200%
Q0795,PropArtist hat,unanswered,,stamp,Q1,Q - Props — the spawned objects,Q1 - Spawn count / rate,,,,,Its suit prop fires even when talented,curated effects pre grid.csv:107,This card's suit prop effect still fires even though the card carries a skill,"This card's suit prop effect still fires with a skill, but at half the prop count",Every card on the grid fires its suit prop regardless of skills while this one is spotlit
Q0796,The Prop Master,unanswered,,skill,Q1,Q - Props — the spawned objects,Q1 - Spawn count / rate,,,,,More props from everything,CARD_CATALOG,Every prop-spawning suit effect produces one extra prop per volley,"Every prop-spawning suit effect produces one extra prop per volley, and props travel one cell further",Every prop-spawning suit effect produces props equal to the number of distinct suits that scored in the line
Q0797,Electric,unanswered,,suit,Q2,Q - Props — the spawned objects,Q2 - Travel path,,,,,"When this card scores, an arc prop hops card-to-card through orthogonally adjacent cards, adding points per link, until it reaches a gap",CARD_CATALOG,"On score, an arc hops between orthogonally adjacent cards adding points per link, stopping at the first gap","On score, an arc hops between every card of the same suit in the grid regardless of adjacency, adding points per link","On score, an arc hops between orthogonally and diagonally adjacent cards adding points per link, and can cross into the next grid at the same row"
Q0798,Fireworks,unanswered,,suit,Q2,Q - Props — the spawned objects,Q2 - Travel path,,,,,"When this card scores, its rocket prop rises up the column and banks the column's score directly",CARD_CATALOG,"On score, a rocket rises up the column and banks the column's score directly, scaled by this card's rank","On score, a rocket rises up the column and banks the column's score; each firework trigger adds one more rocket to the next","On score, a rocket rises through every grid at this column index, banking each of their column scores"
Q0799,The Marionette,unanswered,,skill,Q2,Q - Props — the spawned objects,Q2 - Travel path,,,,,Take the controls,CARD_CATALOG,Take direct control of one prop for the act: it moves one cell per tick in the direction you steer,"Take direct control of one prop for the act, and it may change direction once per tick","Take direct control of every prop your own cards spawn this act, steering them one at a time"
Q0800,The Target Girl,unanswered,,skill,Q3,Q - Props — the spawned objects,Q3 - Prop-on-card,,,,,Every miss is worth something,CARD_CATALOG,"In a row a knife prop crosses, every miss becomes points","In any line a prop crosses, every miss becomes points","In a row a knife crosses, every miss becomes points, and a hit on this card becomes double points"
Q0801,The Cascade,unanswered,,skill,Q4,Q - Props — the spawned objects,Q4 - Prop-on-prop,,,,,Props spawn props,generated,"When two props meet, a third prop spawns at that cell carrying the weaker one's effect","When two props meet, a third spawns carrying both effects at half strength",Every prop that finishes its path spawns a smaller prop travelling perpendicular to it
Q0802,The Collision,unanswered,,rule,Q4,Q - Props — the spawned objects,Q4 - Prop-on-prop,,,,,Props that meet each other,generated,Rule: two props meeting on the same cell both fire at double strength and both stop there,Rule: two props meeting on the same cell destroy each other,Rule: two props meeting merge into a single prop carrying both effects
Q0803,The Deflection,unanswered,,skill,Q4,Q - Props — the spawned objects,Q4 - Prop-on-prop,,,,,Bounces one prop off another,generated,Cue: the next prop to meet another is deflected ninety degrees and continues on its new path,Cue: the next prop to meet another reverses direction and travels back the way it came,"Props always deflect off one another rather than passing through, with no cue needed"
Q0804,Curtain Call,unanswered,,rule,Q5,Q - Props — the spawned objects,Q5 - Persistence,,,,,Props survive the line,generated,Rule: a prop is not cleared when its line finishes scoring; it continues into the next act,"Rule: a prop is not cleared when its line finishes, but it fires at half strength thereafter","Rule: props are cleared at show end rather than line end, so they accumulate all show"
Q0805,The Endless Round,unanswered,,skill,Q5,Q - Props — the spawned objects,Q5 - Persistence,,,,,A prop that does not stop,generated,Props this card spawns wrap at the grid edge and keep travelling until the act ends,Props this card spawns wrap at the edge and keep travelling for a fixed number of laps,"Props this card spawns wrap and keep travelling, weakening by one step per lap"
Q0806,The Standing Prop,unanswered,,skill,Q5,Q - Props — the spawned objects,Q5 - Persistence,,,,,A prop that stays where it lands,generated,"Props this card spawns stop on their last cell and stay there, firing again each act",Props this card spawns stop on their last cell and stay for one further act only,"Props this card spawns stop where they land, and a card placed on that cell inherits the prop"
Q0807,The Blockhead,unanswered,,skill,Q6,Q - Props — the spawned objects,Q6 - Redirection,,,,,"Absorbs one Knife prop per show, banking it as flat points instead of being hit",CARD_CATALOG,"Absorbs one Knife prop per show, banking it as flat points instead of taking the hit","Absorbs one prop of any kind per show, banking it as flat points","Absorbs every prop that would hit its row, banking each as flat points, and breaks after three"
Q0808,The Net,unanswered,,skill,Q6,Q - Props — the spawned objects,Q6 - Redirection,,,,,Catches a prop and throws it back,CARD_CATALOG,"Once per act, catch a falling prop mid-flight and re-aim it at any card in the same column","Once per act, catch any prop mid-flight and re-aim it at any card on the grid","Once per act, catch a prop mid-flight and hold it; release it on a later act at double strength"
Q0809,Unpierceable,unanswered,,stamp,Q6,Q - Props — the spawned objects,Q6 - Redirection,,,,,Knives go straight through,CARD_CATALOG,"Knife props pass through this card harmlessly, but still count as a miss for miss-triggered bonuses","Every prop passes through this card harmlessly, and each pass counts as a miss for miss-triggered bonuses","Knife props pass through this card and continue to the next card behind it, hitting that instead"
Q0810,The Flying Trapeze,unanswered,,skill,Q7,Q - Props — the spawned objects,Q7 - Cross-grid travel,,,,,A prop that leaves its grid,generated,Props this card spawns cross into the next grid at the same row and continue,Props this card spawns cross into the next grid and continue at full strength through every grid,"Props this card spawns cross into the next grid, halving in strength at each boundary"
Q0811,The Long Throw,unanswered,,suit,Q7,Q - Props — the spawned objects,Q7 - Cross-grid travel,,,,,A suit whose props span the board,generated,This suit's props travel across every grid at once rather than staying in one,"This suit's props travel across every grid, but only fire on the grid they started in","This suit's props travel across every grid, and score for each grid boundary they cross"
Q0812,The Relay,unanswered,,skill,Q7,Q - Props — the spawned objects,Q7 - Cross-grid travel,,,,,Props hand off between grids,generated,"A prop reaching the grid edge is caught by any card in the same row of the next grid, which respawns it",A prop reaching the grid edge is caught only by a card of the same suit in the next grid,"A prop reaching the edge is caught by the next grid and respawned one row lower, snaking down the board"
Q0813,Sterile Field,unanswered,,stamp,Q8,Q - Props — the spawned objects,Q8 - Inheritance,,,,,Props arrive clean,generated,"Props spawned by this card carry no statuses at all, ignoring anything on the spawner","Props spawned by this card carry no statuses, and strip statuses from every card they pass",Props spawned anywhere on this grid carry no statuses
Q0814,The Costume Change,unanswered,,rule,Q8,Q - Props — the spawned objects,Q8 - Inheritance,,,,,Props carry their spawner's statuses,generated,Rule: a prop inherits every status its spawning card carries,"Rule: a prop inherits one status from its spawner, chosen at random","Rule: a prop inherits its spawner's statuses, and applies them to every card it passes"
Q0815,The Handoff,unanswered,,skill,Q8,Q - Props — the spawned objects,Q8 - Inheritance,,,,,Props pick statuses up as they go,generated,"A prop takes on any status of the first card it passes, and carries it for the rest of its path","A prop takes on the status of every card it passes, accumulating them",A prop takes on the status of the first card it passes and leaves that status on the last
Q0816,Blacklist,unanswered,,skill,R1,"R - Hazards, bosses & adversity",R1 - Suit / rank / class debuff,,,,,Names a rank and kills it,cryptid,Names a rank: any line containing it scores nothing; this card destroys itself once that rank is gone from the deck,"Names a rank: any line containing it scores nothing, permanently","Names a rank each show: lines containing it score nothing, and removing that rank from the deck pays a bounty"
Q0817,Firetown's Snub,unanswered,,rule,R1,"R - Hazards, bosses & adversity",R1 - Suit / rank / class debuff,,,,,"Town rule: Flames-suit effects score nothing here, and Burning statuses do not multiply",CARD_CATALOG,"Town rule: one suit chosen per town scores nothing, and its statuses do not multiply","Town rule: one suit chosen per town scores nothing, but every other suit scores double",Town rule: whichever suit you played most last show scores nothing this show
Q0818,Temperance Town,unanswered,,rule,R1,"R - Hazards, bosses & adversity",R1 - Suit / rank / class debuff,,,,,Town rule: Concessions-class cards are disabled and shop prices are doubled,CARD_CATALOG,Town rule: Concessions-class cards are disabled and shop prices double,Town rule: one class chosen per town is disabled and shop prices double,"Town rule: one class chosen per town is disabled, and every card of that class in your deck sells for double"
Q0819,The Loggione,unanswered,,rule,R1,"R - Hazards, bosses & adversity",R1 - Suit / rank / class debuff,,,,,A crowd with expensive taste,CARD_CATALOG,Town hazard: Common cards score nothing here and Legendary cards score triple,"Town hazard: cards below a named rarity score nothing here, and the rarity rises each show",Town hazard: the rarity you own most of scores nothing here
Q0820,The Pillar,unanswered,,rule,R1,"R - Hazards, bosses & adversity",R1 - Suit / rank / class debuff,,,,,Boss: nothing works twice,balatro,Boss: cards that scored in an earlier act score nothing for the rest of the show,Boss: cards that scored in an earlier act score half for the rest of the show,"Boss: cards that scored in the previous act score nothing this act, but recover the act after"
Q0821,The Prepared Town,unanswered,,rule,R1,"R - Hazards, bosses & adversity",R1 - Suit / rank / class debuff,,,,,A town that has done its homework,CARD_CATALOG,"Boss: everything is pre-inspected, revealing and disabling every fake, masked and disguised card for the show","Boss: everything is pre-inspected and disabled, but each disguised card disabled pays you its rank in gold","Boss: one card per act is inspected and disabled, chosen by the boss, in descending order of value"
Q0822,Verdant Leaf,unanswered,,rule,R1,"R - Hazards, bosses & adversity",R1 - Suit / rank / class debuff,,,,,Everything is off until you sell something,balatro,Boss: every card is debuffed until you sell one,Boss: every card is debuffed until you destroy one of your own,"Boss: every card is debuffed until you sell one, and the debuff returns each act"
Q0823,Robber card,unanswered,,rule,R2,"R - Hazards, bosses & adversity",R2 - Board attrition,,,,,Robbers between the turns,random potential effects.csv:3,"Between turns, robbers steal the highest-value card on the board","Between turns, robbers steal the highest-value card unless it scored that turn","Between turns, robbers steal a card, and catching them once ends the thefts for the show"
Q0824,The Hook,unanswered,,rule,R2,"R - Hazards, bosses & adversity",R2 - Board attrition,,,,,"Town hazard: after each submit, the lowest-ranked grid card is discarded unless it scored that act",CARD_CATALOG,"Town hazard: after each submit, the lowest-ranked card on the grid is discarded unless it scored that act","Town hazard: after each submit, the lowest-ranked card in every grid is discarded unless it scored","Town hazard: after each submit, the card that has been on the grid longest without scoring is discarded"
Q0825,Vampire Survivors edge-eating,unanswered,,rule,R2,"R - Hazards, bosses & adversity",R2 - Board attrition,,,,,Something is eating the edges,random potential effects.csv:27,Cards at the grid's edge are eaten over several turns; playing them all removes the threat,Cards at the grid's edge are eaten one per turn until the edge is empty,"Cards at the edge are eaten over several turns, and each one eaten makes the next come faster"
Q0826,Boss fire-breathing fight,unanswered,,rule,R3,"R - Hazards, bosses & adversity",R3 - Escalating timer,,,,,A boss that breathes on the score,random potential effects.csv:25,Boss: appears and must be beaten with specific hands or raw points while it burns down your score each turn,"Boss: burns down your score each turn, and the burn accelerates the longer the show runs","Boss: burns down your score each turn, and only specific hands damage it back"
Q0827,Circus Maximus race show,unanswered,,rule,R3,"R - Hazards, bosses & adversity",R3 - Escalating timer,,,,,"Beat the clock, not the crowd",DESIGN_REFERENCES.md §A1 The Ancient World,Show variant: reach the goal within a fixed number of turns,"Show variant: reach the goal within a fixed number of turns, with the turn count shrinking each act",Show variant: reach the goal within a fixed number of turns; finishing early banks the turns you saved as fame
Q0828,The Marathon,unanswered,,rule,R3,"R - Hazards, bosses & adversity",R3 - Escalating timer,,,,,Three shows that never reset,CARD_CATALOG,"Boss gauntlet: three shows where the board does not reset between them, statuses and hazards persist, and goals stack","Boss gauntlet: three shows where the board does not reset, but statuses clear between them",Boss gauntlet: three shows where the board does not reset and each show adds one new hazard
Q0829,Cerulean Bell,unanswered,,rule,R4,"R - Hazards, bosses & adversity",R4 - Forced actions,,,,,One card is always chosen for you,balatro,One card in the Entrance is always forced into whatever you play or discard,"One card in the Entrance is always forced, and which one changes each refresh","One cell of the grid must be filled before any other may be, chosen at random each refresh"
Q0830,Sapphire Stamp,unanswered,,stamp,R4,"R - Hazards, bosses & adversity",R4 - Forced actions,,,,,"One extra, one taken away",cryptid,"Place one extra card each act, then one already placed is removed at random before scoring","Place one extra card each act, then one already placed is removed by your choice before scoring","Place one extra card each act, and the removal only happens if the line would have scored"
Q0831,The Psychic,unanswered,,rule,R4,"R - Hazards, bosses & adversity",R4 - Forced actions,,,,,"Boss: exactly five, every time",balatro,"Boss: every act must place exactly five cards, whether or not they score","Boss: every act must place exactly five cards, and they must all go in one grid","Boss: every act must place exactly five cards, and any left in the Entrance are destroyed"
Q0832,Escalating Demands,unanswered,,rule,R5,"R - Hazards, bosses & adversity",R5 - Requirement gates,,,,,The bar rises each act,generated,"Boss: each act names a harder hand than the last, and failing one ends the show",Boss: each act names a harder hand; failing one costs the act but not the show,"Boss: each act names a harder hand, and you may bank an easy hand early to spend on a hard act later"
Q0833,The Audition,unanswered,,rule,R5,"R - Hazards, bosses & adversity",R5 - Requirement gates,,,,,Prove it before you may continue,generated,Boss: a specific hand must be scored before the second act may begin,Boss: a specific hand must be scored in each act before that act will resolve,"Boss: a specific hand must be scored at some point in the show, or the show is lost regardless of score"
Q0834,The Set List,unanswered,,rule,R5,"R - Hazards, bosses & adversity",R5 - Requirement gates,,,,,You must play the named hand,generated,"Boss: a hand type is named each act, and the act scores nothing unless that hand is among what you complete","Boss: a hand type is named for the whole show, and only that hand scores","Boss: a hand type is named each act, and completing it doubles the act rather than gating it"
Q0835,Avalanche,unanswered,,skill,R6,"R - Hazards, bosses & adversity",R6 - Goal manipulation,,,,,"After scoring, reduce the show's score goal by the number of cards currently placed on the grid",CARD_CATALOG,"After each line scores, the show's goal drops by the number of cards on the grid","On Submit, the show's goal drops by the number of cards on the grid","Each time a grid is filled completely, the show's goal drops by 25"
Q0836,Chindon'ya,unanswered,,consumable,R6,"R - Hazards, bosses & adversity",R6 - Goal manipulation,,,,,Consumable: the next town's fame requirement drops 15%,CARD_CATALOG,Consumable: the next show's goal drops by 15%,Consumable: the next show's goal drops by 25% and the show after it rises by 10%,Consumable: the next show's goal drops by 5% for each Entrance card left unplaced when you spend it
Q0837,Overscoring ramps requirements,unanswered,,rule,R6,"R - Hazards, bosses & adversity",R6 - Goal manipulation,,,,,Beating the goal raises the next one,"DESIGN_DOC.md §15 Map v4 (FTL, latest)","Overscoring raises future score requirements, so a big declared score is a wager against missing it",Overscoring raises future requirements only for the same town type,"Overscoring raises future requirements, and you may bank the excess as fame instead to avoid the raise"
Q0838,Pre-show challenge dance,unanswered,,skill,R6,"R - Hazards, bosses & adversity",R6 - Goal manipulation,,,,,Open with a display instead of a card,DESIGN_REFERENCES.md §A12 Australia & Oceania,Spend a turn on an opening display to lower the show's goal,Spend a turn on an opening display to lower the show's goal by an amount scaling with the turn's lost value,"Spend a turn on an opening display to lower the goal, or spend two to lower it much further"
Q0839,The Cliffhanger,unanswered,,skill,R6,"R - Hazards, bosses & adversity",R6 - Goal manipulation,,,,,"Cue at show end: the next town's goal drops 30%, but this card must score in that show or lose double the discount as fame",CARD_CATALOG,"Cue at show end: the next town's goal drops 30%, but this card must score there or you lose double the discount in fame",Cue at show end: the next town's goal drops 30% with no condition attached,Cue at show end: name a discount up to 50%; this card must score there or you lose double it in fame
Q0840,The Designated Loser,unanswered,,rule,R6,"R - Hazards, bosses & adversity",R6 - Goal manipulation,,,,,"A boss show with a trivial goal that is normally always won, but has a hidden seeded 1-in-1000 chance the goal silently triples mid-show",CARD_CATALOG,"A boss show with a trivial goal that is normally always won, with a hidden 1-in-1000 chance the goal silently triples mid-show","A boss show with a trivial goal, with a hidden 1-in-100 chance the goal silently triples mid-show","A boss show with a trivial goal; the goal silently triples the moment you are within one line of winning, once per run"
Q0841,The Flint,unanswered,,rule,R6,"R - Hazards, bosses & adversity",R6 - Goal manipulation,,,,,Boss: everything scores half,balatro,Boss: base points and multiplier for every hand are halved,"Boss: base points are halved, but the combo counts double","Boss: base points are halved, and every effect trigger is worth twice as much combo"
Q0842,The Vidushaka,unanswered,,skill,R6,"R - Hazards, bosses & adversity",R6 - Goal manipulation,,,,,Talks the goal down,CARD_CATALOG,Once per tour: the current show's goal drops 20%,"Once per tour: the current show's goal drops 20%, and again by 20% if you are already past halfway","Once per show: the goal drops 20%, but the next show's goal rises by the same amount"
Q0843,Turquoise Tornado,unanswered,,rule,R6,"R - Hazards, bosses & adversity",R6 - Goal manipulation,,,,,Most hands simply do not score,cryptid,"Boss: two acts in three fail to score at all, at random","Boss: two acts in three fail to score, but the ones that do score triple","Boss: every other act fails to score, predictably, so you plan around it"
Q0844,Hurricane card,unanswered,,rule,R7,"R - Hazards, bosses & adversity",R7 - Area hazards,,,,,A storm that walks the grid,random potential effects.csv:5,"Cards in a ring shape are soaked; the storm starts at a random strength, walks the grid and weakens",Cards in a ring shape are soaked; the storm walks the grid at constant strength until the show ends,"Cards in a ring are soaked; the storm walks the grid, weakening, and its next position is telegraphed"
Q0845,Lightning card,unanswered,,skill,R7,"R - Hazards, bosses & adversity",R7 - Area hazards,,,,,Strikes the tallest thing on the board,random potential effects.csv:4,"Lightning strikes the highest-value card on the board, applying a shock effect",Lightning strikes the highest-value card and arcs to everything orthogonally adjacent to it,Lightning strikes the highest-value card in each grid at once
Q0846,Negative weather effects,unanswered,,rule,R7,"R - Hazards, bosses & adversity",R7 - Area hazards,,,,,The show must go on,DESIGN_DOC.md §15 Map v3 (Biome tour),Weather events impose negative effects during a show,"Weather events impose negative effects, and are announced one town in advance",Weather events impose negative effects that intensify the longer the show runs
Q0847,The Falling Wall,unanswered,,rule,R7,"R - Hazards, bosses & adversity",R7 - Area hazards,,,,,"Boss attack, telegraphed one turn ahead: destroys an entire column except one exact row slot",CARD_CATALOG,Boss attack telegraphed one turn ahead: destroys an entire column except one exact cell,"Boss attack telegraphed one turn ahead: destroys an entire line except one exact cell, and you are told which cell before it lands","Boss attack telegraphed one turn ahead: destroys an entire column, and you choose one card to save"
Q0848,The Sphere (Final Venue),unanswered,,rule,R7,"R - Hazards, bosses & adversity",R7 - Area hazards,,,,,The venue itself performs,DESIGN_REFERENCES.md §G The Modern Era,Final venue: board-wide effects from the town alter play every turn,"Final venue: board-wide effects alter play every turn, drawn from every hazard you faced this run","Final venue: board-wide effects alter play every turn, and you are shown the next one in advance"
Q0849,The Volcano,unanswered,,rule,R7,"R - Hazards, bosses & adversity",R7 - Area hazards,,,,,The floor is lava,CARD_CATALOG,Terrain boss: the bottom row is lava; any card ending a turn there catches Burning and loses 1 rank per turn,Terrain boss: the bottom row is lava and rises one row every three turns,"Terrain boss: one row is lava, and which row it is moves every turn, telegraphed one turn ahead"
Q0850,Tornado card,unanswered,,skill,R7,"R - Hazards, bosses & adversity",R7 - Area hazards,,,,,A tornado of random size,random potential effects.csv:13,Affects an area whose size is rolled between one cell and a whole grid,"Affects a single cell, and the area grows by one each turn it stays on the board","Affects an area whose size is rolled, and its path is telegraphed one turn ahead"
Q0851,Tsunami card,unanswered,,rule,R7,"R - Hazards, bosses & adversity",R7 - Area hazards,,,,,A wave that lowers the ceiling,random potential effects.csv:7,"Washes up from the bottom row, lowering the maximum stack height, then recedes","Washes up from the bottom row, lowering the maximum stack height permanently for the show","Washes up from the bottom, lowering the height cap as it rises and restoring it as it recedes, on a fixed cycle"
Q0852,Blossom Stake,unanswered,,rule,R8,"R - Hazards, bosses & adversity",R8 - Boss randomisation,,,,,"Any boss, any time",cryptid,Final-tier bosses may appear at any point in the tour,"Final-tier bosses may appear at any point, and you are warned one town ahead","Bosses are drawn from the whole pool at every town, so difficulty is unordered"
Q0853,Boss Tag,unanswered,,consumable,R8,"R - Hazards, bosses & adversity",R8 - Boss randomisation,,,,,Reroll the boss,balatro,Consumable: reroll the current town's boss,"Consumable: reroll the current town's boss, seeing the replacement before committing","Consumable: reroll the boss, and you may keep whichever of the two you prefer"
Q0854,Hippodrome factions,unanswered,,rule,R8,"R - Hazards, bosses & adversity",R8 - Boss randomisation,,,,,The crowd has favourites,DESIGN_REFERENCES.md §A1 The Ancient World,Each show an audience faction favours one suit; ignoring them too long summons a Riot boss,"Each show an audience faction favours one suit, and playing to them pays a bonus","Each show two factions favour opposing suits; pleasing one angers the other, and neglecting both summons a Riot"
Q0855,Obsidian Orb,unanswered,,rule,R8,"R - Hazards, bosses & adversity",R8 - Boss randomisation,,,,,"Every boss you have already beaten, at once",cryptid,Boss: carries the abilities of every boss you have beaten this run,Boss: carries the abilities of the three bosses you beat fastest,"Boss: carries every beaten boss's ability, and you may disable one for a fame cost"
Q0856,The Rat Sheet,unanswered,,consumable,R8,"R - Hazards, bosses & adversity",R8 - Boss randomisation,,,,,Raises the stakes for both sides,CARD_CATALOG,"Consumable: raises the next rival show's difficulty for both players; if both would pass, you take a quarter of its payout","Consumable: raises the next rival show's difficulty for both; if you pass and the rival does not, you take all of its payout","Consumable: raises the next rival show's difficulty for the rival only, at the cost of fame"
Q0857,The Rival Show,unanswered,,rule,R8,"R - Hazards, bosses & adversity",R8 - Boss randomisation,,,,,Somebody played this town first,CARD_CATALOG,Recurring boss: a rival plays the town first and raises the goal by 30%; beating it steals a card from the rival's deck,Recurring boss: a rival plays the town first and raises the goal by whatever margin it beat its own goal by,"Recurring boss: a rival plays the town first; you see the exact board it built, and beating its score steals a card"
Q0858,The White Elephant War,unanswered,,rule,R8,"R - Hazards, bosses & adversity",R8 - Boss randomisation,,,,,A gift you cannot refuse cheaply,DESIGN_RECOMMENDATIONS.md §9 Events,A rival offers a card that scores hugely but drains gold; refusing makes the next rival show harder,"A rival offers a draining card; refusing makes the next rival show harder, and accepting makes it easier","A rival offers a draining card; you may accept, refuse, or counter-offer one of your own"
Q0859,Candy Sticks,unanswered,,skill,R9,"R - Hazards, bosses & adversity",R9 - Counterplay cards,,,,,The boss starts late,cryptid,The next boss's ability does not switch on until you have completed one line,The next boss's ability does not switch on until the second act,Every boss's ability starts one act late for the rest of the run
Q0860,FEMA mode,unanswered,,rule,R9,"R - Hazards, bosses & adversity",R9 - Counterplay cards,,,,,Relief arrives after enough disasters,random potential effects.csv:9,"After a number of weather cards, disaster relief becomes available as a free repair","After a number of weather cards, disaster relief becomes available and scales with how much damage was taken","After a number of weather cards, you choose between relief now or a larger payout if you survive the next one"
Q0861,Hey Rube!,unanswered,,rule,R9,"R - Hazards, bosses & adversity",R9 - Counterplay cards,,,,,"Boss: each submit, every card in the rightmost column gets Exhausted unless an Escape Artist-class card stands in that column",CARD_CATALOG,"Boss: each submit, every card in the rightmost column is Exhausted unless an Escape Artist stands in that column","Boss: each submit, every card in one random column is Exhausted unless a protective stamp stands in it","Boss: each submit, the column that scored least is Exhausted entirely"
Q0862,Matador,unanswered,,skill,R9,"R - Hazards, bosses & adversity",R9 - Counterplay cards,,,,,Paid for setting off the trap,balatro,Earn gold whenever a line you score triggers the boss's ability,Earn gold and points whenever a line you score triggers the boss's ability,"Earn gold whenever the boss's ability fires at all, whoever set it off"
Q0863,Fog of war on choices,unanswered,,rule,S1,S - Map & run structure,S1 - Node reveal,,,,,You cannot see far ahead,DESIGN_DOC.md §15 Map v3 (Biome tour),Fog obscures map choices beyond the next step,Fog obscures map choices beyond the next two steps,"Fog obscures choices beyond the next step, and lifts one step further each time you win a show"
Q0864,The Advance Man,unanswered,,consumable,S1,S - Map & run structure,S1 - Node reveal,,,,,"Consumable: reveals all fog-of-war nodes within 2 edges of the player's position, including contents",CARD_CATALOG,"Consumable: reveals every fogged map node within two steps, contents included","Consumable: reveals every fogged map node on the whole route, but only their types, not their contents",Consumable: reveals every fogged node within two steps and lets you swap two of them
Q0865,The Mitt Camp Reading,unanswered,,consumable,S1,S - Map & run structure,S1 - Node reveal,,,,,Buys the truth about what is ahead,CARD_CATALOG,Consumable: pay 1 gold for one true fact about each of the next three map nodes,Consumable: pay 1 gold for one true fact about a node of your choice anywhere on the route,"Consumable: pay 1 gold per node to learn one true fact about it, as many as you can afford"
Q0866,The Panorama,unanswered,,consumable,S1,S - Map & run structure,S1 - Node reveal,,,,,Shows the shape of the route,CARD_CATALOG,"Consumable: reveals the type of every node on the world map, but not its contents","Consumable: reveals the type of every node, and the contents of the next three","Consumable: reveals the type of every node for the rest of the run, not just now"
Q0867,Branching escalating-difficulty paths,unanswered,,rule,S2,S - Map & run structure,S2 - Route manipulation,,,,,Branching paths of rising difficulty,gam draft.txt:721,"Map: branching paths of escalating difficulty, splitting roguelike routes from preset puzzle levels","Map: branching paths of escalating difficulty, where clearing one path unlocks a shortcut on another",Map: branching paths where each path has its own theme and its own escalating difficulty curve
Q0868,Calendar shows (Inti Raymi),unanswered,,rule,S2,S - Map & run structure,S2 - Route manipulation,,,,,Festivals on a fixed calendar,DESIGN_REFERENCES.md §A11 South America,"Bonus festivals appear at fixed intervals along the route, every Nth node","Bonus festivals appear at fixed intervals, and reaching one early carries the bonus forward","Bonus festivals appear at fixed intervals, and you may spend fame to move one closer"
Q0869,FTL constellation map,unanswered,,rule,S2,S - Map & run structure,S2 - Route manipulation,,,,,A constellation you cannot walk back,"DESIGN_DOC.md §15 Map v4 (FTL, latest)","Map: a constellation of cities with no backtracking; touring builds fame, and hazards and weather occur between them","Map: a constellation with no backtracking, and each city visited raises the odds of hazards on the next leg","Map: a constellation with no backtracking, and you plan the whole route before the tour begins"
Q0870,Map alternative topologies,unanswered,,rule,S2,S - Map & run structure,S2 - Route manipulation,,,,,"The route has no end, only a shape","DESIGN_DOC.md §15 Map v4 (FTL, latest)",Map: no final city; the route circles and towns become revisitable once enough time has passed,"Map: no final city; you must return to where you started, and the return leg is harder","Map: the route circles, and each full circuit raises every town's goal"
Q0871,Map probability rings,unanswered,,rule,S2,S - Map & run structure,S2 - Route manipulation,,,,,Better cards toward the middle,gam draft.txt:51,"The map is a square of probability rings, with higher-rank nodes likelier toward the centre","The map is a square of probability rings, and travelling inward costs more fame per step","The map is a square of probability rings, and the centre is only reachable once per run"
Q0872,Route-as-song bonus,unanswered,,rule,S2,S - Map & run structure,S2 - Route manipulation,,,,,"Repeat the route, strengthen the act",DESIGN_REFERENCES.md §A12 Australia & Oceania,Repeating a route pattern you have walked before grants a strengthening bonus,Repeating a route pattern grants a bonus that grows with how long the repeated stretch is,"Repeating a route pattern grants a bonus, and repeating it in reverse grants a different one"
Q0873,The International Final,unanswered,,rule,S2,S - Map & run structure,S2 - Route manipulation,,,,,The regions you toured vote,"DESIGN_REFERENCES.md §F3 Music, Concerts & Festivals",Suits favoured by regions you toured generously score extra in the final show,"Suits favoured by regions you toured generously score extra, and regions you skipped penalise theirs","Each region you toured contributes one favoured suit to a final pool, and lines using them score extra"
Q0874,The Pitch Lottery,unanswered,,rule,S2,S - Map & run structure,S2 - Route manipulation,,,,,Bid for first pick,"DESIGN_REFERENCES.md §F3 Music, Concerts & Festivals",Bid gold for first pick of the next three map nodes,Bid gold for first pick of the next three nodes; the losing bid is refunded,"Bid gold for first pick, and the amount bid also determines how much of each node you can see"
Q0875,The Route Book,unanswered,,rule,S2,S - Map & run structure,S2 - Route manipulation,,,,,"Plan the route, then stick to it",DESIGN_RECOMMENDATIONS.md §8 Map-layer systems,Plan an intended route before the run; deviating from it costs fame,"Plan an intended route before the run; following it pays a bonus, and deviating costs nothing","Plan an intended route; deviating costs fame, but you may re-plan once per biome"
Q0876,Triangle map boss phase,unanswered,,rule,S2,S - Map & run structure,S2 - Route manipulation,,,,,Boss phases in the terrain,DESIGN_DOC.md §15 Map v2 (Triangle),"The map places a boss phase every few tiers, drawn as terrain","The map places a boss phase every few tiers, and fights happen only at those phases","The map places boss phases every few tiers, and you may pay fame to skip one per run"
Q0877,Triangle map choice,unanswered,,rule,S2,S - Map & run structure,S2 - Route manipulation,,,,,A triangle you narrow as you climb,DESIGN_DOC.md §15 Map v2 (Triangle),"Choose from the next three options; moving left permanently loses the right lanes, and the middle loses both",Choose from the next three options; the lanes you lose become visible so you know what you gave up,Choose from the next three; lanes lost reopen once per run at a fame cost
Q0878,Location difficulty from card,unanswered,,rule,S3,S - Map & run structure,S3 - Node conversion,,,,,The card on the node is the node,gam draft.txt:48,A map location's suit and rank set its difficulty and its type,"A map location's rank sets its difficulty and its suit sets its type, and both are visible before travelling","A map location's card is the reward you win from it, so choosing the node chooses the prize"
Q0879,Monopoly pay-to-unlock squares,unanswered,,rule,S3,S - Map & run structure,S3 - Node conversion,,,,,Pay a card to open the square,gam draft.txt:1414,Some map squares must be unlocked by sacrificing a card before they can be used,Some map squares must be unlocked by sacrificing a card of a named class,"Some map squares must be unlocked with a card, and the card you spend determines the reward"
Q0880,Special map squares,unanswered,,rule,S3,S - Map & run structure,S3 - Node conversion,,,,,Squares that mean something fixed,DESIGN_DOC.md §15 Map v1 (Minesweeper),"Map squares carry fixed effects by rank, with higher ranks more likely toward the centre","Map squares carry fixed effects by rank, and one rank is designated the shop rank each run","Map squares carry fixed effects by rank, and an effect can change a square's rank to change what it is"
Q0881,The Egress (event),unanswered,,rule,S3,S - Map & run structure,S3 - Node conversion,,,,,A sign that says This Way Out,DESIGN_RECOMMENDATIONS.md §9 Events,"Map event: following a mysterious sign skips the node entirely, with no reward and no risk",Map event: following the sign skips the node and pays a small fame bonus for the mystery,Map event: following the sign skips the node and reveals what you would have faced
Q0882,The Ghost Train,unanswered,,rule,S3,S - Map & run structure,S3 - Node conversion,,,,,A node you cannot preview,"DESIGN_REFERENCES.md §E The Fairground, Midway & Business","Map node: its contents cannot be previewed, and its average reward is better for it","Map node: its contents cannot be previewed, and it is always either the best or the worst node available","Map node: unpreviewable, with a better average reward, and previewing it at all costs fame"
Q0883,The Locked Room,unanswered,,rule,S3,S - Map & run structure,S3 - Node conversion,,,,,Needs the right keys,DESIGN_REFERENCES.md §G The Modern Era,Map node: requires specific card types as keys to open its reward,"Map node: requires specific card types as keys, and shows which before you commit to it","Map node: requires keys, and each key you lack can be bought with fame instead"
Q0884,The Unsanctioned Show,unanswered,,rule,S3,S - Map & run structure,S3 - Node conversion,,,,,Perform where you should not,DESIGN_REFERENCES.md §B1 Aerial & Wire,"Map node: performing at a forbidden node pays enormous fame, and failing loses the run's tips","Map node: performing at a forbidden node pays enormous fame, and failing bars you from the region","Map node: a forbidden node pays enormous fame, and merely visiting it marks you for a later boss"
Q0885,Amusement city (Coney Island),unanswered,,rule,S4,S - Map & run structure,S4 - Biome / town effects,,,,,A town that is never the same twice,DESIGN_REFERENCES.md §A10 The Americas,"Town: its layout and offers differ every visit, and a map event may burn it down so it rebuilds changed","Town: its layout and offers differ every visit, and each visit makes the next one stranger","Town: its layout and offers are rerolled each visit, and you may pay fame to reroll once more"
Q0886,Arena/naumachia town,unanswered,,rule,S4,S - Map & run structure,S4 - Biome / town effects,,,,,Only the dangerous acts score,DESIGN_REFERENCES.md §A1 The Ancient World,Town: only risk-tagged cards score here,"Town: only risk-tagged cards score, and they score double","Town: only risk-tagged cards score, and a flood event fills the bottom rows so nothing may be placed there"
Q0887,Bartholomew Fair town,unanswered,,rule,S4,S - Map & run structure,S4 - Biome / town effects,,,,,"Every shop at once, and pickpockets",DESIGN_REFERENCES.md §A2 Medieval & Renaissance Europe,"Town: every shop type is open at once, but a pickpocket event fires between purchases","Town: every shop type is open at once, and prices rise with each purchase","Town: every shop type is open at once; a pickpocket fires between purchases, and catching one pays double what it took"
Q0888,Cabaret city,unanswered,,rule,S4,S - Map & run structure,S4 - Biome / town effects,,,,,A town that stays up late,DESIGN_REFERENCES.md §A14 The Caribbean & Central America,"Town: night-show rules apply, favouring Dancer and Concessions cards",Town: night-show rules favour two classes drawn at random for that town,"Town: night rules favour whichever class you have fewest of, and penalise your most common"
Q0889,Exposition City,unanswered,,rule,S4,S - Map & run structure,S4 - Biome / town effects,,,,,One enormous show that takes all comers,"DESIGN_REFERENCES.md §E The Fairground, Midway & Business","Town: a single vast goal, once per map, where every suit is welcome and nothing is penalised","Town: a single vast goal where every suit is welcome, and the reward scales with how far past it you get","Town: a single vast goal where every suit is welcome, but you get one act instead of three"
Q0890,Friendly Acrobat town,unanswered,,rule,S4,S - Map & run structure,S4 - Biome / town effects,,,,,A town that likes tumblers,DESIGN_REFERENCES.md §A5 China,Town: Acrobat cards cost less here and an Acrobat pack is guaranteed,"Town: cards of one class cost less here and a pack of that class is guaranteed, the class differing per town",Town: cards matching the class you own most of cost less here
Q0891,Improving town (Chautauqua),unanswered,,rule,S4,S - Map & run structure,S4 - Biome / town effects,,,,,A town with standards,DESIGN_REFERENCES.md §A10 The Americas,"Town: no risk-tagged cards may score, and Concessions cards score double","Town: no risk-tagged cards may score, and one class you name at arrival scores double","Town: no risk-tagged cards may score, and every clean show raises the town's standing reward"
Q0892,Jaded city (Richiardi),unanswered,,rule,S4,S - Map & run structure,S4 - Biome / town effects,,,,,A town that has seen it all,DESIGN_REFERENCES.md §C1 Golden-Age Stage Magic,Town: only shock and risk-tagged acts impress here; everything else scores half,Town: only shock and risk-tagged acts score at all,Town: only acts you have never played in this town before score at full value
Q0893,Outlawed,unanswered,,type,S4,S - Map & run structure,S4 - Biome / town effects,,,,,In pious/lawful towns this card cannot score at all; everywhere else it scores double,CARD_CATALOG,In lawful towns this card cannot score at all; everywhere else it scores double,In lawful towns this card cannot be placed at all; everywhere else it scores double,The first town that outlaws this card makes it score double for the rest of the run
Q0894,Pierrot,unanswered,,skill,S4,S - Map & run structure,S4 - Biome / town effects,,,,,Gains bonus multiplier on odd-numbered shows of the tour; has no effect otherwise,CARD_CATALOG,Gains a multiplier on odd-numbered shows of the tour and does nothing on even ones,Gains a multiplier that grows by one step for each show of the tour it has been played in,Gains a multiplier on any show where it is the only card of its class on the grid
Q0895,Resort towns,unanswered,,rule,S4,S - Map & run structure,S4 - Biome / town effects,,,,,An easy stop,"DESIGN_REFERENCES.md §E The Fairground, Midway & Business","Town: lower goals, better shops, no boss","Town: lower goals and better shops, but no card rewards","Town: lower goals and better shops, and the next town's goal rises to compensate"
Q0896,The Rappings,unanswered,,rule,S4,S - Map & run structure,S4 - Biome / town effects,,,,,A town that stays haunted,"DESIGN_REFERENCES.md §C2 Séance, Spiritualism & Paranormal","Town: answers come by knocks, and debunking the haunting does not lift it",Town: answers come by knocks; debunking it converts the town to a normal one permanently,"Town: answers come by knocks, and the knocks are honest exactly as often as the town is"
Q0897,The Right to Perform,unanswered,,rule,S4,S - Map & run structure,S4 - Biome / town effects,,,,,"Comply, or fight for it",DESIGN_REFERENCES.md §A14 The Caribbean & Central America,"Town: comply with a ban for no fame, or resist and play a hazard show for double fame and permanent change","Town: comply for no fame, or resist for double fame at the risk of losing the town for the run","Town: comply, resist, or negotiate, each opening a different show type"
Q0898,The Scam Booking,unanswered,,rule,S4,S - Map & run structure,S4 - Biome / town effects,,,,,There is no venue,"DESIGN_REFERENCES.md §F3 Music, Concerts & Festivals","Town: arrive to find no venue; improvise a show where only Commons score, or take the failure","Town: arrive to find no venue; improvise where only Commons score, or oversell beyond your deck for a larger prize","Town: arrive to find no venue, and choose which restriction the improvised show runs under"
Q0899,Town size score requirements,unanswered,,rule,S4,S - Map & run structure,S4 - Biome / town effects,,,,,"Small towns, big cities","DESIGN_DOC.md §15 Map v4 (FTL, latest)","Town size sets the score requirement, with small towns cheap and cities dear","Town size sets both the requirement and the reward, scaling together","Town size sets the requirement, and you choose the size you play when you arrive"
Q0900,Tragedy scoring (Circo criollo),unanswered,,rule,S4,S - Map & run structure,S4 - Biome / town effects,,,,,Tragedy sells,DESIGN_REFERENCES.md §A10 The Americas,"Drama cards score on failed shows, so losing pays something","Drama cards score on failed shows, and score more the worse the failure","Drama cards score on failed shows, and a failed show with enough of them counts as a win for fame"
Q0901,Add all cards to map,unanswered,,rule,S5,S - Map & run structure,S5 - Reward manipulation,,,,,Every card is somewhere on the map,gam draft.txt:234,Every card in the game appears somewhere on the map as a collectible node,"Every card appears on the map, and cards you already own appear as upgrades instead","Every card appears on the map, but only those you have unlocked are visible"
Q0902,Balanced Sleeve,unanswered,,rule,S5,S - Map & run structure,S5 - Reward manipulation,,,,,Everything is equally likely,cryptid,"All cards appear in shops with equal probability regardless of rarity, and shops carry extra slots","All cards appear with equal probability, with no extra slots","All cards appear with equal probability, and rarity instead sets the price"
Q0903,Booster node packs,unanswered,,rule,S5,S - Map & run structure,S5 - Reward manipulation,,,,,A pack you take whole,DESIGN_DOC.md §15 Map (implemented),"Booster nodes hand you a five-card pack in full, with no choosing",Booster nodes hand you a five-card pack; you keep three and the rest are discarded,"Booster nodes hand you a five-card pack in full, and one card of your choice leaves the deck"
Q0904,Booster Tag,unanswered,,consumable,S5,S - Map & run structure,S5 - Reward manipulation,,,,,The next pack is twice the pack,cryptid,Consumable: the next pack holds double the cards and double the choices,"Consumable: the next pack holds double the cards, but you still keep the same number",Consumable: the next three packs each hold one extra card and one extra choice
Q0905,Buttercup,unanswered,,skill,S5,S - Map & run structure,S5 - Reward manipulation,,,,,Holds a shop item for later,cryptid,Stores one shop item; selling this card puts the stored item into the next shop,Stores one shop item; selling this card gives you the stored item directly,"Stores up to three shop items, released one per town"
Q0906,Disaster card packs,unanswered,,rule,S5,S - Map & run structure,S5 - Reward manipulation,,,,,A pack of disasters to pick from,DESIGN_DOC.md §15 Map content & UX,Disaster packs appear on the map as a choosable option,Disaster packs appear on the map; taking one pays fame up front and adds hazards later,"Disaster packs appear as an option, and refusing one raises the next town's goal"
Q0907,Fame gates pack rarity,unanswered,,rule,S5,S - Map & run structure,S5 - Reward manipulation,,,,,Fame buys better odds,DESIGN_DOC.md §15 Map (implemented),"Accumulated fame raises a run-wide luck value that gates stamp, skill and type rolls in packs","Accumulated fame raises pack rarity odds directly, with no separate luck value","Accumulated fame raises the luck value, and spending fame at a shop raises it further for one pack"
Q0908,Kitty Printer,unanswered,,skill,S5,S - Map & run structure,S5 - Reward manipulation,,,,,All rewards become one kind,cryptid,Every skip reward becomes the same named kind,Every skip reward becomes a kind you choose at run start,Every skip reward becomes the kind you have taken least this run
Q0909,Map high-rarity loose cards,unanswered,,rule,S5,S - Map & run structure,S5 - Reward manipulation,,,,,A single good card lying around,gam draft.txt:617,The map sometimes offers a single high-rarity card instead of a pack,"The map sometimes offers a single high-rarity card instead of a pack, at a fame cost","The map sometimes offers a single high-rarity card, and refusing it raises the rarity of the next offer"
Q0910,Red Card,unanswered,,skill,S5,S - Map & run structure,S5 - Reward manipulation,,,,,Paid for what you turn down,balatro,Gains a permanent bonus every time you skip a pack,Gains a permanent bonus every time you skip a pack or a map node,"Gains a permanent bonus per skip, and skipping also reveals what you passed up"
Q0911,Redeemed Deck,unanswered,,rule,S5,S - Map & run structure,S5 - Reward manipulation,,,,,Upgrades come with their next tier,cryptid,Buying an upgrade also grants its next tier for free,"Buying an upgrade also grants its next tier, but the tier after costs double","Buying an upgrade grants every tier of it at once, and it may never be bought again"
Q0912,Showman,unanswered,,rule,S5,S - Map & run structure,S5 - Reward manipulation,,,,,Duplicates are allowed,balatro,Cards may appear in shops and packs more than once per run,"Cards may appear more than once per run, and a second copy of anything costs less","Cards may appear more than once, and owning two copies of one card merges them into an upgraded version"
Q0913,Special suits via packs only,unanswered,,rule,S5,S - Map & run structure,S5 - Reward manipulation,,,,,Some suits only come from packs,DESIGN_RECOMMENDATIONS.md §2.4 Suits: 4 + specials,Fireworks and Electric never appear in the base roster and arrive only through packs and effects,"Fireworks and Electric never appear in the base roster, and packs containing them are visibly marked","Special suits arrive only through packs, and any card can be converted to one by an effect"
Q0914,Straw House,unanswered,,rule,S5,S - Map & run structure,S5 - Reward manipulation,,,,,A good night buys better offers,DESIGN_RECOMMENDATIONS.md §8 Map-layer systems,"When tips exceed a threshold, the next node's offers gain one rarity tier","When tips exceed a threshold, the next node offers one extra card","Every threshold of tips passed in a show raises the next node's offers by one tier, stacking"
Q0915,Talent pack mulligan,unanswered,,rule,S5,S - Map & run structure,S5 - Reward manipulation,,,,,Open packs by rejecting them,"DESIGN_DOC.md §18 Rarity, Packs & Collection",Packs are opened by mulliganing the results; contents are previewable and the mulligan count is upgradable,"Packs are opened by mulliganing, with a fixed two mulligans and no preview",Packs are opened by mulliganing; unseen effects show only a question mark until taken
Q0916,Ten-in-One pack,unanswered,,rule,S5,S - Map & run structure,S5 - Reward manipulation,,,,,Ten cheap acts in one,DESIGN_REFERENCES.md §A3 Golden Age Western Circus,Pack: ten Common cards,"Pack: ten Common cards, of which you keep five","Pack: ten Common cards, and any duplicate among them upgrades instead"
Q0917,The At Liberty pool,unanswered,,rule,S5,S - Map & run structure,S5 - Reward manipulation,,,,,Somebody else's cast-offs,"DESIGN_REFERENCES.md §E The Fairground, Midway & Business","Between towns, hire discounted cards that other shows have dropped","Between towns, hire discounted cards other shows dropped; the pool is built from cards you yourself sold","Between towns, hire discounted cards other shows dropped, with the discount growing the longer one sits unhired"
Q0918,The Gathering,unanswered,,rule,S5,S - Map & run structure,S5 - Reward manipulation,,,,,Everything on offer at once,DESIGN_REFERENCES.md §A12 Australia & Oceania,"Festival node: every regional card pool is available at once, one purchase from each","Festival node: every pool is available at once, with one purchase total","Festival node: every pool is available, and each purchase raises the price of the rest"
Q0919,The Gift Exchange,unanswered,,rule,S5,S - Map & run structure,S5 - Reward manipulation,,,,,Trade blind,DESIGN_REFERENCES.md §A14 The Caribbean & Central America,"Trade one of your cards for one of the town's, both sides choosing blind",Trade one of your cards for one of the town's; you choose knowingly and they choose blind,"Trade blind, and you may refuse once after seeing what you would get"
Q0920,The Museum of Humbugs,unanswered,,rule,S5,S - Map & run structure,S5 - Reward manipulation,,,,,A cheap fake that might not be,DESIGN_RECOMMENDATIONS.md §9 Events,Buy a cheap fake card with a small chance of secretly being a Legendary,"Buy a cheap fake card with a small chance of being Legendary, revealed only when it first scores",Buy a cheap fake with a chance of being Legendary; inspecting it before play reveals the truth but voids the bargain
Q0921,The New Act,unanswered,,rule,S5,S - Map & run structure,S5 - Reward manipulation,,,,,A preview of something not unlocked yet,"DESIGN_REFERENCES.md §E The Fairground, Midway & Business",A mechanic you have not unlocked appears for one show as a preview,"A mechanic you have not unlocked appears for one show, and completing that show unlocks it early","An unlocked-elsewhere mechanic appears for one show, chosen from what you are closest to unlocking"
Q0922,The Showbag,unanswered,,consumable,S5,S - Map & run structure,S5 - Reward manipulation,,,,,A cheap bag with one thing you wanted,CARD_CATALOG,"Consumable pack: four random Commons, one of them guaranteed to be a Concessions card","Consumable pack: four random Commons, one of them guaranteed to be a class you name",Consumable pack: four random Commons; you keep two and the rest are discarded
Q0923,Unlockable ruleset card packs,unanswered,,rule,S5,S - Map & run structure,S5 - Reward manipulation,,,,,A pack that changes the rules,gam draft.txt:331,An unlockable pack of cards that alter the game's fundamental rules,"An unlockable pack of rule-changing cards, of which you may hold only one at a time","An unlockable pack of rule-changing cards, and taking one removes an existing rule to make room"
Q0924,Upgraded pack results with stamps,unanswered,,rule,S5,S - Map & run structure,S5 - Reward manipulation,,,,,Pack results can come out better,gam draft.txt:613,"Pack results have a chance to arrive upgraded, carrying bonus types and stamps","Pack results have a chance to arrive upgraded, and re-rolling forfeits any upgrade already rolled","Pack results have a chance to arrive upgraded, rising with the fame you have banked"
Q0925,Antique poster / benefit show,unanswered,,rule,S6,S - Map & run structure,S6 - Between-show effects,,,,,A show played for one card,DESIGN_REFERENCES.md §A3 Golden Age Western Circus,"Map event: all of a show's proceeds go to one card of your choice, buffing it massively","Map event: all of a show's proceeds go to one card, buffing it by the fraction of the goal you exceeded","Map event: all proceeds go to one card, and that card cannot be sold for the rest of the run"
Q0926,Gym node (Zurkhaneh),unanswered,,rule,S6,S - Map & run structure,S6 - Between-show effects,,,,,A gym with a code of honour,"DESIGN_REFERENCES.md §A8 Middle East, Central Asia, Mongolia","Map node: permanently +1 rank to one card, but only if that card has never destroyed another","Map node: permanently +1 rank to one card, with no condition","Map node: permanently +1 rank to one card that has never destroyed another, or +2 if it has never been covered either"
Q0927,Head of state attends,unanswered,,rule,S6,S - Map & run structure,S6 - Between-show effects,,,,,Someone important is watching,DESIGN_REFERENCES.md §A3 Golden Age Western Circus,Passing this show permanently raises the fame floor for the rest of the run,Passing this show permanently raises the fame floor; failing it lowers the ceiling,"Passing this show raises the fame floor, and the raise is larger the further past the goal you get"
Q0928,History-driven strike/tax events,unanswered,,rule,S6,S - Map & run structure,S6 - Between-show effects,,,,,Your habits catch up with you,DESIGN_DOC.md §21 Events & Encounters,"Events fire from run behaviour: cutting too many skill cards causes a strike, hoarding too many cards causes a tax","Events fire from run behaviour, and you are warned one town before each one triggers","Events fire from run behaviour, and each one can be bought off with fame at the town before"
Q0929,Meal call (cookhouse flag),unanswered,,rule,S6,S - Map & run structure,S6 - Between-show effects,,,,,A rest between regions,"DESIGN_REFERENCES.md §E The Fairground, Midway & Business","Once per region, a rest tick clears one debuff from every card","Once per region, a rest tick clears all debuffs from one card of your choice","Once per region, a rest tick clears one debuff per card, or two if you skip the region's shop"
Q0930,Panem et circenses free show,unanswered,,rule,S6,S - Map & run structure,S6 - Between-show effects,,,,,"Play for free, earn goodwill",DESIGN_REFERENCES.md §A1 The Ancient World,"Give a free show: no gold, a large fame gain and increased town loyalty","Give a free show: no gold, a large fame gain, and the town's shop is permanently cheaper",Give a free show: no gold and a large fame gain; loyalty earned this way can be spent to skip a later hazard
Q0931,Reward fast/lean wins,unanswered,,rule,S6,S - Map & run structure,S6 - Between-show effects,,,,,Winning lean is worth something,gam draft.txt:564,Winning a show quickly or with few cards pays extra gold,Winning a show quickly or with few cards buffs the cards left in the deck,"Winning quickly pays gold, and winning with few cards buffs the deck, and doing both pays a further bonus"
Q0932,The Barrel,unanswered,,rule,S6,S - Map & run structure,S6 - Between-show effects,,,,,"One enormous night, no money",DESIGN_REFERENCES.md §A10 The Americas,A one-time colossal fame gain with no gold reward at all,A one-time colossal fame gain that costs all the gold you are holding,"A one-time colossal fame gain, available only once your fame is already above a threshold"
Q0933,The Fire (venue loss),unanswered,,rule,S6,S - Map & run structure,S6 - Between-show effects,,,,,The venue burns down,DESIGN_REFERENCES.md §C1 Golden-Age Stage Magic,"Map event: lose a venue mid-tour, choosing between an insurance payout and a rebuild",Map event: lose a venue mid-tour; the insurance payout is gold and the rebuild is a permanent bonus,"Map event: lose a venue mid-tour, and whichever you choose defines the character of the next few towns"
Q0934,The friendly grapple (Glíma),unanswered,,rule,S6,S - Map & run structure,S6 - Between-show effects,,,,,A bout with nothing on it,"DESIGN_REFERENCES.md §A15 Iberia, Nordics & Eastern Europe",Map node: test a card against a boss's stats with nothing at stake,"Map node: test a card against a boss with nothing at stake, and learn one of the boss's hidden rules","Map node: a no-stakes bout that, if won, lowers that boss's goal when you meet it for real"
Q0935,The Lantern Roast,unanswered,,rule,S6,S - Map & run structure,S6 - Between-show effects,,,,,The town laughs at your failures,"DESIGN_REFERENCES.md §A15 Iberia, Nordics & Eastern Europe",Map event: the town satirises your run's failures; accept for fame or take offence for a fight,"Map event: the town satirises your failures, and the fame paid scales with how badly the run has gone",Map event: the town satirises your failures; accepting pays fame and permanently marks one card as the butt of the joke
Q0936,The Pie Car,unanswered,,rule,S6,S - Map & run structure,S6 - Between-show effects,,,,,"Rest, or gamble",DESIGN_RECOMMENDATIONS.md §9 Events,"Rest node: heal one debuff, or gamble at a rigged game for a small chance at a large win","Rest node: heal one debuff, or gamble the heal itself for a chance at healing everything","Rest node: heal one debuff, or gamble at a rigged game you may cheat at if you hold the right card"
Q0937,The Cancelled Date,unanswered,,rule,S7,S - Map & run structure,S7 - Extra life,,,,,A show that never happened,generated,"Rule: one failed show per run is struck from the record, costing its rewards but not the tour","Rule: one failed show per run is struck from the record, and the town is removed from the route","Rule: one failed show per run is struck, and the fame you would have earned is halved and paid anyway"
Q0938,The Second House,unanswered,,consumable,S7,S - Map & run structure,S7 - Extra life,,,,,Play the room again,generated,Consumable: replay a failed show from the start with the same deck and a new card order,Consumable: replay a failed show from the start with the identical card order,"Consumable: replay a failed show, keeping whatever score you had already banked"
Q0939,The Understudy,unanswered,,skill,S7,S - Map & run structure,S7 - Extra life,,,,,Somebody goes on in your place,generated,"Once per run, a failed show is survived and the tour continues, at the cost of this card","Once per run, a failed show is survived and the tour continues at no cost","Once per run, a failed show is survived, and the next show's goal rises by what you fell short by"
Q0940,Biome tour structure,unanswered,,rule,S8,S - Map & run structure,S8 - Run length,,,,,A tour with gates in it,DESIGN_DOC.md §15 Map v3 (Biome tour),"The run is split into biomes that change map generation, with a fame gate roughly every ten shows","The run is split into biomes that change map generation, with a fame gate at each biome boundary","The run is split into biomes you pick the order of before the tour starts, each with its own fame gate"
Q0941,Endless bookings,unanswered,,rule,S8,S - Map & run structure,S8 - Run length,,,,,The contracts get absurd,DESIGN_RECOMMENDATIONS.md §2.2 Alt win cons: The Booking,"In endless mode, each repeat's booking terms become more extreme","In endless mode, each repeat adds one clause to the booking, stacking","In endless mode, each repeat's booking is drawn from progressively harsher pools, and you may reject one per lap"
Q0942,Endless lap reversal,unanswered,,rule,S8,S - Map & run structure,S8 - Run length,,,,,The tour turns around and goes back,DESIGN_DOC.md §15 Map (implemented),"Finishing a lap reverses the tour end to start on the same map, with goals scaling per lap","Finishing a lap reverses the tour, and every town you already played is harder the second time","Finishing a lap reverses the tour, and the towns you skipped the first time are the only ones available"
Q0943,Redeo,unanswered,,skill,S8,S - Map & run structure,S8 - Run length,,,,,Buy your way closer to the end,cryptid,Spend a rising sum of gold to shorten the tour by one town; the price doubles each time,"Spend a fixed sum of gold to shorten the tour by one town, any number of times","Spend a rising sum to shorten the tour, and the fame requirement of the remaining towns rises to match"
Q0944,Residency mode,unanswered,,rule,S8,S - Map & run structure,S8 - Run length,,,,,Stay in one city and let it change,DESIGN_REFERENCES.md §G The Modern Era,Endless mode: stay in one city that evolves each show instead of circling the map,"Endless mode: stay in one city that evolves, and every fifth show it changes character entirely","Endless mode: stay in one city, and each show you choose which of its aspects escalates"
Q0945,The Joke,unanswered,,rule,S8,S - Map & run structure,S8 - Run length,,,,,Overshoot far enough and skip ahead,cryptid,Scoring more than double the goal jumps you forward several towns at once,Scoring more than double the goal jumps you forward one town,Scoring more than double the goal lets you choose between jumping ahead or taking the reward twice
Q0946,Hype Poster,unanswered,,consumable,S9,S - Map & run structure,S9 - Hype / stakes,,,,,"Consumable: doubles the next show's fame requirement, in exchange for its rewards scaling up two tiers",CARD_CATALOG,Consumable: the next show's goal doubles and its rewards scale up two tiers,Consumable: the next show's goal rises 50% and its rewards scale up one tier,"Consumable: you set the next show's goal multiplier yourself, and the rewards scale with whatever you set"
Q0947,Storyteller,unanswered,,skill,T1,T - Cross-show & meta,T1 - Carry score forward,,,,,Keeps some of it for next time,DESIGN_DOC.md §14.1 Skills/Feats,Carries a portion of this show's score into the next show's opening total,"Carries a portion of this show's unspent score forward, and the portion grows each show it goes unspent","Carries a portion forward, and you choose whether to bank it as score or as fame"
Q0948,The Griot,unanswered,,skill,T1,T - Cross-show & meta,T1 - Carry score forward,,,,,"Preserves up to 20% of a show's unspent score into the next show's opening total, and re-triggers one chosen effect from last show at the next show's start",CARD_CATALOG,"Carries up to 20% of a show's unspent score into the next show's opening total, and re-fires one chosen effect from last show at the next show's start",Carries up to 20% of a show's unspent score into the next show's opening total,"Carries up to 20% of unspent score forward, and the carried amount compounds if it goes unspent again"
Q0949,Bamberg dynasty saves,unanswered,,skill,T2,T - Cross-show & meta,T2 - Carry card state forward,,,,,A line of decks that inherits,DESIGN_REFERENCES.md §C1 Golden-Age Stage Magic,"One card is inherited by the next run, keeping whatever it gained in this one","One card of your choice is inherited by the next run at its starting state, not its final one","One card is inherited by the next run, and each generation it survives adds a permanent bonus"
Q0950,Monster,unanswered,,skill,T2,T - Cross-show & meta,T2 - Carry card state forward,,,,,Future copies start stronger,cryptid,Every future copy of this card starts with a bonus this one has accumulated,"Every future copy starts with a bonus, carried across runs on the same profile","Every future copy starts stronger, and this card weakens as its copies grow"
Q0951,Per-card personal bests,unanswered,,rule,T2,T - Cross-show & meta,T2 - Carry card state forward,,,,,The card remembers its own record,DESIGN_REFERENCES.md §G The Modern Era,"Personal bests are recorded on the card itself, and beating one fires a fame event","Personal bests are recorded on the card, and beating one permanently raises that card's floor","Personal bests are recorded per card, and a card that beats its record three times gains a rarity tier"
Q0952,The Belt,unanswered,,stamp,T2,T - Cross-show & meta,T2 - Carry card state forward,,,,,"Exactly one card in the save file holds this stamp at a time; it scores double, and a challenge boss can take it and it must be won back",CARD_CATALOG,"Exactly one card in the save file carries this stamp; it scores double, and a challenge boss can take it and must be beaten to win it back",Exactly one card in the save file carries this stamp; it scores double and can be moved to another card between runs,Exactly one card in the save file carries this stamp; it scores double and its bonus grows with every run it survives
Q0953,Biome/route meta-unlocks,unanswered,,rule,T3,T - Cross-show & meta,T3 - Unlocks as effects,,,,,"More world, unlocked over time",DESIGN_DOC.md §15 Map content & UX,Meta progress unlocks additional biomes and lengthens the possible route,Meta progress unlocks additional biomes; route length is fixed and you choose which biomes fill it,"Meta progress unlocks additional biomes, and each biome unlocked adds one card to the global pool"
Q0954,Card unlock tracks,unanswered,,rule,T3,T - Cross-show & meta,T3 - Unlocks as effects,,,,,Two ways to unlock things,DESIGN_DOC.md §19 Meta Progression,"Specific in-game actions unlock specific cards, while a separate threshold track unlocks commons through generic progress","Every unlock runs off one generic progress track, with no action-specific unlocks","Specific actions unlock specific cards; the generic track unlocks commons, and rarer cards need archetype-specific play"
Q0955,Lore scraps unlock,unanswered,,rule,T3,T - Cross-show & meta,T3 - Unlocks as effects,,,,,Scraps of a story you unlock,DESIGN_DOC.md §19 Meta Progression,Wins and specific actions unlock lore scraps,"Wins and specific actions unlock lore scraps, and completing a set unlocks a card","Wins unlock lore scraps that each name a condition for the next one, forming a chain"
Q0956,Route-length achievements,unanswered,,rule,T3,T - Cross-show & meta,T3 - Unlocks as effects,,,,,Distance travelled counts for something,DESIGN_REFERENCES.md §B3 Strength & Endurance,Achievements for total map distance walked across all runs,"Achievements for total distance walked, each unlocking a card",Total distance walked feeds a permanent bonus rather than discrete achievements
Q0957,Speedrun endless categories,unanswered,,rule,T3,T - Cross-show & meta,T3 - Unlocks as effects,,,,,Endless mode has categories,DESIGN_REFERENCES.md §G The Modern Era,Endless rulesets ship as named speedrun categories with per-category personal bests,"Endless rulesets ship as named categories, and each has its own unlock track","Endless rulesets ship as named categories you can combine, with records kept per combination"
Q0958,The Exile (daily challenge),unanswered,,rule,T3,T - Cross-show & meta,T3 - Unlocks as effects,,,,,"A fixed board, once a day","DESIGN_REFERENCES.md §D Cards, Gambling & Fortune",A hard fixed layout offered as a daily challenge,"A hard fixed layout as a daily challenge, with a shared leaderboard seed","A hard fixed layout as a daily challenge, and beating it grants a card for the next normal run"
Q0959,Carnival meta-shop,unanswered,,rule,T4,T - Cross-show & meta,T4 - Prestige currency,,,,,Better odds cost you a bigger goal,DESIGN_DOC.md §16 Economy & Shop,"The meta-shop lets you spend prestige to improve the odds of cards and events, which also raises the score required per show","The meta-shop lets you spend prestige to improve odds, with no in-run cost",The meta-shop lets you spend prestige to improve odds; the goal rises only for the show types you improved
Q0960,Event-recycled prestige,unanswered,,rule,T4,T - Cross-show & meta,T4 - Prestige currency,,,,,"Prestige, but only for this run",DESIGN_DOC.md §19 Meta Progression,"A map event grants temporary prestige points to spend mid-run, using the meta-progression screen",A map event grants temporary prestige points that expire at the end of the current biome,"A map event lets you borrow prestige against your final score, paid back out of the run's winnings"
Q0961,The Academy,unanswered,,rule,T4,T - Cross-show & meta,T4 - Prestige currency,,,,,A school that upgrades a card,DESIGN_REFERENCES.md §A4 Russia & the Soviet Circus,Meta building: permanently upgrades one Common card per season into its Rare version,"Meta building: permanently upgrades one card per season by one rarity tier, whatever it starts at","Meta building: upgrades one card per season, and the card chosen is unavailable for that run"
Q0962,The School (social circus),unanswered,,rule,T4,T - Cross-show & meta,T4 - Prestige currency,,,,,Turns junk into trained cards,DESIGN_REFERENCES.md §A9 Africa,"Between runs, converts discarded and junk cards into trained Commons","Between runs, converts junk cards into trained Commons, one per run","Between runs, converts junk into trained Commons, and the conversion rate improves the more junk you feed it"
Q0963,Ascendant Stake,unanswered,,rule,T5,T - Cross-show & meta,T5 - Ascension / stake modifiers,,,,,Fewer choices everywhere,cryptid,Difficulty: one fewer shop slot for the whole run,Difficulty: one fewer shop slot and one fewer pack slot,"Difficulty: one fewer shop slot, and the slot returns if you win a show without buying anything"
Q0964,Ascensions,unanswered,,rule,T5,T - Cross-show & meta,T5 - Ascension / stake modifiers,,,,,Difficulty you opt into,DESIGN_DOC.md §19 Meta Progression,Each ascension adds one negative card of your choice into the deck or the rules deck,Each ascension adds one negative card chosen at random into the rules deck,"Each ascension adds one negative card you choose, and one positive card chosen at random"
Q0965,Black Stake,unanswered,,rule,T5,T - Cross-show & meta,T5 - Ascension / stake modifiers,,,,,Cards that cannot be sold,balatro,A proportion of cards offered arrive permanently unsellable and indestructible,"A proportion of cards offered arrive unsellable, and the proportion rises with the difficulty level","A proportion arrive unsellable, and each one you accept lowers the show's goal"
Q0966,Brown Stake,unanswered,,rule,T5,T - Cross-show & meta,T5 - Ascension / stake modifiers,,,,,Stickers can stack,cryptid,"Difficulty: every card sticker may coexist with every other, so one card can carry several drawbacks","Difficulty: stickers may coexist, but a card carrying two sells for double","Difficulty: stickers may coexist, and a card carrying three becomes Legendary"
Q0967,Diamond Stake,unanswered,,rule,T5,T - Cross-show & meta,T5 - Ascension / stake modifiers,,,,,The tour is longer,cryptid,Difficulty: the run must go further before it can be won,"Difficulty: the run must go further, and the extra towns are all bosses","Difficulty: the run must go further, and you choose how much further for a proportional reward"
Q0968,Glass Stake,unanswered,,rule,T5,T - Cross-show & meta,T5 - Ascension / stake modifiers,,,,,Cards shatter as they score,cryptid,Difficulty: a small proportion of cards shatter when they score,"Difficulty: a small proportion shatter when they score, and shattered cards pay gold","Difficulty: a small proportion shatter when they score, rising as the tour goes on"
Q0969,Horizon Stake,unanswered,,rule,T5,T - Cross-show & meta,T5 - Ascension / stake modifiers,,,,,The deck keeps growing,cryptid,Difficulty: a random card is added to the deck at each show's start,"Difficulty: a random card is added at each show's start, and you may remove one for gold","Difficulty: a random card is added each show, chosen from cards you have already rejected"
Q0970,Platinum Stake,unanswered,,rule,T5,T - Cross-show & meta,T5 - Ascension / stake modifiers,,,,,Fewer shows per tier,cryptid,"Difficulty: the small shows are removed, leaving fewer chances to earn per tier","Difficulty: the small shows are removed, and the remaining ones pay more","Difficulty: one show per tier is removed, and you choose which"
Q0971,Purple Stake,unanswered,,rule,T5,T - Cross-show & meta,T5 - Ascension / stake modifiers,,,,,The goal climbs faster,balatro,The score needed scales up faster with each town,"The score needed scales up faster, and the reward scales with it","The score needed scales faster, and you may spend fame to flatten the curve for one town"
Q0972,Dynasty save bonus,unanswered,,rule,T6,T - Cross-show & meta,T6 - Once per profile,,,,,A bonus for finishing again,DESIGN_REFERENCES.md §A12 Australia & Oceania,A standing bonus for consecutive finished tours in one save file,"A standing bonus for consecutive finished tours, reset by any failed run","A standing bonus per finished tour, which never resets but grows more slowly each time"
Q0973,Seasonal crown,unanswered,,rule,T6,T - Cross-show & meta,T6 - Once per profile,,,,,A title held until someone takes it,DESIGN_REFERENCES.md §A14 The Caribbean & Central America,A per-season champion title carried between runs until beaten,A per-season champion title that grants a standing bonus while held,"A per-season title that grants a bonus while held, and the bonus grows the longer you hold it"
Q0974,The Birdman Race,unanswered,,rule,T6,T - Cross-show & meta,T6 - Once per profile,,,,,First to claim it holds it,DESIGN_REFERENCES.md §A12 Australia & Oceania,A seasonal first-to-claim contest whose winning card holds a title for the whole tour,A seasonal contest whose winning card holds a title granting a standing bonus until another card takes it,"A seasonal contest that can be re-contested at any town, with the title changing hands"
Q0975,The Ghost Show,unanswered,,rule,T6,T - Cross-show & meta,T6 - Once per profile,,,,,Only findable at the right hour,DESIGN_RECOMMENDATIONS.md §10 Secrets & Mysteries,A secret card findable only in the menu after real-world midnight,"A secret card findable only at a specific real-world hour, differing per profile",A secret card findable only under a real-world condition the game never states
Q0976,The Rope Trick,unanswered,,skill,T6,T - Cross-show & meta,T6 - Once per profile,,,,,Only real once the rumour is true,DESIGN_REFERENCES.md §A7 India & South Asia,Exists only in rumour and can never be drawn until a hidden condition makes it real,"Exists only in rumour until a hidden condition makes it real, at which point it is added to every future run","Exists only in rumour; each run raises the chance it becomes real, and it stays real once it does"
Q0977,The Screwjob,unanswered,,rule,T6,T - Cross-show & meta,T6 - Once per profile,,,,,"The rules betray you, once",DESIGN_REFERENCES.md §F2 Kayfabe & Sports Entertainment,"Once per profile, a rule card turns on you at the worst moment, legally by its own text","Once per run, a rule card turns on you at the worst moment","Once per profile, a rule card turns on you; surviving the show it happens in unlocks a reward"
Q0978,Connect 4 mini-mode,unanswered,,rule,U1,U - Minigames & alternate win conditions,U1 - Trigger a minigame,,,,,Four in a row,random potential effects.csv:6,A Connect-4 minigame mode played with placed cards,"A Connect-4 side objective running alongside normal play, paying a bonus for four of a suit in a line",A Connect-4 minigame where the town places against you on the same grid
Q0979,Cups and balls minigame,unanswered,,rule,U1,U - Minigames & alternate win conditions,U1 - Trigger a minigame,,,,,Find the ball,DESIGN_REFERENCES.md §A1 The Ancient World,A three-card shuffle minigame available in shops and events,"A three-card shuffle minigame in shops and events, where guessing right upgrades the card you find","A three-card shuffle minigame whose difficulty rises each time you win it, with the reward rising too"
Q0980,Fishing minigame card,unanswered,,skill,U1,U - Minigames & alternate win conditions,U1 - Trigger a minigame,,,,,Fish a card out of the deck,random potential effects.csv:7,Place this card over the deck to play a fishing minigame for a card from it,"Place this card over the deck to fish; the harder the fish, the better the card","Place this card over the deck to fish, with one attempt per show and a chance of losing the card instead"
Q0981,Forbidden-solitaire event mode,unanswered,,rule,U1,U - Minigames & alternate win conditions,U1 - Trigger a minigame,,,,,Click cards straight into hand,DESIGN_DOC.md §21 Events & Encounters,Event mode: clicking a card sends it directly to your hand rather than the grid,"Event mode: clicking a card sends it to your hand, and the hand is scored as a single poker hand at the end","Event mode: clicking a card sends it to your hand, and you may return one per turn to the board"
Q0982,Karuta duel,unanswered,,rule,U1,U - Minigames & alternate win conditions,U1 - Trigger a minigame,,,,,First to spot it,DESIGN_REFERENCES.md §A6 Japan,A speed-pick minigame where the first correct click takes the reward,A speed-pick minigame where each correct click is worth more than the last,A speed-pick minigame where a wrong click costs you the round
Q0983,Mini Metro mode,unanswered,,rule,U1,U - Minigames & alternate win conditions,U1 - Trigger a minigame,,,,,Straights become lines on a map,random potential effects.csv:22,"The ends of straights become stations joined by their straight, and must serve passengers over a number of turns","The ends of straights become stations; each new straight extends the network, and the network's size is the score",The ends of straights become stations that must be connected into a single network before the show ends
Q0984,The Arcade,unanswered,,rule,U1,U - Minigames & alternate win conditions,U1 - Trigger a minigame,,,,,A node full of small games,"DESIGN_REFERENCES.md §E The Fairground, Midway & Business",Map node: play solitaire-variant minigames for tickets,"Map node: play solitaire-variant minigames for tickets, with harder variants paying more","Map node: play a minigame chosen from three, each tied to a different reward type"
Q0985,The Box Theater,unanswered,,skill,U1,U - Minigames & alternate win conditions,U1 - Trigger a minigame,,,,,A show inside the card,"DESIGN_REFERENCES.md §A15 Iberia, Nordics & Eastern Europe","Cue: run a one-card mini-submit inside this card, scoring it separately",Cue: run a one-card mini-submit inside this card; the result is added to whichever line scores next,"Cue: run a mini-submit inside this card using the whole Entrance, scoring it separately"
Q0986,Collect number cards to progress,unanswered,,rule,U2,U - Minigames & alternate win conditions,U2 - Alternate win condition,,,,,"Collect the numbers, then face the faces",gam draft.txt:46,"Win by collecting every number card, which unlocks a final stage against the face cards","Win by collecting every number card of one suit, then facing that suit's face cards",Win by collecting every number card; face cards cannot be scored until you have
Q0987,Dispute settled by performance,unanswered,,rule,U2,U - Minigames & alternate win conditions,U2 - Alternate win condition,,,,,"Settled by performance, not points",DESIGN_REFERENCES.md §A16 Africa & the Arctic,Show variant: a town dispute is settled by performance rather than by score,"Show variant: a town dispute is settled by which side scores the more varied board, not the higher one","Show variant: a dispute is settled by matching a formation the town names, not by score at all"
Q0988,Hard cap on flush win-con plays,unanswered,,rule,U2,U - Minigames & alternate win conditions,U2 - Alternate win condition,,,,,"Win by a flush, but only so often",gam draft.txt:507,"Alternate win: a single flush wins the show, with a hard cap on how many flushes a run may ever play","Alternate win: a single flush wins, and the cap falls by one each time you use it","Alternate win: a flush wins, and the required flush grows longer each time you win that way"
Q0989,Judged-category scoring,unanswered,,rule,U2,U - Minigames & alternate win conditions,U2 - Alternate win condition,,,,,"Graded in categories, not totals",DESIGN_REFERENCES.md §A11 South America,"Show: formation, suit variety and stamps are graded as separate scored categories rather than one total","Show: three categories are graded separately, and you must pass two of the three","Show: three categories are graded separately, and only your weakest category counts"
Q0990,The Balance,unanswered,,rule,U2,U - Minigames & alternate win conditions,U2 - Alternate win condition,,,,,Final-tier boss: cannot be beaten by score; win by ending the show with row total and column total within 10% of each other,CARD_CATALOG,Final boss: score cannot beat it; win by ending the show with the row total and the column total within 10% of each other,"Final boss: win by ending the show with the row and column totals within 10% of each other, while still meeting a reduced goal",Final boss: win by ending with every grid's score within 10% of every other grid's
Q0991,The Demolition Show,unanswered,,rule,U2,U - Minigames & alternate win conditions,U2 - Alternate win condition,,,,,"Score by destroying, not by playing",DESIGN_REFERENCES.md §F6 Film Stunts & Spectacle Sports,"Show: discarding scores points per card destroyed, and normal play scores nothing","Show: discarding scores points per card destroyed, alongside normal scoring","Show: discarding scores per card destroyed, and the goal is a count of cards rather than a score"
Q0992,The Exploration Show,unanswered,,rule,U2,U - Minigames & alternate win conditions,U2 - Alternate win condition,,,,,"No goal, just things to find",DESIGN_REFERENCES.md §G The Modern Era,"Show: no score goal at all, only hidden bonuses to find in a pre-built board","Show: no score goal, only hidden bonuses, and a limited number of turns to find them","Show: no score goal; the reward is whatever you uncover, and leaving early keeps what you have"
Q0993,The Faire,unanswered,,rule,U2,U - Minigames & alternate win conditions,U2 - Alternate win condition,,,,,The audience performs and you judge,DESIGN_REFERENCES.md §G The Modern Era,"Show: the town performs and your cards judge them, for easy fame",Show: the town performs and your cards judge them; judging harshly pays more but costs loyalty,"Show: the town performs, and you score by predicting which of their acts will score highest"
Q0994,The One Ring card,unanswered,,skill,U2,U - Minigames & alternate win conditions,U2 - Alternate win condition,,,,,Destroy it and you win,random potential effects.csv:4,"You always know exactly where this card is, and permanently destroying it wins the match","You always know where it is, and destroying it wins the match, but only in the final show","You always know where it is; destroying it wins, and every effect in the game tries to protect it"
Q0995,Festival mini-contest node,unanswered,,rule,U3,U - Minigames & alternate win conditions,U3 - Puzzle objectives,,,,,Win any one of three,"DESIGN_REFERENCES.md §A8 Middle East, Central Asia, Mongolia","Map node: win any one of three mini-contests - score, formation or speed - for the prize",Map node: win any one of three mini-contests; winning two takes a larger prize,"Map node: three mini-contests, and you must declare which one you are attempting before seeing your deck"
Q0996,Mini-game score-free events,unanswered,,rule,U3,U - Minigames & alternate win conditions,U3 - Puzzle objectives,,,,,Some shows are not about score,DESIGN_DOC.md §21 Events & Encounters,"Some encounters replace the score goal with a puzzle objective, such as triggering five times","Some encounters offer both a score goal and a puzzle objective, and either wins","Some encounters replace the score goal with a puzzle objective drawn from a pool, revealed only on arrival"
Q0997,The Masked Audience / One-on-One,unanswered,,rule,U3,U - Minigames & alternate win conditions,U3 - Puzzle objectives,,,,,Fame hidden around the board,DESIGN_REFERENCES.md §G The Modern Era,Show: fame sources are hidden around the board to be found rather than scored,"Show: fame is hidden around the board, and a single audience token pays outsized fame if performed to alone","Show: fame is hidden around the board, and each one found reveals a hint to the next"
Q0998,The String Figure,unanswered,,rule,U3,U - Minigames & alternate win conditions,U3 - Puzzle objectives,,,,,Copy the pattern,DESIGN_REFERENCES.md §A16 Africa & the Arctic,Copy a displayed board pattern with your own cards for a bonus,"Copy a displayed board pattern for a bonus, with a larger pattern shown each time you succeed","Copy a displayed board pattern, or invent one the town must copy back"
Q0999,The Water Torture Cell,unanswered,,skill,U3,U - Minigames & alternate win conditions,U3 - Puzzle objectives,,,,,"Three locks, one escape",CARD_CATALOG,"Arrives locked under three conditions - covered, column unscored, unmoved - one unlocking per turn in order; a full escape pays a large bonus",Arrives locked under three conditions that unlock in any order as you satisfy them; a full escape pays a large bonus,"Arrives locked under three conditions; each one you break pays a bonus, and breaking all three pays a much larger one"
Q1000,Turning the tip,unanswered,,rule,U3,U - Minigames & alternate win conditions,U3 - Puzzle objectives,,,,,A hidden objective revealed after the fact,DESIGN_REFERENCES.md §A3 Golden Age Western Circus,"Convert an audience faction into fame, with a hidden bonus objective revealed only once the show is cleared","Convert an audience faction into fame, with the bonus objective stated up front","Convert an audience faction into fame; the hidden objective is revealed after the show, and completing it later pays out retroactively"
Q1001,Wordle-style hidden target card,unanswered,,skill,U3,U - Minigames & alternate win conditions,U3 - Puzzle objectives,,,,,Guess the card it is thinking of,gam draft.txt:1441,"Sets a hidden target rank and suit and reports whether the last placed card is wrong, close, or exact; the first correctly placed line wins","Sets a hidden target and reports only wrong or exact, with no close","Sets a hidden target and reports wrong, close or exact; each guess narrows the possibilities visibly"
Q1002,Quest-chain triggered stage acts,unanswered,,rule,U4,U - Minigames & alternate win conditions,U4 - Quest chains,,,,,A story told in the right order,gam draft.txt:1049,A quest chain where each stage unlocks only after the previous one's effect has been triggered,"A quest chain where stages may be completed in any order, but completing them in sequence pays a bonus",A quest chain where each stage names the next only once the previous is done
Q1003,Built-in symmetric PvP mode,unanswered,,rule,U5,U - Minigames & alternate win conditions,U5 - Duel / one-upmanship,,,,,"Same deck, same cards, higher score",gam draft.txt:1276,"PvP: both players start with the same deck and draw the same cards, aiming for the higher score",PvP: both players share a deck and alternate taking cards from one Entrance,"PvP: both players use the same deck and card order, and each sees the other's board as it builds"
Q1004,Crew formation battle / class legalization,unanswered,,rule,U5,U - Minigames & alternate win conditions,U5 - Duel / one-upmanship,,,,,Crew against crew,"DESIGN_REFERENCES.md §F4 Dance, Drag & Ballroom","A formation battle against a rival crew, decided by whose formation scores higher","A formation battle against a rival crew, alternating one formation each until someone cannot answer",A formation battle against a rival crew; winning makes an outlaw class legal in that town for the rest of the run
Q1005,One-upmanship duel (scissors dance),unanswered,,rule,U5,U - Minigames & alternate win conditions,U5 - Duel / one-upmanship,,,,,Alternating melds until someone falls short,DESIGN_REFERENCES.md §A11 South America,"Duel: you and a rival alternate melds, each having to beat the last; the first to fall short loses the wager",Duel: you and a rival alternate melds; falling short costs one card rather than the whole wager,"Duel: alternating melds, each having to beat the last, and you set the wager before seeing your opening board"
Q1006,The Eating Contest,unanswered,,rule,U5,U - Minigames & alternate win conditions,U5 - Duel / one-upmanship,,,,,An eating contest,DESIGN_REFERENCES.md §G The Modern Era,A sanctioned outing where consuming cards race a rival to eat the town's offering fastest,An eating contest where the winner keeps everything eaten and the loser keeps nothing,An eating contest where you wager how much your card will eat before it starts
Q1007,The Laughing Duel,unanswered,,rule,U5,U - Minigames & alternate win conditions,U5 - Duel / one-upmanship,,,,,Break the rhythm and you lose,DESIGN_REFERENCES.md §A16 Africa & the Arctic,A pattern-matching duel against a town where breaking rhythm loses the round,A pattern-matching duel where each round's pattern is longer than the last,"A pattern-matching duel where you set the pattern and the town must follow, alternating who leads"
Q1008,The Showdown,unanswered,,rule,U5,U - Minigames & alternate win conditions,U5 - Duel / one-upmanship,,,,,"Same town, against a rival","DESIGN_REFERENCES.md §E The Fairground, Midway & Business",Play the same town against a rival's score; the winner takes both crowds,Play the same town against a rival's score; the winner takes both crowds and one of the loser's cards,"Play the same town against a rival, seeing their board as it builds"
Q1009,The Tent Challenge,unanswered,,rule,U5,U - Minigames & alternate win conditions,U5 - Duel / one-upmanship,,,,,Called out by name,DESIGN_REFERENCES.md §A12 Australia & Oceania,"A town champion calls out one of your cards for a duel: win for gold, lose a rank",A town champion calls out one of your cards; you may substitute another at a cost,"A town champion calls out your highest card for a duel, and refusing costs fame"
Q1010,The Apprenticeship,unanswered,,skill,U6,U - Minigames & alternate win conditions,U6 - In-run quests,,,,,A quest the card sets itself,generated,"Names an objective when acquired, drawn from a pool; finishing it transforms this card into a Rare version of itself",Names an objective when acquired; finishing it lets you choose one of three permanent rewards,"Names a new objective each time the previous one is finished, escalating, with a permanent reward each time"
Q1011,The Commission,unanswered,,rule,U6,U - Minigames & alternate win conditions,U6 - In-run quests,,,,,The town sets you a task,generated,Rule: each town states one objective; completing it during that show grants a permanent run-scoped effect,Rule: each town states one objective; completing it grants gold rather than a permanent effect,"Rule: each town states one objective, and you may accept it for a permanent reward or decline it for a smaller immediate one"
Q1012,The Contract,unanswered,,skill,U6,U - Minigames & alternate win conditions,U6 - In-run quests,,,,,A stated objective with a permanent reward,generated,Names an objective at run start; completing it permanently upgrades this card for the rest of the run,Names an objective at run start; completing it permanently upgrades every card of its class for the rest of the run,Names an objective at run start; completing it adds a new card to your deck permanently
Q1013,The Long Game,unanswered,,skill,U6,U - Minigames & alternate win conditions,U6 - In-run quests,,,,,An objective that spans the whole tour,generated,"Names one objective at run start that can only be finished late in the tour, and pays enormously when it is",Names one objective at run start with a partial reward at each town you make progress in,"Names one objective for the whole tour, and abandoning it at any point converts the progress made into fame"
Q1014,The Standing Order,unanswered,,stamp,U6,U - Minigames & alternate win conditions,U6 - In-run quests,,,,,Attaches a quest to any card,generated,Attach an objective to any card you own; completing it permanently upgrades that card,Attach an objective to any card; completing it permanently upgrades that card and destroys this stamp,"Attach an objective to any card; completing it upgrades that card, and the stamp then moves to a card of your choosing"
Q1015,Overshoot,unanswered,,rule,U7,U - Minigames & alternate win conditions,U7 - Objective progress,,,,,Progress past the target is not wasted,generated,Rule: progress past an objective's target carries into the next objective,Rule: progress past an objective's target is converted to fame,Rule: progress past the target raises the reward rather than carrying forward
Q1016,The Progress Report,unanswered,,skill,U7,U - Minigames & alternate win conditions,U7 - Objective progress,,,,,Reading progress costs something,generated,"Cue: reveal the exact progress of one hidden objective, at the cost of an act","Cue: reveal the exact progress of every hidden objective, once per show","Cue: reveal one hidden objective's progress for free, but doing so raises what it requires"
Q1017,The Tally Board,unanswered,,rule,U7,U - Minigames & alternate win conditions,U7 - Objective progress,,,,,How a quest shows its progress,generated,Rule: every active objective shows its exact progress at all times,"Rule: every active objective shows only whether it is close, not how close","Rule: objectives show exact progress, but only while you are not in the middle of an act"
Q1018,The Open Secret,unanswered,,rule,U8,U - Minigames & alternate win conditions,U8 - Hidden objectives,,,,,Hidden objectives exist and are findable,generated,Rule: a pool of hidden objectives is live every run; completing one reveals it and pays permanently,"Rule: a pool of hidden objectives is live, and completing one reveals it permanently for all future runs","Rule: hidden objectives are live, and any you complete stay hidden until the run ends"
Q1019,The Retroactive Clause,unanswered,,skill,U8,U - Minigames & alternate win conditions,U8 - Hidden objectives,,,,,Pays for what you already did,generated,"When acquired, checks what you have already done this run and immediately pays out any objective already met","When acquired, names an objective and counts progress made before you had it","When acquired, pays out for the single most impressive thing you have already done this run"
Q1020,The Unspoken Brief,unanswered,,skill,U8,U - Minigames & alternate win conditions,U8 - Hidden objectives,,,,,A quest you finish before you hear about it,generated,"Carries a hidden objective, announced only once you have completed it, with a permanent reward",Carries a hidden objective that reveals itself once you are most of the way through it,"Carries a hidden objective, and each show gives you one clue toward what it is"
Q1021,The Double Booking,unanswered,,rule,U9,U - Minigames & alternate win conditions,U9 - Competing objectives,,,,,Two quests that cannot both be finished,generated,Rule: two objectives run at once and are mutually exclusive; finishing one voids the other,"Rule: two mutually exclusive objectives run at once, and abandoning one early pays a small consolation","Rule: two mutually exclusive objectives run at once, and you must declare which you are chasing before the second town"
Q1022,The Rival Contract,unanswered,,rule,U9,U - Minigames & alternate win conditions,U9 - Competing objectives,,,,,A quest a rival is also chasing,generated,Rule: an objective is shared with a rival show; whoever finishes it first takes the reward,"Rule: an objective is shared with a rival, and you can see how far along they are","Rule: an objective is shared with a rival; finishing second still pays, at a fraction"
Q1023,The Ultimatum,unanswered,,skill,U9,U - Minigames & alternate win conditions,U9 - Competing objectives,,,,,Take the quest or take the payout,generated,Offers an immediate reward or an objective worth several times more; taking one removes the other,Offers an immediate reward or an objective; you may take the reward and still attempt the objective at a penalty,"Offers an immediate reward or an objective, and the objective's value rises the longer you leave it unclaimed"
Q1024,Maximized,unanswered,,rule,V1,V - Identity & the resolver,V1 - Rank comparison override,,,,,Only two ranks exist,cryptid,Every face card counts as the same rank and every number card as the same rank,"Every card counts as one of two ranks, chosen at run start","Every card counts as one of two ranks, and which two changes each show"
Q1025,Pareidolia,unanswered,,skill,V1,V - Identity & the resolver,V1 - Rank comparison override,,,,,Everything is a face card,balatro,Every card counts as a face card for every effect,"Every card counts as a face card, and face cards count as no rank at all for runs",Every card counts as whichever card type an effect is looking for
Q1026,The Backward-Backward,unanswered,,skill,V1,V - Identity & the resolver,V1 - Rank comparison override,,,,,"Cue: reverse the run direction of one column for the rest of the show, so descending counts as ascending and vice versa",CARD_CATALOG,"Cue: reverse the run direction of one column for the rest of the show, so descending reads as ascending",Cue: reverse the run direction of one line for one turn,Cue: reverse the run direction of every line in one grid for the rest of the show
Q1027,The Blank,unanswered,,rank,V1,V - Identity & the resolver,V1 - Rank comparison override,,,,,"This card has no rank or suit: it can stack on anything and anything can stack on it, but it never melds and scores 0",CARD_CATALOG,"Has no rank and no suit: anything stacks on it and it stacks on anything, but it never melds and scores 0","Has no rank and no suit for stacking, but counts as whatever the line needs when a meld is checked","Has no rank and no suit, and any line containing it scores as if it had four cards instead of five"
Q1028,Wild rank (copycat/understudy),unanswered,,rank,V1,V - Identity & the resolver,V1 - Rank comparison override,,,,,Copies whatever it can find,curated effects pre grid.csv:62,"Rank 0 that also counts as any rank already present in your deck, for stacking and melds; behaves as blank with nothing to copy","Rank 0 that counts as any rank present on the board, updating as the board changes",Rank 0 that counts as whichever rank would score its line highest
Q1029,Clowns as wildcard/joker stand-ins,unanswered,,skill,V2,V - Identity & the resolver,V2 - Suit comparison override,,,,,Clowns stand in for anyone,gam draft.txt:1137,Counts as a copy of any other card on the board for meld purposes,"Counts as a copy of any one card on the board, chosen when placed and fixed thereafter",Counts as a copy of whichever card would complete the best meld in its line
Q1030,Gentleman juggling,unanswered,,skill,V2,V - Identity & the resolver,V2 - Suit comparison override,,,,,Plain cards become juggling balls,DESIGN_REFERENCES.md §B2 Juggling & Object Manipulation,Skill-less cards in this card's row count as the Balls suit,Skill-less cards anywhere on this card's grid count as the Balls suit,Skill-less cards in this card's row count as whichever suit this card is
Q1031,31/99-style fixed point values,unanswered,,rank,V3,V - Identity & the resolver,V3 - Rank scale change,,,,,"Odd values, aiming at a total",gam draft.txt:1429,"Ranks carry fixed odd values - ace 1 or 11, ten worth -10, King worth 99 - and lines score toward a target total","Ranks carry fixed odd values, and a line scores only if it lands exactly on the target total","Ranks carry fixed odd values you can see before placing, and overshooting the target scores nothing"
Q1032,Freakshow off-rank cards,unanswered,,rank,V3,V - Identity & the resolver,V3 - Rank scale change,,,,,No normal number,gam draft.txt:730,Freakshow cards carry no ordinary rank number and cannot be compared numerically,"Freakshow cards carry no ordinary rank, but count as whatever their neighbours need for a run","Freakshow cards carry a rank outside the normal range, high or low, that no meld can include"
Q1033,Half-Step,unanswered,,stamp,V3,V - Identity & the resolver,V3 - Rank scale change,,,,,"This card has rank N and a half, letting it stack legally between rank N and N+1 in runs, but it never participates in poker melds",CARD_CATALOG,"This card's rank is N and a half: it stacks legally between N and N+1, but never counts in a poker meld","This card's rank is N and a half: it stacks between N and N+1, and rounds down for melds","This card counts as either N or N+1 for any single check, chosen fresh each time"
Q1034,Decimal numbers (Half-Step hat),unanswered,,stamp,V3,V - Identity & the resolver,V3 - Rank scale change,,,,,Counts as itself and one higher at once,curated effects pre grid.csv:71,"This card's rank counts as both itself and one higher simultaneously, so it can serve two melds at once","This card's rank counts as itself and one higher, but only one of the two may score per act","This card's rank counts as itself, one higher and one lower, serving up to three melds"
Q1035,Misrule show,unanswered,,rule,V3,V - Identity & the resolver,V3 - Rank scale change,,,,,Ranks upside down,DESIGN_REFERENCES.md §A2 Medieval & Renaissance Europe,"Show: all ranks are reversed, 2 counting high and King counting low; winning pays large tips","Show: all ranks are reversed for one act of your choosing, not the whole show","Show: all ranks are reversed, and you are told which act it will happen in one act ahead"
Q1036,The Spin (whirling),unanswered,,skill,V3,V - Identity & the resolver,V3 - Rank scale change,,,,,Its rank turns,"DESIGN_REFERENCES.md §A8 Middle East, Central Asia, Mongolia","Cycles its rank by one each turn, wrapping from King back to 1","Cycles its rank by one each turn, and you may stop the cycle once per show","Cycles its rank each turn, and the cycle speeds up the longer it stays on the board"
Q1037,5 starting suits,unanswered,,rule,V4,V - Identity & the resolver,V4 - Suit-set change,,,,,"Five suits, not four",gam draft.txt:1180,"Five suits instead of four, making flushes harder and enabling an anti-flush hand","Five suits instead of four, with the fifth appearing only via packs","Five suits, and a line containing all five counts as its own meld"
Q1038,Harlequin,unanswered,,suit,V4,V - Identity & the resolver,V4 - Suit-set change,,,,,"This card counts as both of its printed suits for every comparison, meld, and suit effect, firing both suits' props",CARD_CATALOG,"Counts as both of its printed suits for every comparison, meld and suit effect, firing both suits' props",Counts as both printed suits for melds only; stacking and props use the first,"Counts as both printed suits, and the two swap places each time it scores"
Q1039,Ten-suit challenge deck,unanswered,,rule,V4,V - Identity & the resolver,V4 - Suit-set change,,,,,Ten suits,DESIGN_REFERENCES.md §A7 India & South Asia,"Deck: ten suits instead of four, making flushes far harder and suit variety far easier","Deck: ten suits, and any five distinct suits in a line counts as its own meld","Deck: ten suits, of which five are drawn per run so the roster changes"
Q1040,The Best Bower,unanswered,,suit,V4,V - Identity & the resolver,V4 - Suit-set change,,,,,"This card counts as every suit for flush evaluation (but not for suit-stacking rules), and its prop identity is randomly one of the game's props each time",CARD_CATALOG,"Counts as every suit for flush evaluation but not for stacking, and its prop is a random one of the game's props each time","Counts as every suit for both flushes and stacking, and fires no prop of its own","Counts as every suit for flushes, and fires the prop of whichever suit is most common on its grid"
Q1041,Rock Paper Scissors,unanswered,,suit,V5,V - Identity & the resolver,V5 - Non-transitive comparison,,,,,"Rock, paper, scissors",curated effects pre grid.csv:33,"At game start becomes rock, paper or scissors; stacking on another such card requires winning the throw, with ties broken by rank","At game start becomes rock, paper or scissors; it beats one suit and loses to another, and ties never stack","It re-rolls its throw every time it is placed, so its stacking legality changes each time"
Q1042,Clever Hans,unanswered,,skill,V6,V - Identity & the resolver,V6 - Board-derived identity,,,,,"Counts as a copy of its highest orthogonally-adjacent neighbor's rank; with no neighbors, its rank is 1",CARD_CATALOG,"This card's rank equals its highest orthogonally adjacent neighbour's rank, or 1 with no neighbours","This card's rank equals the sum of its orthogonally adjacent neighbours' ranks, capped at 13",This card's rank and suit both copy whichever neighbour was placed most recently
Q1043,Hanafuda Reskin,unanswered,,skill,V6,V - Identity & the resolver,V6 - Board-derived identity,,,,,"When a town outlaws a suit, all your cards of that suit count as the suit of the adjacent card for that show",CARD_CATALOG,"When a town outlaws a suit, your cards of that suit count as their adjacent card's suit for the show","When a town outlaws a suit, your cards of that suit count as a suit of your choice for the show",Your cards always count as the suit of whichever orthogonal neighbour was placed most recently
Q1044,The Turk,unanswered,,skill,V6,V - Identity & the resolver,V6 - Board-derived identity,,,,,Borrows the rank underneath,CARD_CATALOG,"This card's rank is the rank of the card directly beneath it in its stack, or 0 with nothing beneath","This card's rank is the summed rank of everything beneath it in its stack, capped at 13","This card's rank is the rank of the card beneath it, and it also inherits that card's suit"
Q1045,The Wildcard,unanswered,,skill,V6,V - Identity & the resolver,V6 - Board-derived identity,,,,,Becomes whatever its row already has,CARD_CATALOG,"On every board change, becomes a copy of a rank and suit already present in its row","On every board change, becomes a copy of whichever rank and suit is most common in its row","On every board change, becomes whichever rank and suit would score its row highest"
Q1046,Wild pip,unanswered,,rank,V6,V - Identity & the resolver,V6 - Board-derived identity,,,,,A pip that borrows from the board,DESIGN_DOC.md §6 Card Anatomy & Pips,"Wild pip: takes a rank and suit at random from those present on its row, updating on every board change","Wild pip: takes a rank and suit at random from those present on its grid, fixed once it is placed","Wild pip: takes whichever rank and suit appear most in its line, updating on every board change"
Q1047,The Abacus,unanswered,,skill,V7,V - Identity & the resolver,V7 - Rank arithmetic,,,,,Adds its neighbours together,generated,"This card's rank is the sum of its orthogonal neighbours' ranks, capped at the deck's highest rank","This card's rank is the sum of its orthogonal neighbours' ranks, uncapped",This card's rank is the sum of its neighbours' ranks minus its own printed rank
Q1048,The Difference,unanswered,,skill,V7,V - Identity & the resolver,V7 - Rank arithmetic,,,,,"Scores the gap, not the value",generated,Scores the difference between its own rank and its highest neighbour's,Scores the difference between the highest and lowest ranks in its line,"Scores the difference between its own rank and its lowest neighbour's, doubled if that difference is exactly one"
Q1049,The Doubling Act,unanswered,,stamp,V7,V - Identity & the resolver,V7 - Rank arithmetic,,,,,"Twice the number, once the card",generated,This card's rank counts as double its printed value for every check,"This card's rank counts as double for melds only, and normal for stacking","This card's rank doubles each time it scores, until it exceeds the deck's highest rank and wraps to 1"
Q1050,The Halving,unanswered,,stamp,V7,V - Identity & the resolver,V7 - Rank arithmetic,,,,,Splits the number in two,generated,"This card's rank counts as half its printed value, rounded down, for every check",This card's rank counts as half for melds and full for stacking,"This card's rank counts as half, and the other half is given to an adjacent card"
Q1051,The Dropped Catch,unanswered,,skill,X1,"X - Absence, failure and the unplayed",X1 - Failed lines,,,,,Paid when a line fails,generated,Scores a bonus for every line that completes and scores nothing,"Scores a bonus for every line that completes and scores nothing, and the bonus grows each time",Scores a bonus for every line left incomplete when the show ends
Q1052,The Empty House,unanswered,,rule,X1,"X - Absence, failure and the unplayed",X1 - Failed lines,,,,,Failure is the axis,generated,Rule: the act's combo counts lines that failed rather than lines that scored,"Rule: the act's combo counts both, so a mixed act pays most",Rule: an act in which every line failed pays a large flat bonus instead of nothing
Q1053,The Safety Net,unanswered,,skill,X1,"X - Absence, failure and the unplayed",X1 - Failed lines,,,,,Turns a failed line into something,generated,A line that scores nothing instead pays flat points equal to its highest rank,"A line that scores nothing instead pays flat points and clears itself, freeing the cells","A line that scores nothing may be re-formed once, and pays double if it scores the second time"
Q1054,The Bench,unanswered,,skill,X2,"X - Absence, failure and the unplayed",X2 - Unplayed cards,,,,,Paid for what never came out,generated,Scores a bonus per card left in the deck when the show ends,Scores a bonus per card left in the Entrance when the show ends,Scores a bonus per card that has never once been placed this run
Q1055,The Cut List,unanswered,,skill,X2,"X - Absence, failure and the unplayed",X2 - Unplayed cards,,,,,Rewards cards for staying in,generated,Any card that goes a whole show without being placed gains +1 rank permanently,"Any card that goes a whole show without being placed gains a permanent bonus, lost the moment it is placed",Any card that goes three consecutive shows unplaced upgrades a rarity tier
Q1056,Understaffed,unanswered,,rule,X2,"X - Absence, failure and the unplayed",X2 - Unplayed cards,,,,,The unplayed are counted against you,generated,Rule: cards left in the Entrance at show end each subtract from the final score,Rule: cards left in the Entrance at show end are destroyed,Rule: cards left in the Entrance at show end are carried into the next show's Entrance
Q1057,One Short,unanswered,,rule,X3,"X - Absence, failure and the unplayed",X3 - Near misses,,,,,Almost is a state the board can read,generated,"Rule: a line one card short of a meld is marked, and effects may read that mark",Rule: a line one card short of a meld scores at a quarter value immediately,"Rule: a line one card short is marked, and completing a marked line pays double"
Q1058,The Glancing Blow,unanswered,,skill,X3,"X - Absence, failure and the unplayed",X3 - Near misses,,,,,A prop that misses is worth more,generated,Every prop that finishes its path without hitting anything scores a bonus,"Every prop that misses scores a bonus, and this card gains a permanent bonus for each",Every prop that misses is re-launched once from the opposite edge
Q1059,The Near Thing,unanswered,,skill,X3,"X - Absence, failure and the unplayed",X3 - Near misses,,,,,Paid for coming close,generated,Scores a bonus for every line that ends the show exactly one card short of complete,"Scores a bonus for every line one card short, and names which card would have finished it",Scores a bonus scaling with how close the show's final score came to the goal without reaching it
Q1060,Leave No Trace,unanswered,,rule,X4,"X - Absence, failure and the unplayed",X4 - Empty space as a resource,,,,,An empty board is the goal,generated,Rule: ending a show with an empty board pays an enormous bonus,Rule: ending a show with an empty board pays a bonus scaling with how many cards passed through it,Rule: ending a show with fewer than five cards placed pays a bonus scaling inversely with the count
Q1061,The Bare Stage,unanswered,,skill,X4,"X - Absence, failure and the unplayed",X4 - Empty space as a resource,,,,,Paid for the cells you did not fill,generated,Scores a bonus per empty cell on its grid when the show ends,Scores a bonus per empty cell in its own row and column,"Scores a bonus per empty cell on the whole board, across every grid"
Q1062,The Reserved Space,unanswered,,skill,X4,"X - Absence, failure and the unplayed",X4 - Empty space as a resource,,,,,Spends emptiness,generated,Cue: consume three empty cells on a grid to fire a large effect; the cells stay unusable for the show,Cue: consume three empty cells to fire a large effect; the cells return at the end of the act,"Cue: consume any number of empty cells, with the effect scaling on how many you spend"
Q1063,The Dead Air,unanswered,,skill,X5,"X - Absence, failure and the unplayed",X5 - Scoreless acts,,,,,An act that scores nothing is the trigger,generated,An act that scores nothing fires this card's effect at full strength,"An act that scores nothing fires this card's effect, and the effect grows with each consecutive scoreless act",An act that scores nothing fires this card's effect and refunds the act
Q1064,The Patient Crowd,unanswered,,rule,X5,"X - Absence, failure and the unplayed",X5 - Scoreless acts,,,,,Silence is not always failure,generated,Rule: a scoreless act does not count against the act limit,"Rule: a scoreless act does not count against the act limit, but does drain patience",Rule: the first scoreless act of each show is free; every one after costs two acts
Q1065,The Slow Burn,unanswered,,skill,X5,"X - Absence, failure and the unplayed",X5 - Scoreless acts,,,,,Banks the acts you wasted,generated,Each scoreless act banks a multiplier that is paid out on the next act that does score,"Each scoreless act banks a multiplier, paid out at show end whether or not anything scores after","Each scoreless act banks a multiplier, and the bank is lost if two scoring acts pass without spending it"
Q1066,The Honk,unanswered,,skill,W1,W - Feel-only,W1 - Sound / visual only,,,,,No mechanical consequence at all,generated,"Cue for a noise and nothing else, unlimited uses, with no effect on play whatsoever",Cue for a noise; every fifth honk in a show pays a token bonus,"Cue for a noise, and honking on the exact turn a line completes pays a hidden bonus"
Q1067,The House Band,unanswered,,skill,W2,W - Feel-only,W2 - Presentation change,,,,,"Changes the show, not the score",generated,"While on the board, the music and background change, with no mechanical effect","While on the board, the music and background change, and the change signals which hazard is coming","While on the board, the presentation changes and the change is different per class of card that scored last"
