qid	fam	cls	slot	name	ruling	default	head	a	b	c
Q0001	A	A1	skill	Cheering Team card	approved:a	b	Pays its own suit	Each scored card sharing this card's suit gains extra points	Each scored card sharing this card's suit gains extra points, scaling with how many of them there are	Each scored card sharing this card's suit gains extra points, and this card gains the same again
Q0002	A	A1	skill	Crowd glow	rejected	b	The crowd trickles in regardless	On a low-scoring turn, a small amount of fame arrives anyway	On a turn that scores nothing at all, a small amount of fame arrives anyway	On a low-scoring turn, fame arrives inversely to what you scored, so the worst turns pay most
Q0003	A	A1	skill	Extra Point	approved:a	b	Gain extra flat points on score (+10)	+10 points when this card scores	+2 points for each card in the line this card scores in	+10 points when this card scores, doubling each further time it scores in the same show
Q0004	A	A1	skill	The Pose (Sandow)	note	b	Scores by standing still	Scores by being spotlit and doing nothing, rather than by melding	Scores by being spotlit and doing nothing, paying more the longer it holds the pose	Scores by being spotlit and doing nothing, and cannot score by melding at all
Q0005	A	A1	skill	The Sparkler	note	c	Straight into the column score	When this card scores, +10 flat points go to its column's score	When this card scores, flat points equal to its rank go to its column's score	When this card scores, +10 flat points go to whichever of its lines scored lowest
Q0006	A	A2	skill	Bootstraps	approved:a	c	Paid by what is in your pocket	Gains a multiplier for every fixed amount of gold you hold	Gains a multiplier for every fixed amount of gold, and spending gold mid-show lowers it immediately	Gains a multiplier for gold held, capped, and converts overflow gold into flat points
Q0007	A	A2	skill	Combo card	note	c	Scored cards keep the hand's value	During scoring, each card gains temporary points equal to the hand it scored in	During scoring, each card gains permanent points equal to the hand it scored in, once	During scoring, each card gains temporary points equal to the hand it scored in, doubled if it scored in two lines
Q0008	A	A2	type	Diamond type	approved:a	a	Twice the score, twice the price	Doubles this card's score, and costs 3 more when traded at shops	Doubles this card's score, and it cannot be sold at all	Doubles this card's score, and every other card of its suit costs more at shops
Q0009	A	A2	skill	More Poker card	note	a	Poker hands pay double	Poker hands score double	Poker hands score double, but only the highest hand of each placement	Poker hands score double, and non-poker melds score nothing
Q0010	A	A2	skill	Noble Family card	approved:c	c	Face cards feed each other	Each scored face card raises the points of the next scored face card by 1	Each scored face card raises the next one by 1, and the chain resets at the end of each placement	Each scored face card raises the next by 1, with no reset, so the chain runs the whole show
Q0012	A	A3	skill	Hoop tower	note	b	Same suit, stacked hoops	Consecutive same-suit cards in a line multiply their score together	Consecutive same-suit cards in a line multiply their score, and the multiplier grows with run length	Consecutive same-suit cards in a line multiply their score, counting across grid boundaries at the same row
Q0013	A	A3	skill	Joker Stencil	approved:b	b	Paid by the room you left	Gains a multiplier for every empty skill slot you are carrying	Gains a multiplier for every empty cell on the grid at scoring	Gains a multiplier for every empty skill slot, doubled if every slot but its own is empty
Q0014	A	A3	skill	Pagliacci	approved:b	b	Gains bonus multiplier while this card carries any debuff or negative status	Gains a multiplier while carrying any debuff or negative status	Gains a multiplier per debuff or negative status it carries, stacking	Gains a multiplier per debuffed card anywhere in its grid, whether or not it is one of them
Q0015	A	A3	skill	Searing Knife	note	a	When scored, its column pays 3x this placement but is locked (no placement or grabs) for the next 2 turns	When this card scores, its column pays triple this placement and is locked against placement and grabs for two turns	When this card scores, its column pays triple this placement and is locked for the rest of the show	When this card scores, its column pays triple, and the column to each side is locked for one turn
Q0016	A	A3	skill	Swashbuckler	approved:a	a	Paid by what your collection is worth	Adds the total sell value of your other cards to the multiplier	Adds the total sell value of your other cards to the multiplier, and selling any of them lowers it at once	Adds the sell value of your single most valuable other card, doubled
Q0017	A	A3	skill	The Advance Campaign	note	c	Cue before a show: spend N Gold tokens to multiply that show's fame payout by 1 + N/10	Cue before a show: spend N gold to multiply that show's payout by 1 + N/10	Cue before a show: spend all your gold to multiply that show's payout by 1 + gold/10, capped at triple	Cue before a show: spend N gold to multiply the payout by 1 + N/10, but the next show's goal rises by the same fraction
Q0018	A	A3	skill	The Kecak Chorus	approved:c	c	Paid by the low cards on the board	When any meld scores, gains a multiplier per rank-1 card on the board	When any meld scores, gains a multiplier per card on the board below rank 4	When any meld scores, gains a multiplier per card on the board whose rank is lower than this card's
Q0019	A	A3	skill	The Wall of Death	approved:a	a	Both neighbours pay, and both pay for it	Both adjacent columns gain a multiplier, and every card in them takes an Exhausted debuff at show end	Both adjacent columns gain a multiplier, and one random card in each is Exhausted at show end	Both adjacent columns gain a multiplier scaling with how many cards are in them, and all of those cards are Exhausted at show end
Q0020	A	A4	skill	Abstract Card	approved:c	c	Raises the score to a power	Raises the placement's multiplier to a power rather than adding or multiplying, with a chance of being destroyed each show	Raises the placement's multiplier to a power, with no destruction risk but a very small exponent	Raises the multiplier to a power that grows the longer this card survives, with a rising chance of destruction
Q0021	A	A4	skill	Breaking Infinity	approved:c	c	The ceiling itself becomes a thing you remove	Score is capped until an effect removes the cap, after which higher operators become available	Score is capped until an effect removes the cap; removing it also raises every goal to match	Score is capped, and each cap broken permanently unlocks the next operator tier for the rest of the run
Q0022	A	A4	skill	Critical Deck	note	a	A coin flip on the exponent	After each placement, a small chance the multiplier is squared, and a smaller chance it is square-rooted	After each placement, a small chance the multiplier is squared, with no downside	After each placement, the multiplier is raised to a random power between a half and two
Q0023	A	A4	skill	The Long Shot	note	c	After the Cryptid mod's Googol Play Card: a tiny chance at an absurd number	A small chance per Entrance refill of an enormous multiplier, and nothing otherwise	A small chance per Entrance refill of an enormous multiplier, with a modest one the rest of the time	A small chance of an enormous multiplier, and the chance improves each placement it fails
Q0024	A	A5	stamp	Double Trigger	approved:a	c	All of this card's effects trigger twice, once per scoring pass	All of this card's effects trigger twice	All of this card's effects trigger twice, but only on the first line it completes each show	This card's effects trigger once more for each line it belongs to, so a card scoring in a row and a column fires three times
Q0025	A	A5	skill	Echoing Trigger	approved:b	b	All triggers on the grid repeat once, per card, per scoring pass	Every card's triggers on the grid repeat once per scoring pass	Every card's triggers in this card's own row and column repeat once	Every card's triggers on the grid repeat once, and this card is destroyed at the end of the show
Q0026	A	A5	skill	Exposed	approved:a	c	Retriggers the plain ones, kills the faces	Retriggers every scoring non-face card twice more, and debuffs every face card	Retriggers every scoring non-face card twice more, and face cards simply score normally	Retriggers whichever card type is rarer on the board, and debuffs the commoner one
Q0027	A	A5	skill	Hanging Chad	approved:b	c	Re-fires whichever card went first	Retriggers the first card of a scoring line two extra times	Retriggers the first and last card of a scoring line one extra time each	Retriggers the first card of every scoring line once, across every line that scores
Q0028	A	A5	skill	Seltzer	approved:c	c	Retriggers everything, then burns out	Retriggers every scoring card for the next ten placements, then is destroyed	Retriggers every scoring card for the next three scoring passes, then is destroyed	Retriggers every scoring card until it has retriggered a fixed total number of times, then is destroyed
Q0029	A	A5	skill	The Aerialist	note	c	Once per placement, re-scores the topmost meld, but is destroyed permanently if her column ever fails to score	Once per placement, re-scores the highest meld; destroyed for good if her column ever fails to score	Once per placement, re-scores the highest meld; destroyed for good the first time her column fails to score twice running	Once per placement, re-scores any meld you choose; each use carries a 1-in-8 chance of destroying her
Q0030	A	A5	skill	The Clock Hang	note	b	May be placed half-off the grid past the last column; while hanging it is double-spotlit (its skill fires twice), but any board-shift effect discards it	May be placed half off the grid past the last column; while hanging its skill fires twice, and any board-shift effect discards it	May be placed half off the grid past any edge; while hanging its skill fires twice and it cannot be part of any meld	May be placed half off the grid; while hanging it fires twice, and it falls off at the end of the placement unless a line scored
Q0031	A	A5	skill	The Drone Swarm	approved:b	b	Cue, once per show: re-triggers any formation bonus already scored this run, paying it again without needing the cards	Cue, once per show: re-trigger any formation bonus already scored this run, paying it again without needing the cards	Cue, once per show: re-trigger any formation bonus already scored this show, paying it again	Cue, once per show: re-trigger the highest-paying formation bonus of the run, at half value
Q0032	A	A5	stamp	The Encore	note	c	If this card's skill triggered this show, there is a seeded 50% chance it triggers once more at show end	If this card's skill triggered this show, a 50% chance it triggers once more at show end	If this card's skill triggered this show, it triggers once more at show end, guaranteed	If this card's skill triggered this show, a 50% chance per trigger that it fires again at show end, capped at three
Q0033	A	A5	skill	The Fanchant	note	a	After all scoring resolves, each meld that raised the show's combo pays again at 25%	After all scoring resolves, every meld that raised the show's combo pays again at 25%	After all scoring resolves, the single highest meld that raised the combo pays again in full	After all scoring resolves, every meld that raised the combo pays again at 10% per distinct class involved
Q0034	A	A5	skill	The Groundhog	note	a	Cue, once per show: replay the previous placement's entire effect sequence against the current board, same effects and order, targets resolved fresh	Cue, once per show: replay the previous placement's whole effect sequence against the current board, targets resolved fresh	Cue, once per show: replay only the effects of the previous placement that scored	Cue, once per show: replay the previous placement's effect sequence twice, and this card is discarded afterwards
Q0035	A	A6	skill	The Seesaw	approved:a	c	After the Cryptid mod's Broken Sync Catalyst: trades chips for mult	Swaps a tenth of the line's flat points into its multiplier	Swaps a tenth of the flat points into multiplier, or the reverse, whichever scores higher	Swaps a proportion you choose, up to a half, between flat points and multiplier
Q0036	A	A6	skill	The Accountant	note	a	At payout, before row x column multiplication, shift up to 20% of the larger axis total onto the smaller, costing 2 combo to invoke	At payout, before row times column, shift up to 20% of the larger axis total onto the smaller, at a cost of 2 combo	At payout, shift up to 20% of the larger axis total onto the smaller, free of charge	At payout, the row and column totals are averaged and both set to that average, at a cost of 2 combo
Q0037	A	A6	skill	The Credit Line	note	c	Points earned here are paid somewhere else	Cue: name another line; for the rest of the placement, everything this line scores is paid into that one instead	Cue: name another line; half of what this line scores is paid into that one, and the other half scores normally	Cue: name another card; everything this line scores is banked onto that card and pays out when it next scores
Q0038	A	A6	skill	The Running Total	rejected	c	Every line shows what it is worth as you build	Each line's accumulating score is visible at its end while you build, not only when it completes	Each line's accumulating score is visible, and effects may read it mid-build	Each line's total is visible, and a line may be cashed out early at a discount
Q0039	A	A7	skill	The Giant Killer	note	b	After the Cryptid mod's AP Joker: saves itself for the boss	Scores a large multiplier against bosses only	Scores a large multiplier against bosses, and nothing at all otherwise	Scores a multiplier that scales with how many bosses you have already beaten this run
Q0040	A	A7	skill	Card Sharp	approved:c	c	Paid for repeating yourself	Gains a multiplier if the hand it scores in has already been scored this show	Gains a multiplier if the hand it scores in has already been scored this placement	Gains a multiplier that grows each time the same hand type is scored again in a show
Q0041	A	A7	skill	Facile	note	c	Rewards a board you have barely used	Raises the multiplier to a power if the scoring cards have been scored few times this run	Raises the multiplier to a power if none of the scoring cards has ever scored before	Raises the multiplier to a power scaling inversely with how often the scoring cards have been used
Q0042	A	A7	type	Flash	approved:c	c	The first time this card would score each show it scores triple; every later score that show is zero	The first time this card scores each show it scores triple; every later score that show is zero	The first time this card scores each show it scores triple; every later score that show is halved	The first line this card completes each show scores triple for every card in it, and this card cannot score again that show
Q0043	A	A7	skill	Green Seal	note	c	Pays for the card that did not score	Creates a bonus card whenever a placed card fails to score	Creates a bonus card whenever a placed card fails to score, capped once per Entrance refill	Creates a bonus card for each card in a completed line that contributed nothing to the hand
Q0044	A	A7	hazard	Lot Lice	approved:b	b	Town rule: the show's first placement scores 0 fame	Town rule: the show's first placement scores nothing	Town rule: the first line completed in each grid scores nothing	Town rule: the show's first placement scores nothing and the second scores double
Q0045	A	A7	skill	Non-scoring bonus card	approved:c	c	Paid for not being used	If this card is not part of any scoring hand, it gives 10 points	If this card is not part of any scoring hand, it gives points equal to its rank	If this card is not part of any scoring hand this Entrance refill, it gives 10 points and gains +1 rank
Q0046	A	A7	skill	Obelisk	note	c	Paid for not repeating yourself	Gains a permanent multiplier for each consecutive placement played without scoring your most-played hand, resetting when you do	Gains a permanent multiplier per Entrance refill played without repeating any hand you have already scored this show	Gains a permanent multiplier per consecutive placement without your most-played hand, and keeps half of it through the reset
Q0048	A	A7	skill	Supernova	note	a	Paid by how often you have played it	Adds to the multiplier the number of times the scoring hand type has been played this run	Adds the number of times the scoring hand type has been played this show only	Adds the number of times the hand has been played this run, and doubles if it is your most-played
Q0049	A	A8	skill	The Chromatic	note	c	Negative on alternate placements	Applies a negative multiplier on every odd-numbered placement and a positive one on every even	Applies a negative multiplier on every odd placement, and nothing on the even ones	Applies a negative multiplier on alternating placements, and you choose which placement it starts on
Q0050	A	A8	rank	The Deficit Rank	approved:a	a	A number below zero	This rank subtracts its value from the line it is in, and adds one to the combo for every card it drags down	This rank subtracts its value from the line, and doubles the line if the line still scores above target	This rank subtracts its value, and is the only rank that may be stacked on anything
Q0051	A	A8	type	The Eyesore	approved:c	c	A card you must place that hurts what surrounds it	This card must be placed like any other and subtracts from every neighbour, but is worth a great deal itself	This card subtracts from every neighbour, and pays out fully only if it ends the show with no neighbours at all	This card subtracts from neighbours, and converts everything it subtracted into its own score when its line completes
Q0052	A	A8	status	The Negative	approved:a	a	Props under it subtract score and add combo. (line 821)	A card at negative rank spawns props that subtract score instead of adding it, and each one still raises the show's combo	A card at negative rank spawns props that subtract score, and they raise the combo by double	A card at negative rank subtracts score itself and raises the combo, but its props behave normally
Q0053	A	A9	skill	Grock's Instrument	note	a	Each placement this card would score, it instead hops one column away and banks the points; when it has no legal hop left, it scores everything banked at once	Each placement it would score, it hops one column instead and banks the points; when it cannot hop, it pays out the whole bank	Each placement it would score, it banks the points instead; cue at any time to pay the bank out	Each placement it would score, it hops one column and banks double; if another effect ever moves it, the bank is lost
Q0054	A	A9	skill	Mid-show instant tips	note	c	Tips paid on the spot	A meld that scores over a threshold also pays gold on the spot	A meld over a threshold pays gold on the spot instead of its points, at a worse exchange rate	A meld over a threshold offers gold on the spot, and you choose per meld whether to take the gold or keep the points
Q0055	A	A9	skill	Style flourish (Mie)	note	c	Holds the pose for the applause	A scored meld holds on screen a beat longer and pays extra tips	A scored meld holds a beat longer and pays extra tips, and holding two in a row pays more	You may choose to hold a meld, delaying the next placement by a turn in exchange for extra tips
Q0056	A	A9	consumable	Suspended Overhead	note	a	Paid for now, delivered later	Consumable: name any effect and a number of Entrance refills; it fires for free that many placements from now, at a strength that grows with the wait	Consumable: name any effect; it fires three scoring passes from now at triple strength, and cannot be cancelled	Consumable: name any effect and a number of Entrance refills; it fires then, and every placement of waiting also adds one to the combo
Q0057	A	A9	skill	The Hunger Artist	approved:a	c	Gains bonus points for every consecutive show it stays in the deck unplayed; when finally played and scored, pays it all at once and resets to zero	Gains bonus points for each consecutive show it stays in the deck unplayed, pays it all when scored, then resets to zero	Gains bonus points for each consecutive show unplayed, pays out when scored, and keeps half the total through the reset	Gains bonus points per show unplayed with no cap, but is destroyed if it goes ten shows unplayed
Q0058	A	A9	skill	The Instrument	note	c	Keeps missing until it does not	Moves away rather than scoring each time it would score; when finally played it scores everything it dodged	Moves away rather than scoring, banking each dodge; cue at any time to cash the bank	Moves away rather than scoring, and each dodge raises what it eventually pays by more than the last
Q0059	A	A10	skill	Clears Feed A Resource	note	c	A completed line pays fuel, not points	A completed line pays a resource rather than score, and the resource is what powers your effects	A completed line pays both score and a resource, at a reduced rate for each	A completed line pays a resource whose kind is set by the line's dominant suit
Q0060	A	A10	skill	The Cloakroom	note	c	Points become charges	Cue when a placement finishes resolving: convert this placement payout into charges at a fixed rate, spendable on any cued effect	Cue when a placement finishes resolving: convert half this placement payout into charges, keeping the other half as score	Every placement, the score above target is converted into charges automatically rather than banked
Q0061	A	A10	skill	The Hat Line	note	c	At show end, cue to convert the placement's unused combo above the payout into Gold tokens instead of losing it	At show end, cue to turn the placement's unused combo into gold tokens rather than lose it	At show end, unused combo automatically becomes gold tokens	At show end, cue to turn unused combo into gold, or into a rank increase on one card, your choice
Q0062	A	A10	skill	The Lecture	note	c	Turns flavour into fame	Converts a card's flavour text into fame, once per card	Converts a card's flavour text into fame each time that card scores	Converts flavour text into fame, paying more for cards you have never scored before
Q0063	A	A11	skill	Lemon Trophy	note	b	The multiplier cannot outgrow the points	The multiplier can never exceed the flat points it is multiplying	The multiplier can never exceed the flat points, and any excess converts to flat points instead	The multiplier and the flat points are both clamped to whichever is lower, then both doubled
Q0064	A	A11	skill	The Round Number	rejected	c	Every line comes out tidy	Every line score is rounded to the nearest ten, up or down as the arithmetic falls	Every line score is rounded up to the next ten	Every line score is rounded down to the previous ten, and the remainder is banked and paid at show end
Q0065	A	A11	skill	The Softcap	note	c	Growth slows rather than stopping	Past a threshold, additional score is added at a reducing rate rather than being capped outright	Past a threshold, additional score is added at a reducing rate, and a second threshold caps it hard	Past a threshold, additional multiplier converts to flat points instead of being reduced
Q0066	A	A11	hazard	The Tax	approved:b	c	A ceiling on each placement	Boss: each placement's score is capped at a fraction of the goal, so no single act can win it	Boss: each placement's score is capped at a fraction of the goal, and the cap rises each placement	Boss: each placement's score is capped, and anything above the cap is banked for the next placement
Q0067	A	A12	skill	Diversity-based scoring instead of combo	note	c	Variety as its own axis	The placement's payout scales with how many distinct suits and types are on the board, alongside the combo	The placement's payout scales with distinct suits and types instead of the combo, replacing it	The placement's payout scales with distinct suits and types, and the combo scales with distinct effects, multiplying together
Q0068	A	A12	skill	Flea Circus	note	a	When scored, counts as five rank-1 cards for combo-counting purposes (not points)	When scored, counts as five separate triggers for the combo without adding any points	When scored, counts as one extra trigger for each card in its line, without adding points	When scored, counts as five separate triggers, and each one can be amplified by retrigger effects
Q0069	A	A12	skill	Grand Spec	note	a	If every column has scored a meld this show, doubles the show's combo multiplier	If every column has scored a meld this show, the show's combo doubles	If every row and every column has scored a meld this show, the show's combo triples	The placement's combo is multiplied by the number of columns that scored a meld
Q0070	A	A12	skill	Presentation	approved:b	b	While spotlit, each time a placed card's rank is higher than the last card placed, gain +1 combo for the placement	While spotlit, each placed card of higher rank than the last placed card adds +1 combo for the placement	While spotlit, an unbroken ascending sequence of placements adds +1 combo per placement, and any drop resets it	While spotlit, each placed card of higher rank than the last adds +1 combo, and each lower one removes 1
Q0071	A	A12	stamp	Spangle	approved:c	c	The first time this card is part of any scored meld each placement, it adds +1 to the show's combo	The first time this card is part of a scored meld each placement, it adds +1 to the show's combo	Every time this card is part of a scored meld, it adds +1 to the show's combo	The first time this card is part of a scored meld each placement, it adds +1 combo for each distinct suit in that meld
Q0072	A	A12	skill	The Calliope	approved:b	a	Gains +1 combo for every different class that scored this placement	Gains +1 combo for every different class that scored this placement	Gains +1 combo for every different class on the grid, whether or not it scored	Gains +1 combo per class that scored, and double that if every class on the grid scored
Q0073	A	A12	skill	The Dramaturg	note	a	Rewrites one card's combo identity so each of its triggers registers a fresh combo key every time this placement, instead of only on first activation	Rewrites one card's combo identity so each of its triggers registers a fresh combo key this placement, instead of only the first	Rewrites every card's combo identity so each trigger registers a fresh combo key this placement	Rewrites one card's combo identity permanently, so its triggers always register fresh combo keys
Q0074	A	A12	skill	The Exchange Rate	note	c	When a placement finishes resolving, cue to convert unused combo above 3 into flat points at a fixed rate, or spend points to pre-register +1 combo for the next placement	When a placement finishes resolving, cue to turn unused combo above 3 into flat points at a fixed rate, or spend points to pre-register +1 combo for the next placement	When a placement finishes resolving, unused combo above 3 automatically becomes flat points at a fixed rate	When a placement finishes resolving, cue to bank unused combo, carrying it into the next placement instead of converting it
Q0075	A	A12	skill	The Forty-Two	note	c	When a row's score plus its column's score totals exactly 42, the show's combo gains +3	When a row's score plus its column's score totals exactly 42, the show's combo gains +3	When a row's score plus its column's score totals a specific number reseeded each run, the show's combo gains +3	When a row's score and its column's score are exactly equal, the show's combo gains +3
Q0076	A	A12	skill	The System	rejected	c	Paid by the combo, and shy of inspection	After each placement, gains bonus points scaled to that placement's combo; any inspection effect halves the bonus permanently	After each placement, gains bonus points scaled to that placement's combo, with no downside	After each placement, gains bonus points scaled to the combo; being inspected halves it, and it recovers one step per show uninspected
Q0077	A	A12	skill	The Menagerie	note	c	After the Cryptid mod's Zooble: paid for rank variety, unless it is a run	Gains a multiplier per distinct rank in the scoring line, unless that line is a straight	Gains a multiplier per distinct rank in the scoring line, always	Gains a multiplier per distinct rank and per distinct suit in the scoring line, unless it is a straight or a flush
Q0078	A	A13	skill	Drumroll	note	b	The last meld scored each placement gets a bonus multiplier	The last line scored in each placement pays double	The highest-scoring line of each placement pays double	The lowest-scoring line of each placement is re-scored as though it were the highest
Q0079	A	A13	skill	The First Juggler	note	c	The oldest trick there is	Scores a bonus for completing the simplest possible meld	Scores a bonus for completing the simplest meld, growing each time you do it again	Scores a bonus for completing the lowest-scoring meld of the placement, so the worst hand pays
Q0080	A	A13	skill	The Odd Couple	note	b	The extremes of the row pay each other	The lowest- and highest-ranked cards in this card's row pay each other bonus points when the row scores	The lowest- and highest-ranked cards in this card's row pay each other bonus points scaling with the gap between them	In every line this card belongs to, the highest and lowest cards pay each other bonus points
Q0081	A	A13	skill	The Scoop	note	a	Taking every line pays more than the sum	Scoring every line of a grid pays a large bonus on top of the individual lines	Scoring every line of every grid pays a large bonus	Scoring every line pays a bonus scaling with how many lines the grid has
Q0082	A	A14	skill	Positional Royalties	note	a	The same hand is worth more where it is harder	A hand pays more in lines where the ordering rule makes it harder to achieve, so a flush in the middle beats a flush at the back	A hand pays more the closer its line is to the centre of the grid, whatever the ordering rule	Each line carries a printed multiplier fixed at show start, so which line you build a hand in is a decision
Q0083	A	A14	skill	The Comeback	note	b	Stronger the further behind you are	Scores a multiplier scaling with how far below the goal you currently are	Scores a multiplier scaling with how far behind you are, and nothing once you are ahead	Scores a multiplier scaling with how far behind you are at the START of each placement, so catching up early costs you
Q0084	A	A14	skill	The Front-Runner	note	a	Stronger once you are already winning	Scores a multiplier once you are past the goal, scaling with the overshoot	Scores a multiplier once you are past halfway to the goal, fixed	Scores a multiplier past the goal, and the overshoot it earns is banked as fame rather than points
Q0085	A	A14	skill	The Handicapper	approved:c	c	The board reads the scoreboard	Every effect that scales reads the gap to the goal as its scaling input	Every effect that scales reads the gap to the goal, but only in the last placement before you press End	Falling far enough behind switches the whole board to a stronger set of defaults for that show
Q0086	A	A14	skill	The Photo Finish	rejected	b	Pays for landing exactly	Pays an enormous bonus for finishing a show within a hair of the goal, and nothing for overshooting	Pays a bonus scaling inversely with how far past the goal you finish	Pays an enormous bonus for finishing exactly on the goal, to the point
Q0087	B	B1	skill	Adjacency-required marriage melds	approved:c	c	Melds that need true adjacency	Marriage melds require the cards to be exactly adjacent, not merely in the same line	Marriage melds require exact adjacency, and diagonal adjacency counts double	Marriage melds require exact adjacency, and any two adjacent cards that pair score as a meld of their own
Q0088	B	B1	skill	Badugi	approved:b	b	A hand made entirely of differences	A new hand: four cards with no two sharing a rank and no two sharing a suit	A new hand: a full line with no two cards sharing a rank and no two sharing a suit	A new hand: four cards sharing neither rank nor suit, ranked by how low its highest card is
Q0089	B	B1	skill	Beehive four-of-a-kind removal	note	b	Take four of a kind off the board	Any four of a kind on the grid may be removed together for a bonus	Any four of a kind on the grid may be removed together, scoring as a meld and freeing the cells	Any four of a kind may be removed, and doing so pulls four new cards into the Entrance
Q0090	B	B1	skill	Blackjack bust rule	approved:b	b	Twenty-one exactly	A line whose ranks total exactly 21 scores as its own meld; going over scores nothing	A line whose ranks total exactly 21 scores as its own meld, alongside its poker hand	A line totalling exactly 21 scores as a meld, and the closest line to 21 without going over scores as well
Q0091	B	B1	skill	Bulwark	approved:c	c	A hand made of rankless cards	A new hand: five rankless, suitless cards score as a large flat meld	A new hand: five rankless cards score as a large meld, and each blank card in your deck raises it	A new hand: any five cards that share no rank and no suit at all score as a meld
Q0092	B	B1	skill	Clusterfuck/Cluster	approved:c	c	A hand made of nothing matching	A new hand: eight or more cards containing no pair, no flush and no straight score as a large meld	A new hand: a full line containing no pair, flush or straight scores as a large meld	A new hand: a line where no two cards share a rank or a suit scores as a large meld
Q0093	B	B1	skill	Cribbage phase-1 stack-to-31	approved:a	c	Build to thirty-one	A running total builds across placements up to 31, scoring at exact totals along the way	A running total builds across placements up to 31; hitting exactly 31 scores, and overshooting resets it	A running total builds per line rather than per show, scoring at exact totals along the way
Q0094	B	B1	skill	Cribbage-style scoring	approved:c	c	Cribbage counting	Face cards count as 10; score 2 per 15-sum, 2 per 31-sum, 2 per pair, 6 per triple, 12 per quad, and 3 to 7 for runs	Face cards count as 10, and only the 15-sums score, at 2 each	Face cards count as 10; the cribbage counts score alongside poker hands rather than replacing them
Q0095	B	B1	skill	Flower Pot	note	c	One of every suit	A line containing one card of every suit scores as its own meld	A line containing one card of every suit scores as its own meld, ranked above a flush	A line containing one card of every suit scores as a meld, and the more suits the game has the more it pays
Q0096	B	B1	skill	Mahjong hand check across ring	approved:a	c	Mahjong hands across a grid	A grid holding four triplets and a pair across its rows or its columns scores as a mahjong hand	A grid holding four triplets and a pair scores as a mahjong hand, replacing its poker scoring	Any grid satisfying one of a set of named mahjong hands scores that hand as a bonus meld
Q0097	B	B1	skill	The Whole Company	note	b	After the Cryptid mod's Many Have Lost Their Minds Comprehending This Joker: a hand made of the entire deck	A hand consisting of every card in the deck at once scores an absurd amount	A hand consisting of every card on the board at once scores an absurd amount	A hand consisting of every card in the deck scores absurdly, and is the only way to win that show
Q0098	B	B1	skill	None	note	c	A hand of no cards at all	At show end, each empty line counts as its own meld, worth nothing but registering as a hand	At show end, an empty line scores as its own meld, and pays out if it is the only line of its grid left empty	At show end, every empty line counts as a hand, and every empty line on the board raises the show's combo
Q0099	B	B1	skill	Pyramid entrance-match removal	approved:a	c	Match the Entrance card to clear	A grid card may be removed if it matches the current Entrance card by one rank up or down	A grid card may be removed if it matches the current Entrance card in rank or in suit	A grid card may be removed if it matches the Entrance card by rank; doing so scores both
Q0100	B	B1	skill	Pyramid pair-removal rule	approved:c	c	Pairs that add to thirteen	Two cards whose ranks sum to 13 may be removed together for a bonus	Two cards whose ranks sum to 13, or which match, may be removed together for a bonus	Two cards summing to 13 may be removed and score as a meld, freeing their cells
Q0101	B	B1	skill	Rummy meld types	approved:c	c	Runs and sets, rummy style	Three or more same-suit consecutive cards, or three to four of the same rank, score as melds	Three or more same-suit consecutive cards score as melds, but same-rank sets do not	Rummy melds score alongside poker hands rather than replacing them
Q0102	B	B1	skill	Sets-of-3 rank boost	approved:b	b	After the board game Risk: sets of three do something	Any three matching cards on the grid trigger an effect, such as raising their ranks	Any three matching cards on the grid may be cashed in for an effect you choose from three	Any three matching cards trigger an effect, and the effect improves the more sets you have cashed
Q0103	B	B1	skill	The Fifteen	note	b	This card also melds with any adjacent neighbors whose ranks sum to 15 with it	Also melds with any adjacent neighbours whose ranks sum to 15 with it	Also melds with any set of cards in its line whose ranks sum to 15 with it	Also melds with any adjacent neighbours whose ranks sum to a target that changes each show
Q0104	B	B1	skill	The Pure Hand	note	c	A whole grid in one suit	A new hand: an entire grid of one suit scores enormously	A new hand: an entire grid of one suit, or of one suit plus one named exception, scores enormously	A new hand: an entire grid using only two suits scores enormously, and one suit scores more again
Q0106	B	B1	skill	The Triple	approved:c	c	A short run pays out	If this card completes a run of exactly three cards assembled that turn, that run scores triple	If this card completes a run of exactly three cards, that run scores triple; runs of four or more score nothing	Any run of exactly three cards scores as a full meld in its own right, whoever completes it
Q0107	B	B1	skill	Ultimate Pair	note	c	Two pairs, each in its own suit	A new hand: two two-pairs, each one entirely within a single suit, across two suits	A new hand: two two-pairs each within a single suit, and it outranks a full house	A new hand: any two melds each confined to one suit, across two different suits
Q0108	B	B2	skill	Four Fingers	approved:a	c	Four is enough	Flushes and straights may be completed with four cards instead of five	Flushes may be completed with four cards; straights still need five	Any meld may be completed one card short, at three quarters of its value
Q0109	B	B2	skill	Paved Joker	note	c	Blanks plug the gaps	Rankless cards may fill single-rank gaps in straights and flushes	Rankless cards may fill any number of gaps in straights and flushes	Rankless cards may fill gaps, and each one used raises the line's score
Q0110	B	B2	skill	Shortcut	approved:a	a	Straights can skip	Straights may be completed with gaps of one rank	Straights may be completed with gaps of one rank, at three quarters value	Straights may be completed with gaps of one rank, and gaps of two if the line is otherwise a flush
Q0111	B	B2	skill	The Red Wagon	note	b	Money counts as anything	While spotlit, every Gold token in the deck counts as a wildcard toward any column run	While spotlit, every Gold token on the grid counts as a wildcard toward any line at all	While spotlit, every token card of any kind counts as a wildcard toward any line
Q0112	B	B2	skill	The Spider Rule	note	a	Build loosely, but only clear strictly	Stacks build one rank down regardless of suit, but a run is only removed and scored when it is entirely one suit	Stacks build one rank down regardless of suit, and a run of any suits may be removed and scored at a lower rate	Stacks build loosely, and a same-suit run scores double what a mixed one does
Q0113	B	B3	skill	Fouling	note	c	Lines must be ordered by strength, or nothing scores	Each line must score at least as high as the line above it; break the order and the whole grid scores nothing	Each line must beat the line above it; break the order and only the offending line scores nothing	Each line must beat the line above it; break the order and the grid scores, but pays a penalty larger than the best line was worth
Q0114	B	B3	skill	The Blacklisted Hand	note	c	The hand you leaned on stops paying	The hand type you scored most in one placement scores nothing in the next	The hand type you scored most in one placement scores half in the next, and full again the placement after	Each hand type may be scored only twice per show; the third time it pays nothing
Q0115	B	B3	hazard	The Eye	approved:b	b	Boss: no hand type twice	Boss: no hand type may be scored more than once in a show	Boss: no hand type may be scored more than once per Entrance refill	Boss: no hand type may be scored twice in a row, but may return later
Q0116	B	B3	hazard	The Mouth	approved:a	c	Boss: only one hand type all show	Boss: only one hand type may be scored for the whole show, fixed by the first line you complete	Boss: only one hand type may be scored, named by the boss before the show starts	Boss: only one hand type may be scored, and you choose it before seeing your Entrance
Q0117	B	B4	skill	Calculation Solitaire looping stacks	note	c	Piles that count by their own number	Foundation stacks build in increments of their own base number, wrapping past King	Foundation stacks build in increments of their base number without wrapping, ending at King	Each column builds in increments of its own index, so column 3 stacks in threes
Q0118	B	B4	skill	Fan Tan foundation-build rule	note	c	Sevens are the foundation	Sevens are foundations, extended only by a same-suit card one rank higher or lower	Sevens are foundations extended by any suit, one rank higher or lower	The first time this card is spotlit, name a rank; it becomes the foundation for the rest of the run, extended by same-suit neighbours in rank
Q0119	B	B4	skill	Foundations From Both Ends	note	b	Two foundations growing toward each other	A line may be built from its low end upward or its high end downward, and it scores when the two meet	A line is built from both ends toward the middle, and the card that closes the gap scores double	Two foundations run in opposite directions and a card may join either; completing both pays enormously
Q0120	B	B4	skill	Spite and Malice communal foundations	note	b	Communal foundations, kings wild	Up to four shared foundations build from 1 to Queen regardless of suit, with kings wild; a completed foundation is set aside and replaced	Up to four shared foundations build from 1 to Queen regardless of suit, and completing one scores it as a meld	One shared foundation builds 1 to Queen with kings wild, and completing it scores the whole run at once
Q0121	B	B4	rank	The Forged Ace	note	a	This card has an enormous rank that counts as two Aces in melds; if any inspection effect examines it, it is destroyed and the show's fame payout is voided	An enormous rank counting as two Aces in melds; any inspection effect that examines it destroys it and voids the show's payout	An enormous rank counting as two Aces in melds; being inspected destroys it but the payout survives	An enormous rank counting as two Aces; each show it survives without being inspected, its rank grows
Q0123	B	B5	skill	Canasta rank-based wildcards		b	One rank is wild. **Level 2, on its own mark:** Marks of the wild rank count as matched by any card placed on them	The first time this card is spotlit, name a rank; it acts as a wildcard in every meld for the rest of the run	One rank acts as a wildcard, and which rank it is changes each show	One rank acts as a wildcard, and using it in a meld consumes it permanently
Q0124	B	B5	skill	Crazy Eights wild-suit rule		c	One rank changes the suit	One rank is wild and names a suit; the next card placed that is not that suit scores nothing in the lines it completes — **level 2:** An eight on a mark it matches names the suit, and the constraint never applies to cards placed on marks they match	One rank is wild and names a suit; until another is played, a card placed that is not that suit scores nothing in the lines it completes — **level 2:** An eight on a mark it matches names the suit, and the constraint never applies to cards placed on marks they match	One rank is wild and names the suit for its whole line, retroactively — **level 2:** An eight placed on a mark it matches names the suit for every line through it
Q0126	B	B5	skill	The Smudge		b	After Balatro's Smeared Joker: two suits count as one. **Level 2, on its own mark:** The paired suits also count as one suit when matching suit marks	Two named pairs of suits each count as a single suit for melds	Two named pairs of suits count as one for melds but stay distinct for stacking	All suits count as one suit for flushes only, making flushes trivial and everything else unchanged
Q0127	B	B5	rank	The Salt		a	Matches its own kind, or anything, and matches any rank mark. **Level 2, on its own mark:** On its mark the choice is made per line, so it can be its own kind in its row and a wild in its column	This card melds either with another of its own kind or with any card at all, your choice at scoring	This card melds with any card at all, but never with another of its own kind	This card melds with anything, and every one used in a meld makes the next one in the deck stricter
Q0128	B	B6	skill	Burnt Joker		c	Levels up a hand type. **Level 2, on its own mark:** It may raise the hand type of your choice instead ⚑ *pair review: (a) keyed on a discarded hand type, and a discard here is a card, not a hand*	Permanently raises the level of the first hand type scored through its cell each show	Permanently raises the level of the first hand type scored each show	Raises the level of the hand type you scored least this show, at show end
Q0129	B	B6	hazard	The Arm		c	Boss: your hands get worse	Boss: permanently lowers the level of whichever hand type you score	Boss: lowers the level of the hand type you score for this show only	Boss: permanently lowers the level of your most-played hand type, once
Q0130	B	B6	skill	The Practised Hand		a	Hands you play often get better, and hands you neglect rot. **Level 2, on its own mark:** Hands scored through its cell never rot ⚑ *pair review: overlaps Q0048, which you wrote: hands you play more pay more*	Each hand type levels up one step each time it is scored, and loses a level each show it is never scored	Each hand type levels up one step each time it is scored, and levels never decay	Each hand type levels one step per show in which it was scored at all, however many times
Q0131	B	B6	skill	Universum		c	Levelling up is worth more. **Level 2, on its own mark:** Each level-up also adds +1 to the combo ⚑ *pair review: overlaps Q1545 (Rising Tide): every hand gains when one levels*	When a hand type levels up, it gains multiplier and flat points rather than flat points alone	When a hand type levels up, it gains double what it normally would	A level-up through its cell also raises the hand type of every other line that scored that placement
Q0132	B	B7	skill	Lowball		c	The worst hand pays the most. **Level 2, on its own mark:** Lines through its cell pay on both ladders	Lines through its cell pay on the inverted ladder: a high card pays as a straight flush, a pair as five of a kind, and so on, down to a straight flush paying as a high card	Every line on its grid pays on the inverted ladder	One line per grid, named at show start, pays on the inverted ladder; the rest score normally
Q0134	B	B7	skill	Splash		a	The cards a hand leaves out are a hand of their own. **Level 2, on its own mark:** The leftover hand through its cell pays into the special bucket	In a line through its cell, the cards the hand does not use score as a second hand, added to the first	In every line on its grid, the leftover cards score as a second hand	The leftover cards score as a second hand, and when it is the same type as the first the two count as copies of one hand
Q0136	B	B8	skill	Dead Man's Hand		b	Scoring two pair, Aces over Eights, in one row pays a jackpot and triggers a map event. **Level 2, on its own mark:** Lines through its cell that are one card short of the hidden meld light up	A hidden meld: two pair, aces over eights, in one line pays a large bonus the first time it is found each run	A hidden meld reseeded each run; every line that scores tells you how many of its cards belong to the hidden meld, so you can work it out	A hidden meld: two pair, aces over eights, pays a large bonus every time and permanently unlocks a card the first time it is found
Q0138	B	B8	skill	Sword Swallower		b	A column that is one perfect descending run from top to floor pays a large bonus and mints a Knife-suit card. **Level 2, on its own mark:** A fourth perfect column in one show pays all four again ⚑ *pair review: overlaps Q1493 (a descending stack headed by a king); it absorbs Q0141*	A column that is one perfect descending run from top to floor pays a large bonus and mints a Knives card	Any line that is one perfect run in either direction pays a large bonus and mints a card of that line's dominant suit	A column that is a perfect descending run pays a large bonus, and finding it once reveals what it does permanently
Q0139	B	B8	skill	The Secret		a	A condition nobody announced. **Level 2, on its own mark:** When it flips, it fires once more for each card in its lines that sits on its own matching mark	Place this card face down naming a condition; when the condition is met the card flips and its effect fires unprompted	Place this card face down; the condition is drawn at random from a known list, and it flips when met	Place this card face down naming a condition; if the show ends without the condition being met, the card is destroyed and pays nothing
Q0140	B	B8	skill	The Three Rings		c	Three full lines in one placement	Scoring three separate full five-card hands in one placement permanently unlocks a new skill for the rest of the run — **level 2:** Lines that score through its cell count twice toward the three	Scoring three separate full five-card hands in one placement pays a large bonus, every time — **level 2:** Lines that score through its cell count twice toward the three	Completing a row, a column and a diagonal with one placement permanently unlocks a new skill for the rest of the run — **level 2:** A height line through its cell counts as one of the three
Q0144	B	B9	skill	The Episode Rules		c	This run is played under a different rulebook. **Level 2, on its own mark:** You may rename one of its hands at the start of each show	The first time this card is spotlit, name three hand types as the only ones that score; every other completed line pays nothing, for the rest of the run	The first time this card is spotlit, name three hand types that score double, for the rest of the run; everything else scores normally	The first time this card is spotlit, name three hand types that score double and one that scores nothing, for the rest of the run
Q0146	B	B9	skill	The Private Objective		a	A scoring goal only this run has. **Level 2, on its own mark:** It draws two objectives and keeps both ⚑ *pair review: (c) depends on a rival, which is its own unanswered question*	The first time this card is spotlit, draw a hidden scoring objective, revealed immediately, that pays alongside normal scoring for the rest of the run	The first time this card is spotlit, draw a scoring objective that stays hidden until the run ends	The first time this card is spotlit, draw three objectives and choose one; the others stay live for a rival
Q0147	B	B9	skill	This Season's Trend		b	Certain abilities, not hands, pay extra this run. (line 835). **Level 2, on its own mark:** Abilities fired by cards sitting on marks they match count as trending	The first time this card is spotlit, name a few abilities as trending; they score extra whenever they fire, for the rest of the run	The first time this card is spotlit, name a few abilities as trending; the trend rotates every town	A few abilities trend at a time, and using a trending ability enough times makes it trend permanently for the rest of the run
Q0148	B	B10	skill	Half Joker		b	Paid for playing short. **Level 2, on its own mark:** Cards sitting on marks they match do not count toward the grid's total	Scores a large multiplier if its line completes while the grid holds ten cards or fewer	Scores a large multiplier scaling with how few cards the grid holds when its line completes	Scores a large multiplier if the whole grid holds five cards or fewer when its line completes
Q0150	B	B10	skill	Rank-merging meld rule		a	Longer lines pay disproportionately. **Level 2, on its own mark:** Cards stacked beneath a line's cards count toward its length ⚑ *pair review: does nothing unless another effect makes a line longer*	A line's points are multiplied by its length, doubling at five cards and rising with every card beyond five, where another effect makes a line longer	A line's points are multiplied by its length linearly, with no cap	A line's points are multiplied by its length, and lines longer than the grid pay a further bonus
Q0151	B	B10	skill	The Six-Card Line		c	Lines are longer than the grid was built for. **Level 2, on its own mark:** A six-card line through its cell scores both of its five-card windows ⚑ *pair review: overlaps Q0030, which you wrote: a card past the edge makes six-card lines*	Lines are six cells long, so each grid row runs one cell into the grid beside it	Lines are six cells long, drawn only on grids that have been widened to six by an unlock	Lines may be five or six cells, and a six-card line scores as the best five plus a length bonus
Q0152	C	C1	skill	Line Ledger		c	Turns line types on and off. **Level 2, on its own mark:** Lines through its cell always score, whichever line types are switched off	At show start choose one line kind; it pays double this show, and one other kind you name pays nothing	At show start, one line type is disabled at random and everything else scores double	Each Entrance refill, name one line kind; it pays double until the next refill
Q0153	C	C1	skill	The Clearance Threshold		b	A line whose ranks add past a threshold scores and empties. **Level 2, on its own mark:** Cells it empties are dealt fresh marks ⚑ *pair review: a running total is undefined; adding ranks is easy to do in your head (your Q0075)*	A line whose rank total passes a threshold scores and empties, freeing its cells	A line whose rank total passes a threshold scores and empties, and the threshold rises each time	A line whose rank total passes the threshold scores, and only the card that pushed it over is discarded
Q0155	C	C1	skill	The Short Ring		b	Grants the short diagonals as lines, paying into the special bucket	The four four-card diagonals of a grid also score as lines — **level 2:** Short diagonals through its cell score an extra step	The four four-card diagonals score at half value — **level 2:** Short diagonals through its cell pay full value	One short diagonal per grid, chosen at show start, scores as a full line — **level 2:** It may choose a second short diagonal
Q0156	C	C2	skill	The Border Line		c	The edge of the grid is a track of its own, paying into the special bucket. **Level 2, on its own mark:** A border line through its cell scores an extra step for each corner card sitting on a mark it matches	Any five consecutive cells along the grid border that turn a corner score as a line	The sixteen border cells score as one line when all are filled, paying at the best five within it	Any five consecutive border cells score as a line, and a line that turns a corner scores an extra step
Q0157	C	C2	skill	The Knight Line		b	Five cells a knight apart, paying into the special bucket. **Level 2, on its own mark:** After a knight line through it scores, it may jump one knight move to an empty cell whose mark it matches	While this card is on the grid, any five cells connected by knight moves score as a line	While this card is on the grid, five cells connected by knight moves score as a line, and this card must be one of them	Cue once per Entrance refill: nominate five cells connected by knight moves; if all are filled they score as a line
Q0158	C	C2	skill	The Puszta Five		b	In every column at once. **Level 2, on its own mark:** Its cue recharges at every Entrance refill	Cue, once per show: for one scoring pass this card stands in for the single empty cell of every column that has exactly one, and each column that completes scores	Cue, once per show: for one scoring pass this card stands in for the single empty cell of every line that has exactly one, rows and diagonals included	Cue, once per show: for one scoring pass this card counts as a member of the same column in every grid
Q0160	C	C3	skill	Stage Fright		c	Disturbance costs instead of pays ⚑ *pair review: (a) and (b) only cost you; it reads as a hazard*	Disturbing a completed line re-scores it, but the re-score subtracts rather than adds — **level 2:** Lines through its cell are exempt	Disturbing a completed line scores nothing at all, so lines are final once made — **level 2:** Lines through its cell are exempt	Disturbing a completed line re-scores it at half, and the half withheld is paid into the special bucket — **level 2:** Lines through its cell pay both halves
Q0161	C	C3	skill	The Cascade		a	A clear collapses the board and can clear again. **Level 2, on its own mark:** A chain that starts through its cell adds +1 to the multiplier for each link	A completed line through its cell clears; the cards above fall in, and every line the fall completes or re-forms scores again, at a multiplier that rises one per link	A completed line through its cell clears; the cards above fall in, and every line the fall completes or re-forms scores again at flat value	A completed line through its cell clears; the cards above fall in, and every line the fall re-forms scores again; chains stop after three links
Q0162	C	C3	skill	The Reprise		b	Re-fires a line by disturbing it. **Level 2, on its own mark:** Re-scoring a line through its cell also re-fires the lifted card's level 2, if it sits on a mark it matches ⚑ *pair review: overlaps Q0029, which you wrote: tap to rescore as if placed again*	Cue: lift and replace one card in a completed line to score that line again	Cue: lift and replace one card to re-score its line, at half value each subsequent time	Any card removed and replaced re-scores its line, with no cue needed and no limit, which is already the default - this option keeps it
Q0163	C	C3	skill	The Understudy Call		c	Swaps a card without breaking the line. **Level 2, on its own mark:** The card swapped in counts as matching the mark it lands on	Cue: swap one card in a completed line for one in the Entrance; the lifted card takes the Entrance slot, and the line re-scores with the new card	Cue: swap one card in a completed line for one in the Entrance; the lifted card takes the Entrance slot, and the line does not re-score	Cue: swap any two cards between two completed lines; both re-score
Q0164	C	C4	skill	Element boards (ice/water)		c	Rows that do not hold still. **Level 2, on its own mark:** A card sliding through its lines stops on the first mark it matches	Ice rows slide any card placed on them to the end of the column; water rows let cards drift	One row per grid is ice, sliding any card placed on it to the end of its column	Ice and water rows appear at random per show, and which rows they are is telegraphed before you place
Q0166	C	C4	skill	Free Cell reserve slots		b	A reserve you can reach any time. **Level 2, on its own mark:** A card returning from reserve may land on any empty cell whose mark it matches, ignoring the committed grid	A card may go from the Entrance to a reserve cell instead of the grid, and return to any empty cell as a later placement	A card may go from the Entrance to a reserve cell, and cards in reserve still count for class and set bonuses	A card may go from the Entrance to a reserve cell, and a card returning keeps whatever it gained in reserve
Q0167	C	C4	type	Sawdust		b	When this card is discarded from the grid, its slot keeps a marker that gives the next card placed there bonus points on its first score	When this card leaves a cell, the cell keeps a marker giving the next card placed there bonus points on its first score	When this card leaves a cell, every empty cell in its row keeps a marker giving the next card placed there bonus points	When this card leaves a cell, the cell is marked permanently and every card ever placed there scores bonus points
Q0168	C	C4	skill	Tetromino shape-matching bonus tiles		c	After the game Tetris: cells that want a shape. **Level 2, on its own mark:** A shape covering its cell forgives one wrong card	Certain cells want a preset tetromino shape placed over them, rotatable, matched by suit or rank, for a bonus	Certain cells want a preset shape placed over them, matched by suit only	Certain cells want a shape that changes each show, and matching it scores the whole shape as a meld
Q0169	C	C4	skill	The Butoh Walker		c	Moves one slot automatically every other turn; every slot it leaves permanently grants bonus points to the next card scored there. **Level 2, on its own mark:** It walks only onto cells whose mark it matches, and skips the rest	Every other turn it steps to an adjacent empty cell of your choice; the lines it leaves and joins re-score, and every cell it leaves permanently pays bonus points to the next card scored there	Every turn it steps to an adjacent empty cell of your choice; the cells it leaves pay for this show only	Every other turn it steps to a cell of your choice; the cells it has left form a trail that pays all at once when the trail closes a loop
Q0172	C	C4	skill	Trap card		a	A space that is not really there. **Level 2, on its own mark:** The extra cell is dealt a mark	Creates an extra empty cell; the next card placed there goes beneath this card instead, and the cell vanishes	Creates an extra empty cell that any card may use normally, until this card leaves	Creates an extra empty cell that swallows the next card placed there entirely, removing it from the show
Q0174	C	C5	skill	Hidden-mine bomb-prefilled grid		c	After Microsoft's Minesweeper: bombs under the grid. **Level 2, on its own mark:** A card placed on a mark it matches defuses every bomb beside it	Grids start with hidden bombs; numbered cells show how many are adjacent, and placing on a bomb lowers that card's value	Grids start with hidden bombs; numbered cells show how many are adjacent, and placing on a bomb destroys the card	Grids start with hidden bombs you may defuse by completing a line through them
Q0175	C	C5	type	Null		a	Junk material inserted by hazards: occupies a slot, scores nothing, and melds nothing	Junk inserted by hazards: it fills a cell, scores nothing and melds nothing	Junk inserted by hazards: it fills a cell and melds nothing, and can only be cleared by a line completing around it	Junk inserted by hazards: it fills a cell, melds nothing, and drags its whole line's score to zero
Q0177	C	C6	skill	Mobile pageant zone		b	The ring turns. **Level 2, on its own mark:** The column or row it sits in may stay put while the rest cycle	Cue, once per Entrance refill: cycle the grid's columns one step, the last becoming the first, cards and marks travelling with them; rows keep their hands, and every diagonal re-forms and scores if complete	Cue, once per Entrance refill: cycle the grid's rows one step instead, cards and marks travelling with them	Cue, once per Entrance refill: cycle either the columns or the rows, your choice each time
Q0178	C	C6	skill	Non-5x5 ring layouts with hazards		c	Grids that are not five by five. **Level 2, on its own mark:** While it sits on its own mark, you choose the next venue's layout from two	Alternative grid layouts that are not 5x5, some pre-filled with cards or hazards	Alternative grid layouts that are not 5x5, with line length adjusting to the layout	Alternative grid layouts chosen per town, so the shape of the board is part of the venue
Q0179	C	C6	skill	Sliced Reality (summary)		c	Splits a column, or welds two together. **Level 2, on its own mark:** It may split or merge rows too	Splits one column into two, or merges two columns into one	Splits one column into two, or merges two into one, once per show	Splits one column into two or merges two into one, and the affected cards redistribute rather than being discarded
Q0180	C	C6	skill	The Floors		a	The grid is stacked into levels that resolve in order. **Level 2, on its own mark:** Its own stack's floor resolves twice ⚑ *pair review: nothing on this board is a threat that climbs floors*	A grid's stack heights act as floors that resolve bottom to top, and a threat that survives one floor rises to the next	A grid's stack heights act as floors that resolve bottom to top, and a threat stopped on a floor is destroyed there	A grid's stack heights act as floors, and you choose the order they resolve in each show
Q0182	C	C6	skill	Uneven Rows		b	The lines are not the same length. **Level 2, on its own mark:** Short lines through its cell score on the full hand table	A grid's lines have different lengths - three, five, five - and a short line is scored on its own smaller hand table	A grid's lines have different lengths, and a short line pays proportionally more per card	A grid's lines have different lengths, and you choose the shape before the show starts
Q0183	C	C7	hazard	Cross-grid row expansion setting		c	Grids grow together, or apart	Setting: when one grid's rows spread apart to make room for height, every other grid spreads too	Setting: only the grid that grew spreads, and the others stay compact	Setting: grids spread together, and a line can then run across grids at the same height
Q0184	C	C7	skill	Rows spanning multiple grids		c	Lines that run across grids. **Level 2, on its own mark:** Its row may run on into the next grid even where that grid's row is not full ⚑ *pair review: needs a second grid, and a normal run plays one*	Rows may run across multiple grids at the same y, scoring as one long line	Rows may run across grids at the same y, scoring as one line but only if every grid contributes	Rows may run across grids, and such a line scores separately from each grid's own row
Q0185	C	C7	skill	The Aligned Column		c	Columns line up across grids as well. **Level 2, on its own mark:** Its column across grids scores even if one grid's column is a card short ⚑ *pair review: needs a second grid, and a normal run plays one*	The same column index across every grid forms one long line, scored as the best five within it	The same column index across grids forms a line only when every grid has that column full	The same column index across grids forms a line, and cards in it also still score in their own grid column
Q0187	C	C8	skill	Strike the Set		c	Closes a grid down. **Level 2, on its own mark:** Closing a grid pays each of its matched marks once more ⚑ *pair review: needs a second grid, and a normal run plays one*	Cue: close one grid; its cards are discarded and the show's goal drops proportionally	Cue: close one grid; its cards return to the deck and the goal is unchanged	Cue: close one grid and its cards are dealt into the remaining grids' empty cells
Q0188	C	C8	skill	The Fourth Ring		c	Opens another grid. **Level 2, on its own mark:** The grid it opens copies this grid's matched marks, so what you have already aimed at counts there too	Unlocks one additional grid for this show only	Unlocks one additional grid permanently for the rest of the run	Unlocks one additional grid, and the show's goal rises by the fraction it adds
Q0189	C	C8	skill	The Merger		c	Welds two grids into one. **Level 2, on its own mark:** A merged cell keeps both marks, and a card matching either counts as matched ⚑ *pair review: needs a second grid, and a normal run plays one*	Cue: merge two adjacent grids into one wider grid, so its rows are ten cards long	Cue: merge two adjacent grids, and lines in the merged grid need seven cards rather than five	Cue: merge two adjacent grids, overlaying them so cards land on top of each other as height
Q0190	C	C8	skill	The Touring Rig		a	Grids arrive when you earn them, not when the deck grows	A new grid unlocks each time a show is cleared above target, rather than per fifty-two cards of deck — **level 2:** A show cleared while it sits on its own mark counts as cleared above target	Grids unlock per fifty-two cards as usual, and one more unlocks the first show you clear with every mark in a line matched — **level 2:** A show cleared while it sits on its own mark counts as a line of matched marks	Grids unlock per fifty-two cards, and one is taken away each time a show is cleared below target — **level 2:** A show cleared below target while it sits on its own mark takes no grid away
Q0191	C	C9	skill	Per-ring independent entrances		a	Every grid has its own Entrance ⚑ *pair review: needs a second grid, and a normal run plays one*	Each grid holds its own five-card Entrance, playable in any order between grids — **level 2:** Swaps between Entrances are free	Each grid holds its own Entrance, but only one may be played from per turn — **level 2:** Swaps between Entrances are free	Each grid holds its own Entrance, and cards may be swapped between them at a cost — **level 2:** Swaps between Entrances are free
Q0192	C	C9	skill	The Booked Stage		a	One grid holds the whole placement. **Level 2, on its own mark:** Lines it completes score two extra steps ⚑ *pair review: needs a second grid, and a normal run plays one*	While this card is on a grid, the Entrance stays committed to that grid for the whole show rather than lifting, and every line it completes scores an extra step	While this card is on a grid, the Entrance stays committed to that grid for the whole show, and every grid it locks out pays at show end for staying untouched	While this card is on a grid, the entrance alternates strictly between grids, one refresh each
Q0193	C	C9	skill	The Free Hand		a	You may change your mind about which grid you are feeding. **Level 2, on its own mark:** Switching grids is free after a card lands on a mark it matches ⚑ *pair review: needs a second grid, and a normal run plays one*	Once the first card of a refresh is placed you may still switch grids, but switching costs an Entrance card, discarded	You may switch grids mid-refresh once per Entrance refill at no cost	You may switch grids mid-refresh freely, but a refresh split across grids scores no line bonuses
Q0194	C	C9	skill	Trigger cross-ring effects while placing		a	Trigger elsewhere while you place here. **Level 2, on its own mark:** Effects of cards on matched marks in the other grids fire too ⚑ *pair review: needs a second grid, and a normal run plays one*	Effects in other grids may be triggered while placing into the committed grid	Effects in other grids may be triggered while placing, but only once per refresh	Effects in other grids fire automatically when a line completes in the committed grid
Q0195	C	C10	skill	Fairy Floss		a	When scored, gives +1 rank to all orthogonally adjacent cards for the rest of the show. **Level 2, on its own mark:** Each neighbour may take -1 instead of +1, your choice, so it can steer them onto their rank marks	When this card scores, every orthogonally adjacent card gains +1 rank for the rest of the show	When this card is placed, every orthogonally and diagonally adjacent card gains +1 rank permanently	When this card scores, every card in the 3x3 around it gains +1 rank for the rest of the show
Q0196	C	C10	skill	Misdirection		b	While spotlit, the topmost covered card in each adjacent column is also treated as spotlit. **Level 2, on its own mark:** Every covered card in its row counts as spotlit too	While spotlit, the topmost covered card in each adjacent column also counts as spotlit	While spotlit, every covered card in this card's own column also counts as spotlit	While spotlit, the card directly beneath this one also counts as spotlit
Q0197	C	C10	skill	Mr. Punch		c	Each placement, gains points for every orthogonally adjacent card debuffed or destroyed. **Level 2, on its own mark:** It counts diagonal neighbours too	Each placement, gains points for every orthogonally adjacent card that is debuffed or destroyed	Each placement, gains points for every debuffed or destroyed card anywhere in its grid	Gains +1 permanent rank each time an orthogonally adjacent card is destroyed
Q0198	C	C10	skill	Neighbor-type value bonus (3-Ring Circus)		c	Cares who is beside it. **Level 2, on its own mark:** Neighbours sitting on marks they match count twice	Gains value based on the types of the cards to its left and right	Gains value based on the types of all four orthogonal neighbours	Gains value based on how many distinct types surround it, in all eight directions
Q0199	C	C10	skill	Punch		c	Hits what is next to it. **Level 2, on its own mark:** It beats neighbours of equal rank too	Scores points for each adjacent card it beats in rank	Scores points for each adjacent card it beats in rank, and knocks the lowest one into the discard pile; its cell keeps its mark	Scores points for each adjacent card it beats, doubled if it beats all four
Q0200	C	C10	skill	Spiderweb		b	When scored, gains +1 point per card diagonally adjacent to it. **Level 2, on its own mark:** It pays for every card on the diagonal lines through it, stacked cards included	On scoring, gains +1 point per diagonally adjacent card	On scoring, gains +1 point per card on every diagonal run through its cell, of any length, climbs included	On scoring, gains +1 point per diagonally adjacent card, doubled if all four diagonals are occupied
Q0201	C	C10	skill	Terrain Combinations		c	Two placed hazards make a third thing. **Level 2, on its own mark:** While it sits on its own mark, you choose which of the two hazards the combination keeps ⚑ *pair review: hazards are level modifiers, not cards you place beside each other*	Two specific hazard cards placed adjacent transform into a stronger single hazard with a larger reward	Two specific hazards placed adjacent cancel each other out	Two hazards placed adjacent combine, and the combination is different for each pair
Q0202	C	C10	skill	The Courier		a	While spotlit, it stands in for one empty cell of a line beside it	While spotlit, this card also stands in for one empty cell of the column beside it, the side chosen when it is placed, so that column can complete one card short — **level 2:** It stands in for the row beside it too	While spotlit, this card stands in for one empty cell of any line that passes within one cell of it — **level 2:** It may stand in for two cells of the same line	While spotlit, this card stands in for one empty cell of both its own row and its own column at once, as if it sat in each — **level 2:** It stands in for the row beside it too
Q0203	C	C10	skill	The Puppet (Bunraku)		c	Needs hands to work it. **Level 2, on its own mark:** Supporters sitting on marks they match count as two	While two or more orthogonal neighbours are placed, every line through its cell also pays into the special bucket	With two supporters its lines pay into the special bucket too; with three, its row pays there as well; with four, every line through it pays double	While two or more neighbours support it, every line through it pays into the special bucket, and when a line through it scores, each supporter's level 2 fires as if it sat on a matched mark
Q0204	C	C10	stamp	The Wiring Diagram		b	Names exactly which neighbours it checks. **Level 2, on its own mark:** One named cell may be empty, and it reads the mark there	This card names which of its neighbouring cells it reads, and ignores the rest	This card names which neighbouring cells it reads, and you may re-point them once per show	This card reads only the neighbours that are diagonal to it, never the orthogonal ones
Q0205	C	C10	skill	The Zoning Board		c	Adds to some neighbours and subtracts from others. **Level 2, on its own mark:** Neighbours sitting on marks they match are never subtracted from	This card adds points to the cells on one side of it and subtracts from the cells on the other	This card adds points to orthogonal neighbours and subtracts from diagonal ones	This card adds to neighbours of its own suit and subtracts from all others
Q0206	C	C11	type	The Awkward Shape		c	Occupies more than one cell, and can be turned	This card occupies an L-shaped footprint of three cells and may be rotated when placed	This card occupies a two-cell footprint and may be rotated when placed	This card occupies an L of three cells, may be rotated, and counts in every line any of its cells touches
Q0207	C	C11	skill	The Corridor		c	Connected regions score, not lines; a region pays into the special bucket. **Level 2, on its own mark:** Groups through its cell may connect diagonally	The largest connected group of each suit scores, alongside the normal lines	The largest connected group of each suit scores INSTEAD of the normal lines	Every connected group of three or more of one suit scores, and the largest scores double
Q0209	C	C11	skill	The Ring Of Five		b	A shape that is not a line, paying into the special bucket. **Level 2, on its own mark:** An uncovered mark in the ring stands in for its cell	This card scores for every card in the ring of eight cells around it, counting suits and ranks as a hand	This card scores for the ring of eight around it only when all eight are filled, paying as a made hand	This card scores for the ring of eight around it, and the ring may cross into a neighbouring grid
Q0210	C	C12	skill	Hunting Season		b	Kills the middle one. The emptied cell keeps its mark, and the next card placed there re-scores the line. **Level 2, on its own mark:** You choose which card of the line is destroyed	If a line scores a three of a kind, the centre card of that line is destroyed afterwards	If a line scores a three of a kind, the centre card is destroyed and this card takes its rank	The centre cell of any scoring line is destroyed afterwards, whatever the line's length
Q0211	C	C12	skill	Performance Rings		c	Depth is worth more. **Level 2, on its own mark:** Its own stack's multiplier steps every four levels instead of five	Every stack line through its cell pays into the row bucket as well as the special one	Score zones by stack height, with the multiplier applying only to the column score, not the row	Score zones by height rather than row: every five levels of stack height multiplies that stack's score by one more
Q0212	C	C12	hazard	Ring Column		a	One per column: adds one grid column at game creation; its rank equals which column it is	One per column: adds a grid column at game creation, its rank equal to which column it is	One per column: adds a grid column at game creation, and can be destroyed mid-run to remove that column	One per column: adds a grid column whose cells all carry a bonus matching the column's rank
Q0213	C	C12	skill	Sliced Bread		b	On submission, if a same-suit card sits lower in this card's stack, gain a point per card between them. **Level 2, on its own mark:** Cards between that sit on marks they match count twice	On scoring, gain a point for each card lying between this card and the nearest same-suit card lower in its stack	On scoring, gain a point for each card between this one and the nearest same-suit card anywhere in its line	On scoring, gain a point for each card between this one and every same-suit card in its line, counting each pair
Q0214	C	C13	skill	Escaramuza		c	When the grid's column heights read the same left-to-right as right-to-left at scoring, gain bonus multiplier on the placement. A column's height is the number of cards it holds, stacked cards included. **Level 2, on its own mark:** A palindrome through its cell that is one card off still pays	If the grid's column heights read the same left to right as right to left when a line scores, the placement gains a large multiplier	While the grid's column heights read the same in both directions, every line scored pays double	Any line whose ranks read the same forwards as backwards pays double
Q0215	C	C13	skill	Front And Back		a	The row a card sits in decides what it does. **Level 2, on its own mark:** While it sits on its own mark, you choose where the boundary between front and back rows lies ⚑ *pair review: no hazard picks a front row to hit first*	Cards in the grid's front rows take hazards first and cards in the back rows score more, so placement is a risk trade	Cards in the front rows take hazards first; back rows are otherwise identical	Front rows take hazards first and score less; the boundary between front and back moves each placement
Q0216	C	C13	skill	Latin-square grid bonus		c	After the puzzle Sudoku: sudoku on the grid. **Level 2, on its own mark:** Each line through its cell may repeat one rank ⚑ *pair review: overlaps Q0104, which you wrote: a grid with no matching suit and rank*	If the ranks on a grid satisfy sudoku constraints, the grid scores a bonus	If any row, column or block satisfies sudoku constraints, that line scores a bonus	If no rank repeats in any row or column of a grid, that grid scores a bonus scaling with how full it is
Q0217	C	C13	skill	The Button		b	Three connected of a kind pays a token. **Level 2, on its own mark:** A token from a group through its cell is worth double ⚑ *pair review: overlaps Q0102, which you approved: three matching cards cashed in*	Three connected cards sharing a suit may be cashed for a token that scores at show end	Three connected cards sharing a suit or a rank may be cashed for a token	Three connected cards of a kind pay a token, and the token's value rises with each one already banked
Q0218	C	C13	hazard	The Hammer		b	Half the ranks are dead	Boss: every odd-ranked card is debuffed	Boss: every card of one parity is debuffed, and which parity flips each placement	Boss: every odd-ranked card is debuffed, and every even-ranked card scores double
Q0219	C	C13	skill	The Junk Orchestra		c	Scores by position, not by rank. **Level 2, on its own mark:** Skill-less cards sitting on marks they match score by their pattern and by their rank ⚑ *pair review: it does not say what a positional pattern pays*	Skill-less cards score by their positional pattern rather than their ranks	Skill-less cards score by positional pattern, paying more the more regular the pattern is	Skill-less cards score by positional pattern, and matching a pattern named at show start pays double
Q0220	C	C13	skill	The Kickline		c	The tallest card in each column. **Level 2, on its own mark:** An empty column lends the mark of its tallest cell	When the highest-stacked cards of the five columns, one per column, all share a suit, the row those five sit in scores again	When the highest-stacked cards of the five columns all share a suit, every line through any of them scores again	When the highest-stacked cards of the five columns form a poker hand, that hand scores as a line into the special bucket
Q0221	C	C13	skill	The Pyramid		c	A staircase of stacks, paying into the special bucket. A column's height is the number of cards it holds, stacked cards included. **Level 2, on its own mark:** Its own stack counts as one card taller for formations	Formation: three adjacent columns holding stacks of exactly 3, 2 and 1 score a bonus meld	Formation: any three adjacent columns whose heights descend by one score a bonus meld, scaling with the height they start from	Formation: any run of columns whose heights ascend or descend by one scores a bonus meld per column involved
Q0222	C	C13	hazard	The Repulsor		b	Only the ends of the row fire	Boss: only the first and last card of each line trigger; everything between does nothing	Boss: only the first and last card of each line trigger, and they trigger twice	Boss: only the centre card of each line triggers
Q0223	C	C14	skill	Callback		c	Reaches back a fixed number of turns. **Level 2, on its own mark:** The re-triggered card fires its level 2, as if it sat on a matched mark	Cue: re-trigger whatever card you placed three turns ago, wherever it is now	Cue: re-trigger whatever card you placed on the previous turn	Cue: name a turn number; re-trigger the card you placed on that turn this show
Q0224	C	C14	skill	The Opener		c	Remembers what went first	Scores a bonus equal to the rank of the first card you placed this show — **level 2:** It counts the first card of every Entrance refill too	Scores a bonus equal to the rank of the first card placed in its own line — **level 2:** It counts the first card placed in every line through its cell	The first card placed after each Entrance refill is spotlit until the next refill, wherever it sits — **level 2:** The first card of each refill stays spotlit for the rest of the show
Q0225	C	C14	skill	The Running Order		c	Reads the sequence, not the position. **Level 2, on its own mark:** A placement onto a matched mark may break the order without spoiling it	Scores a bonus if the cards in its line were placed in ascending rank order	Scores a bonus if the cards in its line were placed in any strictly ordered sequence, ascending or descending	Scores a bonus per card in its line that was placed in order, so a partly ordered line still pays
Q0227	C	C15	skill	The Diagonal Company		b	Only diagonals count as adjacent. **Level 2, on its own mark:** Cards next to it count both diagonal and orthogonal neighbours	Adjacency is diagonal only; orthogonal neighbours do not count as adjacent	Adjacency is diagonal only for effects, but lines still score orthogonally	Adjacency is diagonal only, and which it is flips each placement
Q0228	C	C15	skill	The Joined Tents		b	Grids touch at their edges. **Level 2, on its own mark:** A line crossing the seam through its cell pays double ⚑ *pair review: needs a second grid, and a normal run plays one*	The rightmost column of each grid is adjacent to the leftmost column of the next	Grids are adjacent at their edges, and a line may cross that seam	Grids are adjacent at their edges only while both are more than half full
Q0229	C	C15	stamp	The Long Reach		b	Counts distant cells as adjacent. **Level 2, on its own mark:** Every cell on its grid counts as adjacent to it	This card treats every cell in its own row and column as adjacent to it	This card treats every cell within two steps as adjacent to it	This card treats the mirrored cell across the grid's centre as adjacent to it
Q0230	C	C15	skill	The Round Ring		b	The grid wraps	The grid's left and right edges are adjacent, so rows wrap around — **level 2:** Lines through its cell may wrap on both axes	All four edges wrap, so the grid is a torus and every cell has four neighbours — **level 2:** Diagonals through its cell wrap too	The edges wrap, and a line that uses the wrap scores double — **level 2:** A wrapped line through its cell may wrap twice
Q0232	D	D1	skill	Accordion pile-combining rule		a	Piles that combine at a distance. **Level 2, on its own mark:** A stack in which any card matches its cell's mark may combine from any distance along any line	Stacks whose top cards match may combine if they are adjacent or exactly three apart	Stacks whose top cards match may combine if they are adjacent, two apart, or at opposite ends of the line	Stacks whose top cards match may combine at any distance, but only along a row
Q0233	D	D1	skill	Any card placeable on this card		a	Anything can go on top of it. **Level 2, on its own mark:** On its mark, this card may itself be placed on top of any card, whatever the stacking rules say	Any card may be placed on top of this one, whatever the stacking rules say	Any card may be placed on top of this one, and doing so scores this card immediately	Any card may be placed on top of this one, and this card takes the suit of whatever lands there
Q0235	D	D1	skill	Devil's Grip +3 rank stacking		c	Stack by threes. **Level 2, on its own mark:** Its own stack may also build by one rank	Stacking requires a rank exactly three higher, with the starting row deciding the sequence	Stacking requires a rank exactly three higher or three lower	The first time this card is spotlit, name a fixed rank gap; stacking requires that gap for the rest of the run
Q0236	D	D1	skill	Hanoi Solitaire		b	Only smaller on larger, ever	A card may only be stacked on a card of strictly higher rank — **level 2:** A descending stack of five on its cell scores as a straight	A card may only be stacked on a card of strictly higher rank, and a descending stack of five scores as its own meld — **level 2:** A descending stack of five on its cell scores its meld twice	A card may only be stacked on a higher rank, and moving a stack moves only its top card — **level 2:** A descending stack of five on its cell scores as a straight
Q0237	D	D1	skill	Jumbo		a	Heavy: no cards may be placed on this card, but it can be placed on anything; scores bonus points per card beneath it when scored	Nothing may be placed on this card, though it may be placed on anything; scores bonus points per card beneath it — **level 2:** It scores its bonus twice for each card beneath it that also matches the cell's mark	Nothing may be placed on this card and it may only go on an empty cell; it scores triple — **level 2:** Its triple also pays for each card beside it sitting on a mark it matches	Nothing may be placed on this card; it scores bonus points per card in its whole column — **level 2:** It scores its bonus twice for each card beneath it that also matches the cell's mark
Q0238	D	D1	skill	Klondike empty-space king rule		b	Only a king opens an empty cell. **Level 2, on its own mark:** Any stack headed by a card that matches the empty cell's mark may fill it	An empty cell can only be filled by a stack headed by the highest rank	An empty cell can only be filled by a stack headed by the highest rank, or by a single card of any rank	A stack headed by the highest rank moved into an empty cell scores that cell's lines twice
Q0240	D	D1	type	Rosin		a	Cards placed onto this card cannot be picked up again, but score +1 bonus per level deeper than they stand	Cards placed on this one can never be lifted again, but score +1 for each level they sit above it	Cards placed on this one can never be lifted again, and score double	Cards placed on this one can be lifted only by paying a charge, and score +1 per level above it
Q0241	D	D1	skill	The Grip		a	The bottom card legalises the pile. **Level 2, on its own mark:** It legalises the stacks in the cells beside it too	At the bottom of a stack, this card makes everything above it legal, whatever the stacking rules say	At the bottom of a stack, this card makes the card directly above it legal, one card only	At the bottom of a stack, this card legalises the whole stack, and the stack cannot be broken up afterwards
Q0242	D	D1	skill	The Mighty Atom		c	Small, and holds up anything. **Level 2, on its own mark:** Each card it holds adds +1 to its score	A rank-3 card that can legally hold any stack above it, whatever the stacking rules	A rank-3 card that can hold any stack above it, and scores per card it is holding	A low-ranked card that can hold any stack, and the lower its rank the more it scores for doing so
Q0243	D	D1	skill	The Packer		a	Packs a row into one stack. **Level 2, on its own mark:** The stack it builds scores its height line at once, whatever its height	Cue: gather the cards of this card's row that could legally stack, left to right, into one stack on this cell, stopping at the first illegal card	Cue: gather every card of this card's row that could legally stack into one stack on this cell, skipping the illegal ones	Cue: gather the legal cards of this card's row, left to right, into one stack on this cell, and the emptied cells have their marks re-dealt
Q0245	D	D2	stamp	Ringmaster's Grip		b	This card and the stack it heads can always be picked up, regardless of stack legality	This card and the stack it heads can always be picked up, whatever the stacking rules say — **level 2:** A stack it heads may be put down on any cell whose mark this card matches, whatever the stacking rules say	This card and the stack it heads can always be picked up, and can always be put down anywhere — **level 2:** The stack it heads may be set down on a covered cell, stacking whatever the rules say	Any stack containing this card can always be picked up, even from underneath it — **level 2:** A stack it heads may be put down on any cell whose mark this card matches, whatever the stacking rules say
Q0246	D	D2	skill	The Acrobat		a	This card can be grabbed even while covered; the cards above cascade down one slot. **Level 2, on its own mark:** Once grabbed, it may be put down on any cell whose mark it matches, even a covered one	This card can be grabbed while covered; the cards above it cascade down one slot	This card can be grabbed while covered, taking the cards above it along as a stack	Any card can be grabbed while covered while this one is on the grid; the cards above cascade down
Q0247	D	D2	skill	The Recall		c	Cards may come back off the foundation	A card that has already scored may be taken back off its line and replayed elsewhere — **level 2:** A recalled card scores its rank as it leaves the line	A card that has already scored may be taken back once per show — **level 2:** A recalled card scores its rank as it leaves the line	A scored card may be taken back, but its line then scores nothing for the rest of the show — **level 2:** A recalled card put down on a mark it matches leaves its old line's score intact
Q0248	D	D3	skill	Carrier-stacking bonus points		c	Tricks on top of other performers. **Level 2, on its own mark:** The card stacked on it fires its skill twice	A skill card stacked on another skill card scores bonus points for both	A skill card stacked on another skill card scores bonus points scaling with the stack's height	A skill card stacked on another scores bonus points, and the carrier also fires its own skill again
Q0249	D	D3	skill	Chair stack		c	Paid by the tallest stack	Gains a multiplier per card in the tallest stack on its grid — **level 2:** It adds its own stack to the count	Gains a multiplier per card in its own stack — **level 2:** It counts its own stack and the tallest beside it	Gains a multiplier per card in the two tallest stacks on its grid — **level 2:** It adds its own stack to the count
Q0250	D	D3	skill	Mallakhamb Pole		c	While spotlit, every card in this card's column gains bonus points per row of column height when the column scores. **Level 2, on its own mark:** A height line completed in its stack also re-scores its row	While spotlit, every card in this card's column gains bonus points per level of column height when that column scores	While spotlit, this card scores its rank once for every level of height beneath it	While spotlit, a height line completed in this card's stack scores twice
Q0251	D	D3	skill	Poker Crown		a	When scored, this card and the 4 cards directly above it in its column stack are also evaluated as a poker hand, once. **Level 2, on its own mark:** The crown hand is read twice: the five above it and the five below it, as two hands	When this card scores, any five consecutive cards of its stack that include it are read as a poker hand at heights 6 to 9, where the stack itself pays nothing	As (a), read again every time the stack changes	When this card scores, the five cards nearest it, in a line or not, are read once as a poker hand
Q0252	D	D3	skill	The Backlift		a	Paid by what is piled on it. **Level 2, on its own mark:** Cards stacked on top that match the cell's mark count double	Scores extra per card currently stacked on top of this one	Scores extra per card stacked on top, doubled if it is the bottom of its stack	Scores extra per card stacked on top, and the whole stack scores with it
Q0253	D	D3	skill	The Forge		a	Two placements, both onto the same cell. **Level 2, on its own mark:** The cell it builds pays the mark match for both cards	Cue: place two Entrance cards this turn onto the SAME cell, building height two at once	Cue: place two Entrance cards onto the same cell, and the pair scores as a single card of their summed rank	Cue: place any number of Entrance cards onto one cell this turn; each after the second discards one Entrance card
Q0254	D	D4	consumable	Collapse		a	Brings a whole column down ⚑ *pair review: (a) and (b) depend on Q0256 or Q0320 entering: stacks never have gaps otherwise*	Consumable: every stack on one grid compacts to the floor at once, scoring each card that falls	Consumable: every stack on one grid compacts to the floor, scoring nothing	Consumable: one stack collapses entirely, and its cards spread into the nearest empty cells
Q0255	D	D4	skill	Dead Weight		c	What happens to the pile above	Removing a card drops everything above it, and the card that lands on the mark pays its match again — **level 2:** Each card that falls scores twice	Removing a card leaves a gap in the stack that only another card can fill — **level 2:** The gap may be filled by a card from the Entrance without spending the placement	Removing a card drops everything above it, and each card that falls scores its rank — **level 2:** Each card that falls scores twice
Q0256	D	D4	skill	The Scaffold		a	Holds the stack up	While this card is anywhere in a stack, removing a card from that stack leaves the rest suspended — **level 2:** It holds up the stacks in the cells beside it too	While this card is at the bottom of a stack, that stack never compacts — **level 2:** It holds up the stacks in the cells beside it too	While this card is in a stack, cards above a removal fall two levels instead of one — **level 2:** Each card that falls two levels scores its rank as it lands
Q0257	D	D4	skill	The Tire Trick		c	Hidden in the stack, gone when it is taken apart. (line 975)	While buried, this card is safe from everything; dismantling the stack removes it from play, and rebuilding the stack brings it back — **level 2:** When it returns, its cell's mark is rerolled to one it matches	While buried, this card is safe from everything; dismantling the stack destroys it permanently — **level 2:** Dismantling the stack discards it instead of destroying it	While buried it is safe and scores nothing; dismantling the stack removes it, and it returns with a bonus when the stack is rebuilt to the same height — **level 2:** When it returns, its cell's mark is rerolled to one it matches
Q0258	D	D5	type	Air		a	Whenever this card's stack changes, it automatically moves to the top of that stack	Whenever its stack changes, this card rises to the top of that stack	This card can never be covered: a card placed on it goes underneath it instead	At each Entrance refresh this card rises one position in its stack, reaching the top over time rather than at once
Q0260	D	D5	type	Earth		a	Whenever this card's stack changes, it automatically sinks to the bottom of that stack, carrying its stamp with it	Whenever its stack changes, this card sinks to the bottom of that stack	This card can never be placed on another card; anything played to its cell goes on top of it	At each Entrance refresh this card sinks one position in its stack
Q0261	D	D5	type	Gold type		a	Sinks, but not all the way	Sinks toward the bottom of its stack, stopping at other heavy cards	Sinks straight to the bottom of its stack regardless of what is there	Sinks one level per turn until it reaches the bottom or meets another heavy card
Q0263	D	D5	skill	The Surveyor		b	Everything you drop sinks. **Level 2, on its own mark:** The card its drop displaces from the bottom is compared against the mark of any empty cell beside it, and moves there if it matches	While spotlit, cards you drop resolve to the bottom of the target column instead of the top	While spotlit, cards you drop resolve to whichever end of the target column you choose	While spotlit, cards you drop resolve to the bottom of the target column, and the card displaced scores as it rises
Q0264	D	D5	skill	Tunneler card		c	Everything sinks past it. **Level 2, on its own mark:** A card sinking past it scores its rank as it passes	A single card placed on this one drops to the bottom of the stack instead	A single card placed on this one drops to the bottom of the stack, and this card scores its rank	Every card placed on this one drops to the bottom, so the stack builds downward
Q0265	D	D6	skill	Distancing card		b	Hovers without covering	Hovers above its stack without blocking the card beneath, and cannot be clicked — **level 2:** It may be clicked again, and put down on any cell whose mark it matches	Hovers above its stack without blocking the card beneath, and counts as occupying an extra row for line purposes — **level 2:** Its extra row counts for the lines through both of its heights	Hovers above its stack without blocking anything, and any card may be placed beneath it freely — **level 2:** A card placed beneath it counts as newly placed on the mark
Q0266	D	D6	stamp	Ghost Light		a	This card does not block the Spotlight of cards beneath it; they stay active as if uncovered	Does not block the spotlight of cards beneath it — **level 2:** Nor does anything else in its stack	Does not block the spotlight of cards beneath it, and nor does anything else in its column — **level 2:** Nor does anything in its row	Does not block the spotlight of cards beneath it, and the card directly beneath also scores when this one does — **level 2:** The whole stack scores when it does
Q0267	D	D6	stamp	Kuroko		c	This card does not block Spotlight beneath it and cannot be targeted by boss or town effects. **Level 2, on its own mark:** A boss or town effect aimed at it fizzles, and the fizzle counts as a trigger for the combo	Does not block spotlight beneath it, and cannot be targeted by boss or town effects	Does not block spotlight beneath it, and cannot be targeted by any effect at all, including your own	Does not block spotlight beneath it, and the cards beneath it cannot be targeted either
Q0268	D	D6	type	Glass type		a	Transparent, and brittle	Cards behind this one stay spotlit through it, but it breaks if a Heavy card passes through	Cards behind this one stay spotlit through it, and it breaks the third time anything passes through	Cards behind this one stay spotlit, and it never breaks, but it cannot score itself
Q0269	D	D6	stamp	Global		a	This card's modifiers are active from anywhere: grid, Entrance, deck, or discard. **Level 2, on its own mark:** Its modifiers also fire once at each Entrance refill	This card's modifiers are active from anywhere: grid, Entrance, deck or discard	This card's modifiers are active from the Entrance and the deck, but not from the discard	This card's modifiers are active from anywhere, at half effect when it is not on the grid
Q0270	D	D6	skill	Hidden bearers (costaleros)		c	The ones underneath are carrying it. **Level 2, on its own mark:** Covered cards that match the cell's mark add double	Covered cards beneath a scoring card add their ranks to it	Covered cards beneath a scoring card add half their ranks to it, rounded down	Covered cards beneath a scoring card add their ranks to it, and each also counts as a trigger for the combo
Q0271	D	D6	skill	Humbug		a	While covered, counts as a copy of the most valuable card in its row; when uncovered, is revealed as junk (rank 2, base score only)	While covered, counts as a copy of the highest-value card in its row; uncovered it is junk at rank 2 — **level 2:** Uncovered, it is revealed as the card whose mark it sits on, not as junk	While covered, counts as a copy of the highest-value card in its row; uncovering it destroys it — **level 2:** Uncovered, it becomes the card whose mark it sits on instead of being destroyed	While covered, counts as a copy of the card covering it; uncovered it is junk at rank 2 — **level 2:** Uncovered, it is revealed as the card whose mark it sits on, not as junk
Q0272	D	D6	type	Lithograph		a	While this card sits in the Entrance its skill is active globally; on the grid it has no effect	This card's skill is active globally while it is in the Entrance, and does nothing on the grid	This card's skill is active globally from the Entrance, and at half strength on the grid	This card's skill is active from the Entrance or the deck, and does nothing on the grid
Q0273	D	D6	stamp	Revealing		a	This card's modifiers stay active while covered. **Level 2, on its own mark:** It fires once more at the moment it is uncovered	This card's modifiers stay active while it is covered	This card's modifiers stay active while covered, and it stays visible by pushing the rows below it down	This card's modifiers stay active while covered, and fire again when it is uncovered
Q0274	D	D6	skill	The Free Edge		b	Playable only if something is open beside it. **Level 2, on its own mark:** It counts as an empty cell for its neighbours' free-edge test, so the cards beside it are never walled in ⚑ *pair review: (a) and (b) only restrict you; it reads as a hazard*	A card may only be picked up if at least one of its horizontal neighbours is empty	A card may only be picked up if it is uncovered AND has a free edge, so a card walled in on both sides is stuck	A card with a free edge counts as spotlit whether or not it is covered
Q0275	D	D6	skill	The Prompter		b	Keeps one card in the light	While spotlit, choose one card in this card's column; that card's modifiers stay active however it is covered — **level 2:** It keeps two cards in the light instead of one	While spotlit, choose one card anywhere on the grid; its modifiers stay active however it is covered — **level 2:** It keeps two cards in the light instead of one	While spotlit, choose one card per row; each keeps its modifiers active — **level 2:** You may move one row's light to another row each placement
Q0276	D	D6	skill	The Seed		c	Grows while it is buried. **Level 2, on its own mark:** Its growth spreads: the card covering it gains +1 rank too	Gains +1 rank every turn it stays covered	Gains +1 rank every turn it stays covered, and loses it all the moment it is uncovered	Gains +1 rank every turn covered, keeping the gain permanently once it finally scores
Q0277	D	D6	skill	The Shadow		c	Tall cards suppress what stands behind them. **Level 2, on its own mark:** Its own stack casts no shadow ⚑ *pair review: it only takes score away; it reads as a hazard*	A card casts a shadow across cells behind it proportional to its height, and shadowed cards score nothing	A card casts a shadow proportional to its height, and shadowed cards score half	A card casts a shadow proportional to its height, and the direction the shadow falls rotates each placement
Q0278	D	D6	skill	The Spirit Cabinet		c	Works best buried. **Level 2, on its own mark:** Every line through its cell scores twice while it is buried	While fully covered, every card in this card's column triggers as though spotlit	While fully covered, every card in this card's grid triggers as though spotlit	While fully covered, this card's own column triggers as though spotlit, and the effect grows with how deeply it is buried
Q0279	D	D6	skill	The Stilt-Walker		c	Tall enough to be seen over one card	Spotlit even when covered by one card, but not by two — **level 2:** Spotlit through two covering cards	Spotlit even when covered by one card, and the card covering it is spotlit too — **level 2:** Spotlit through two covering cards	Spotlit through any number of covering cards, but its effects work at half strength per card above it — **level 2:** Its effects work at full strength however deep it stands
Q0280	D	D7	skill	Champion card		c	Clears its own rank above and below. **Level 2, on its own mark:** It also discards neighbours of its mark's rank, and of the rank above when that is its own	Cards of the same rank directly above or below this one are discarded	Cards of the same rank anywhere in this card's column are discarded, and this card gains a rank for each	Cards of the same rank adjacent in any direction are discarded, and this card scores their summed rank
Q0281	D	D7	skill	Consume		a	Eat what is underneath and grow. **Level 2, on its own mark:** You choose which of the eaten card's properties it keeps as well	When this card is placed onto another, it destroys the card beneath and adds that rank to its own permanently	When placed onto another, it destroys the card beneath and adds half that rank to its own, permanently	When placed onto another, it destroys the card beneath and takes its suit, rank and skill outright
Q0282	D	D7	skill	Edith's Bayonet		a	Cue: permanently destroy one Knives-suit card and add its rank to this card's own, forever	Cue: destroy one card of this card's own suit anywhere on the grid and add its rank to this card's, permanently — **level 2:** It may destroy a card of any suit, not only its own	Cue: destroy the card directly above this one and add its rank to this card's, permanently — **level 2:** It may destroy the card directly above or directly below	Automatically destroys any card of its own suit placed orthogonally adjacent to it, gaining half that card's rank — **level 2:** It may destroy a card of any suit, not only its own
Q0283	D	D7	skill	Gentling		b	Tame it instead of eating it. **Level 2, on its own mark:** Tamed cards gain the full rank	Animal cards may be tamed rather than consumed, gaining half the rank the eater would have taken, without being destroyed	Animal cards may be tamed rather than consumed, gaining half the rank; a tamed card cannot be eaten by anything afterwards	Any card may be tamed rather than eaten, gaining half the rank the eater would have taken
Q0284	D	D7	skill	The Gobbler		a	After the game Hungry Hungry Hippos: consumes cards dropped onto it, adding their rank to its own up to a cap of 13, and returns everything eaten at show end	Eats cards placed on it, adding their rank to its own up to 13, and gives everything back at show end — **level 2:** What it gives back at show end returns with +1 rank each	Eats cards placed on it, adding their rank to its own up to 13; what it eats is destroyed — **level 2:** Each card it destroys also pays its rank as points	Eats cards placed on it, adding half their rank rounded up with no cap, and gives them back at show end — **level 2:** What it gives back at show end returns with +1 rank each
Q0287	D	D7	skill	Parasite card		c	Replaces its host. **Level 2, on its own mark:** When it replaces its host, it keeps the host's skill as well	Attaches to the next card placed on it; when a line scores, it replaces that card	Attaches to the next card placed on it; when a line scores it replaces that card and keeps its rank	Attaches to the next card placed on it and slowly drains its rank each turn, replacing it at rank 0
Q0288	D	D7	skill	Snake card		a	Eats downward through the stack	Consumes every lower-ranked card beneath it, leaving a temporary body card of the same rank behind each — **level 2:** The body cards it leaves count as matching the cell's mark	Consumes every lower-ranked card beneath it outright, leaving nothing behind — **level 2:** Each card it consumes scores its rank as it goes	Consumes one lower-ranked card beneath it per turn, leaving a body card each time — **level 2:** The body cards it leaves count as matching the cell's mark
Q0289	D	D7	skill	The Digesting Duck		c	Consumes cards dropped on it like a Glutton, but secretly stores them; cue to return any one stored card to the Entrance. **Level 2, on its own mark:** It may return a stored card straight onto any cell whose mark that card matches	Consumes cards dropped on it but stores them instead of destroying them; cue to return any one stored card to the Entrance	Consumes cards dropped on it and stores them; all stored cards return to the deck at show end	Consumes cards dropped on it and stores them; cue to return one, and it scores bonus points per card still stored
Q0290	D	D7	skill	Vampire		c	Eats the enhancements off cards	Gains a permanent multiplier per stamped card that scores, and strips that card's stamp — **level 2:** Stamps it strips from cards on matched marks count double	Gains a permanent multiplier per stamped card that scores, leaving the stamp intact — **level 2:** A stamped card scoring on a matched mark counts double	Gains a permanent multiplier per stamped card that scores and strips the stamp, keeping it for itself — **level 2:** Stamps it strips from cards on matched marks count double
Q0291	D	D8	skill	Conjoined cards		a	Two cards, one body. **Level 2, on its own mark:** When either half completes a line, the other half's lines score again	Cue: fuse this card with an adjacent card; they move as one unit and score as two	Cue: fuse this card with an adjacent card; they move as one unit and score as one card of summed rank	Cue: fuse this card with an adjacent card until either scores, then they separate
Q0292	D	D8	skill	Frankenstein		b	When a line scores, merges with the cards directly above and below it into one 3-card stack of summed rank that stays in the zone after scoring. **Level 2, on its own mark:** The merged card counts every property any of its parts matched	When a line scores, merges with the cards directly above and below into one card of their summed rank	Cue: merges with the card directly above into one card carrying both suits and their summed rank	When a line scores, merges with its whole stack into one card of summed rank, capped at 30
Q0293	D	D8	skill	The Double Act		b	Two cards that become one performer. **Level 2, on its own mark:** The fused card may be fused once more	Cue: fuse this card with the card directly above it into a single card carrying both skills and the higher rank	Cue: fuse this card with any adjacent card of the same class into one carrying both skills and the summed rank	Cue: fuse this card with the card above it into one carrying both skills; the fused card cannot be moved or unfused
Q0294	D	D8	skill	The Merge		c	Two equal cards become the next one up	Two cards of equal rank pushed together merge into one of the next rank up — **level 2:** A merge on a matched mark climbs two ranks instead of one	Two cards of equal rank pushed together merge into one of double the rank — **level 2:** The doubled card keeps both suits	Two cards of equal rank merge into the next rank up, and a merge that creates the highest rank scores enormously — **level 2:** A merge on a matched mark climbs two ranks instead of one
Q0295	D	D9	skill	The Castell		c	Formation: a stack of 6+ cards topped by the lowest-ranked card pays a large bonus at scoring; if the stack is broken by a hazard first, lose double the bonus instead	A stack of six or more topped by its own lowest-ranked card pays a large bonus at scoring; if a hazard breaks it first, lose double that bonus — **level 2:** Five cards are enough	A stack of six or more topped by its own lowest-ranked card pays a large bonus, with no penalty for breaking — **level 2:** Five cards are enough	Any stack topped by its own lowest-ranked card pays a bonus scaling with the stack's height — **level 2:** A stack broken by a hazard keeps the bonus it had earned
Q0296	D	D9	skill	The Contortionist		a	May share one grid slot with another card; both cards count in melds	May share one cell with another card; both count in melds, and a line through the cell is read as six cards — **level 2:** It may share its cell with two cards	May share one cell with another card; both count in melds, and the pair scores as a single card of their summed rank, and a line through the cell is read as six cards — **level 2:** It may share its cell with two cards	May share a cell with any number of cards, but only the top two count in melds — **level 2:** The top three cards count in melds
Q0297	D	D9	skill	The Foot Juggler		b	Holds one card spinning above itself. **Level 2, on its own mark:** The suspended card counts as sitting on this card's mark	Holds one card suspended in a sub-slot above itself, playable from there at any time	Holds one card suspended above itself; that card scores in every line this card belongs to	Holds up to two cards suspended above itself, played one at a time
Q0298	D	D9	rank	The Half Card		c	This card has half rank (rounded down) and half size: two copies occupy one grid slot together and meld as one combined card	Half rank rounded down and half size: two copies share one cell and meld as a single combined card — **level 2:** Two Half Cards sharing a matched mark each pay the rank-match bonus	Half rank rounded down and half size: two copies share one cell and meld as two separate cards — **level 2:** Two Half Cards sharing a matched mark each pay the rank-match bonus	Half rank and half size: it shares a cell with any card, and the pair melds as whichever of the two is more useful — **level 2:** Its cell-mate counts as matching the mark on rank too
Q0299	D	D9	skill	The Seven Pyramid		c	One stack, seven high. **Level 2, on its own mark:** Six cards are enough	Formation: a single stack of exactly seven legally-run cards scores a large bonus; broken by a hazard, rebuilding it once scores double	Formation: a single stack of exactly seven legally-run cards scores a large bonus, once per show	Formation: a stack of exactly seven legally-run cards pays the bonus, and an eighth card placed on it pays it again
Q0300	D	D9	skill	The Singa Barong		c	Carries the whole stack as one	Everything above this card counts as a single card for movement — **level 2:** The carried stack also scores as one card	Everything above this card counts as a single card for movement and for scoring — **level 2:** The carried stack may be set down on top of another stack	Everything above this card counts as one card for movement, and this card scores their summed rank — **level 2:** The carried stack may be set down on top of another stack
Q0301	D	D10	hazard	Low Ceiling		b	A venue that will not take a tall act	Boss: stack height is capped for this show, where it is normally unbounded	Boss: stack height is capped, and the cap falls by one each placement	Boss: stack height is capped and any stack already taller is cut down to it
Q0302	D	D10	skill	The Cherry Picker		c	Raises the ceiling	While on the board, this card exempts its own stack from any height cap a level imposes — **level 2:** It exempts the cells beside it from the cap too	Raises any imposed height cap by one for each level this card sits above the floor — **level 2:** It exempts the cells beside it from the cap too	Removes any imposed height cap, and scores a bonus per level of the tallest stack — **level 2:** Its own stack's height counts twice for its bonus
Q0303	D	D10	skill	The Dome		c	Seals a cell against any further height. **Level 2, on its own mark:** A sealed cell whose card matches its mark scores its lines when sealed	Cue: seal a cell at its current height so nothing may ever be stacked on it again	Cue: seal a cell at its current height for the rest of the show only	Cue: seal a cell, and every sealed cell on the grid raises this card's score
Q0304	D	D10	skill	The Rigging Loft		b	Sets how high a stack may go	Stacks may not exceed a fixed height, and a card that would exceed it cannot be placed — **level 2:** Its own stack may exceed the cap by one	Stacks may not exceed a fixed height; a card that would exceed it pushes the bottom card out to the top of the stock you choose — **level 2:** The card pushed out of its stack scores as it leaves	There is no height cap, but placing above the fifth level discards one Entrance card — **level 2:** Levels above the fifth on its own stack cost nothing
Q0305	E	E1	skill	Hopak Burst		a	Cue, 1 charge per show: jumps this card's entire stack one row upward in its column, sliding everything beneath up. **Level 2, on its own mark:** Its charge refills whenever its stack lands on a cell whose mark this card matches	Cue, one charge per show: this card's whole stack jumps one row up its column, sliding everything beneath it up	Cue, one charge per show: this card alone jumps one row up its column, swapping with whatever is there	Cue, one charge per show: this card's whole stack jumps to the top row of its column
Q0306	E	E1	skill	Rabbit card		c	Bolts when you reach for it. **Level 2, on its own mark:** It bolts to an empty cell whose mark it matches, if there is one	If clicked or grabbed, this card moves to the furthest orthogonal cell instead	If clicked or grabbed, this card moves one cell away at random	If clicked or grabbed, this card moves to the furthest orthogonal cell and scores a bonus for escaping
Q0307	E	E1	skill	Selection sort card		c	Sorts itself upward. **Level 2, on its own mark:** It also moves up past cards of equal rank	Moves up one position whenever the card above it is of lower rank	Moves up one position per turn until the card above it is of higher rank	Moves up one position whenever the card above is lower, and scores a bonus each time it moves
Q0308	E	E1	skill	The Crowd Surf		c	Cue: pass this card across the tops of all columns to the far edge, scoring bonus points per column crossed; if any crossed column is empty, this card is discarded instead. **Level 2, on its own mark:** An empty column no longer stops it or discards it	Cue: pass this card across the tops of every column to the far edge, scoring per column crossed; an empty column discards it	Cue: pass this card across the tops of every column, scoring per column crossed; an empty column simply stops it there	Cue: pass this card across the tops of every column, scoring per column crossed; if it reaches the far edge it surfs back once, scoring again
Q0309	E	E1	skill	The Leotard		b	Carries its stack anywhere. **Level 2, on its own mark:** It may move any card and the stack above it, not only its own	Cue: move this card and everything above it to the top of any column, ignoring legality	Cue: move this card and everything above it to any cell in any grid, ignoring legality	Cue: move this card and everything above it onto any cell whose mark this card matches
Q0310	E	E1	skill	The Messenger		b	Unlimited movement, so long as height never changes. **Level 2, on its own mark:** A move that ends on a mark the moved card matches refunds the cue	Cue, once per Entrance refill: move this card any distance across cells of the same height	Cue, once per Entrance refill: move up to five cards any distance, so long as none changes height	Cue, once per Entrance refill: move this card any distance at the same height, scoring per cell crossed
Q0311	E	E1	skill	The Second Step		c	Moves twice, but never back. **Level 2, on its own mark:** Each step that lands on a mark it matches earns one more step	Cue: move this card twice in one action, and it may not return to the cell it started in	Cue: move this card twice in one action with no restriction on where it ends	Cue: move this card any number of times in one action, so long as each cell is one it has not occupied this placement
Q0312	E	E1	skill	The Traceur		c	Never enters a stack. **Level 2, on its own mark:** It may drop into a stack when that cell's mark matches it	Moves only across the tops of columns, never into a stack; cue to move any distance sideways along topmost cells	Moves only across the tops of columns; cue to move one column per turn, and it may stop on a covered cell's top	Moves only across the tops of columns; cue to move any distance sideways, and it may stop on top of a stack whatever the stacking rules say
Q0313	E	E1	skill	Tumbler's Poise		c	One hop, spend it or lose it. **Level 2, on its own mark:** An unused charge pays a step instead of spending itself	One charge per turn: cue to hop this card one column sideways, and an unused charge spends itself on the next refresh	One charge per turn: cue to hop one column sideways; unused charges accumulate up to three	One charge per turn: cue to hop one cell in any direction, and an unused charge spends itself on the next refresh
Q0314	E	E1	skill	Walking Through the Wall		b	Steps through what is in the way. **Level 2, on its own mark:** It may chain through walls, turning once along the way	Cue: move this card through an occupied cell into the empty cell beyond it	Cue: move this card through any number of occupied cells in a straight line to the first empty one	Cue: move this card through an occupied cell into the cell beyond, and the card passed through is spotlit for the placement
Q0315	E	E2	skill	Carries a chosen card		a	Takes a passenger. **Level 2, on its own mark:** Carried cards land on marks they match if any lie beside where it stops	Carries one chosen card wherever it moves, so the two relocate together	Carries one chosen card wherever it moves, and that card cannot be targeted while carried	Carries every card adjacent to it when it moves, so a cluster relocates as a unit
Q0316	E	E2	skill	Colleano's Somersault		c	Cue: swaps positions with the single card covering it. **Level 2, on its own mark:** The card it swaps beneath it stays spotlit	Cue: swap places with the card directly covering this one	Cue: swap places with any card in the same stack	Swaps with the card covering it the first time each line it belongs to completes, once per Entrance refill
Q0317	E	E2	skill	Foot of God		a	Cue: this card switches locations with any card on screen (grid, Entrance, or decks). **Level 2, on its own mark:** The card it swaps with has its new cell's mark rerolled to one it matches	Cue: swap places with any card on screen, including the Entrance and the decks	Cue: swap places with any card on the grid, in any grid	Cue: swap places with any card on screen, and the card swapped with keeps this card's stamp
Q0319	E	E2	skill	Human Cannonball		c	Cue: fire the bottom card of any column to the top of any other column	Cue: fire the bottom card of any column to the top of any other column — **level 2:** The fired card may land on any empty cell whose mark it matches instead	Cue: fire the bottom card of any column into the same cell of an adjacent grid — **level 2:** The fired card may land on any empty cell whose mark it matches instead	Cue: fire this card to any empty cell in any grid, scoring every card it passes over — **level 2:** Fired onto a mark it matches, it fires again next placement
Q0320	E	E2	skill	Block Pull card		a	After the game Jenga: pull one out and the pile shifts. **Level 2, on its own mark:** A buried card it moves fires its own effect as it lands	Clicking a buried card moves it to the top of the next-smallest stack, leaving a gap; too many gaps and this card is discarded	Clicking a buried card moves it to the top of the smallest stack on the grid, leaving a gap	Clicking a buried card moves it to the top of any stack you choose, leaving a gap that closes when a placement finishes resolving
Q0321	E	E2	skill	The Bull		c	Pushes rather than swaps. **Level 2, on its own mark:** A pushed card may be pushed onto a stack	Placing this card onto an occupied cell pushes that card one further in the same direction; it is destroyed if there is no room	Placing this card onto an occupied cell pushes that card one further; if there is no room the placement is illegal	Placing this card pushes the whole line of cards beyond it along by one, like a shove
Q0322	E	E2	skill	The Displacer		c	Swaps with what it would have pushed out. **Level 2, on its own mark:** The displaced card may be sent to any empty cell whose mark it matches	Placing this card onto an occupied cell swaps the two rather than stacking	Placing this card onto an occupied cell swaps the two, and the displaced card keeps this one's stamp	Placing this card onto an occupied cell swaps them, and both count as newly placed for line-completion purposes
Q0323	E	E2	skill	The Dragon Meld		b	When a run of 4+ scores while this card is in it, that run can be relocated as a unit anywhere on the grid once, next turn. **Level 2, on its own mark:** Relocated as one unit, the run's lines re-score at their destination, and the run may land on top of occupied cells	When a run of four or more scores with this card in it, that run may be relocated as one unit anywhere on the grid next turn	When a run of four or more scores with this card in it, that run may be relocated as one unit next turn, and it may land on top of occupied cells	When any run of four or more scores, it may be relocated as one unit once, and this card is spent for the show
Q0324	E	E3	skill	Blondin's Crossing		b	Once per show: shift an entire row one column left or right, wrapping around the grid edge	Once per show, shift a whole row one cell left or right, wrapping at the grid edge — **level 2:** It may shift a column as well as a row	Cue with three charges: shift a whole row or column one cell, wrapping at the edge — **level 2:** A shift that lands any card on a mark it matches refunds the charge	Once per show, shift a whole row one cell; the card pushed off the edge is discarded rather than wrapping — **level 2:** It may shift a column as well as a row
Q0325	E	E3	consumable	Earthquake card		b	Shakes the board apart	Scrambles the positions of every card on one grid	Scrambles the positions of every card on one grid, and any line the scramble happens to complete scores	Scrambles every card on one grid except those sitting on marks they match
Q0326	E	E3	skill	Poker shuffle: pre-commit reshuffle		b	Rearrange before the square is full	Each Entrance refill, one placed card may be shifted to an empty cell, and a line the shift completes scores — **level 2:** Two shifts per refill	Placed cards may be shifted around freely until the first line completes — **level 2:** Shifting stays allowed until the second line completes	Placed cards may be shifted freely, but each shift discards one card from the Entrance — **level 2:** A shift onto a mark the card matches costs nothing
Q0327	E	E3	consumable	The Hanged Man		b	Consumable: flips the order of one entire stack, bottom becomes top	Consumable: flip one whole stack over, bottom becomes top	Consumable: flip one whole stack over, and every card in it re-triggers as it lands	Consumable: flip one whole column of the grid, so the top row becomes the bottom
Q0328	E	E3	skill	Three-box shuffle		c	Shuffles three of them. **Level 2, on its own mark:** The three may be non-adjacent if all three sit on marks they match	Cue: rearrange the order of any three adjacent cards	Cue: rearrange the order of any three cards in one line	Cue: rearrange any three adjacent cards, and if the new order completes a meld it scores at once
Q0329	E	E3	consumable	Turntable card		b	Turns the board upside down	Flips the whole grid vertically, so the top row becomes the bottom	Flips the whole grid vertically, and every line re-scores in its new position	Flips the whole grid horizontally instead, so the left column becomes the right
Q0330	E	E3	skill	Windy Day card		c	The wind takes the board. **Level 2, on its own mark:** Cards sitting on marks they match do not blow away	At each Entrance refill, every card shifts one row or column at random	At each Entrance refill, every card shifts one cell in the same random direction	At each Entrance refill, every card shifts one cell in the same direction, and the direction is telegraphed one turn ahead
Q0331	E	E4	skill	The Advancing Line		b	A gap in the line closes toward one end	When a card leaves a line, everything behind it shifts one step to close the gap — **level 2:** Cards that shift onto marks they match trigger twice	When a card leaves a line, everything behind it shifts to close the gap, and each card that moves triggers — **level 2:** Cards that shift onto marks they match trigger twice	When a card leaves a line, the gap stays open and can only be filled from the Entrance — **level 2:** A card placed into the gap onto a mark it matches scores the line twice
Q0332	E	E4	skill	The High Dive		b	Cue: drop this card from the top of its column to the bottom, scoring bonus points per row fallen. **Level 2, on its own mark:** It may dive to the bottom of any stack whose mark it matches, in any column	Cue: drop this card from the top of its stack to the bottom, scoring per row fallen	Cue: drop this card from the top of its stack to the bottom, scoring per row fallen and applying a status to each card it passes	Cue: drop this card through its column and on into the same column of the neighbouring grid, scoring per row fallen
Q0333	E	E4	skill	The Slide		a	Everything moves at once, in one direction. **Level 2, on its own mark:** Each sliding card stops at the first mark it matches	An action slides every card on the grid in one direction until it hits something, and merges happen where equals meet	An action slides every card in one direction, with no merging	An action slides one line in one direction rather than the whole grid
Q0334	E	E4	type	Water		b	Always seeks the lowest level	On each refresh, if an adjacent stack is lower, this card flows sideways onto it	On each refresh, this card flows toward the lowest stack on its grid, one step at a time	On each refresh, this card flows onto the lowest adjacent stack, and every card it passes catches a Wet status
Q0335	E	E5	skill	Brass Ring		a	A token rotates one column per turn; if that column scores while the token is on it, the meld pays double and a Ticket Stub is banked. **Level 2, on its own mark:** The token moves where you choose instead of rotating	A token sits on one column and rotates one column per Entrance refresh; a line scored through that column pays double	A token sits on one cell and walks one cell per placement; the card placed on that cell scores twice	A token sits on one cell, and a line scored through it in every direction at once pays a large bonus
Q0336	E	E5	skill	Checkers hop-capture card		b	Hops over what is in the way. **Level 2, on its own mark:** A hop that lands it on a mark it matches may hop again	May hop over an adjacent card into the cell beyond it	May hop over an adjacent card into the cell beyond, and may chain hops while empty cells follow	May hop over an adjacent card into the cell beyond, capturing what it jumped
Q0337	E	E5	skill	Conveyor Deck		c	The board conveys. **Level 2, on its own mark:** You choose the direction the belt moves	Each refill every stock shifts one slot right; the card leaving the right edge is duplicated into the left stock	Each refill every stock shifts one slot right, and the left stock's top card is destroyed	Each refill every stock shifts one slot right, and you may pay points to freeze the belt once
Q0338	E	E5	skill	Diabolo		a	Every Entrance refresh, alternates between two adjacent columns, granting bonus points to the top card of the column it leaves. **Level 2, on its own mark:** Returning to its mark pays the match again, and leaving it gives the bonus to every card in the column	On each Entrance refresh this card moves between two adjacent columns, giving bonus points to the top card of the column it leaves	On each Entrance refresh this card moves one cell along its row, wrapping, and gives +1 rank to the card it passes	On each line completion this card jumps to the mirrored cell across the grid's centre
Q0339	E	E5	skill	The Bishop		c	May be placed onto any card along an open diagonal, capturing it; blocked by occupied slots between. **Level 2, on its own mark:** It may also capture along its open row and column, like a queen	May be placed on any card along an open diagonal, capturing it; occupied cells in between block the path	May be placed on any card along an open diagonal, capturing it, and may pass through one blocking card, which is discarded too	May be placed on any card along an open diagonal, capturing it, and a capture raises this card's rank by 1
Q0340	E	E5	skill	The King		a	Moves like a king, and is worth taking. **Level 2, on its own mark:** It may step onto any mark it matches along a line, at any distance	Moves one cell in any direction by swapping only, never capturing; steps out of check on its own whenever you act; a chess card that captures it gains a large bonus and +1 rank	Moves one cell in any direction by swapping; if it is ever captured, the show ends immediately	Moves one cell in any direction by swapping, and every card orthogonally adjacent to it cannot be targeted by hazards
Q0341	E	E5	skill	The Knight		c	Jumps in an L and takes what it lands on. **Level 2, on its own mark:** A capture that lands it on a mark it matches lets it jump again	May be placed on any card two cells and one cell away, discarding it and taking its place, ignoring stacking legality	May be placed on any card an L away, and the card it lands on is returned to the Entrance rather than discarded	May be placed on any card an L away in any grid, discarding it and taking its place
Q0342	E	E5	skill	The Line of Sight		c	Clears what is directly beyond	Moving this card into a cell destroys whatever sits in the next cell along the same direction — **level 2:** It clears the next two cells along, not one	Moving this card into a cell destroys whatever sits in the next cell along, and this card gains its rank — **level 2:** It clears the next two cells along, not one	Moving this card into a cell pushes everything in that direction one cell, and what falls off the grid returns to the Entrance — **level 2:** What falls off the grid goes to the top of the stock you choose
Q0343	E	E5	skill	The Pawn		b	Advances and takes on the diagonal. **Level 2, on its own mark:** Reaching the top of a stack whose mark it matches, it captures diagonally at once	Stacked under a card, it swaps upward with it on each refresh, two slots if it is bottommost; placed diagonally onto a card, it captures and replaces it	Stacked under a card, it swaps upward on each refresh; it captures diagonally, and reaching the top of its stack it becomes any other chess card you own	Stacked under a card, it swaps upward on each refresh; it captures diagonally, and each capture raises its rank by 1
Q0344	E	E5	skill	The Procession		c	A meld that walks. **Level 2, on its own mark:** It collects twice from a column where any of its cards lands on a mark it matches	A scored meld walks one column toward the nearer edge each refill, its five cards swapping with whatever they meet, collecting a bonus from each column crossed	As (a), and it wraps once to the far edge	As (a), and each column it enters is re-scored as the line it now forms
Q0345	E	E5	skill	The Rook		a	Takes along its row or column. **Level 2, on its own mark:** It may also capture along open diagonals, like a queen	May be placed on any card along its open row or column, capturing it	May be placed on any card along its open row or column, capturing it, and may continue into the next grid at the same row	May be placed on any card along its open row or column, capturing it, but only toward the grid's edge
Q0347	E	E6	skill	Cards bounce/swap between grids		a	Bounces a card to another grid. **Level 2, on its own mark:** The card it sends lands on a mark it matches there, if one is free ⚑ *pair review: needs a second grid, and a normal run plays one*	Cue: send a card to the same cell in another grid, or swap two cards between grids	Cue: send a card to any cell in an adjacent grid	Cue: swap two whole columns between two grids
Q0348	E	E6	skill	The Long Step		b	Five to the left is the next grid over. **Level 2, on its own mark:** It may move any distance up to five ⚑ *pair review: needs a second grid, and a normal run plays one*	Cue: move this card five cells in any direction; five left or right lands in the same cell of the neighbouring grid	Cue: move any card five cells in any direction, crossing into the neighbouring grid if it runs off the edge	Cue: move this card five cells, and it may cross as many grid boundaries as the distance allows
Q0349	E	E6	stamp	The Tour Bus		c	A card that never stays in one town ⚑ *pair review: needs a second grid, and a normal run plays one*	At the end of each placement, this card moves to the same coordinate one grid to the right, wrapping at the last grid — **level 2:** It may skip a grid	At the end of each placement, this card moves one grid to the right and one cell down, wrapping at both edges — **level 2:** It may skip a grid	At the end of each placement this card moves one grid right, and scores a step for every grid it has visited this show — **level 2:** It scores a step for every mark it has matched on its tour
Q0351	E	E7	skill	Centrifugal column (Wall of Death)		b	Nothing falls while it spins. **Level 2, on its own mark:** The spin also keeps its column's marks from being rerolled or swapped	Cards in this column cannot fall or be discarded while it spins, for a limited number of turns	Cards in this column cannot fall or be discarded while it spins, and the spin lasts until the column scores	Cards in this column cannot fall or be discarded, and the column also cannot be added to, for three turns
Q0352	E	E7	hazard	Quartz Stake		c	Some cards get pinned in place	Difficulty: a proportion of cards arrive pinned to their Entrance slot and cannot be placed until every other slot is empty	Difficulty: a proportion arrive pinned and, once placed, cannot be grabbed or moved by any effect	Difficulty: a proportion arrive pinned to their slot, and a pinned card that completes a line when finally placed pays double
Q0353	E	E7	type	Stone		b	Once placed on the grid this card cannot be grabbed again, and it scores a bonus for remaining unmoved ⚑ *pair review: overlaps your Q0015: a card locked in place that scores more*	Once placed, this card can never be grabbed again, and scores a bonus for staying unmoved	Once placed, this card can never be grabbed again, and its bonus grows each show it stays put	Once placed, this card can be moved once per show, and its bonus resets when it is
Q0354	E	E7	skill	Straitjacket		b	Starts each show unable to be moved; frees itself and scores bonus points the first time its column scores	Starts each show unable to be moved; frees itself and scores bonus points the first time its column scores — **level 2:** Placed on its mark it starts free and pays its bonus at once	Starts each show unable to be moved; frees itself the first time any line it belongs to scores, and the bonus scales with how long it stayed bound — **level 2:** Its bound count keeps growing while it sits on its mark after freeing	Starts each show bound and never frees itself, but while it is bound the cards beside it cannot be moved, discarded or hit by a hazard — **level 2:** Its protection reaches its whole row
Q0356	E	E7	skill	The Handicap		b	Locks another card in place, and that card scores double. **Level 2, on its own mark:** You may re-lock a different card at each Entrance refill	Cue: lock any one other card on the grid against being grabbed for the show; it scores double	Cue: lock any one other card on the grid for the show; it scores double, and the lock also protects it from every hazard	Cue: lock any one other card on the grid for the show; it scores double while this card is uncovered
Q0357	E	E7	skill	The Light and Heavy Chest		c	Yours to move, nobody else's. **Level 2, on its own mark:** Its protection covers the cards beside it too	You may always grab this card, and no board effect or hazard can move or discard it	You may always grab this card, and no effect at all can move it, including your own others	You may always grab this card and everything above it, and hazards cannot touch its whole stack
Q0358	E	E8	hazard	Boss: adjacency-only placement		c	Boss: cards must touch	Boss: cards may only be placed adjacent to a card already on the grid	Boss: cards may only be placed adjacent to a card already placed, diagonals not counting	Boss: cards must be placed adjacent to the card placed immediately before, forming a path
Q0359	E	E8	skill	Column-locked entrance placement		c	One card per column, per refresh. **Level 2, on its own mark:** Its own column accepts two cards per refresh ⚑ *pair review: (a) and (b) only restrict you; it reads as a hazard*	Each column accepts only one Entrance card per refresh, from whichever of the five you choose	Each column accepts only one Entrance card per refresh, and the column is chosen for you at random	Each column accepts one Entrance card per refresh, and filling all five in one refresh pays a bonus
Q0360	E	E8	skill	Cross-path entrance bonus		b	Rewards cards crossing paths. **Level 2, on its own mark:** A card that crosses others and lands on a mark it matches counts each crossing twice	A card crosses another when it comes from a slot further left and lands in a column further right, or the reverse. Scores a bonus when Entrance cards cross each other's paths on the way to the cells they are placed in	Scores a bonus per crossing, so an entirely reversed Entrance pays most	Scores a bonus when Entrance cards cross, and a larger one if every card crosses at least one other
Q0361	E	E8	skill	Leader elemental fears		c	Afraid of the sharp ones. **Level 2, on its own mark:** On its mark it stops fearing, and each feared-suit card beside it pays it a step ⚑ *pair review: (a) and (b) only restrict you; it reads as a hazard*	Some leaders fear fire or knives and cannot be placed on cards of those suits	Some leaders fear one suit, chosen at run start, and cannot be placed adjacent to it either	Some leaders fear one suit and cannot be placed on it, but score double when they end a show next to it
Q0363	E	E8	skill	The Diva		c	Will not go on second. **Level 2, on its own mark:** Its skill stays enabled when it is placed second ⚑ *pair review: it does not say what its skill is*	The strongest card of its class, but its skill is disabled unless it is placed first each show	The strongest card of its class, but its skill is disabled unless it is the first card placed in its grid	The strongest card of its class; placing it first each show also buffs everything placed after it
Q0365	E	E8	skill	The Invisible Wall		b	Seals a column against everything. **Level 2, on its own mark:** The seal lasts two turns	Cue: seal one empty column for a turn so nothing may enter or leave it, hazards included	Cue: seal one column for a turn, cards and all, so nothing in it can be moved, scored or hit	Cue: seal one column for a turn, and the cards in it pay their matches again when the seal lifts
Q0366	E	E9	skill	Sleight of Hand		b	The card does not land where you put it. (line 937). **Level 2, on its own mark:** Cards placed onto marks they match always land where you chose ⚑ *pair review: it only makes placing harder; it reads as a hazard*	Cards you place have a chance to land in a different cell than the one you chose, and you are shown where after the fact	Cards you place always land one cell off in a direction this card names, so the offset is learnable	Cards you place land where you chose, but this card silently swaps two already-placed cards each placement
Q0367	E	E9	skill	The Catcher		a	Takes a card out of somebody else's move	Cue: the next card moved by any effect is intercepted and lands on a cell you choose instead — **level 2:** The intercepted card fires its own effect as it lands	Cue: the next card moved by any effect is intercepted and lands adjacent to this card instead — **level 2:** The intercepted card may land on any empty cell whose mark it matches	Every card moved by any effect while this card is spotlit is intercepted and lands adjacent to this card, once per Entrance refill — **level 2:** The intercepted card may land on any empty cell whose mark it matches
Q0368	E	E9	skill	The Crosswind		c	Things do not land where they were aimed	Any card moved more than two cells is deflected one cell perpendicular to its travel — **level 2:** A deflected card that lands on a mark it matches scores its line double	Any card moved more than two cells is deflected one cell, in a direction that flips each placement — **level 2:** A deflected card that lands on a mark it matches scores its line double	Any card moved more than two cells is deflected one cell, and a deflected card that still completes a line scores double — **level 2:** You choose the direction of the deflection
Q0369	E	E9	skill	The Dzhigit's Pickup		b	During an Entrance refresh, once armed by cue, intercepts one falling card as it drops and redirects it to any column. **Level 2, on its own mark:** It may also intercept a card an effect is moving, not only a refresh drop	Armed by cue: intercepts one card as the Entrance refreshes and redirects it to any column	Armed by cue: intercepts one card as the Entrance refreshes and redirects it to any cell in any grid	Armed by cue: intercepts one card as the Entrance refreshes and sends it to the bottom of the deck instead
Q0370	E	E10	skill	Deja Vu card		b	Remembers where it was. **Level 2, on its own mark:** It returns to any empty cell whose mark it matches, not only the cell it left	Remembers its cell; the next time that cell is empty, it returns there from anywhere	Remembers its cell; the next time that cell is empty it returns there, and scores a bonus for coming home	Remembers every cell it has occupied, and returns to whichever of them opens first
Q0371	E	E10	skill	Stowaway card		c	Slides into the gap once it has scored	After it scores, this card moves itself into any empty cell you choose — **level 2:** It may move twice	After it scores, this card moves itself into the nearest empty cell in its grid — **level 2:** It prefers an empty cell whose mark it matches	After it scores, this card moves into an empty cell that would complete a line, if one exists — **level 2:** It prefers an empty cell whose mark it matches
Q0374	F	F1	skill	Bottom Deal		a	Cue: this turn, the Entrance refills from the bottom of the deck instead of the top. **Level 2, on its own mark:** At each refresh you choose, stock by stock, whether it draws from the top or the bottom	Cue: the next Entrance refresh draws from the bottom of the deck instead of the top	While this card is on the grid, every Entrance refresh draws from the bottom of the deck	Cue: look at the bottom five cards of the deck and move one of them to the top
Q0377	F	F1	type	Heavy		a	After any shuffle or return to deck, this card sinks to the deck bottom	After any shuffle or return to the deck, this card sinks to the bottom	After any shuffle this card sinks to the bottom, and once placed it cannot be moved	This card sinks to the bottom of the deck and drags the card above it down with it
Q0378	F	F1	type	Helium		b	After any shuffle or return to deck, this card rises to the top and is always the first card drawn on refresh	After any shuffle or return to the deck, this card rises to the top and is drawn first	After any shuffle this card rises to the top, and on the grid it floats to the top of its stack	This card rises to the top of the deck and cannot be placed below the third row of any grid
Q0380	F	F1	skill	The Ambitious Card		c	Always rises to the top of the deck after any shuffle or discard, and scores bonus points if drawn the same show it was discarded. **Level 2, on its own mark:** Discarded from its mark, it rises to the top of whichever stock you choose	Always rises to the top of the deck after any shuffle or discard, and scores a bonus if drawn in the same show it was discarded	Always rises to the top of the deck after any shuffle or discard	Always rises to the top after any shuffle or discard, and each trip through the discard raises its rank by 1
Q0382	F	F1	stamp	The Wedding Band		b	Two cards that travel together	Applied to two cards: the pair always shuffles adjacent and is always drawn together — **level 2:** When the partner is drawn it goes straight onto an empty cell whose mark it matches, if there is one	Applied to two cards: the pair always shuffles adjacent, and if one is drawn the other joins the same Entrance — **level 2:** When the partner is drawn it goes straight onto an empty cell whose mark it matches, if there is one	Applied to two cards: the pair always shuffles adjacent, and separating them on the board destroys the stamp — **level 2:** Separated on the board, the stamp survives while either sits on a mark it matches
Q0383	F	F2	skill	Metamorphosis		c	Cue: swap this card with any card in the deck (seen or unseen), taking its board position. **Level 2, on its own mark:** It may swap with a card in the discard as well as the deck	Cue: swap this card with any card in the deck, seen or unseen, taking its position	Cue: swap this card with any card in the deck you have already seen this run	Cue: swap any card on the grid with any card in the deck
Q0384	F	F2	skill	The Call Sheet		a	Fetches whatever the line is missing. **Level 2, on its own mark:** It may pull a card that would also match the mark of the cell it completes	Cue while spotlit: pull from the deck the card that would complete this card's row, if one exists	Cue while spotlit: pull from the deck a card that would complete any line on this grid, and place it yourself	Once per Entrance refill, automatically pulls into the entrance the card that would complete whichever line is closest to done
Q0385	F	F2	skill	The Card Index		a	Cue, once per show: search the deck for any card and put it into the Entrance. **Level 2, on its own mark:** Its search may reach into the discard	Cue, once per show: search the deck for any card and put it into the Entrance	Cue, once per show: search the deck for any card and put it on top of the deck	Cue, once per show: name a card; if it is in the top ten of the deck it goes to the Entrance, otherwise nothing happens
Q0386	F	F2	consumable	The Tutor		c	Reach into the deck and take exactly what you need	Consumable: name any card in your deck and put it into the entrance	Consumable: name any card in your deck and put it directly onto any empty cell	Consumable: name any card property - a suit, a rank, a class - and pull the first matching card from the deck into the entrance
Q0387	F	F3	skill	Madame Zora's Eye		c	The next card to be drawn is always visible above the deck slot while this card is anywhere in play. **Level 2, on its own mark:** It shows the next card of every stock	The next card to be drawn is always shown above the deck	The next three cards to be drawn are always shown above the deck	The next card to be drawn is shown, and once per show you may send it to the bottom instead
Q0388	F	F3	stamp	The Programme		c	The running order, printed in advance	While this card is on the grid, the next two entrance refreshes are shown before they arrive — **level 2:** It shows one refresh further ahead	While this card is on the grid, the whole remaining deck order is visible — **level 2:** Once per refill you may swap two cards in it	While this card is on the grid, the next refresh is shown, and one card in it may be swapped for the card after it — **level 2:** It shows one refresh further ahead
Q0390	F	F3	skill	The Scry		a	Look ahead, and put the bad ones on the bottom	On each entrance refresh, look at the top three cards of the deck and send any number of them to the bottom — **level 2:** It looks at five instead of three	On each entrance refresh, look at the top three and reorder them freely, but none may be binned — **level 2:** It looks at five instead of three	Once per Entrance refill, look at the top five and send any number to the bottom — **level 2:** One of them may go on top of the stock you choose
Q0391	F	F4	consumable	The Cooler		b	Consumable, once per run: replaces the remaining deck with a copy in a chosen order	Consumable, once per run: replace the rest of the deck with the same cards in an order you choose	Consumable, once per run: reorder the next ten cards of the deck	Consumable, once per run: reorder the rest of the deck, but the show's goal rises 20%
Q0392	F	F4	skill	The Reshuffle Clause		b	Order restored, on your terms	On each entrance refresh you may move one undrawn card to the top of the deck — **level 2:** It may move two cards	On each entrance refresh you may move one undrawn card to the top or the bottom of the deck — **level 2:** It may move two cards	Once per Entrance refill you may sort the undrawn deck by suit, by rank, or by class — **level 2:** You may sort one stock or the whole deck
Q0393	F	F4	skill	The Suit Call		b	Stacks the deck around one property. **Level 2, on its own mark:** It may name a rank alongside the suit	Cue: name a suit; every card of that suit in the deck rises above every card that is not	Cue: name a suit or a rank; every matching card in the deck rises to the top, in the order they were shuffled	Cue: name a suit; matching cards rise to the top, and the cards they displace are binned rather than sinking
Q0394	F	F4	skill	The Tarot Reading		b	Rearranges what is coming. **Level 2, on its own mark:** Once per Entrance refill instead of once per show	Cue, once per show: look at the top five cards of the deck and reorder them freely	Cue, once per show: look at the top five cards, reorder them, and send one to the bottom	Cue, once per show: look at the top five, reorder them, and put one on top of the stock you choose
Q0395	F	F5	skill	Blowdown		b	At show start and each Entrance refresh, a random seeded card is discarded from the Entrance. **Level 2, on its own mark:** You choose which incoming card is discarded ⚑ *pair review: it only costs you cards unless something you hold pays for discards*	At each Entrance refresh one random incoming card is discarded before you see the rest	At each Entrance refresh one random incoming card is discarded and replaced from the deck	At show start only, the first Entrance is dealt one card short
Q0396	F	F5	skill	The Grand Entry		c	After the Cryptid mod's Effarcire: deals the whole deck at once. **Level 2, on its own mark:** After it deals, you may place two cards per turn	When a show begins, the entire deck is dealt into the Entrance at once	When a show begins, the entire deck is dealt out, but only five may be placed per turn	Cue once per show to deal the whole remaining deck into the Entrance
Q0397	F	F5	skill	Flash Mob		b	Cue, once per show: deploy the entire Entrance onto the grid in one action, columns assigned left-to-right automatically. **Level 2, on its own mark:** Cards it places onto marks they match score their lines twice	Cue, once per show: place the whole Entrance onto the grid at once, filling left to right	Cue, once per show: place the whole Entrance onto the grid at once into cells you pick, resolving every line completion together	Cue, once per show: place the whole Entrance into a single row or column at once
Q0399	F	F5	skill	Popcorn Cascade		a	Whenever a stack of five or more cards scores, refill 1 card into the Entrance. **Level 2, on its own mark:** The refilled card comes from the stock you choose	Whenever a stack of five or more cards scores, refill one card into the Entrance	Whenever any line scores, refill one card into the Entrance	Whenever a line scores, refill one Entrance card for every card in that line above four
Q0400	F	F5	skill	The Grease Joint		c	At show start, discards the bottom card of the deck, then refills 1 card into the Entrance	At show start, discard the bottom card of the deck and refill one Entrance card — **level 2:** You choose which of the bottom three cards is discarded	At show start, discard the bottom three cards of the deck and refill one Entrance card — **level 2:** Look at the three first, and keep one on top instead	At every Entrance refresh, discard the bottom card of the deck and refill one extra Entrance card — **level 2:** You choose which of the bottom three cards is discarded
Q0401	F	F5	skill	The Pineapple		a	Draw more than you can keep	The Entrance deals more cards than you may place, and the remainder are discarded at the end of the turn — **level 2:** One card per turn that would be discarded may go back on top of its stock instead	The Entrance deals more cards than you may place, and the remainder carry into the next Entrance — **level 2:** The carried-over cards may be reordered	The Entrance deals more than you may place, and you choose which to discard before seeing where they would fit — **level 2:** One card per turn that would be discarded may go back on top of its stock instead
Q0402	F	F5	skill	The Serpent		c	The Entrance always refills to a fixed size	After every placement or discard, the Entrance refills to a fixed smaller size — **level 2:** You choose which stock each refilled slot draws from	After every placement or discard, the Entrance refills to its full size immediately — **level 2:** You choose which stock each refilled slot draws from	After every placement, the Entrance refills by one card rather than waiting to empty — **level 2:** You choose which stock the refilled slot draws from
Q0403	F	F5	skill	The Stray Whistle		c	One card jumps the queue. **Level 2, on its own mark:** The card drops onto an empty cell whose mark it matches, if there is one	A random Entrance card is placed early into the lowest empty cell of a random column	A random Entrance card is placed early into the lowest empty cell of a column you choose	A random Entrance card is placed early into the lowest empty cell of a random column, and scores double if it completes a line
Q0404	F	F6	skill	Clown Car		b	On Entrance refresh, adds one extra card into this card's column, plus one more per Clown-class card scored last placement. **Level 2, on its own mark:** You choose which stock the extra card comes from	Each Entrance refresh deals one extra card, drawn from the stock under this card's column	Each Entrance refresh deals one extra card from the stock under this card's column, plus one more for every Clown-class card on the grid	The Entrance holds six cards instead of five while this card is on the grid
Q0405	F	F6	skill	The Narrow Gate		a	Fewer choices, better cards. **Level 2, on its own mark:** You choose which three stocks feed it	The entrance holds three cards instead of five, and every card in it is drawn from the top third of the deck by rank	The entrance holds three cards, and each placement you may name one property the refresh must match	The entrance holds three cards, and a refill whose three cards all land in one line pays a step
Q0406	F	F6	skill	The Second Door		c	A separate way onto the board. **Level 2, on its own mark:** Its two cards may be placed in one action	While this card is on the grid, a second entrance of two cards opens, feeding only this card's grid	While this card is on the grid, a second entrance of two cards opens and feeds any grid, but its cards must be placed adjacent to an existing card	While this card is on the grid, a second entrance of two cards opens and is refreshed from the discard rather than the deck
Q0407	F	F6	skill	The Wide Doorway		a	More cards waiting to come on. **Level 2, on its own mark:** The two extra slots draw from stocks you choose	The entrance holds seven cards instead of five	The entrance holds seven cards, and refills when three are empty	The entrance holds seven cards, and the two extra slots are refilled only once per Entrance refill
Q0408	F	F7	skill	Discard-to-deck on score		b	Puts two back in the deck. **Level 2, on its own mark:** The returned cards go on top of the stocks you choose	On score, two random cards return from the discard to the deck	On score, two cards of your choice return from the discard to the deck	On score, two random cards return from the discard; an exhausted version returns four and then never fires again
Q0409	F	F7	skill	The Egg Bag		b	Cue while spotlit: stash the top discard inside this card; when this card scores, the stashed card returns to the Entrance. **Level 2, on its own mark:** The stashed card returns straight onto an empty cell whose mark it matches	Cue while spotlit: stash the top card of the discard inside this one; it returns to the Entrance when this card scores	Cue while spotlit: stash any card from the discard inside this one; it returns to the Entrance when this card scores	Cue while spotlit: stash the top discard inside this one; it returns at the start of the next show instead
Q0410	F	F7	skill	The Lost Property Office		a	The discard is a second deck	When the deck empties, the discard becomes the deck without shuffling, so the show replays in the order you discarded — **level 2:** It also takes effect when any single stock empties, not only the whole deck	When the deck empties, the discard is shuffled and becomes the deck, but each card that returns this way scores a step less — **level 2:** It also takes effect when any single stock empties, not only the whole deck	The discard is drawn from directly whenever the entrance would refill with fewer than five cards — **level 2:** You choose which discard card fills the slot
Q0411	F	F7	consumable	The Second Curtain Call		b	Call the last one back	Consumable: return the most recently discarded card to the entrance	Consumable: return any one card from the discard to the entrance	Consumable: return any three cards from the discard to the top of the deck
Q0412	F	F8	skill	Crooked Deck Solitaire		c	After A Solitaire Mystery's Cheatdeck Solitaire: the deck is not honest ⚑ *pair review: it is a hazard in (a) and (c) and a hidden buff with a cost in (b)*	The deck quietly favours cards you do not need, and an effect can expose and correct it — **level 2:** While it sits on its own mark the bias reverses: each refill deals at least one card that matches an uncovered mark	The deck quietly favours cards you DO need, and the show's goal rises to compensate — **level 2:** While it sits on its own mark, the goal does not rise	The deck is stacked against you in a way stated up front, so it is a constraint rather than a trick — **level 2:** While it sits on its own mark the bias reverses: each refill deals at least one card that matches an uncovered mark
Q0413	F	F8	skill	Lucky Streak		c	Once it scores, random outcomes stop repeating. **Level 2, on its own mark:** It is active from the start of the show	Once it scores, a random outcome that repeats the last one is rerolled, for the rest of the show	Once it scores, every random outcome for the rest of the show may be rerolled once	Once it scores, every random outcome for the rest of the show is rolled twice and the better result kept
Q0414	F	F8	skill	The Redeal		c	Gather what is left and lay it out again. **Level 2, on its own mark:** A redeal also rerolls the marks of every empty cell	When no legal move remains, you may gather the unplayed cards, shuffle and lay them out again, a limited number of times	When no legal move remains you may redeal without shuffling, preserving the order	Cue at any time: gather the Entrance and every stock, shuffle, and deal them out again; each redeal discards one Entrance card
Q0416	F	F9	skill	Deck auto-slotter		c	Slots itself in from the deck. **Level 2, on its own mark:** Landing on a mark it matches, it returns to the deck after its lines score, to slot itself again	While in the deck, this card moves itself into any legal empty cell that becomes available	While in the deck, this card moves itself into a legal empty cell once per show	While in the deck, this card moves itself into an empty cell that would complete a line
Q0417	F	F9	skill	Psycho		c	Every Entrance refresh, automatically plays the top card of the deck into this card's column	Every Entrance refresh, the top card of the deck is played automatically into the lowest empty cell of this card's column — **level 2:** The auto-played card goes to a cell in its column whose mark it matches, if there is one	Every Entrance refresh, the top card of the deck is played automatically into a random empty cell of this card's grid — **level 2:** The auto-played card goes to any cell whose mark it matches	Every Entrance refresh, the top card of the deck is played automatically into the lowest empty cell of this card's column, and this card scores for each one that completes a line — **level 2:** The auto-played card goes to a cell in its column whose mark it matches, if there is one
Q0419	F	F9	skill	The Voice From The Wings		b	Working before it is ever drawn	While this card is still in the deck, every line that scores its suit scores an extra step — **level 2:** On its mark, the extra step also applies to lines through its own cell	While this card is still in the deck, every line that scores its suit scores an extra step, and the bonus is lost the moment it is drawn — **level 2:** On its mark the lost bonus returns for the lines through its cell	While this card is in the deck it fires its own effect once per Entrance refill at half strength, and at full strength once placed — **level 2:** On its mark its effect fires once more at each refill, at full strength
Q0420	F	F10	skill	The Comedic Drop		b	Cue: discard this card mid-show for a bonus larger than scoring it would have paid. **Level 2, on its own mark:** Discarded from its mark, it goes to the top of the stock you choose instead of the discard	Cue: discard this card mid-show for a bonus larger than scoring it would have paid	Cue: discard this card mid-show for a bonus scaling with how many cards are still in the deck	Cue: discard this card mid-show for a bonus, and it returns to the deck at the start of the next show
Q0421	F	F10	stamp	The Death Rattle		a	It goes off when it goes. **Level 2, on its own mark:** Its effect fires from the cell it left, so it reaches the lines through its mark	When this card is destroyed or discarded, its effect fires once from wherever it went	When this card is destroyed or discarded, its effect fires once, and again the next time it is drawn	When any card carrying this stamp leaves play by any route, its effect fires from the discard at the end of the placement
Q0422	F	F10	skill	The Empty Chair		c	Still working from the pile. **Level 2, on its own mark:** While it sits on its own mark, its discard effect also works from the board	While this card is in the discard, every line that scores its suit scores an extra step	While this card is in the discard, every line that scores its suit scores an extra step, and the bonus grows with the size of the discard	While this card is in the discard it keeps firing its own effect once per Entrance refill, at half strength
Q0423	F	F10	skill	The Escape Map		b	When discarded, reveals part of the world map's fog of war. **Level 2, on its own mark:** You choose which part of the map it reveals	When discarded, reveals part of the world map's fog	When discarded, reveals the next two map nodes and their contents	When discarded, reveals part of the map and may be recovered from the discard once per run to do it again
Q0424	F	F11	skill	Blue Joker		c	Paid by what is left to draw. **Level 2, on its own mark:** It counts the cards in the discard as still in the deck	Scores bonus points per card remaining in the deck	Scores bonus points per card remaining in the deck, halving once the deck is under a quarter full	Scores bonus points per card remaining, or per card already drawn, whichever is higher
Q0426	F	F11	skill	The Last Cards		a	Strongest when there is almost nothing left. **Level 2, on its own mark:** The step is paid again for each stock that empties while it sits there	Scores a step for each Entrance stock that has run empty	Scores a step for each Entrance stock that has run empty, doubled once every stock but one is empty	Scores nothing until a stock runs empty, then a step for every five cards the remaining stocks hold
Q0427	F	F11	skill	The Trimmed Bill		b	A smaller deck is a stronger deck. **Level 2, on its own mark:** It also counts the cards in the discard	Every card scores an extra step for each five cards by which the deck is under its starting size	Every card scores an extra step for each five cards removed from the run permanently, not merely drawn	Every card scores an extra step per five cards removed from the run, and the run target rises to match
Q0428	F	F12	skill	The Census		a	Reads the deck's balance. **Level 2, on its own mark:** It also counts the suits of the marks matched this show	Scores a bonus scaling with how evenly your deck's suits are balanced	Scores a bonus scaling with how UNEVENLY your deck's suits are balanced	Scores a bonus per suit your deck holds at least five of
Q0429	F	F12	skill	The Ledger		b	Deck shape sets the defaults. **Level 2, on its own mark:** You may pick the suit instead	At show start, whichever suit your deck holds most of scores double all show	At show start, whichever suit your deck holds LEAST of scores double all show	At show start, the suit you hold most of scores double and the one you hold least scores nothing
Q0430	F	F12	skill	The Purist		c	Paid for what your deck does not contain. **Level 2, on its own mark:** It also pays for each class your deck lacks	Scores a large bonus while your deck contains no cards of a named suit	Scores a large bonus while your deck contains no cards of a named class	Scores a bonus for each suit your deck contains none of, so a narrow deck pays most
Q0431	F	F12	skill	The Repertoire Check		c	Reads class spread rather than count. **Level 2, on its own mark:** Classes of cards sitting on marks they match count twice ⚑ *pair review: overlaps Q0072, which you approved: distinct classes, counted on the grid*	Scores a bonus per distinct class present in your deck	Scores a bonus per distinct class present in your deck, doubled if every class is	Scores a bonus per distinct class in your deck, and a penalty for each class you hold more than three of
Q0432	G	G1	skill	Certificate		c	Deals in a card with a stamp on it. **Level 2, on its own mark:** Each Entrance refill while it sits on its mark adds one more such card	At the start of each show, adds a random card carrying a random stamp to the Entrance	At the start of each show, adds a random card carrying a stamp you choose	At the start of each show, adds a random card with a random stamp, and the stamp is kept even if the card is discarded
Q0433	G	G1	hazard	Hall of Mirrors		a	Boss: duplicates the grid's reflection with fake copies of your cards interleaved into rows; they score 0	Boss: fake copies of your cards are interleaved into every row; they score 0 and cannot be removed	Boss: fake copies of your cards fill every empty cell and score 0; a fake is dispelled when a card matching its rank or suit is placed beside it	Boss: each grid is mirrored by a fake grid, and lines completed in the fake grid subtract from your score
Q0434	G	G1	skill	Pickpocket card		c	Adds a card if it never performs	If this card is never scored during a show, it adds an extra card to the deck — **level 2:** You choose the card it adds, from the discard pile	If this card is never scored, it adds an extra card to the deck and gains +1 rank — **level 2:** You choose the card it adds, from the discard pile	If this card is never scored, it steals a card from the town and adds it to your deck — **level 2:** You choose the card it steals from the town
Q0435	G	G1	skill	Cookie Jar card		a	After Yu-Gi-Oh!'s Pot of Greed: alone, it doubles. **Level 2, on its own mark:** You choose which Entrance stocks the two cards are drawn into	When this card sits alone in a cell with nothing adjacent, discard it and draw two cards from the deck	When this card sits alone in its row, discard it and draw two cards into the Entrance	When the first card is placed adjacent to it, it goes to the discard and two cards are drawn into the Entrance; its cell keeps its mark, and the next card to hit that mark pays the match twice
Q0436	G	G1	stamp	The Signed Card		c	Every card the game creates comes out as this one. (line 988). **Level 2, on its own mark:** You may re-name the card at each Entrance refill while it sits there	Name a card: the next card any effect creates is that card instead of what it would have made	Name a card: every card any effect creates is that card instead, for the rest of the show	Name a card: when it leaves the board, the next card created anywhere is it, returning
Q0437	G	G2	skill	Loaned temporary cards		b	Borrowed, and due back	Creates a temporary card that lasts a few shows and then leaves — **level 2:** The loan lasts one show longer	Creates a temporary card that lasts a few shows; if it scores in every one of them, it stays — **level 2:** It may miss one show	Creates a temporary card on loan; keeping it past its term costs one card from your deck each show — **level 2:** The first overdue show costs nothing
Q0438	G	G2	consumable	Spirit Photo		c	Consumable: creates an intangible ghost copy of an owned card that plays for one show at half score, then disappears	Consumable: an intangible ghost copy of one owned card plays for one show at half score, then vanishes	Consumable: an intangible ghost copy of one owned card plays for three shows at half score, then vanishes	Consumable: an intangible ghost copy of one owned card plays at full score for one show, and cannot be targeted
Q0439	G	G2	consumable	The Guest Star		a	Consumable: a random Legendary card joins the deck for exactly 3 shows then departs, kept permanently if a hidden condition is met during its stay	Consumable: a random Legendary joins the deck for exactly three shows, kept permanently if a hidden condition is met while it is there	Consumable: a random Legendary joins the deck for exactly three shows, then leaves	Consumable: a random Legendary joins the deck permanently, but one card of the same rarity leaves
Q0440	G	G2	consumable	The Souvenir Stand		c	A card that only lasts the evening	Consumable: create a copy of any card on the grid; the copy exists for this show only	Consumable: create a copy of any card on the grid that lasts one placement	Consumable: create a copy of any card on the grid; it lasts the show, and if it is still on the board at show end it becomes permanent
Q0441	G	G3	consumable	Cat Tag		c	Two of the same merge upward	Two of these at the same level merge into one of the next level when combined	Two of these merge into the next level, and the top level converts into a permanent card	Any two identical consumables merge into a stronger single one
Q0442	G	G3	skill	DNA		a	Copies your opening card	If the first card you place after this one each show completes no line, a permanent copy of it joins the deck and arrives in the Entrance — **level 2:** It copies the first card even when that card completes a line	If the first card you place after this one each show completes no line, a copy of it joins the deck for that show only — **level 2:** It copies the first card even when that card completes a line	The first card placed after this one each show is copied permanently, whatever else you place after it — **level 2:** The copy arrives in the next Entrance refill
Q0443	G	G3	consumable	Genie's Wish		a	Consumable: choose any card in your deck and create a full copy of it in the Entrance for this show, which becomes permanent in the deck afterward	Consumable: choose any card in your deck; a copy appears in the Entrance and joins the deck permanently after the show	Consumable: choose any card in your deck; a copy appears in the Entrance for this show only	Consumable: choose any card in your deck and duplicate it permanently, but the original is out for the rest of the show
Q0444	G	G3	skill	Invisible Joker		b	Held long enough, it copies something. **Level 2, on its own mark:** It needs only one show	After being held through two shows, cue to destroy it and duplicate another card you own at random	After being held through two shows, cue to destroy it and duplicate another card you choose	After being held through two shows it duplicates a random card of yours automatically, then leaves
Q0445	G	G3	skill	Pepper's Ghost		a	While spotlit, an intangible duplicate of this card appears in the opposite zone; it scores in melds but cannot be touched, moved, or targeted	While spotlit, an intangible duplicate appears in the mirrored cell of its grid; it melds but cannot be touched, moved or targeted — **level 2:** You choose the duplicate's cell	While spotlit, an intangible duplicate appears in the mirrored cell of its own grid, or in the same cell of the grid to its left if there is one; it melds but cannot be touched — **level 2:** You choose the duplicate's cell	While spotlit, an intangible duplicate appears in any empty cell you choose, and vanishes when this card is covered — **level 2:** The duplicate stays when this card is covered
Q0446	G	G3	skill	Perkeo		c	Copies a consumable, for free	At the start of each show, creates a slot-free copy of one random consumable you hold — **level 2:** The copy is made at the first Entrance refill after it lands on its mark, and again at each refill while it stays	At the start of each show, creates a copy of one consumable you choose — **level 2:** The copy is made at the first Entrance refill after it lands on its mark, and again at each refill while it stays	Every consumable you use leaves a slot-free copy of itself behind, once per show — **level 2:** Its copy is not limited to once per show
Q0447	G	G3	skill	SUS		b	Copies one card and destroys the rest. **Level 2, on its own mark:** It destroys only the Entrance cards you choose	At each show's end, copies one card from the Entrance and destroys all the others	At each show's end, copies one card of your choice from the Entrance and destroys the rest	At each show's end, copies the Entrance card that scored most and destroys the rest
Q0448	G	G3	stamp	The Avatar		a	This card copies another deck card's name, class, and identity for all checks until it has scored 3 times, at which point it is unmasked	Copies another deck card's name, class and identity for every check until it has scored three times, then is unmasked — **level 2:** Scores while it sits there do not count toward the three	Copies another deck card's identity permanently, and can never be unmasked — **level 2:** You may unmask it by cue and re-mask it as another card at the next refill	Copies another deck card's identity until it is covered; being covered unmasks it — **level 2:** Being covered does not unmask it
Q0449	G	G3	skill	The Costume Fitting		c	On show start, copies the stamp of one adjacent card for the duration of the show	When placed, copies the stamp of one adjacent card for the whole show — **level 2:** It may copy the stamp of any card in its lines	When placed, copies the stamp of any card on the grid for the whole show — **level 2:** It copies two stamps	Copies the stamp of the most recently placed adjacent card, updating whenever a new neighbour is placed — **level 2:** It keeps the copied stamp when the neighbour leaves
Q0450	G	G3	skill	The Imitator		c	Choose a deck card at acquisition: this card scores 150% of that card's base points, but only while the original is not on the board. **Level 2, on its own mark:** It also copies the original's skill	Choose a deck card when this is acquired: this card scores 150% of that card's base points, but only while the original is off the board	Choose a deck card when this is acquired: this card scores 150% of its base points whenever the original is also on the board	This card copies whichever card scored highest last show, at 150% of its base points
Q0451	G	G3	skill	Three Of A Kind Merges		a	Copies combine into something stronger. **Level 2, on its own mark:** Two copies are enough when one of them sits on a mark it matches	Three copies of the same card merge automatically into one stronger version, and three of those merge again	Three copies merge into one stronger version, once only, with no second tier	Three copies merge into one stronger version, and you choose when rather than it happening automatically
Q0452	G	G3	type	Tintype		c	Prints a copy of what made it	On acquisition, permanently copies the rank and suit of the card it was created from	On acquisition, permanently copies the rank, suit and stamp of the card it was created from	On acquisition, copies the rank and suit of the card it was created from, and re-copies whenever that card changes
Q0453	G	G4	skill	Arsonist		c	Burns the board down after a big hand: the hand you name when placing it	If a named hand scores, every card on the grid is destroyed after scoring resolves — **level 2:** Cards sitting on marks they match are spared the fire	If a named hand scores, every card in that line is destroyed after scoring resolves — **level 2:** Cards sitting on marks they match are spared the fire	If the named hand scores, every card on the grid burns, and each pays its rank into the bucket of the line that burned it; a card in no complete line pays into special — **level 2:** You choose which cards burn
Q0454	G	G4	skill	Milk Can		c	Cue: place one grid card inside the can, safe and out of play; cue again on a later turn to retrieve it to the Entrance. **Level 2, on its own mark:** A retrieved card may go onto an empty cell you choose instead of the Entrance	Cue: put one grid card safely out of play; cue again later to bring it back to the Entrance	Cue: put one grid card out of play; it returns on its own at the start of the next show	Cue: put up to three grid cards out of play, retrieving them one at a time
Q0455	G	G4	skill	Corner the Market card		b	After the board game Monopoly: corners the market on a card. **Level 2, on its own mark:** Four of the card are enough	Scoring five identical cards in one line removes that card from future generation	Scoring five identical cards in one line removes it from generation and pays you every time it would have appeared	Scoring five identical cards in one line removes it from generation for the rest of the run, and you may reverse it once
Q0456	G	G4	skill	Queen's Gambit		c	Sacrifices a card out of the best hand. **Level 2, on its own mark:** The rare card it creates arrives in the Entrance	If a line scores as the highest hand, one named card in it is destroyed and a rare card is created	If a line scores as the highest hand, one card of your choice in it is destroyed and a rare card created	Any line that scores above a threshold destroys its highest card and creates a rare one
Q0458	G	G4	skill	The Called Shot		c	Takes the top off a stack	Destroys the top card of any stack, leaving the rest intact — **level 2:** It takes the top card off two stacks	Destroys the top card of any stack and this card takes its place — **level 2:** You choose whether it takes the top card's place or stays	Destroys the top card of any stack, and the card beneath is spotlit for the placement — **level 2:** It takes the top card off two stacks
Q0459	G	G4	skill	The Kite		c	Sends a card away and brings it back better. **Level 2, on its own mark:** The card lands on any empty cell whose mark matches its new rank, your choice; if there is none, it lands where it left	Cue: send a card out of play and name the Entrance refill it returns; it lands with +1 rank per Entrance refill aloft, up to +3	Cue: send a card out of play; it returns on its own after three Entrance refills with +3 rank	Cue: send a card out of play indefinitely; it gains +1 rank per Entrance refill aloft with no cap, but a hazard may lose it
Q0461	G	G4	consumable	The Tower		c	Levels a column for points	Consumable: destroy an entire column; half the summed rank of its cards is paid as flat points into the special bucket and the cards go to the discard	Consumable: destroy an entire column; the full summed rank is paid into the column bucket	Consumable: destroy any line; half its summed rank is paid into the special bucket, the cards go to the discard, and every cell keeps its mark
Q0462	G	G5	skill	The Wishbone		c	After the Cryptid mod's Astral in a Bottle: destroyed, it upgrades something at random	When destroyed, applies a random upgrade to a random card you own — **level 2:** You choose the card	When destroyed, applies a random upgrade to a card you choose — **level 2:** You choose the upgrade too	When destroyed, applies an upgrade and a drawback to two different random cards — **level 2:** You choose which card takes the drawback
Q0463	G	G5	skill	Bian Lian		a	Cue: instantly swap this card's rank and suit with an adjacent card's. **Level 2, on its own mark:** You may swap only the property you choose, rank or suit	Cue: exchange this card's rank and suit with an orthogonally adjacent card's	Cue: exchange this card's suit with any card's in its grid, leaving both ranks alone	Every time a line it belongs to completes, it swaps rank and suit with a random adjacent card, free and automatic
Q0464	G	G5	skill	Brittle Candy		b	Stamps whatever scores, for a while. **Level 2, on its own mark:** The stamp goes to the card of your choice in the line	For the next several placements, adds a random stamp to the last scoring card of each line	For the next several placements, adds a stamp of your choice to the last scoring card of each line	For the rest of the show, adds a random stamp to one scoring card per Entrance refill
Q0465	G	G5	skill	Cotton Candy		b	Destroyed, it upgrades its neighbours. **Level 2, on its own mark:** It also upgrades the cards two cells away	When destroyed, the cards adjacent to it become slot-free	When destroyed, the cards adjacent to it each gain a random stamp	When destroyed, the cards adjacent to it become slot-free, and every other card loses a stamp
Q0466	G	G5	skill	Custard Pie		a	Cue: target card's suit becomes Balls; if that completes a flush row, gain bonus multiplier immediately. **Level 2, on its own mark:** The changed card may take the suit printed on its own mark instead of this card's	Cue: change one card's suit to match this card's	Cue: change every card in one row to match this card's suit	Cue: change one card's suit to match this card's, and if that completes a flush the line scores at once
Q0467	G	G5	skill	High Five		b	Everything becomes one rank. **Level 2, on its own mark:** Only the cards you choose change rank	If the highest scoring rank in a line is a named rank, every scoring card becomes that rank for that scoring only	Every scoring card in a line becomes the rank of its highest card for that scoring only	Every scoring card in a line becomes the rank of its highest card, permanently
Q0468	G	G5	skill	Hikinuki		b	On scoring, swaps this card's stamp with any stamp held in reserve	On scoring, swap this card's stamp with any stamp held in reserve — **level 2:** It may swap stamps with two cards	Cue: swap this card's stamp with the stamp of any card on the grid — **level 2:** It may swap stamps with two cards	On scoring, this card takes the stamp of the card directly above it, destroying that stamp — **level 2:** The stamp is taken without being destroyed
Q0469	G	G5	skill	Midas Mask		b	Turns face cards to gold. **Level 2, on its own mark:** Any card sitting on a rank mark it matches turns gold too	Face cards become Gold cards when they score	Face cards become Gold cards when they score, and stay gold permanently	One card per Entrance refill becomes a Gold card when it scores, chosen by you
Q0470	G	G5	skill	Paintbrush card		b	Paints what lands on it. **Level 2, on its own mark:** For each card placed on it, you choose whether that card takes this card's suit, its rank, or both	Cards placed on top of this one take its suit	Cards placed on top of this one take its suit permanently, even after they leave	Cards placed on top of this one take its suit, and so do their orthogonal neighbours
Q0471	G	G5	skill	Rewrite card		a	Rewrites what is underneath. **Level 2, on its own mark:** You choose which remembered cards it replaces	On entering the grid it remembers the cards below it in its column; when a line scores it rewrites that many of them into the cards printed on their own marks, so they now match fully	On entering it remembers the cards below; when a line scores it replaces them with copies of itself	On entering it remembers the cards below; when a line scores it swaps their positions rather than replacing them
Q0472	G	G5	skill	Slapstick		a	Cue: swap the ranks of this card and one adjacent card. **Level 2, on its own mark:** Once per turn, free: it may swap the ranks of any two adjacent cards	Cue: swap the ranks of this card and one adjacent card	Cue: swap the ranks of any two cards in this card's line	Cue: give this card's rank to an adjacent card and take that card's rank, keeping whichever is higher for itself
Q0474	G	G5	skill	Sniper card		c	Takes a rank off whatever you touched last. **Level 2, on its own mark:** It may raise the rank instead of lowering it	On the next refresh, lowers the rank of the last card you interacted with by one, discarding it at rank 1	Cue: name an uncovered mark; at each refresh its printed rank falls by one until a card in the Entrance matches it	Lowers the rank of the last card you interacted with by one every refresh, until it is discarded
Q0475	G	G5	skill	The Ghost Writer		a	Each show start, writes a temporary skill (a copy of an effect that fired last show) onto one blank/prop card; it fades at show end. **Level 2, on its own mark:** While it sits on its mark, the written skill is also written onto the next blank card to arrive in the Entrance	At show start, writes a copy of an effect that fired last show onto one blank card; it fades at show end	At show start, writes a copy of an effect that fired last show onto one blank card; it stays until that card is destroyed	At show start, writes a copy of any effect in your deck onto one blank card; it fades at show end
Q0476	G	G5	skill	The Steelpan		b	Teaches a plain card a trick	Cue, once per show: permanently give one skill-less card the ability to score bonus points when its row melds — **level 2:** Twice per show	Cue, once per show: permanently give one skill-less card a copy of any skill already on the grid — **level 2:** Twice per show	Cue: give one skill-less card a bonus-scoring ability for this show only, with unlimited uses — **level 2:** The ability lasts into the next show
Q0477	G	G5	skill	The Wardrobe Trunk		c	Keeps a stamp in the wings	Holds one stamp in reserve; cue to apply it permanently to any spotlit card, and it refills at the start of the next show — **level 2:** It refills at the next Entrance refill rather than next show	Holds one stamp in reserve; cue to apply it permanently to any card at all, and it refills at the start of the next show — **level 2:** It refills at the next Entrance refill rather than next show	Holds up to three stamps in reserve; cue to apply one per show — **level 2:** It may apply two per show
Q0478	G	G6	skill	Cutting Up Jackpots		c	Rerolls a card into its own class. **Level 2, on its own mark:** It may reroll within the same suit instead of the same class	Cue: reroll any card in the deck into another card of the same class	Cue: reroll any card in the deck into another card of the same rarity	Cue: reroll any card in the deck into another of the same class, once per show, keeping whichever you prefer
Q0480	G	G6	skill	Mystery Box		b	On game start, this card becomes a random skill for the rest of the run, deterministic per seed. **Level 2, on its own mark:** When it lands on its mark it re-rolls, and you choose between two results	At run start this card becomes a random skill for the whole run, fixed by the seed	At the start of every show this card becomes a random skill for that show	At run start this card becomes a random skill, and re-rolls each time it is destroyed and recovered
Q0481	G	G6	skill	Utter Chaos		c	A new trick every refresh. **Level 2, on its own mark:** It becomes a skill of your choice from those it has held this show	Becomes a random skill on every Entrance refresh	Becomes a random skill on every Entrance refresh, drawn only from skills already in your deck	Becomes a random skill on every line completion, so the pace is set by how fast you score
Q0482	G	G6	skill	Randomizer		b	Cards evolve into other cards	Cards that upgrade become a randomly chosen other card rather than their designated upgrade — **level 2:** An upgrade rolls twice and you pick	Cards that upgrade become a random card of the next rarity up — **level 2:** An upgrade rolls twice and you pick	Cards that upgrade become a random card, and you may reroll the result once — **level 2:** The reroll is free and you keep either result
Q0483	G	G6	skill	Tappable Clown		c	3 charges per show: cue to deterministically re-roll the ranks of all adjacent cards. **Level 2, on its own mark:** One rerolled card may be set to the rank printed on its mark instead of rolled	Cue, 3 charges per show: re-roll the ranks of every adjacent card	Cue, 3 charges per show: re-roll the ranks of every card in one line	Cue, 3 charges per show: re-roll the rank of one card of your choice, anywhere
Q0484	G	G6	consumable	The Face Change		c	Reroll what a card is	Consumable: reroll one slot of a chosen card - its suit, rank, type, stamp or skill - keeping the rest	Consumable: reroll every slot of a chosen card at once	Consumable: reroll one slot of a chosen card, and each further reroll discards one Entrance card
Q0485	G	G6	skill	The Six Faces		b	A card that keeps changing which card it is. **Level 2, on its own mark:** It holds its face without spending a cue	This card cycles through six fixed identities, advancing one each time a line it is in scores	This card cycles through six fixed identities, advancing one per Entrance refill, and you may hold it on the current one by cue	This card cycles through six fixed identities at random on each entrance refresh
Q0486	G	G6	consumable	The Wheel		b	Spins the ranks of a row	Consumable: re-roll the ranks of every card in one row	Consumable: re-roll the ranks of every card in one row, and keep whichever result scores higher	Consumable: re-roll the ranks of every card in one line, chosen after you see the result of the first roll
Q0488	G	G6	hazard	The Shapeshifter		c	After the Cryptid mod's Vermillion Virus: one card is replaced every placement	Boss: one random card you own is replaced by another every placement	Boss: one random card you own is replaced every placement, and you see what it becomes before the placement resolves	Boss: one random card is replaced every placement, and any card that scored that placement is safe
Q0489	G	G7	skill	Pizza		c	Breaks into pieces on a timer. **Level 2, on its own mark:** You choose each piece's suit	After several shows, this card breaks itself into six smaller cards	After several shows, this card becomes six smaller cards, and you keep it too	You choose when it breaks; the longer you wait, the more pieces it makes
Q0490	G	G7	skill	Sawing in Half		c	Cue: split a target card into two same-suit cards of half rank (one rounded up, one down); this card exhausts for the show. **Level 2, on its own mark:** Both halves are placed at once, on empty cells you choose	Cue: split a card into two same-suit cards of half its rank, one rounded up and one down; this card is spent for the show	Cue: split a card into two cards of half rank that must be placed in different lines; this card is spent for the show	Cue: split a card into two of half rank; if both later score in the same line, they merge back at double rank
Q0492	G	G7	skill	The Half Card talent		c	Splits down the diagonal	On placement, splits into two halves along the diagonal: one keeps the rank and stamp, the other only the suit; stacking the halves back together scores them as their own meld — **level 2:** The halves may reunite anywhere, not only stacked	On placement, splits into two cards each holding half the original rank — **level 2:** Halves scoring in the same line score as their own meld	On placement it splits, and the halves may be placed anywhere; reuniting them in one line scores a large bonus — **level 2:** Reuniting re-scores the line they reunite in
Q0493	G	G7	skill	The Lion Dance		c	Splits rather than dies, and feeds on what it lands on. **Level 2, on its own mark:** Each half keeps its full skill	When destroyed it splits into two cards of half rank instead of dying; placed onto a card, it takes bonus points from the one beneath	When destroyed it splits into two cards of half rank; the halves cannot split again	When destroyed it splits into two cards of half rank, and each half can split again down to rank 1
Q0494	G	G8	skill	Buried Alive		b	Cue: remove a card from the game for 2 shows; it returns upgraded one rarity, with a seeded chance it does not return. **Level 2, on its own mark:** The buried card scores at half while buried	Cue: bury one card under this one; it returns with +5 rank when uncovered	Cue: bury one card under this one; it returns with +5 rank and one rarity higher when uncovered	Cue: bury one card under this one; it returns with +5 rank when uncovered, and you may uncover it by cue
Q0495	G	G8	skill	Upgrade quests		b	After the game Teamfight Tactics: upgrades itself when something odd happens	Carries a rare random condition that, when met, permanently upgrades it into a stronger version — **level 2:** You may re-roll the condition once per show	Carries a rare random condition, revealed only once met, that permanently upgrades it — **level 2:** Its condition is shown from the start	Carries a rare condition that upgrades it, and a second hidden condition beyond that — **level 2:** Its condition is shown from the start
Q0496	G	G8	skill	Rotation re-trigger naming / fail-to-unlock		b	Has to fail before it can succeed. **Level 2, on its own mark:** Each failure counts twice	Must publicly fail a set number of times before unlocking its true form	Must publicly fail a set number of times to unlock its true form; each failure also pays a small consolation	Must fail a set number of times to unlock; the number is hidden and only revealed as you approach it
Q0497	G	G8	skill	Sapling		b	Grows into something better. **Level 2, on its own mark:** Stamped cards scoring through its cell count double	After enough stamped cards have scored, this card leaves and becomes a much rarer one	After enough stamped cards have scored, this card becomes a much rarer one and stays	After enough cards of any kind have scored, this card becomes rarer, and can do so repeatedly
Q0498	G	G8	stamp	The Whetstone		c	A card that sharpens itself. **Level 2, on its own mark:** The cards scoring beside it in the line gain the step too	Each time this card scores, it permanently gains a step, for the rest of the run	Each time this card scores, it permanently gains a step, and loses one each show it does not score	Each time this card scores it gains a step for the show; at End the steps become permanent only if it sits on a mark it matches
Q0499	G	G8	skill	Wax and Gold		a	Says one thing, means another. **Level 2, on its own mark:** Its hidden effect unlocks at once ⚑ *pair review: it does not say what either effect is*	Has a visible effect, and a hidden second effect that unlocks after the visible one has fired five times	Has a visible effect and a hidden second effect that unlocks after the visible one fires five times, then replaces it	Has a visible effect and a hidden one that unlocks on a condition you are never told
Q0500	G	G9	type	Double-Sided		c	There is another card on the back	This card can be flipped to reveal a different card on its reverse, and either face may be played	This card can be flipped to reveal a different card, and flipping costs an Entrance card, discarded	This card can be flipped, and the two faces merge into one combined card if it ever scores on both
Q0501	G	G9	skill	Egg card		c	Hatches into something better. **Level 2, on its own mark:** You choose between two hatchlings	When a line scores, becomes a completely random other card of higher rank	When a line scores, becomes a random other card of higher rarity	When a line scores, becomes a random card of higher rank, and the longer it went unplayed the higher
Q0502	G	G9	skill	The Repertoire		a	Three skills, one slot	Holds three skills in one slot; the active one rotates each placement, and a cue rotates it early — **level 2:** You may rotate it by hand at any time, not only each placement	Holds three skills in one slot; you choose which is active at the start of each show — **level 2:** You may re-choose once mid-show	Holds three skills in one slot, all active at once, each at one-third strength — **level 2:** One of its three runs at full strength, your choice
Q0503	G	G9	skill	The Ripening		a	Turns into something else over time	After three Entrance refills in place, this card becomes the card printed on its own mark and counts as matching it fully — **level 2:** The cards beside it ripen with it	After three Entrance refills in place, this card becomes a copy of the adjacent card you choose — **level 2:** Two refills are enough	After three Entrance refills, this card becomes the card printed on any uncovered mark in its lines, your choice, and moves to that cell — **level 2:** Two refills are enough
Q0504	G	G9	skill	The Two Masks		c	Two faces, and it turns. **Level 2, on its own mark:** Both sides are up at once	Comedy side buffs its neighbours, tragedy side buffs itself, and it flips every time it scores	Comedy side buffs its neighbours, tragedy side buffs itself, and you choose which side is up when placing it	It flips every time it scores, and each flip makes the active side slightly stronger
Q0505	G	G9	skill	The Two-Sided Bill		a	One card, two shows	This card has two faces with different effects; playing one face returns the card to the deck with the other face up — **level 2:** It stays on the board after playing, the other face up	This card has two faces; it flips to the other face each time its line scores — **level 2:** You choose whether it flips	This card has two faces; you choose the face when you place it, and the unchosen face is lost for the rest of the show — **level 2:** The unchosen face is not lost
Q0506	G	G10	skill	Dedi's Mercy		a	Once per show, when one of your cards is destroyed, restore it to the discard pile instead	Once per show, the first of your cards destroyed goes to the discard pile instead of leaving the run — **level 2:** Twice per show	Once per show, the first of your cards destroyed returns to the deck instead — **level 2:** Twice per show	Once per run, every card destroyed so far returns to the deck at once — **level 2:** The returned cards arrive in the Entrance
Q0507	G	G10	stamp	Marotte		a	When this card is destroyed, a rank-1 copy of it (same skill, no stamp) survives in its place	When destroyed, a rank-1 copy with the same skill and no stamp survives in its place — **level 2:** The copy keeps its rank	When destroyed, a full copy survives in its place, once per run — **level 2:** The copy keeps this card's stamp	When destroyed, it returns to the deck at rank 1 rather than leaving the run — **level 2:** The copy keeps its rank
Q0509	G	G10	skill	The Basket		c	Destroyed into a box, not into nothing. **Level 2, on its own mark:** It reappears this show, not next	Destroys a card into this one; it reappears in the Entrance next show unharmed, and pays fame for the trick	Destroys a card into this one; it reappears next show at +1 rank	Destroys a card into this one; it reappears next show, and each trip through the discard raises the fame the trick pays
Q0510	G	G10	skill	The Dead List		a	Destroyed cards get a zone of their own. (lines 905, 995). **Level 2, on its own mark:** Once per show while it sits on its own mark, return one card from the dead list to the Entrance slot you choose	Destroyed cards go to a dead list rather than vanishing, and effects may reach into it	Destroyed cards go to a dead list you can see but never reach into	Destroyed cards go to a dead list, and one card may be recovered from it per tour by skipping that show's reward
Q0511	G	G10	consumable	The Hologram Tour		c	Brings back the dead, faintly	Consumable: one destroyed card returns for one show as an intangible duplicate that scores but cannot be touched	Consumable: one destroyed card returns permanently at half rank	Consumable: one destroyed card returns for one show intangible, and stays if it scores in every placement
Q0512	G	G10	hazard	The Ofrenda Show		c	The dead perform one more night	Show: destroyed and discarded cards return for a single show, then rest again	Show: destroyed cards return for a single show, and one of them may be kept	Show: destroyed cards return for one show at rank 1, and any that score are restored permanently
Q0513	G	G10	skill	The Ox		c	Death is worth something. **Level 2, on its own mark:** It returns in the next Entrance refill this show, not next show	When destroyed, grants bonus fame and returns to the deck next show	When destroyed, grants bonus fame scaling with its rank and returns to the deck next show at rank 1	When destroyed, grants bonus fame and returns to the deck next show; each death raises the fame it pays
Q0514	G	G11	stamp	Brass Check		a	Whenever this card's effects trigger, mint a Gold token card onto the top of the deck. Its tokens are ghosts: they leave the deck when the show ends ⚑ *pair review: a Gold token's only use was trade at a shop, and there is no shop*	Each time this card's effects trigger, one Gold token card is put on top of the deck — **level 2:** Its tokens go into the Entrance instead of the deck	Each time this card scores, one Gold token card is put straight into the Entrance — **level 2:** It mints one per line scored through its cell	The first time this card triggers each show, three Gold token cards are put on top of the deck — **level 2:** Its tokens go into the Entrance instead of the deck
Q0515	G	G11	skill	Candy Basket		c	Fills a basket over the tour. The basket keeps its tokens between shows; a released token is a ghost	Accumulates tokens as shows are beaten, more for bosses; cue to release them all — **level 2:** You may release them one at a time	Accumulates tokens as shows are beaten and releases one per show automatically — **level 2:** Two per show	Accumulates tokens as shows are beaten, and the basket's contents upgrade the longer they sit — **level 2:** They upgrade twice as fast
Q0516	G	G11	skill	Chick production (gali-gali)		c	Something under the cup. Its tokens are ghosts: they leave the deck when the show ends. **Level 2, on its own mark:** It produces a token under any scored card sitting on a mark it matches, face down or not	Produces a rank-1 token beneath any scored card that missed its mark on every property	Produces a rank-1 token beneath any scored card that missed its mark on every property, one per miss in the meld	Produces a rank-1 token beneath any scored card that missed its mark on every property, and the token is the card the mark wanted
Q0517	G	G11	skill	Dove production		c	Doves out of the meld. A flier lands on the lowest empty cell of its column; if the column is full it is stacked on the column's top card. Its fliers are ghosts: they leave the deck when the show ends	Scored melds release rank-1 token fliers that land on random columns as free cards — **level 2:** They land on columns you choose	Scored melds release rank-1 token fliers that land on columns you choose — **level 2:** They land on the cells you choose	Scored melds release one rank-1 flier per distinct suit in the meld, landing on random columns — **level 2:** You choose each flier's column, and a flier landing on a mark of its suit counts as matching it
Q0519	G	G11	skill	Klyaksa		b	Comes with a free rank-1 token card that shuffles into the deck and follows this card's column when drawn. The token it comes with stays in the deck; tokens it mints are ghosts	Comes with a free rank-1 token that shuffles into the deck and follows this card's column when drawn — **level 2:** When the token is drawn it may land on any cell adjacent to this card	Comes with a free rank-1 token that is placed adjacent to this card automatically whenever this card is placed — **level 2:** The token lands on the adjacent cell you choose	Mints a new rank-1 token into the Entrance every time this card scores — **level 2:** It mints two per score
Q0520	G	G11	skill	Reverse Card		c	Fills every empty slot, then goes. Its tokens are ghosts: they leave the deck when the show ends	On a condition, fills every empty skill slot with token cards, then destroys itself — **level 2:** It survives the first time it fires	On a condition, fills every empty skill slot with token cards and survives — **level 2:** It may also fire by cue	On a condition, fills every empty cell on the grid with token cards, then destroys itself — **level 2:** It survives the first time it fires
Q0521	G	G11	skill	The Butterfly Trick		c	Cue: create two rank-1 paper-token cards of any suit that drift down one chosen column, one row per Entrance refresh. Its tokens are ghosts: they leave the deck when the show ends	Cue: create two rank-1 token cards of any suit that drift one row down a chosen column per Entrance refresh — **level 2:** The tokens take the suit of each mark they drift over	Cue: create two rank-1 token cards of any suit placed directly into cells you choose — **level 2:** The tokens take the rank and suit printed on the marks of the cells they are placed in	Cue: create two rank-1 token cards that drift down a column and raise the rank of every card they pass — **level 2:** The tokens take the suit of each mark they drift over
Q0522	G	G11	skill	The Candy Butcher		b	Whenever a full 5-card row meld scores, mints one Ticket Stub to the deck. **Level 2, on its own mark:** A line through its cell mints two stubs ⚑ *pair review: it mints Ticket Stubs, whose only value was trade at a shop*	Whenever a full five-card row meld scores, mint one Ticket Stub into the deck	Whenever any five-card line scores, mint one Ticket Stub into the deck	Whenever a five-card line scores, mint one Ticket Stub per distinct suit in that line
Q0523	G	G11	skill	The Conjuror		b	Once per turn, produce a rank-1 token card of any suit into the Entrance. Its tokens are ghosts: they leave the deck when the show ends	Once per Entrance refill, produce a rank-1 token card of any suit into the Entrance — **level 2:** The token carries the rank and suit of any uncovered mark you name	Once per Entrance refill, produce a rank-1 token of any suit directly into an empty cell you choose — **level 2:** The token takes the rank and suit printed on the mark of the cell it goes onto	Once per Entrance refill, produce a token whose suit and rank you choose, up to a total rank budget of 5 per show — **level 2:** The token takes the rank and suit printed on the mark of the cell it goes onto
Q0524	G	G11	skill	The Witch's Gold		c	Tokens that pay out by detonating. A token that never explodes is a ghost. **Level 2, on its own mark:** An exploding token also pays for each uncovered mark adjacent to it	Spawns gold tokens that explode at the end of the placement, paying its rank into the special bucket and destroying whatever cell they sat in	Spawns gold tokens that explode at the end of the placement, paying its rank into the special bucket and damaging their neighbours	Spawns gold tokens that explode when a placement finishes resolving unless you have placed them first, so holding them in the Entrance is the gamble
Q0526	H	H1	skill	72 Transformations		b	Cue: copy any spotlit card's skill; track total copies across the run, and at 72 total copies this card permanently upgrades to Legendary stats. **Level 2, on its own mark:** The copied skill fires in its level-2 form	Cue: copies the skill of any spotlit card for the rest of the show; after 30 copies across the run it keeps one copied skill permanently	Copies the skill of whichever card scored most recently, free and automatic, re-copying every time a line completes	Cue: copies the skill of any spotlit card and destroys that card; keeps every skill taken this way, up to three at once
Q0527	H	H1	skill	The Apprentice		a	Blank skill; each show it permanently learns the first effect it observes firing, up to three learned effects	Starts blank; each show it permanently learns the first effect it sees fire, up to three learned effects — **level 2:** It learns two effects each show	Starts blank; each show it learns the first effect it sees fire, replacing whatever it learned before — **level 2:** It learns two effects each show	Starts blank; it learns every effect that fires in a line it belongs to, but forgets them all at show end — **level 2:** It keeps what it learned into the next show
Q0528	H	H1	skill	The Dubplate		b	Event-forged unique card created for this save file, assembled from the two effects scored most this run. **Level 2, on its own mark:** While it sits on its mark it also carries the effect that has scored most this show	A unique card forged for this save file out of the two effects that scored most this run	A unique card forged for this save file out of two effects you choose from those that scored this run	A unique card forged for this save file that re-forges itself out of the run's two top effects at the start of every run
Q0529	H	H1	skill	The Impersonation		b	Wears a dead card's skill	Copies the skill of a card destroyed earlier this run — **level 2:** It wears two dead cards' skills at once	Copies the skill of the most recently destroyed card, changing as more are lost — **level 2:** It wears two dead cards' skills at once	Copies the skill of a destroyed card, and can hold one skill per card you have lost, up to three — **level 2:** A card destroyed while it sits there is added even past three
Q0530	H	H1	skill	The Synthetic Idol		c	Assembled out of other cards' skills ⚑ *pair review: it does not say what a fragment of a skill is*	Its skill is assembled from fragments of other cards' skills in your deck — **level 2:** While it sits on its own mark, you choose which fragments it keeps	Its skill is assembled from fragments of the skills that scored most last show — **level 2:** While it sits on its own mark, you choose which fragments it keeps	Its skill is assembled from fragments you choose, one fragment added per show — **level 2:** It gains a second fragment this show
Q0531	H	H1	skill	Understudy		a	Learns from what dies above it. **Level 2, on its own mark:** It keeps its own skill as well as the copied one	If the card in the cell directly above it, in the row above, is destroyed or discarded, this card permanently copies its skill	If any card stacked on this one is destroyed, it permanently copies that card's skill, overwriting what it had	If the card in the cell directly above it is destroyed, this card copies its skill for the rest of the show only
Q0532	H	H2	skill	Call-and-response		c	Answers what its neighbour does. **Level 2, on its own mark:** It answers any card in its lines, not only an adjacent one	When an adjacent card triggers, this card may answer by mirroring that trigger at half power	When an adjacent card triggers, this card mirrors it at half power automatically	When an adjacent card triggers, this card mirrors it at full power, but only once per Entrance refill
Q0533	H	H2	skill	Canvas		c	Retriggers what is behind it, per what is ahead	Retriggers every card to its left in its row once for each card to its right that sits on a mark it matches — **level 2:** It counts every card to its right	Retriggers every card to its left in its row once, whatever is on the right — **level 2:** It retriggers both sides	Retriggers every card in its row once for each card in its column sitting on a mark it matches — **level 2:** It counts every card in its column
Q0534	H	H2	consumable	Double Tag		a	Copies the next reward you take	Consumable: the next reward you take is duplicated	Consumable: the next reward you take is duplicated, and this card is consumed by the duplication	Consumable: the next two rewards you take are each duplicated once
Q0536	H	H2	skill	The Cue Card		a	Cue: manually fire one adjacent card's trigger hook exactly as if the game had triggered it, including combo credit and stamps	Cue: fire one adjacent card's trigger by hand exactly as the game would, combo credit and stamps included — **level 2:** It may fire any card in its lines, not only an adjacent one	Cue: fire any card's trigger by hand, combo credit and stamps included — **level 2:** It may fire two	Cue: fire one adjacent card's trigger by hand; it counts for points but grants no combo — **level 2:** It may fire any card in its lines, not only an adjacent one
Q0537	H	H2	skill	The Monkey		b	A token that cues what it climbs. **Level 2, on its own mark:** At each refresh you choose whether the token climbs one row or steps one cell sideways	Spawns a token that climbs its column one row per Entrance refresh, freely cueing whatever card it sits on	Spawns a token that climbs one row per refresh and cues what it sits on; reaching the top, it starts again at the bottom	Spawns a token that climbs one row per refresh, cueing what it sits on and gaining +1 to the strength of each cue as it rises
Q0538	H	H2	stamp	The Kindling		b	After Hearthstone's Spellburst: fires once off another effect	The first time any other effect fires while this card is spotlit, this card's effect fires too, and the stamp is spent for the placement — **level 2:** It fires off the first two other effects, not one	The first time any other effect fires while this card is spotlit, this card's effect fires too, and the stamp recharges each placement — **level 2:** It fires off the first two other effects, not one	Every time another effect fires while this card is spotlit, this card's effect fires at a fraction of strength — **level 2:** It fires at full strength
Q0539	H	H3	skill	Caeruleum		a	Promotes its neighbours' operators	Adjacent scoring cards use the next operator up: a flat bonus is paid as mult, and a mult bonus makes its line pay into the special bucket as well as its own — **level 2:** It promotes every card in its lines	As (a), for one adjacent card per Entrance refill — **level 2:** It promotes every card in its lines	Every card in this card's line goes from flat to mult only — **level 2:** Mult bonuses in its line also pay into the special bucket
Q0540	H	H3	skill	Fun-house-mirror effect modifiers		c	Bends the effects around it. **Level 2, on its own mark:** While it sits on its own mark, you choose, per neighbour, whether it amplifies or distorts	Amplifies: adjacent cards' effects fire with their numbers doubled	Distorts: adjacent cards' effects fire from the cell mirrored across the grid's centre, so they reach the far side	Which of the two each neighbour gets is rerolled each show
Q0541	H	H3	skill	Gemini		c	Doubles what is beside it. **Level 2, on its own mark:** It doubles two adjacent cards	At the end of each show, doubles every value on an adjacent card	At the end of each show, doubles every value on an adjacent card, then that card is spent	At the end of each show, doubles every value on the adjacent card that scored least
Q0542	H	H3	skill	Twin Harmony		c	Doubles what is next to it. **Level 2, on its own mark:** An adjacent card sitting on a mark it matches has its effect tripled instead	Doubles any combo or multiplier effect on cards adjacent to it	Doubles any combo or multiplier effect on cards in its row and column	Doubles any combo or multiplier effect on adjacent cards, and triples it if the adjacent card shares its class
Q0544	H	H4	skill	The Calm Voice		c	Once per run, negate a disaster event or boss effect and gain fame equal to its severity instead. **Level 2, on its own mark:** It negates two	Once per run, negate a disaster or boss effect and gain fame equal to its severity instead	Once per show, negate a disaster or boss effect, gaining nothing for it	Once per run, negate a disaster or boss effect, and the next boss effect of the same kind is negated too
Q0545	H	H4	skill	The Loophole		c	Turns the hazard around. **Level 2, on its own mark:** It may invert two hazards	Choose one active town or boss hazard: its effect inverts to help you for this show	Choose one active town or boss hazard: it is simply switched off for this show	Choose one active hazard: it inverts to help you, and the boss gains a second hazard in exchange
Q0546	H	H4	consumable	The Patch		b	Cancels a rule before it lands	Consumable: cancel one town penalty or hazard rule card before the show begins	Consumable: cancel one town penalty or hazard rule card at any point during the show	Consumable: swap one town hazard for a different one drawn at random
Q0547	H	H4	skill	The Vigil		c	Your last move dictates what others may do ⚑ *pair review: a two-player rule: in a solitaire it only restricts your own cards*	If this card rose in height last turn, no other card may rise in height this turn — **level 2:** While it sits on its own mark, its restriction binds only hazards, not your cards	If this card rose in height last turn, no OPPOSING effect may raise a card this turn — **level 2:** While it sits on its own mark, its restriction binds only hazards, not your cards	Whatever this card did last turn, no other card may do this turn — **level 2:** Whatever it did last turn, a card that does the same from its lines this turn pays double
Q0548	H	H5	skill	Ghost		c	Possesses another card. **Level 2, on its own mark:** It possesses two cards	At each show's end, a chance to possess a random card of yours, taking over its effects	At each show's end, a chance to possess a random card, and a smaller chance to destroy itself	Cue to possess a card of your choice for the show, returning its effects when the show ends
Q0549	H	H5	skill	The Boot Code		a	Passes a buff down its row card-to-card without triggering, invisible to effects that count or punish triggers ⚑ *pair review: it does not say what the buff is*	Passes a buff along its row card to card without triggering, invisible to anything counting or punishing triggers — **level 2:** The buff runs along its column too	Passes a buff along its row card to card without triggering, and the buff doubles at the far end — **level 2:** The buff runs along its column too	Passes a buff to any one card in any grid without triggering, invisible to trigger counters — **level 2:** It buffs two cards
Q0550	H	H5	skill	The Double		b	Assign a 'star' card at show start; the first destruction or debuff aimed at the star hits this card instead. **Level 2, on its own mark:** Once per show it survives a hit it takes	Name one card at show start; the first destruction or debuff aimed at it hits this card instead	Name one card at show start; every destruction or debuff aimed at it hits this card instead, until this card is destroyed	The first destruction or debuff aimed at any of your cards each placement hits this card instead
Q0551	H	H5	skill	The Rigger		a	Crosses the wires. **Level 2, on its own mark:** It may rewire three cards in a ring	Cue: swap the wiring of two cards so each one's skill now answers the other's events	Cue: swap the wiring of two cards for one placement only	Cue: redirect one card's skill so it answers this card's events instead of its own
Q0552	H	H5	skill	The Throw (ventriloquism)		c	Throws its voice. **Level 2, on its own mark:** The effect lands in two places	Cues a card's ability as though the card were in a different column	Cues a card's ability as though it were in any cell you name, in any grid	Cues a card's ability from its real position, but its effect lands where you name
Q0553	H	H6	type	Automaton		b	On every Entrance refresh, automatically performs this card's cue for free; it can never be triggered manually	This card's cue fires automatically on every Entrance refresh and can never be triggered by hand	This card's cue fires automatically whenever a line it belongs to completes, and can never be triggered by hand	This card's cue fires automatically at show start and again at show end, and can never be triggered by hand
Q0554	H	H6	skill	Configurable rhythm-buff (calliope organ)		c	A programmable rhythm. **Level 2, on its own mark:** While it sits on its own mark, you may reorder its answers at each Entrance refill ⚑ *pair review: it does not say what answering a trigger does*	A punched-card organ you configure: choose which triggers it answers and in what order	A punched-card organ that answers a fixed rhythm of triggers you set once at run start	A punched-card organ you reconfigure each show, choosing which triggers it answers
Q0555	H	H6	skill	Instead Of That		a	If something would happen, something else happens. **Level 2, on its own mark:** It holds two substitutions ⚑ *pair review: it does not say which events it may name*	This card names one event and one substitute; whenever the named event would happen anywhere, the substitute happens instead	This card names one event and one substitute, and the substitution applies only on its own grid	This card names one event and one substitute; the substitution applies once per Entrance refill and then waits
Q0556	H	H6	skill	Lazzi trigger-macros		c	A rehearsed combo you can equip. **Level 2, on its own mark:** While it sits on its own mark, a macro may fire without being rehearsed first ⚑ *pair review: it does not say what a macro does or what it costs*	Equippable trigger macros: small scripted sequences a card can rehearse and then fire as one	Equippable trigger macros that a card rehearses once and can fire once per show	Equippable trigger macros you write yourself from effects already in your deck
Q0557	H	H6	skill	The Cannon King		c	Fireworks-suit cards may score directly from the Entrance without entering the grid	Fireworks-suit cards may score straight from the Entrance without ever being placed — **level 2:** The Entrance card scores as part of the lines through this card's cell	Any card of one suit you name at show start may score straight from the Entrance without being placed — **level 2:** The Entrance card scores as part of the lines through this card's cell	Cue, once per refresh: fire one Entrance card at an uncovered mark it matches; it pays that mark's match bonus into the special bucket without occupying the cell, then is discarded, and the mark stays — **level 2:** Two per refresh instead of one
Q0558	H	H6	skill	The Conductor		c	All on-refresh effects are held each turn and fire together when the placement scores instead, in a chosen order	All on-refresh effects are held each turn and fire together when the placement scores, in an order you choose — **level 2:** You may release one held effect early, at a moment you choose	All on-refresh effects are held and fire together when the placement scores, in the order they were held — **level 2:** You may release one held effect early, at a moment you choose	You may hold any one effect's trigger and release it at a moment of your choosing later in the show — **level 2:** It may hold two triggers
Q0559	H	H6	skill	The Dragoman		a	Choose a card: its on-score effects also fire when it is discarded	Choose a card: its on-score effects also fire when it is discarded — **level 2:** Choose two cards	Choose a card: its on-score effects also fire when it is discarded or when it is covered — **level 2:** Choose two cards	Every card's on-score effects also fire when it is discarded, at half strength — **level 2:** It works at full strength
Q0560	H	H6	stamp	The Rewritten Cue		c	Turns one hook into another. **Level 2, on its own mark:** Its modifiers fire on both hooks at full strength	The other modifiers on this card fire on placement instead of on scoring	The other modifiers on this card fire on placement as well as on scoring, at half strength each	The other modifiers on this card fire when it lands on a mark it matches, instead of when it scores
Q0561	H	H7	skill	Duende		b	When a placement scores 5 or more distinct combo classes and every meld that placement raised the combo, triples the placement's payout	If a placement raises the combo with five or more distinct effect classes, its payout triples — **level 2:** Four distinct classes are enough	A placement's payout is multiplied by the number of distinct effect classes that fired in it — **level 2:** The multiplier is the count plus one	If every line scored in a placement raised the combo, the placement's payout triples — **level 2:** It triples even if one line failed to raise the combo
Q0562	H	H7	skill	The Combo Chain		c	The chain, not the hit, is the score ⚑ *pair review: the show's combo already pays per distinct effect class*	Each distinct effect that fires within one placement extends a chain; the placement payout is multiplied by the chain length rather than by a fixed combo — **level 2:** Effects through its cell count twice	Each distinct effect within one placement extends a chain, and the chain carries into the next placement if the placement scored above target — **level 2:** The chain carries whether or not the placement scored above target	Each distinct effect extends a chain, and a repeated effect breaks it back to one — **level 2:** A repeat through its cell does not break the chain
Q0563	H	H7	skill	The Critic		a	After each placement, the effect that triggered most is silenced for the next placement; any effect that triggered exactly once scores a bonus	After each placement, the effect that triggered most is silenced for the next placement, and every effect that triggered exactly once pays a bonus — **level 2:** Effects that fired exactly once pay double	After each placement, the effect that triggered most is silenced for the next placement — **level 2:** Effects that fired exactly once pay a bonus	After each placement, every effect that triggered more than three times is silenced for the next placement, and those that triggered once pay a bonus — **level 2:** Effects that fired exactly once pay double
Q0564	H	H7	skill	The Uniqueness Bonus		b	Paid for variety, not volume. **Level 2, on its own mark:** Effects fired from matched cells count twice ⚑ *pair review: the show's combo already pays per distinct effect class; overlaps Q0562*	When a placement finishes resolving, score a step for every distinct effect that fired this placement, and nothing for repeats	When a placement finishes resolving, score a step for every distinct effect that fired, and a larger step for every effect that fired exactly once	When a placement finishes resolving, score for every distinct effect that fired this show rather than this placement, counting each only the first time
Q0565	H	H8	skill	The Jumbled Bill		b	After Balatro's Amber Acorn: shuffles the running order. **Level 2, on its own mark:** You pick the new order instead of shuffling it	Shuffles the resolution order of every effect on the board	Shuffles the resolution order of every effect, and you may look at the new order before committing	Reverses the resolution order of every effect on the board
Q0566	H	H8	skill	Cascade Scorer		c	When a line scores, scores all rows first, then all columns simultaneously per row band	When two lines complete at once, the special bucket's lines resolve first and rows before columns after them, so what diagonals and stacks trigger applies to rows and columns — **level 2:** Lines through its cell always resolve last, so they gain from everything the others triggered	When two lines complete at once, the line containing the card you just placed resolves last, so what the others trigger applies to it — **level 2:** Lines through its cell always resolve last, so they gain from everything the others triggered	When two lines complete at once, the line containing the card you just placed resolves first and its result feeds the others — **level 2:** The line that resolves first pays a step more
Q0567	H	H8	skill	Resolution By Rank		b	Effects fire in rank order, not board order. **Level 2, on its own mark:** You may swap two adjacent effects in the order each placement	When several effects trigger at once, they resolve in descending rank order rather than by position	When several effects trigger at once they resolve in descending rank order, ties broken by which was placed first	When several effects trigger at once, they resolve in ascending rank order, so the smallest card acts first
Q0568	H	H8	skill	The Approach		c	A line resolves from one end, in order. **Level 2, on its own mark:** A line through its cell resolves from both ends toward the middle	A completed line resolves card by card from the edge inward rather than all at once, and an effect may stop the resolution partway	A completed line resolves from the edge inward, and you choose which edge each time	A completed line resolves from the edge inward, and each card it passes raises the value of the next
Q0570	H	H8	skill	The Reading Order		a	Where a card sits decides when it fires. **Level 2, on its own mark:** Cards sitting on marks they match jump to the front of the order	Effects resolve in reading order across the grid, so moving a card changes when it fires	Effects resolve in the order the cards were placed, not by position	Effects resolve in reading order, and a card may pay a charge to jump to the front
Q0571	H	H8	skill	The Showdown Order		b	Lines resolve strongest first. **Level 2, on its own mark:** The strongest line pays once more at the end	Completed lines resolve in order of the strength of the hand they made, strongest first	Completed lines resolve weakest first, so the strongest benefits from everything the others triggered	Completed lines resolve strongest first, and each weaker line inherits the multiplier of the one before it
Q0572	H	H8	stamp	Top Billing		c	First on the bill. **Level 2, on its own mark:** It scores both first and last within its meld	Always scores first within its meld, ahead of normal dispatch order	Always scores last within its meld, so everything else has already resolved when it fires	You choose whether it scores first or last within its meld, per Entrance refill
Q0575	H	H9	skill	The Costumier		a	All your cards may hold 2 stamps. **Level 2, on its own mark:** Cards sitting on marks they match may hold three stamps	All your cards may hold two stamps	All your cards may hold two stamps, but every stamp works at half strength	Cards in this card's lines may hold two stamps
Q0576	H	H9	stamp	The Illustrated		c	This card may hold unlimited stamps, but can never hold a skill	May hold unlimited stamps, but can never hold a skill — **level 2:** It may carry a skill while it sits there	May hold up to three stamps, and its skill works at half strength — **level 2:** Its skill works at full strength	May hold unlimited stamps and no skill, and scores a bonus per stamp it carries — **level 2:** It may carry a skill while it sits there
Q0579	H	H10	stamp	The Double Billing		a	A card that holds two skills	This card may hold two skills at once, both fully active — **level 2:** A talent match by either skill unlocks both skills' level 2	This card may hold two skills, each firing at half strength — **level 2:** Both skills fire at full strength	This card may hold two skills, and only the one matching the line's dominant suit fires — **level 2:** Both skills fire whatever the dominant suit
Q0580	H	H10	stamp	The Fitted Slot		a	A slot that only takes certain cards	This card has a second stamp slot that accepts only stamps whose effect fires on placement — **level 2:** The second slot takes any stamp	This card has a second stamp slot that accepts any stamp, but both fire at half strength — **level 2:** Both stamps fire at full strength	This card has a second stamp slot that accepts only stamps already carried by another card on the grid — **level 2:** The second slot takes any stamp
Q0581	H	H10	skill	The Quick Change		b	Moves a modifier between slots. **Level 2, on its own mark:** It may move a modifier onto another card	Cue: move a card's skill into its stamp slot, or the reverse	Cue: move any modifier on a card into any other slot on that card, if the slot is empty	Cue: swap the contents of two slots on the same card, whatever they are
Q0582	H	H10	skill	The Rank Requirement		b	Equipment that wants a number	This card holds a skill from another card, but only fires it while this card sits at rank seven or higher — **level 2:** It fires the held skill at full strength whatever its rank	This card holds a skill from another card and fires it at a strength set by this card's rank — **level 2:** It fires the held skill at full strength whatever its rank	This card holds two skills from other cards and fires whichever matches its current rank band — **level 2:** Both held skills fire
Q0584	H	H10	skill	The Stripped Act		c	Removes a slot entirely. **Level 2, on its own mark:** It may remove two slots	Cue: permanently remove a card's type slot; the card scores more for having less	Cue: permanently remove any one slot from a card, and it scores more for each slot it lacks	Cue: permanently remove a slot from a card and graft that slot onto another card
Q0585	I	I1	skill	No-conditions cue		c	A cue with no strings. **Level 2, on its own mark:** Its cue also fires the cue of one card in its lines ⚑ *pair review: it does not say what its cue does*	This card's cue works from anywhere, with no conditions at all	This card's cue works from anywhere, but only once per show	This card's cue works from anywhere and from any zone, including the deck and the discard
Q0586	I	I1	skill	Peanut Pitch		c	Cue, 3 charges per show: gives bonus points to any one card on the grid. **Level 2, on its own mark:** A charge spent on a card sitting on a mark it matches is refunded	Cue, 3 charges per show: give bonus points to any one card on the grid	Cue, 3 charges per show: give bonus points to every card in one line	Cue, 3 charges per show: give bonus points to one card, and the charge is refunded if that card scores this turn
Q0587	I	I1	skill	Tap Solitaire		c	Tapping is the only verb	A show where cards are only cued from the Entrance, except that a card may be placed where the cell's mark matches it — **level 2:** A cued card whose mark it matches is placed there after its cue resolves	A show where placement is free but every card must also be cued once before it can score — **level 2:** While it sits on its own mark, you may place one card each refill without cueing it	A show where you may either place or cue each turn, never both — **level 2:** While it sits on its own mark you may both place and cue in one turn
Q0588	I	I1	skill	The Charge Bank		c	Charges are a pool, not a per-card allowance	Charges are held in one shared pool rather than per card; any cued effect may draw from it — **level 2:** The pool gains a charge per line scored through its cell	Charges are held per card as usual, but a card may lend a charge to any adjacent card — **level 2:** A card may lend to any card in its lines	Charges are held in one shared pool that refills by one each placement, and any effect may draw from it — **level 2:** The pool refills by two
Q0589	I	I2	skill	Bonus Joker		a	Sometimes it makes room. **Level 2, on its own mark:** The chance doubles for cards scoring through its cell ⚑ *pair review: the brief names no limit on how many skills or consumables you carry, so there is no slot to grow*	A scoring card has a small chance to permanently grant one extra slot, up to twice per show	A scoring card has a small chance to grant one extra slot for the current show only	Every completed line has a small chance to grant one extra slot, with no per-show cap
Q0590	I	I2	stamp	Negative		a	Takes no room at all. **Level 2, on its own mark:** A card placed beside the wearer while it sits on its mark takes no slot either ⚑ *pair review: (c) could not be sold, and there is no shop*	This card occupies no slot, so it is carried in addition to your normal capacity	This card occupies no slot, and grants one extra slot besides	This card occupies no slot, but it cannot be moved or destroyed once acquired
Q0591	I	I2	skill	Nostalgic Deck		c	One pool of slots for everything. **Level 2, on its own mark:** While it sits on its own mark, you may move one card between the pools ⚑ *pair review: the brief names no limit on how many skills or consumables you carry, so there is no slot to grow*	Skill slots and consumable slots are one shared pool	Skill slots and consumable slots are one shared pool, and the pool is smaller than the two were	Every slot on every card is one shared pool, so a card may trade a stamp for a skill
Q0593	I	I2	skill	The Metronome		c	More charges, everywhere. **Level 2, on its own mark:** A cue fired from a card sitting on a mark it matches spends no charge	Every charge-based effect on your cards gains +1 maximum charge	Every charge-based effect gains +1 maximum charge, and one spent charge is refunded per show	Every charge-based effect gains +1 maximum charge, and unspent charges carry into the next show
Q0594	I	I2	skill	The Unlocked Cell		a	Capacity is a reward, not a starting stat. **Level 2, on its own mark:** A three of a kind through its cell is enough	Scoring a four of a kind widens the Entrance by one slot for the rest of the run; the new slot deals from its own stock	Scoring a four of a kind widens the Entrance by one slot for the rest of the show, the new slot filled from the deepest stock	Every four of a kind widens the Entrance by one slot, and every card of yours destroyed narrows it by one
Q0595	I	I3	skill	Clockwork Joker		a	Four clocks, and they can align	Runs four staggered timers with different periods, each firing its own effect; when all four coincide it copies itself — **level 2:** Three of the four timers aligning is enough	Runs four staggered timers, each firing its own effect, with no bonus for alignment — **level 2:** Each timer fires twice on its tick	Runs four staggered timers whose periods you set once, and aligning all four copies the card — **level 2:** Three of the four timers aligning is enough
Q0596	I	I3	skill	Happy House		c	A very long fuse. **Level 2, on its own mark:** A placement onto a matched cell counts twice toward its fuse	Does nothing until a large number of placements have been made, then raises the multiplier to a power	Does nothing until a large number of placements have passed, then pays a single enormous lump sum	Its threshold is hidden and revealed only as you approach it, then it raises the multiplier to a power
Q0597	I	I3	skill	Loyalty Card		c	Fires hard, but rarely. **Level 2, on its own mark:** It also fires on any placement that lands a card on a mark it matches	Every sixth placement, this card scores a large multiplier; the rest do nothing	Every sixth placement it scores a large multiplier, and the counter carries across shows	Every Nth placement it scores a large multiplier, and you set N when you acquire it
Q0598	I	I3	stamp	All-Out Effort		b	After Deadpool's catchphrase Maximum Effort: doubles this card's points on score; afterward it is Exhausted (scores nothing) until a show passes in which it was never played	Doubles this card's points, then Exhausts it until a show passes in which it was never played — **level 2:** It triples instead of doubling	Doubles this card's points, then Exhausts it until it next lands on a mark it matches — **level 2:** It triples instead of doubling	Triples this card's points, then Exhausts it for two shows — **level 2:** It Exhausts for one show, not two
Q0599	I	I3	stamp	The Countdown Equipment		c	Powerful, and then unavailable for a while	This card fires a large effect, then goes dark for three scoring passes before it can fire again — **level 2:** Its dark time halves	This card fires a large effect, then goes dark for three placements before it can fire again — **level 2:** Its dark time halves	This card fires a large effect, then goes dark until a line containing it scores — **level 2:** It wakes when any line through a matched cell scores
Q0600	I	I4	skill	Campfire		c	Grows on what you discard, resets on bosses. **Level 2, on its own mark:** It counts destroyed cards as well as discarded ones	Gains a permanent multiplier for each card discarded from the board, reset whenever a boss is beaten	Gains a permanent multiplier for each card discarded from the board, never reset	Gains a multiplier for each card discarded from the board, and beating a boss banks the current value rather than resetting it
Q0601	I	I4	skill	Cheat Day		a	If the show is won with cards still in the deck, every remaining deck card gains +1 rank permanently	If a show is won with one Entrance stock never drawn from, every card in that stock gains +1 rank permanently — **level 2:** You may give the whole gain to one card of that stock	If a show is won with a stock never drawn from, this card gains +1 rank per card left in it, permanently — **level 2:** +2 per card	At the end of every show, the cards left in the deepest stock gain +1 rank permanently — **level 2:** The two deepest stocks
Q0602	I	I4	skill	Constellation		c	Grows every time you spend a consumable. **Level 2, on its own mark:** A consumable used on a card sitting on a mark it matches counts twice	Gains a permanent multiplier every time a consumable is used	Gains a permanent multiplier every time a consumable is used, doubled for rarer ones	Gains a permanent multiplier per consumable used, and a further one per distinct consumable used
Q0603	I	I4	stamp	Corrupted		b	Improves once, and the improvement sticks	The first time a line containing this card scores above a threshold, this card is permanently upgraded — **level 2:** It upgrades at half the threshold	Each time a line containing this card scores above a threshold, the threshold rises and the card upgrades again — **level 2:** It upgrades at half the threshold	The first time this card scores at all it is permanently upgraded; the second time it upgrades again and the stamp is spent — **level 2:** The stamp is not spent at the second upgrade
Q0604	I	I4	skill	Double Scale		a	Growth that curves upward. **Level 2, on its own mark:** Cards sitting on marks they match grow cubically	Every card that grows with use grows quadratically rather than linearly	Every card that grows with use grows quadratically, but resets at the end of each show	Every card that grows with use grows quadratically, and the curve steepens once past a threshold
Q0605	I	I4	skill	Energia		c	Copies rewards, more each time. **Level 2, on its own mark:** Each line scored through its cell counts as a reward taken	Whenever you take a reward, it is copied; the number of copies rises by one each time	Whenever you take a reward it is copied once, always	Whenever you take a reward it is copied, the count rising each time, and resetting when you skip one
Q0606	I	I4	skill	First of May		b	A random Common card that permanently upgrades to its Rare version after scoring 10 times across the run	After scoring 10 times in a run, this card permanently becomes its Rare version — **level 2:** It needs five scores	After scoring 10 times in a run, this card permanently gains one rarity tier, and can keep doing so — **level 2:** It needs five scores	Gains +1 rank each time it scores, and at rank 20 permanently becomes its Rare version — **level 2:** +2 rank per score while it sits there
Q0607	I	I4	skill	Garden Solitaire		a	Cards grow where you plant them. **Level 2, on its own mark:** A growing card whose rank reaches the rank printed on its mark counts as matching it on rank from then on	A card in no complete line gains +1 rank at each Entrance refill; when a line through it completes it is harvested: the ranks it gained are paid as flat points into that line's bucket and its rank returns to printed	As (a), but a harvested card keeps its grown rank, and a grown card that is moved or covered loses all of it	As (a), and a card orthogonally adjacent to two growing cards gains +2 per refill
Q0608	I	I4	skill	Glass Joker		c	Feeds on a particular kind of death	Gains a permanent multiplier every time a card of a named type is destroyed — **level 2:** It names two types	Gains a permanent multiplier every time any card is destroyed, at half the rate — **level 2:** It works at the full rate	Gains a permanent multiplier per card of a named type destroyed, and it names the type when acquired — **level 2:** It names two types
Q0609	I	I4	skill	Hiker		a	Every card it sees gets permanently better. **Level 2, on its own mark:** Cards scoring through its cell gain double	Every card that scores permanently gains a small flat bonus	Every card that scores permanently gains a small flat bonus, capped per card	Every card that scores permanently gains a bonus, and this card gains one too for each
Q0610	I	I4	skill	Hologram		b	Grows with the deck. **Level 2, on its own mark:** Cards added straight into the Entrance count twice	Gains a permanent multiplier every time a card is added to your deck	Gains a permanent multiplier per card added, and loses one per card removed	Gains a permanent multiplier per card added, doubled if the card was created by an effect
Q0611	I	I4	skill	The One-Trick Pony		c	After the Cryptid mod's Jimball: rewards playing the same hand over and over ⚑ *pair review: overlaps Q0040 and Q0048, which you ruled on: repeats of a hand grow it*	Gains a multiplier per consecutive placement in which you score your most-played hand type — **level 2:** Switching hands halves it instead of emptying it	Gains a multiplier per Entrance refill in which you score your most-played hand, consecutive or not — **level 2:** A refill scoring the hand through its cell counts double	Gains a multiplier per consecutive placement scoring the same hand, and loses it all when you switch — **level 2:** Switching hands halves it instead of emptying it
Q0612	I	I4	skill	Light Card		a	Grows, and asks for more. **Level 2, on its own mark:** Its requirement rises every second time it grows	Gains a multiplier each time it scores in a full line, and raises by one the number of cards in that line that must sit on marks they match before it pays again: first any full line, then one hit, then two, up to five	As (a), but the hits are counted anywhere on the grid, not in the line	As (a), and the requirement resets each show
Q0613	I	I4	skill	The Fixer-Upper		a	After the Cryptid mod's Pot of Jokes: starts as a penalty and grows out of it	Begins by shrinking the Entrance, and gives one slot back every show until it is a net gain — **level 2:** It gives back two slots a show	Begins by shrinking the Entrance, recovering one slot per show until it is neutral, and no further — **level 2:** It gives back two slots a show	Begins by shrinking the Entrance, and recovers one slot every time a line scores — **level 2:** Two per line
Q0614	I	I4	skill	Ride the Bus		c	A streak that a face card breaks	Gains a multiplier per consecutive placement with no face card scoring, resetting the moment one does — **level 2:** A face card sitting on a mark it matches does not break the streak	Gains a multiplier per consecutive placement with no face card, and keeps half through the reset — **level 2:** A face card sitting on a mark it matches does not break the streak	Gains a multiplier per consecutive placement without any card of a rank you name — **level 2:** A card of the named rank sitting on a mark it matches does not break the streak
Q0615	I	I4	skill	Runner		b	Permanent growth from one hand type. **Level 2, on its own mark:** It grows twice for hand types scored through its cell ⚑ *pair review: overlaps Q0040 and Q0048, which you ruled on: hand types grow with play*	Gains a permanent flat bonus each time a line scores as a named hand type	Gains a permanent flat bonus each time a line scores as any hand type it has not scored before	Gains a permanent bonus per named hand type scored, and the named type changes each show
Q0616	I	I4	stamp	Self-Granted Title		a	This card counts as one rarity higher for all effects and bonuses, but not for rarity-based rewards. **Level 2, on its own mark:** It counts as two tiers higher	Counts as one rarity higher for every effect and bonus, but not for rarity-based rewards	Counts as one rarity higher for everything, rarity-based rewards included	Counts as one rarity higher for every effect, and gains a further tier each time it wins a show single-handedly
Q0617	I	I4	skill	The Fadista		a	Scores bonus points per card destroyed or lost this run. **Level 2, on its own mark:** It counts discarded cards too	Scores bonus points for every card destroyed or lost this run	Scores bonus points for every card destroyed or lost this show	Gains +1 permanent rank for every third card destroyed or lost this run
Q0618	I	I4	skill	The Gentled Beast		a	Cards dropped on this card are not consumed but returned to the column below it; each one permanently adds +1 to this card's score bonus. **Level 2, on its own mark:** You choose where in the column each passing card lands	Cards dropped on this one are not consumed but pass to the nearest empty cell below it in its column, stacking on it if there is none, and each permanently adds +1 to this card's bonus	Cards dropped on this one pass to the nearest empty cell below it in its column, stacking on it if there is none and each adds +1 to this card's bonus for the show only	Cards dropped on this one pass to the nearest empty cell below it in its column, stacking on it if there is none, and each adds +1 rank to this card permanently
Q0619	I	I4	skill	The Murga		a	Paid by the run's history. **Level 2, on its own mark:** It also counts every mark matched this run	Scores per boss beaten, per card lost and per event survived this run	Scores per boss beaten this run only	Scores per boss beaten, card lost and event survived, and remembers across runs on the same profile
Q0620	I	I4	skill	The Streak		c	Scoring in a row and going scoreless in a row both pay. **Level 2, on its own mark:** A streak survives one break	Each consecutive placement that completes a line adds a rising bonus to that line's bucket; a scoreless placement resets it	Each consecutive scoreless placement adds one to a slump; the next line to score pays the slump squared as flat points into its bucket and resets it, so filling the board without completing lines is a line of play	Both counters run at once, and whichever breaks pays
Q0621	I	I4	skill	Weary Willie		b	Feeds on your losses. **Level 2, on its own mark:** It also grows when your cards are discarded	Gains +1 rank permanently per card of yours destroyed or discarded, and per Entrance refill that completes no line	Gains +1 rank permanently per card destroyed, and +5 per Entrance refill that completes no line	Gains +1 rank per card destroyed, and loses it all the moment a show ends with none of your cards destroyed
Q0622	I	I5	skill	The Lollipop		c	After the Cryptid mod's Clicked Cookie: wears out as you use it. **Level 2, on its own mark:** Cueing it costs it nothing	A large flat bonus that shrinks by one every time this card is cued	A large flat bonus that shrinks every time it is cued, and is destroyed at zero	A large flat bonus that shrinks with use and recovers one step per show it goes uncued
Q0623	I	I5	skill	The Corn Dog		c	After the Cryptid mod's Fast Food M: on a timer you can extend. **Level 2, on its own mark:** Each line scored through its cell adds a show to its life	A large bonus that self-destructs after a few shows; a specific action adds a show to its life	A large bonus that self-destructs after a few shows, with no way to extend it	A large bonus on a timer you may extend by destroying a card from your deck, one more each time
Q0624	I	I5	type	Glass		a	Scores double points, and is destroyed permanently after its third score ⚑ *pair review: a second Glass type: Q0268 is also Glass, transparent and brittle*	Scores double, and is destroyed for good after its third score	Scores double, with a 1-in-4 chance of shattering each time it scores	Scores double, and is destroyed at the end of any show in which it was covered
Q0625	I	I5	skill	Ice Cream		c	Melts as the show runs. **Level 2, on its own mark:** It melts only on placements that match no mark	Starts with a large flat bonus that shrinks with every placement played, ending at nothing	Starts with a large flat bonus that shrinks each placement, and is destroyed when it reaches nothing	Starts with a large bonus that shrinks each placement, and cue at any time to cash out what remains
Q0626	I	I5	skill	Persistent spin-buff (Sangmo)		c	Keeps spinning while the combo holds ⚑ *pair review: it does not say what the buff is*	A buff that lasts as long as the combo keeps rising, and ends the moment it does not — **level 2:** A combo that stalls while it sits on its own mark does not end the buff	A buff that decays one step per Entrance refill unless re-triggered — **level 2:** While it sits on its own mark the buff does not decay	A buff that lasts while the combo rises and, when it ends, pays out everything it accumulated — **level 2:** A combo that stalls while it sits on its own mark does not end the buff; it pays out at show end at the latest
Q0627	I	I5	skill	Starfruit		c	A huge exponent that decays away. **Level 2, on its own mark:** A placement that lands a card on a mark it matches does not decay it	Raises the multiplier to a power, losing part of the exponent every show	Raises the multiplier to a power, losing part of the exponent every placement	Raises the multiplier to a power that decays each placement, and recovers a step each placement that scores nothing
Q0628	I	I5	skill	The Top		c	Spins until it topples	Cue to set it spinning: it scores a little every turn until it topples after a random duration — **level 2:** Its topple chance rises half as fast	Cue to set it spinning: it scores a little every turn and topples after exactly five turns — **level 2:** You may stop it early and keep what it scored	Cue to set it spinning; it scores more each turn it stays up, and topples on a rising chance — **level 2:** Its topple chance rises half as fast
Q0629	I	I5	type	Wax		c	Melts near fire	At each show end, loses 1 rank per Flames card that shared its column that show, and is destroyed at rank 0	At each show end, loses 1 rank per Flames card anywhere on its grid, and is destroyed at rank 0	Loses 1 rank the moment any Flames card is placed in its column, and is destroyed at rank 0
Q0630	I	I6	skill	Burn After Reading		c	Spent the moment it is read ⚑ *pair review: it does not say what its effect is*	Cue: apply this card's effect to any target, then destroy this card — **level 2:** Cued from its own mark, it is not destroyed	Cue: apply this card's effect to any target; the card survives but can never be cued again — **level 2:** Cued from its own mark, it may be cued once more	Cue: apply this card's effect, then destroy it; it returns to the deck at the end of the run — **level 2:** Cued from its own mark, it returns next show, not next run
Q0631	I	I6	stamp	The Exhausted Card		c	Fires once, hugely, and is gone from the show	This card fires its effect at triple strength and is removed from the show, returning for the next one — **level 2:** It returns at the next Entrance refill instead of next show	This card fires at triple strength and is removed from the run entirely — **level 2:** It returns next show instead of leaving the run	This card fires at triple strength and is removed from the show; if it was in the placement that met the goal, it returns permanently upgraded — **level 2:** It returns upgraded if any line through its cell scored while it sat there
Q0634	I	I7	skill	Flagpole Sitter		c	Gains bonus points for each consecutive show it ends as the top card of the same column; any move resets the streak to zero	Gains bonus points for each consecutive show it ends as the top card of the same column; any move resets it — **level 2:** Ending in an adjacent column keeps the streak	Gains +1 rank for each consecutive show it is never moved; being moved returns it to its printed rank — **level 2:** +2 rank per show	Gains a stacking multiplier for each consecutive show it ends in the exact same cell; being moved or covered resets it — **level 2:** Being covered no longer resets its streak
Q0635	I	I7	skill	The Holdout		a	Stores one card outside the game across shows; cue once per run to insert it into any stack at any moment, but a town search loses it	Stores one card outside the game across shows; cue once per run to insert it into any stack at any moment, and a town search loses it — **level 2:** Twice per run	Stores one card outside the game across shows; cue once per show to insert it into any stack — **level 2:** The stored card may be swapped for another at any Entrance refill	Stores one card outside the game; it returns automatically at the moment its line would complete — **level 2:** Twice per run
Q0636	I	I7	stamp	The Running Gag		a	A counter that survives the curtain. **Level 2, on its own mark:** Its counter survives this card being destroyed and returning	Any counter this card accumulates is kept across the show boundary rather than reset	Any counter this card accumulates is kept across shows, and halved at each boundary	Any counter on any card is kept across shows while this one is in the deck
Q0637	I	I7	skill	The Standing Set		b	The board is not struck between shows	Cards left on the grid at show end stay there for the next show, and the entrance fills around them — **level 2:** Cards left standing keep the marks they sat on	The cards in one line of your choice are left standing between shows and the rest are struck — **level 2:** Cards left standing keep the marks they sat on	Cards left on the grid stay for the next show, but each one that stays scores a step less each time — **level 2:** Cards left standing on matched cells score no step less
Q0638	I	I8	structure	Season Ticket		c	The run leaves something behind	The highest-scoring card of each run is added to the next run's starting deck	The highest-scoring card of each run is added to the pool, not the deck	One card of your choice from each finished run joins the next run's deck, upgraded
Q0641	I	I8	skill	The Trunk		c	Packs something for next time. **Level 2, on its own mark:** It packs two cards	One card of your choice keeps everything it gained into the next run	One card of your choice keeps half of what it gained into the next run	One card keeps what it gained, and the card chosen is locked into the next run's starting deck
Q0642	I	I9	skill	Ascended		a	A threshold that, once crossed, is never uncrossed	Once ten cards on this grid sit on marks they match at one moment, every card on it scores an extra step for the rest of the run — **level 2:** Eight are enough	Once ten cards on this grid sit on marks they match at one moment, every card on it scores an extra step for the rest of the show — **level 2:** Eight are enough	Once any three lines have scored the same hand type in one show, that hand type scores an extra step for the rest of the run — **level 2:** Two lines are enough
Q0643	I	I9	skill	Permanent-toggle effect archetype		c	Once on, never off ⚑ *pair review: an archetype, not an effect: it does not say what stays on*	Once activated, this effect stays active for the rest of the show and can never be switched off — **level 2:** Switched on from its own mark, it stays on into the next show	Once activated, this effect stays active for the rest of the run and can never be switched off — **level 2:** Switched on from its own mark, it may be switched off once	Once activated it stays active permanently, and its strength grows the longer it has been on — **level 2:** Switched on from its own mark, it starts as if it had been on a whole show
Q0644	I	I9	skill	The Sworn Oath		c	A promise you cannot take back	At show start, name a hand type; it scores double all show, and no other hand type may ever be named again this run — **level 2:** You may re-name the hand once, the moment it lands on its mark	At show start, name a hand type; it scores double this show, and the choice locks for the next show as well — **level 2:** The lock does not carry into the next show	Name a hand type at show start; it scores double, and each show you re-name the same one raises the bonus a step — **level 2:** Re-naming keeps the steps already earned
Q0645	I	I9	skill	The Trance		c	Goes into a trance. **Level 2, on its own mark:** It comes out of the trance without being Exhausted	Enters a trance for several turns: it acts on its own and is immune to everything, then is hard Exhausted	Enters a trance for several turns, immune and autonomous, and cannot be brought out early	Enters a trance you can end at any time; the longer it lasts the greater the payout and the harder the Exhaust
Q0647	I	I10	skill	The Alchemist		b	Cue: transmute all statuses of one class on a target card into another class, count preserved. **Level 2, on its own mark:** It converts two kinds at once	Cue: turn every status of one kind on a target card into another kind, keeping the count	Cue: turn every status of one kind anywhere on the grid into another kind, keeping the count	Cue: turn every negative status on a target card into the positive status of your choice
Q0648	I	I10	skill	The Fire Breather		b	Cue: apply Burning to every card in this card's entire row; this card becomes Exhausted. **Level 2, on its own mark:** It is not Exhausted	Cue: apply Burning to every card in this card's row, then Exhaust this card	Cue: apply Burning to every card in this card's row and column, then Exhaust this card	Cue: apply Burning to any five cells you choose in its grid, then Exhaust this card
Q0649	I	I10	status	Wet		c	A status that changes what may sit on what	A wet card may have any card stacked on it regardless of suit or rank, and dries at the end of the placement	A wet card may have anything stacked on it and spreads wet to whatever is stacked on it	A wet card may have anything stacked on it, scores a step less while wet, and dries only when a Flame prop crosses it
Q0650	I	I11	skill	Eruption card		c	An eruption that snakes outward. **Level 2, on its own mark:** You steer the snake one step each turn	Cards catch Burning in an expanding snake pattern, with no way to stop it	Cards catch Burning in an expanding snake, which can be stopped by completing a line in its path	Cards catch Burning in an expanding snake whose direction is telegraphed one turn ahead
Q0651	I	I11	skill	Fire spreading card		c	Fire that roads can stop. **Level 2, on its own mark:** Burning never spreads onto cards sitting on marks they match	Burning spreads to paper-type cards and is blocked by iron-type cards	Burning spreads to any card and is blocked only by a card that has already burned	Burning spreads along a suit and is blocked by any card of the opposing suit
Q0652	I	I11	skill	The Contagion		a	Each Entrance refresh, every status on this card's neighbors copies one card further outward, with merge-by-class capping the counts. **Level 2, on its own mark:** You choose which statuses spread	At each Entrance refresh, every status on this card's neighbours copies one cell further outward	At each Entrance refresh, every status on this card copies to all its orthogonal neighbours	At each Entrance refresh, statuses spread one cell outward from every card that carries one, anywhere on the grid
Q0653	I	I11	status	The Frostline		c	A status that walks along the line	At the end of each placement, this status moves from the card it is on to the next card along its row toward the edge it is nearer, turning down its column at the edge	At the end of each placement, this status copies itself onto the next card along its row toward the edge it is nearer, turning down its column at the edge rather than moving	At the end of each placement, this status moves one card along its row toward the edge it is nearer, turning down its column at the edge and grows a step stronger each time it moves
Q0654	I	I11	type	Tinder		c	Catches whatever lands on it	Whenever a card is placed on this one, the covering card catches Burning	Whenever a card is placed on this one, the covering card catches Burning, and so does everything above it	Whenever a card is placed on this one, the covering card catches Burning; if it is already Burning, this card is destroyed and the whole column catches
Q0655	I	I12	stamp	Ascetic		b	This card is immune to hazard effects that target rows or the floor	Ignores any hazard or debuff that targets a whole row or column — **level 2:** It ignores every hazard	Ignores any hazard or debuff aimed at its row, its column or its stack as a whole, and passes it to the card above — **level 2:** It ignores every hazard	Ignores every hazard while it is the lowest card in its stack — **level 2:** Whatever its height
Q0656	I	I12	type	Canvas		a	The first debuff or status applied to this card each show is discarded	The first status or debuff applied to this card each show is discarded	This card can never carry a status at all, good or bad	Statuses applied to this card are passed to the card directly above it instead
Q0657	I	I12	type	Digital		c	This card cannot be discarded from the grid by any effect	This card cannot be removed from the grid by any effect	This card cannot be removed from the grid or the deck by any effect, including your own	This card cannot be removed from the grid; an effect that tries removes the card above it instead
Q0658	I	I12	stamp	Iron Body		a	Immune to the first destruction or debuff that targets this card each show. **Level 2, on its own mark:** A hit it prevents mints two rank-1 token cards, which are ghosts	Immune to the first destruction or debuff that targets it each show	Immune to all destruction, but not to debuffs	Immune to the first destruction each show, which is redirected to the card above it
Q0660	I	I12	skill	Meal Call		a	Cue, once per show: every card on the grid removes one debuff or status	Cue, once per show: every card on the grid sheds one debuff or status — **level 2:** Twice per show	Cue, once per show: every card on the grid sheds all debuffs and statuses — **level 2:** Twice per show	Cue with unlimited uses: one card sheds all its debuffs and statuses — **level 2:** Every card in the target's lines sheds them too
Q0662	I	I12	skill	Sacred juggling (Daikagura)		b	Juggling shakes off the bad. **Level 2, on its own mark:** Each meld through its cell removes one debuff too	Each Balls meld scored removes one debuff	Each Balls meld scored removes one debuff from every card in that meld	Each meld of the suit this card carries removes one debuff from the grid
Q0663	I	I12	consumable	The Cleansing Pass		b	Take the bad things off	Consumable: remove every status from every card on one grid	Consumable: remove every status from every card on one grid, and score a step per status removed	Consumable: remove one status from every card on the board, choosing which status
Q0664	I	I12	skill	The Incubator		c	Repairs whatever it covers	Each placement a card sits covered by this one, that card sheds one debuff and recovers 1 lost rank — **level 2:** It also cleans the card above it	Each placement a card sits covered by this one, that card sheds all debuffs; lost rank is not restored — **level 2:** It also cleans the card above it	Every card in this card's column sheds one debuff per placement, whether covered or not — **level 2:** Each card it cleans also recovers 1 lost rank
Q0665	I	I12	stamp	The Purifier		c	A card nothing sticks to	This card cannot receive statuses of any kind — **level 2:** It strips one status from each adjacent card each placement	This card cannot receive statuses, and strips one status from each adjacent card each placement — **level 2:** Each status it strips scores a step	This card can receive statuses but discards them at the end of each placement, scoring a step for each one it shed — **level 2:** It scores two steps per status shed
Q0673	J	J2	hazard	Mud Show		a	Town rule: every stack pickup this show costs 1 discard from the deck top	Town rule: every stack pickup this show discards the top card of the deck	Town rule: every stack pickup after the first each placement discards the top card of the deck	Town rule: picking a stack up is free, but putting it down anywhere other than where it came from discards the deck's top card
Q0676	J	J2	skill	The Tooth		c	Every card you play costs you. **Level 2, on its own mark:** Cards placed on marks they match cost nothing	Lose points for every card placed	Lose points for every card placed after the first five of each show	Lose points for every card placed, and gain double that for every line completed
Q0681	J	J4	skill	Cards cannot retire until scored		c	Nothing leaves until it has performed	A card cannot be removed until it has scored, or its ability has fired, at least once — **level 2:** A card sitting on a mark it matches may be removed by cue once it has scored, freeing its cell	A card cannot be removed until it has scored at least once; abilities firing do not count — **level 2:** A card sitting on a mark it matches may be removed by cue once it has scored, freeing its cell	A card cannot be removed until it has scored, and removing it pays more the more it has scored — **level 2:** Removing a card that sits on a mark it matches pays double
Q0682	J	J4	skill	Diet Cola		b	Destroy it to get something else	Cue: destroy this card to create a free bonus of a named kind — **level 2:** The bonus it creates is doubled	Cue: destroy this card to create a free bonus you choose from three — **level 2:** You keep two of the three	Cue: destroy this card to create a free bonus scaling with how long you held it — **level 2:** The bonus it creates is doubled
Q0687	J	J4	skill	The Egress		c	Cue: send any grid card to the discard. **Level 2, on its own mark:** A card it discards from a matched cell scores its lines as it leaves	Cue: send any grid card to the discard	Cue: send any grid card to the discard, and this card gains +1 rank	Cue: send any grid card to the discard, or destroy it outright and gain its rank
Q0690	J	J5	skill	Common		b	While in the deck, doubles the odds of Rare cards appearing in packs	While in the deck, doubles the chance of Rare cards appearing among rewards — **level 2:** While it sits on its own mark, the next reward offered contains a Rare	While in the deck, doubles the chance of the rarity one step above this card's own appearing among rewards — **level 2:** While it sits on its own mark, the next reward offered contains a Rare	While on the grid, the next reward offered contains one guaranteed Rare — **level 2:** The guaranteed Rare may be chosen from two
Q0699	J	J7	skill	The Applause Meter		c	A currency earned and spent inside the show	Completed lines pay applause as well as score; applause is spent during the show on cued effects and is lost at show end — **level 2:** Lines through its cell pay double applause	Completed lines pay applause, spent during the show, and whatever is unspent converts to points at show end — **level 2:** Lines through its cell pay double applause	Applause is earned only by distinct effects firing, not by score, and is spent during the show — **level 2:** An effect fired from a matched cell pays its applause twice
Q0700	J	J7	skill	The Cheap Pop		c	When scored, grants a small bonus fame in every town. **Level 2, on its own mark:** The fame it grants is also granted to the next town on the map	When scored, grants a small amount of bonus fame in every town	When scored, grants bonus fame scaling with how many shows you have already played in this town	When scored, grants bonus fame, doubled in any town you have never performed in before
Q0703	J	J8	skill	Luxury Tax		b	Wealth costs you room ⚑ *pair review: it only costs you; it reads as a hazard*	The Entrance shrinks by one card for every fixed amount of points you have scored — **level 2:** Each card the Entrance has lost adds +1 to the multiplier of lines through its cell	The Entrance shrinks by one for every fixed amount of points scored, down to a floor of two — **level 2:** Each card the Entrance has lost adds +1 to the multiplier of lines through its cell	The grid loses one usable cell for every fixed amount of points scored — **level 2:** A lost cell in its lines counts as filled, so a line through it completes with four cards
Q0705	J	J8	skill	The Advance		a	Spend what you have not earned. **Level 2, on its own mark:** An advanced line that completes through its cell pays the advance again	Cue once per show: name an incomplete line; it scores now as if complete, uncovered marks standing in for its empty cells; if it has not truly completed by show end, the next show's reward is skipped	As (a), and the line also scores normally when it completes	As (a), and each further show it stays incomplete skips one more reward
Q0706	J	J8	consumable	The Claque		b	Consumable: raises this show's fame floor to 60% of goal, but every later show's reward drops	Consumable: this show's floor rises to 60% of goal, and every later show's reward drops by 2%, forever	Consumable: this show's floor rises to 60% of goal, and the next three shows' rewards drop by 5%	Consumable: this show's floor rises to 60% of goal, and every later show's reward drops by 5%
Q0708	J	J8	skill	The Overload		b	Borrowing against the next placement ⚑ *pair review: assumes cued effects have a cost; nothing prices them*	An effect may be fired before it is paid for; the cost comes out of the next placement's resources — **level 2:** The unpaid cost comes out of the placement after next	An effect may be fired before it is paid for, at a surcharge; the cost comes out of the next placement — **level 2:** It charges no surcharge	Any cued effect may be fired unpaid once per show, and the debt is settled at show end from your score — **level 2:** The debt settled at show end is halved
Q0714	K	K1	skill	Banner		c	Paid for the discards that never happened	Scores bonus points at show end for every card on the board, but only if no card was discarded from the board this show — **level 2:** Cards discarded from matched cells do not count against it	Scores bonus points at show end, one step fewer for every card discarded from the board this show — **level 2:** Cards discarded from matched cells do not count against it	Scores bonus points for every card in the discard pile — **level 2:** A card discarded from a matched cell counts twice in the pile
Q0715	K	K1	skill	Crazy Tan escalating draw penalty		b	Misses compound ⚑ *pair review: any empty cell accepts any card, so 'no legal placement' never happened*	Each consecutive Entrance refill in which no card lands on a mark it matches sends one more card than the last from the top of a stock you choose to the discard; a hit resets it — **level 2:** While it sits on its own mark, the penalty does not grow	As (a), but the count resets at each hit and at each completed line — **level 2:** While it sits on its own mark, the penalty does not grow	As (a), and each such refill also lowers the show's goal by the same step — **level 2:** The goal keeps lowering while the penalty stays flat
Q0717	K	K1	skill	Green Joker		a	Rises with placements, falls with discards	Gains a multiplier per Entrance refill this show and loses one for every card discarded from the board — **level 2:** Discards from matched cells cost it nothing	Gains a multiplier per Entrance refill this show, and discards cost it nothing — **level 2:** A discard from a matched cell gains it a multiplier instead of costing nothing	Gains a multiplier per Entrance refill and loses two for every card discarded from the board, so the choice is sharp — **level 2:** Discards from matched cells cost it nothing
Q0718	K	K1	skill	The Loose Card		a	Discard whatever the plan has no use for. **Level 2, on its own mark:** The freed cell's mark is re-dealt from the top card of a stock you choose	A card sitting on a mark it matches on nothing may be discarded freely, and its cell is empty again	As (a), and the top of a stock you choose is flipped into the Entrance	As (a), and the discarded card goes to the bottom of its stock instead of the discard pile
Q0720	K	K2	skill	Fame banks at Continue		c	A win is not banked until you say so ⚑ *pair review: an engine rule about when a win is committed, and undo already covers the show; (c) is the only new effect*	Fame is committed only when you press Continue after a win, so the show stays undoable until then — **level 2:** A win with it on its own mark may be replayed once instead of banked	Fame is committed at the outcome screen, and only the last placement is undoable — **level 2:** A win with it on its own mark may be replayed once instead of banked	Fame is committed when you press Continue, and you may replay the show once instead of banking it — **level 2:** The replay keeps the better of the two scores
Q0723	K	K2	skill	Live undo during resolution		c	Undo mid-resolution ⚑ *pair review: an engine rule about undo during resolution, not a card effect*	Pressing Undo during a resolving placement cancels it: resolution fast-forwards and the board before it returns, costing no placement — **level 2:** You may undo two placements back	Pressing Undo during a resolving placement cancels it, but the placement is still spent — **level 2:** The placement is refunded	Pressing Undo during a resolving placement pauses it, letting you resume or cancel after seeing what has resolved so far — **level 2:** You may resume from any step you choose
Q0725	K	K2	skill	The Rewinder		c	Spends your safety net for points	Cue: destroy your oldest undo snapshots for bonus points each, up to five per Entrance refill — **level 2:** You choose which snapshots it destroys	Cue: destroy every undo snapshot you hold for bonus points each, once per show — **level 2:** The newest snapshot survives the cue	Cue: destroy your oldest undo snapshot for bonus points scaling with how many turns ago it was taken — **level 2:** You choose which snapshots it destroys
Q0729	K	K3	skill	The Second Roll		b	Take the offer again. **Level 2, on its own mark:** The discarded cards go to the bottom of their stocks instead of the discard pile	Cue once per show: discard the whole entrance and refill it	Cue once per show: discard any number of entrance cards and refill only those slots	Cue: discard the whole entrance and refill it; each use this show discards one more card from the new Entrance than the last
Q0730	K	K4	skill	Burglar		c	More cards, no discards. **Level 2, on its own mark:** Each Entrance refill puts one more discard-pile card on top of a stock you choose	When a show begins, three cards of your choice from the discard pile are dealt to the tops of stocks you choose, but no effect may discard a card from the board this show	When a show begins, three random discard-pile cards join the stocks, and every card discarded this show is destroyed instead of going to the pile	You choose at show start how many discard-pile cards to take; each one makes the next card discarded this show be destroyed instead of kept
Q0731	K	K4	hazard	John Robinson		c	Elite hazard: the show is cut short, with the goal unchanged	Elite hazard: the show ends after a fixed number of placements, well short of the deck, with the goal unchanged	Elite hazard: the show ends after a fixed number of placements, and the goal drops 20%	Elite hazard: the show ends the moment any grid is completely filled
Q0732	K	K4	hazard	The All-Nighter		c	Three times the show	Show: triple the placements, triple the goal, triple the reward	Show: triple the placements and goal, with the reward scaling to how far past the goal you get	Show: triple the placements and goal, and the deck is not reshuffled between them
Q0733	K	K4	hazard	The Needle		a	Boss: one placement only	Boss: the show has a single Entrance refill, at a proportionally lower goal	Boss: the show has a single Entrance refill at the full goal	Boss: the show has a single Entrance refill at a proportionally lower goal, and the one line it can complete pays into all three buckets
Q0735	K	K5	skill	The Taxi Meter		b	After the Cryptid mod's Lavender Loop: the goal grows while you think. **Level 2, on its own mark:** Each line through its cell takes the goal back one step ⚑ *pair review: fame is not spendable*	The show's goal rises steadily with real time spent in it	The show's goal rises with the number of actions taken, not with real time	The show's goal rises with real time, and pausing stops the clock at the cost of the show's reward
Q0736	K	K5	consumable	The Interval		b	Buy the room back ⚑ *pair review: patience exists only under your Q0059 boss rule*	Consumable: restore the patience total to full, once per show	Consumable: restore half the patience total, usable any number of times, each use discarding a stock's top card	Consumable: restore the patience total to full, and the next placement does not spend any
Q0738	K	K6	rank	Roman Numerals rank		c	A rank that keeps time. **Level 2, on its own mark:** While it sits on a rank mark it matches, its clock stops	Ranks run 1 to 12 and wrap; the rank advances by 1 with every player action	Ranks run 1 to 12 and wrap; the rank advances by 1 with every line completed	Ranks run 1 to 12 and wrap; the rank advances by 1 per action, and you may cue to stop the clock for one placement
Q0739	K	K6	skill	The Charivari		c	If 4 or more cards are placed onto the grid on the first turn of a show, gain bonus multiplier on the show's first placement's payout ⚑ *pair review: it counts turns, and the board has no turn; an Entrance refill is the nearest unit*	If four or more cards are placed on the first turn of a show, the show's first placement's payout gains a multiplier — **level 2:** Its multiplier also applies to lines through its cell	If the whole Entrance is placed within one turn, that placement's payout gains a multiplier — **level 2:** Its multiplier also applies to lines through its cell	Each placement gains a multiplier scaling with how few turns it took to fill the lines that scored in it — **level 2:** Lines through its cell count as filled one turn faster
Q0740	K	K6	skill	The House Clock		a	Everything on the board is on a timer	Every card on the grid carries a counter that drops on each placement; a card whose counter reaches zero fires its effect unprompted — **level 2:** Cards sitting on marks they match count down twice as fast	Every card carries a counter that drops on each placement, and a card at zero is removed rather than firing — **level 2:** A card sitting on a mark it matches resets to full at zero instead of being removed	Every card carries a counter that drops each Entrance refill rather than each placement, and fires at zero — **level 2:** Cards sitting on marks they match count down twice as fast
Q0741	K	K6	skill	The Saga		a	A card that tells its story one beat per placement. **Level 2, on its own mark:** It advances two chapters when a line through its cell scores	This card advances one chapter each time you place a card anywhere, firing a larger effect at each of three chapters, then is destroyed	This card advances one chapter per Entrance refill rather than per placement, and holds on the board once its last chapter fires	This card advances one chapter per Entrance refill, and you may spend a placement to hold it on its current chapter
Q0742	K	K6	stamp	The Ticking Card		b	Its own clock, running on your actions. **Level 2, on its own mark:** A placement onto a matched cell counts it down twice	This card carries a counter that drops by one on every placement anywhere; at zero it fires its effect and resets	This card carries a counter that drops on every placement; at zero it fires and the counter resets one higher	This card carries a counter that drops on every placement; at zero it fires and the card is spent
Q0743	K	K6	stamp	The Vanishing Act		c	A countdown that runs whatever you do. **Level 2, on its own mark:** Scoring it adds two counters back	This card loses one counter each placement and is destroyed at zero; its effect scales with the counters remaining	This card loses one counter each Entrance refill and is destroyed at zero; its effect scales with the counters remaining	This card loses one counter each placement and is destroyed at zero, but scoring it adds a counter back
Q0744	K	K7	skill	La Belle Lucie merci rule		c	One mercy move. **Level 2, on its own mark:** The mercy move may carry the moved card's mark with it, swapping marks with the cell it enters, so a hit stays a hit	When no card in the Entrance matches any uncovered mark, one grid card may be moved one cell into an empty neighbour; landing on a mark it matches pays the match	When no card in the Entrance matches any uncovered mark, one grid card may be moved to any empty cell, once per show	One mercy move per show, stuck or not, lost if unused
Q0745	K	K7	skill	Limited Move Solitaire		c	A budget of moves for the whole show	The show allows a fixed number of moves in total, and running out ends it — **level 2:** A line through its cell refunds a move	The show allows a fixed number of moves, and unused moves convert to score at the end — **level 2:** Unused moves convert at double while it sits on its own mark	The show allows a fixed number of moves; each line completed refunds one — **level 2:** A line through its cell refunds two moves
Q0746	K	K7	skill	Soundcheck		b	At show start, grants one free move (grab and place one stack) before the first Entrance refresh, without spending a placement. **Level 2, on its own mark:** The free move may also take a card from the discard pile	Once per show, while this card is on the grid, one free grab-and-place costing no placement	At the start of every placement, one free grab-and-place costing no placement	At show start, one free grab-and-place, and another every time a grid is completely filled
Q0747	K	K7	skill	Stuntman		a	Huge, and it costs you room	A very large flat bonus, at the cost of two Entrance slots — **level 2:** While it sits on its mark the Entrance has all its slots back and the bonus stays	A very large flat bonus, at the cost of one placement per show — **level 2:** It costs no placement in a show in which it lands on its mark	A very large flat bonus, at the cost of two Entrance slots, refundable by destroying it — **level 2:** While it sits on its mark the Entrance has all its slots back and the bonus stays
Q0748	K	K7	skill	The Automation		b	Something you used to do by hand starts doing itself. **Level 2, on its own mark:** While it sits on its own mark, each action counts twice toward becoming automatic ⚑ *pair review: it does not say which actions it automates or what automatic means*	An action you have performed enough times becomes automatic for the rest of the run	An action performed enough times becomes automatic for the rest of the run, and you may switch it off	An action performed enough times becomes automatic permanently for the rest of the run, even if this card is later removed from play
Q0749	K	K7	skill	The Double Harvest		c	Two placements, never the same cell. **Level 2, on its own mark:** If both cards land on marks they match, a third card may be placed	Cue: place two Entrance cards this turn instead of one, into different cells	Cue: place two Entrance cards this turn into different cells, and only the second may complete a line	Cue: place two Entrance cards into different cells; a line that both of them complete scores twice
Q0750	K	K7	skill	The Sanctioned Cheat		b	You may break placement legality, carefully. **Level 2, on its own mark:** A cheat onto a cell whose mark the card matches is free	You may place a card anywhere regardless of legality a limited number of times per show	You may place a card anywhere regardless of legality at any time, but each cheat permanently raises the show's goal	You may cheat once per show, and the cheated card is marked and scores nothing
Q0751	K	K8	skill	Time-travel card		b	After the game 5D Chess With Multiverse Time Travel: sends a card into the past. **Level 2, on its own mark:** The rewound board keeps the cards sitting on marks they match	Cue: send a card into a past board state, play that board out, and keep only what differs from the present	Cue: send a card into the previous placement's board state and replay that turn with it there	Cue: rewind the grid to its state three placements ago, keeping every card you have gained since
Q0752	K	K8	skill	Labyrinth		b	Every placement is the show's first placement. **Level 2, on its own mark:** It also counts every Entrance refill as the show's first	Every placement counts as the show's first placement for every effect that cares	Every placement counts as the show's first placement, and every discard as the first discard	Every placement counts as the first, and every placement also counts as the last
Q0753	K	K8	skill	The Crowd Takes Over		c	The audience plays your turn. **Level 2, on its own mark:** The audience places onto matched cells whenever it can	For one placement, a seeded random audience makes your moves for you	For one placement the audience makes your moves, and anything it scores pays double	For one placement the audience proposes each move and you may veto one of them
Q0754	K	K8	skill	The Forethought		c	Acts on both sides of its own move	Cue: this card acts once before it moves and once after, at the cost of never being able to gain height that turn — **level 2:** It pays no height cost	Cue: this card acts before and after it moves, with no cost — **level 2:** It acts a third time if it lands on another mark it matches	Cue: choose per placement whether this card acts before moving, after, or both at the cost of its height — **level 2:** It pays no height cost
Q0755	K	K8	skill	The Fourth Wall		a	Once per Entrance refill, during scoring resolution, pauses the show to allow one grab/place before resolution continues. **Level 2, on its own mark:** The paused line scores once before the grab and place and once after it	Once per Entrance refill, pause scoring mid-resolution to make one grab and place before resolution continues	Once per show, pause scoring mid-resolution to make one grab and place	Once per Entrance refill, pause scoring mid-resolution to make one grab and place, but the paused line scores at half
Q0756	K	K8	skill	The Stance		a	A mode you are in until you leave it	Cue: enter Rows or Columns; lines of that kind add +1 to the combo and lines of the other kind add nothing; switch once per Entrance refill — **level 2:** While it sits on its own mark, you may switch stance any number of times	Cue: enter Rows or Columns; the chosen kind pays double and the other pays half; switching sends an Entrance card to the discard — **level 2:** While it sits on its own mark, switching costs nothing	Cue at show start: enter Rows, Columns or Special; that bucket pays double for the show and cannot be changed — **level 2:** While it sits on its own mark, you may change stance once
Q0757	K	K8	skill	The Time Signature		c	Splits the placement in two. **Level 2, on its own mark:** Lines through its cell resolve in both halves	Rows score when the placement scores as normal; columns score at the start of the next placement against the board as it then stands, and the combo carries across	Rows score when the placement scores; columns score at the start of the next placement at half value	You choose per Entrance refill whether rows or columns resolve first, and the second one resolves against the board the first one left
Q0760	K	K9	consumable	The Judge's Buzzer		b	After the Got Talent shows' Golden Buzzer: consumable, once per run: skips one town's requirement entirely for an instant win with full rewards	Consumable, once per run: one show is skipped and counts as won with full rewards	Consumable, once per run: one show is skipped and counts as won, with no rewards	Consumable, once per run: one show is won immediately at whatever score is already on the grid
Q0761	K	K9	skill	The Early Curtain		a	Stop while you are ahead. **Level 2, on its own mark:** It counts every card left in the stocks, not whole refills	Cue: End the show now, if the goal is met; the fame it banks is multiplied by the Entrance refills still left in the stocks	Cue: End the show now, if the goal is met; the fame it banks is multiplied by the refills left, but the next show's target rises	Cue: end the show now and keep the board standing into the next show as well as the payout
Q0762	K	K9	hazard	The Gong		c	Town hazard: any placement scoring under 25% of goal ends the show immediately	Town hazard: any placement scoring under 25% of goal ends the show at once	Town hazard: any placement scoring under 25% of goal costs you an Entrance card, discarded	Town hazard: any placement scoring less than the one before it ends the show at once
Q0763	K	K10	skill	The Big Top		c	Priced in board space; its row and column can never complete, so only a diagonal scores it. **Level 2, on its own mark:** It blocks only the neighbours you choose	This card blocks the four cells beside it for the show, and every diagonal through it pays triple	This card blocks the four cells beside it, and each diagonal through it pays a step per cell still blocked	This card blocks its neighbours until a diagonal through it scores, then releases them and its row and column open
Q0764	K	K10	skill	The Clearance		b	Room is the resource. **Level 2, on its own mark:** Effects fired from its lines cost one empty cell less ⚑ *pair review: assumes cued effects have a cost; nothing prices them*	Effects are paid for with empty cells at a fixed rate	Effects may be paid for with empty cells or points, your choice, at a fixed rate	Effects are paid for with empty cells, and a full grid means nothing can fire
Q0765	K	K10	skill	The Deposit		c	Pay a cell to fire ⚑ *pair review: it does not say what its effect is; the per-card form of Q0764, effects paid for with empty cells*	Cue: permanently destroy one empty cell on the grid to fire this card's effect — **level 2:** The destroyed cell returns at show end	Cue: block one empty cell for the rest of the show to fire this card's effect — **level 2:** The blocked cell unblocks when this card leaves	Cue: block one empty cell per use, so repeated use costs more and more room — **level 2:** The cost does not grow
Q0766	K	K10	skill	The Ground Rent		b	One card each Entrance refill buys nothing but space. **Level 2, on its own mark:** A resource card placed on a mark it matches still scores ⚑ *pair review: assumes cued effects have a cost; nothing prices them*	One card per Entrance refill must be placed as a resource rather than scored; it never scores, but it pays for cued effects all show	One card per Entrance refill may be placed as a resource rather than scored; you choose whether to spend the placement that way	One card per Entrance refill is placed as a resource, and resource cards form their own line that scores at show end
Q0767	K	K11	structure	The Augment Offer		b	Three permanent choices at fixed points in the run	At three fixed points in the run you are offered three run-permanent effects and must take one	At three fixed points you are offered three run-permanent effects and must take one, with one reroll per offer	At three fixed points you are offered three, must take one, and the two refused are removed from the pool for the rest of the run
Q0768	K	K11	skill	The Casting Call		c	Lets you choose the target every time. **Level 2, on its own mark:** It may split its effect between two targets ⚑ *pair review: it does not say what its effect is*	Each time this card triggers, you choose which card its effect lands on	Each time this card triggers, you choose the target from three the card offers	Each time this card triggers you choose the target, and choosing the same one twice running doubles it
Q0769	K	K11	skill	The Director's Note		c	Fires, then asks	When a line scores, choose which of its cards keeps the bonus for the rest of the show — **level 2:** You choose two cards instead of one	When a line scores, choose one of its cards to score again immediately — **level 2:** You choose two cards instead of one	When a line scores, choose between a large bonus now and a smaller permanent one — **level 2:** The permanent bonus is also printed on the mark under the chosen card, and the next card to match that mark inherits it
Q0770	K	K11	consumable	The Discovery		b	Three doors, pick one	Consumable: three cards are drawn from the deck and shown; take one and bin the other two	Consumable: three cards are shown from anywhere in the deck; take one, and the other two return to the top	Consumable: three cards are shown; take one now and one more later in the show, and bin the third
Q0771	K	K11	consumable	The Fork		c	Two roads, pick one	Consumable: offers two effects drawn at random; you take one and the other is lost	Consumable: offers two effects; you take one now and the other becomes available next show	Consumable: offers three effects and you take one, with the rejected two raising the odds of better offers later
Q0772	L	L1	skill	Bus Driver		c	Usually great, sometimes awful. **Level 2, on its own mark:** It shows whether the next payout is the bad one before it fires, and you may hold it back once a show	A large multiplier three times in four, and an equally large penalty the fourth	A large multiplier three times in four, and nothing the fourth	A large multiplier three times in four and a penalty the fourth, with the odds improving each time it pays out
Q0773	L	L1	structure	Chocolate Die		c	A die decides what happens next	Beating a boss rolls a die to start a random event	Beating a boss rolls a die to start a random event, and you may reroll once	Beating a boss rolls a die whose faces you have collected over the run
Q0775	L	L1	stamp	Glitched		b	Every number on it is a lie	Every value on this card is randomised within a wide band, rerolled each show — **level 2:** You choose which of its values is rerolled	Every value on this card is randomised once, when acquired, and fixed thereafter — **level 2:** Landing on its mark, you may reroll one of its values once, permanently	Every value is randomised each placement, so the same card is different every time it fires — **level 2:** You choose which of its values is rerolled
Q0776	L	L1	skill	Misprint		c	A wildly variable bonus. **Level 2, on its own mark:** The roll is made after the line is known, and you choose which line through its cell takes it	Scores a random multiplier between nothing and a large amount, rerolled every placement	Scores a random multiplier between nothing and a large amount, fixed for the whole show once rolled	Scores a random multiplier, and you may reroll it once per Entrance refill
Q0778	L	L1	consumable	Snake Oil		b	Consumable: gives +3 rank to one card this show, with a seeded 1-in-4 chance of doing nothing	Consumable: +3 rank to one card this show, with a 1-in-4 chance of doing nothing at all	Consumable: +3 rank to one card permanently, with a 1-in-2 chance of doing nothing at all	Consumable: +3 rank to one card this show; on the 1-in-4 failure it instead loses 3 rank
Q0780	L	L1	skill	Trick-or-Treat		a	Destroyed, it is a treat or a trick. What it creates stays in the deck, curse included. **Level 2, on its own mark:** It creates three tokens instead of two	When destroyed, usually creates two useful tokens, and occasionally a cursed card instead	When destroyed, creates two useful tokens or a cursed card at even odds	When destroyed, creates tokens or a curse, and you may destroy a second card to improve the odds
Q0781	L	L1	skill	Wheel of Death roulette		a	A wheel that lands where the knife did. **Level 2, on its own mark:** You may re-spin once for free	A bonus wheel spins and pays out on the cell where the last Knives card scored	A bonus wheel spins and pays out on a random cell, with the payout scaling with that cell's rank	A bonus wheel spins where the last Knives card scored, and you may re-spin once at the cost of half the payout
Q0782	L	L2	skill	Fragile		a	Its odds cannot be improved. **Level 2, on its own mark:** The first roll that would destroy it on its mark erases the mark instead	A large multiplier with a small chance of destruction each trigger, and no effect may alter those odds	A large multiplier with a small chance of destruction, and odds-improving effects work on it normally	A large multiplier whose destruction odds cannot be altered, and which grows each time it survives
Q0783	L	L2	skill	Non Verisimile		a	Long odds pay proportionally. **Level 2, on its own mark:** Checks made by cards sitting on marks they match count twice	Whenever a probability check succeeds, gains a multiplier equal to how unlikely it was	Whenever a probability check succeeds, gains a fixed multiplier regardless of the odds	Whenever a probability check succeeds, gains a multiplier equal to its odds, and loses one when a check fails
Q0784	L	L2	skill	The Horseshoe		c	After Balatro's Oops! All 6s: doubles every chance in the game	Every stated probability in the game is doubled — **level 2:** Probabilities against you are no longer doubled	Every stated probability affecting your own cards is doubled — **level 2:** Probabilities for cards sitting on marks they match are tripled	Every stated probability is doubled, including the ones that work against you — **level 2:** Probabilities against you are no longer doubled
Q0785	L	L2	skill	The Balanced Pool		c	Every roll pulled toward the middle	Every probability roll this show is rolled twice and the results averaged — **level 2:** You may keep either roll instead of the average	Every probability roll this show is rolled twice and the worse result taken, but each success pays double — **level 2:** Rolls from cards sitting on marks they match take the better result instead	Every probability roll draws from a pool that empties as it is used, so results even out over the show — **level 2:** You may look at the next result in the pool before it is drawn
Q0786	L	L2	skill	Wheel of Hope		c	Paid for its failures	Gains a permanent multiplier every time one of your probability checks fails — **level 2:** A failed check made on a matched cell counts twice	Gains a permanent multiplier every time a probability check fails, and loses it when one succeeds — **level 2:** A success no longer takes its multiplier away	Gains a permanent multiplier per failed check, scaling with how likely that check was to succeed — **level 2:** A failed check made on a matched cell counts twice
Q0787	L	L3	skill	Injury stacking status		a	Injuries stack, and they end careers. **Level 2, on its own mark:** A line through its cell sheds every injury stack on it ⚑ *pair review: it only costs you; it reads as a hazard*	Each placement a card performs may add an injury stack, and each stack raises the chance it retires permanently; a card that sits out a placement sheds one	Each placement may add an injury stack raising the retirement chance; stacks never clear	Each placement may add an injury stack; a card sits out to shed one, and a protective card lowers the chance
Q0788	L	L3	skill	Net card lowers retirement, raises injury		c	A net changes the odds. **Level 2, on its own mark:** It lowers the retirement chance of the cards beside it too ⚑ *pair review: injury and retirement exist only if Q0787 enters, and it does not say whose odds it changes*	Raises the chance of injury but lowers the chance of retirement	Lowers the chance of retirement without affecting injury at all	Raises injury chance and lowers retirement chance, and converts each prevented retirement into fame
Q0789	L	L3	status	The Bruise		c	Damage that does not heal on its own	A bruised card scores a step less; bruises stack, and a card at three bruises is destroyed	A bruised card scores a step less; bruises stack and clear one per show	A bruised card scores a step less and cannot be moved; bruises never clear, and a card at three is removed from the run
Q0790	L	L3	skill	The Corruption Meter		c	Failure accumulates where you can see it ⚑ *pair review: a placement has no target of its own*	Each placement that completes no line adds one corruption; at five, a random card leaves the deck for the run — **level 2:** Placements onto a mark the card matches add none	As (a), and each corruption raises the show's goal a step; corruption never clears — **level 2:** Placements onto a mark the card matches add none	Each placement that completes no line adds one corruption and each placement that completes one removes one — **level 2:** A line through its cell removes two
Q0791	L	L4	stamp	Contract Ink		a	Scores +X points per show it is played; if benched two shows in a row, it is permanently removed from the deck	Scores bonus points each show it is played; two consecutive shows unplaced and it is removed from the deck for good — **level 2:** A show in which it lands on its mark counts as two shows played	Scores bonus points each show it is played; one show unplaced and it drops a rarity tier — **level 2:** A show in which it lands on its mark counts as two shows played	Scores double points each show it is played, and is removed from the deck for good after five shows regardless — **level 2:** A show in which it lands on its mark does not count toward its five
Q0792	L	L4	hazard	Railroad Jump		b	Map-edge hazard: traveling this route costs one card, permanently removed from the deck	Map hazard: taking this route costs one card, removed from the deck for good	Map hazard: taking this route costs one card of your choice, removed from the deck for good	Map hazard: taking this route costs one random card, which returns two towns later
Q0793	L	L4	stamp	The Last Season		b	A card that has a last night. **Level 2, on its own mark:** Each show it lands on its mark adds a show to its life	This card scores double, and is permanently removed from the deck after three shows	This card scores double, and is removed after three shows unless it scored in each of them	This card scores double and is removed after three shows, leaving behind a permanent upgrade for whichever card was next to it most often
Q0794	L	L4	consumable	The Void		c	Take a card out of the run for good	Consumable: remove any card from the run permanently; every remaining card of its suit is upgraded a step	Consumable: remove any card from the run permanently and gain its rank as a permanent bonus to one other card	Consumable: remove any card from the run permanently; the deck pays out a step per card removed this way, compounding
Q0795	L	L5	skill	Bull-leap vault		c	Dodges the attack and takes a bow. **Level 2, on its own mark:** It dodges for its whole row as well	When a boss attacks this card's column, it dodges and scores instead	When a boss attacks anywhere on its grid, this card dodges the hit for the whole column and scores	When a boss attacks this card's column, it dodges and scores; each successful dodge raises the score it takes
Q0796	L	L5	consumable	Deus ex Machina		a	Consumable, once per run: when a show is lost, it is instead won at exactly the goal	Consumable, once per run: a lost show is instead won at exactly its goal	Consumable: a lost show is replayed from the start with the same deck and a fresh seed	Consumable, once per run: a lost show is won, and the next show's goal doubles
Q0798	L	L5	skill	The Elimination Save		c	Two would die, so they duel	When two cards would be destroyed at once, they duel and the winner survives — **level 2:** The loser goes to the top of a stock you choose instead of the discard	When two cards would be destroyed at once, you choose which survives — **level 2:** Both survive when one of them sits on a mark it matches	When two cards would be destroyed at once they duel, and the survivor takes the loser's rank — **level 2:** The survivor also takes the loser's skill
Q0799	L	L5	stamp	The Mime		c	Takes the hit for the stack	Attaches to a stack and absorbs the first hostile effect aimed at any card in it — **level 2:** It absorbs the first two hostile effects	Attaches to a stack and absorbs every hostile effect aimed at it, breaking after three — **level 2:** It does not break	Attaches to a stack and absorbs the first hostile effect each show, refreshing between shows — **level 2:** It absorbs the first two hostile effects
Q0802	L	L6	skill	All In card		c	Double now, double the goal. **Level 2, on its own mark:** The goal rises by half the multiplier instead of all of it ⚑ *pair review: it raises the next goal, which the overscore ruling tells effects not to do*	On the next score, the total doubles, and so does the score needed next round	On the next score the total doubles, and the next show's goal rises by half	You choose the multiplier; the goal rises by the same multiplier
Q0803	L	L6	hazard	The Colossus		c	After the Cryptid mod's Flesh Panopticon: an enormous boss that pays enormously	Boss: the goal is many times larger than normal, and beating it grants an outsized reward	Boss: the goal is many times larger, and you may decline it for a lesser reward	Boss: you set the multiplier on the goal yourself, and the reward scales with it
Q0804	L	L6	skill	Overpurified		a	Past the goal is not free. **Level 2, on its own mark:** Lines through its cell pay triple past the goal ⚑ *pair review: the show ends the moment its goal is met, so nothing scores after it*	Cue: once the show's goal is met, every line you score pays double, but if the show ends short of double the goal those lines score nothing	Cue: once the show's goal is met, every line you score pays double	Cue: once the show's goal is met, every line you score pays double, but a line holding no card that sits on a mark it matches pays nothing
Q0805	L	L6	skill	Risk/reward doubled-points tricks		c	Bigger tricks fail more often. **Level 2, on its own mark:** Tricks attempted from its lines fail at the lower tier's rate ⚑ *pair review: it does not say what a trick is*	Higher-tier tricks pay more and fail more often, with risk-lowering cards to manage it	Higher-tier tricks pay more and fail more often, and you opt in per trick	Every trick may be attempted at doubled points for doubled failure chance, chosen per attempt
Q0806	L	L6	skill	The Bullet Catch		c	When scored, scores 10x rank, but has a seeded 1-in-13 chance of being destroyed instead. **Level 2, on its own mark:** Its destruction chance halves	When scored, scores ten times its rank, with a 1-in-13 chance of being destroyed instead	When scored, scores ten times its rank, with a 1-in-13 chance of being destroyed; each survival shortens the odds by one	When scored, you choose the multiplier up to ten times rank, and the destruction chance scales with it
Q0807	L	L6	skill	The Committee		b	Test a ghost: a hit makes it real. **Level 2, on its own mark:** The ghost may copy any card on the grid, stamps and skill included	Cue: create a ghost copy of any card in your deck in the Entrance; if it lands on a mark it matches, it becomes real and stays in the deck	As (a), and it pays a large reward the moment it becomes real	Cue: create a ghost copy of any card in your deck; it becomes real only if a line through it completes as a made hand
Q0808	L	L6	hazard	The Mask Wager		c	Stake your identity ⚑ *pair review: a duel needs an opponent, and a solitaire has none*	Duel: stake a card's stamp and identity; losing unmasks it permanently across the save file	Duel: stake a card's stamp; losing removes the stamp but leaves the card	Duel: stake a card's identity, and the prize is the opponent's, so a win doubles your stamps
Q0809	L	L7	skill	Entrance-set betting proposal		c	Bet on this Entrance against the next. **Level 2, on its own mark:** A winning wager on a refill whose cards landed on matched cells pays double ⚑ *pair review: it does not say what is staked; (c) sold the Entrance, and there is no currency*	Before placing, wager on whether the current Entrance will out-score the next one	Before placing, wager on whether the current Entrance will out-score the next; winning lets you keep both	Before placing, you may discard the current Entrance unseen and take the next instead
Q0810	L	L7	skill	Mock the Booking		c	Talks the contract down ⚑ *pair review: depends on Q0811 (The Booking) entering*	Once per tour, reduce the declared Booking target — **level 2:** Twice per tour	Once per tour, reduce the declared Booking target by half — **level 2:** Twice per tour	Once per show, reduce the declared Booking target, but the reward falls by the same fraction — **level 2:** The reward does not fall
Q0811	L	L7	skill	The Booking		c	Declares a goal/term for the show (e.g. score X with no Knife melds); fulfilling it grants bonus fame, missing it triggers a worse penalty. **Level 2, on its own mark:** A missed term costs nothing if a line through its cell scored	Declare a term for the show before it starts - a score with a named restriction; meeting it pays a bonus, missing it costs more than the bonus was worth	Declare a term before the show; meeting it pays a bonus, missing it simply pays nothing	Declare a term before the show, and declare how much you are staking on it; both the bonus and the penalty scale with the stake
Q0812	L	L7	skill	The Rider		c	Carries a clause you have to honour. **Level 2, on its own mark:** Its instruction is shown to you	Carries one hidden instruction; obeying it all show scores this card double, and breaking it scores it zero without telling you	Carries one hidden instruction; obeying it scores this card double, and breaking it is announced when it happens	Carries one hidden instruction that you may read before the show by discarding a card from the Entrance
Q0814	L	L8	stamp	The Critical Peg		b	One card whose triggers can land harder, rather than the whole board	Every trigger from this card has a small chance to fire at triple strength — **level 2:** Triggers from every card in its lines may crit too	Every trigger from this card has a small chance to fire at triple strength, and the chance rises each time it fails to — **level 2:** Triggers from every card in its lines may crit too	Every trigger anywhere has a small chance to fire at triple strength while this card is spotlit — **level 2:** The chance is doubled for cards in its lines
Q0815	L	L8	skill	The Long Odds		a	Trades reliability for a tail. **Level 2, on its own mark:** Triggers from cards sitting on marks they match never fizzle	Cue: for the rest of this placement every trigger has a chance to land at five times strength and a chance to fizzle entirely	Cue: for the rest of this show every trigger has a chance at five times strength and a chance to fizzle	Every trigger from cards in this row has a chance at five times strength and a chance to fizzle, permanently
Q0816	L	L8	skill	The Lucky Cell		b	One cell on the grid pays out big. **Level 2, on its own mark:** You choose where the lucky cell goes each placement	One cell per grid is chosen at show start; any trigger that fires from it lands at triple strength	One cell per grid is chosen and moves each placement; triggers from it land at triple strength	The lucky cell is always the uncovered mark of the highest rank on the grid; triggers fired from it land at triple strength, and it moves as marks are covered
Q0817	L	L9	skill	Brodie's Leap		c	Banks fame each show for an unearned stunt; if a card is ever stacked on it, loses everything banked. **Level 2, on its own mark:** You may cash the bank out once, whenever you choose ⚑ *pair review: overlaps Q0037 and Q0074, which you wrote: bank score now, pay it later*	Banks points each show instead of scoring them; a card ever stacked on it forfeits the whole bank	Banks points each show and pays out at the end of the run, but the bank is lost entirely if this card is ever covered	Banks double points each show, with a 1-in-4 chance at the end of each show that the bank is lost
Q0818	L	L9	skill	Cavendish		c	Enormous, and it might not survive. **Level 2, on its own mark:** A show it ends on its mark rolls no destruction	Triples score, with a 1-in-1000 chance of being destroyed at the end of each show	Triples score, with a 1-in-100 chance of being destroyed at the end of each show	Triples score, and the destruction chance rises each show it survives
Q0820	L	L9	hazard	Devil Parade		a	Play the show with damaged goods	Show variant: play the debuffed cards; each one scored turns its debuff into fame	Show variant: play the debuffed cards; each one scored clears its debuff permanently	Show variant: every card you play is debuffed on arrival, and scoring turns each debuff into fame
Q0822	L	L9	type	The Corrupted Face		a	A material that pays and takes	Cards of this material score double, and each time one scores, a random card in the deck loses a rank	Cards of this material score double, and each time one scores, another card of this material is destroyed	Cards of this material score double, and at show end each one still on the board costs you a card from the deck
Q0823	L	L9	hazard	The Dirty Opening		a	Everything starts damaged	Show: every card starts debuffed, and any card that scores anyway pays double	Show: every card starts debuffed, and scoring one clears its debuff	Show: every card starts debuffed and pays double; the debuffs deepen each placement
Q0824	L	L9	skill	The Kneeling Devil		c	A liability that pays off at the very end. **Level 2, on its own mark:** It debuffs only the cards you choose in its column	Debuffs its own column every show; kept in the deck for the whole tour, it becomes a Legendary at the final city	Debuffs its own column every show; kept for the whole tour it becomes Legendary, and destroying it early pays nothing	Debuffs its own column every show, and each show survived raises what it becomes at the final city by one tier
Q0825	L	L9	skill	The Scottish Play curse		c	Do not say its name. **Level 2, on its own mark:** While it sits on its own mark, naming it brings no bad luck ⚑ *pair review: it does not say what the bad luck is or what naming it means*	Cueing this card by its true name brings bad luck; a discoverable ritual cleanses it	Cueing this card by its true name brings bad luck permanently, with no cure	Cueing it by name brings bad luck, and the ritual that cleanses it is different each run
Q0826	L	L9	skill	Till Eulenspiegel deal		b	Does exactly what it says. **Level 2, on its own mark:** Accepted from its own mark, both readings are shown and you pick one ⚑ *pair review: fame is not spendable*	Grants exactly what its text says rather than what you meant by it	Grants exactly what its text says, and the text is written to be misread	Grants exactly what its text says; you may skip a reward to have the text clarified before accepting
Q0827	L	L9	skill	White Elephant		c	Enormous, and it eats. **Level 2, on its own mark:** It pays no upkeep for a show it spent on its mark	Scores hugely, but takes 1 rank from your highest card every show it stays in the deck	Scores hugely, but destroys one card of your choice every show, and is destroyed if you have none to give	Scores hugely, and its upkeep rises by one rank for every show it has been in the deck
Q0828	L	L10	skill	Effigy build-to-burn		c	After the Burning Man festival: build it up to burn it down. **Level 2, on its own mark:** A burned venue that includes its cell pays the ranks of matched cards twice ⚑ *pair review: it does not say how a venue is built from cards*	Build a temporary venue out of your own cards and burn it for a payout; ending the show with an empty board pays a further bonus	Build a temporary venue out of your own cards and burn it for a payout scaling with the ranks committed	Build a temporary venue and burn it; the payout scales with the ranks committed, and an empty board at show end doubles it
Q0829	L	L10	skill	Ceremonial Dagger		c	Eats the card beside it for good. **Level 2, on its own mark:** It may take a card two cells away	When placed, destroys an adjacent card and permanently gains twice that card's value as a multiplier	When placed, destroys an adjacent card and permanently gains that card's value	Cue to destroy an adjacent card at any time, gaining twice its value permanently
Q0830	L	L10	skill	Madness		b	Grows by eating your own	When placed, gains a multiplier and destroys one of your other cards at random — **level 2:** It never destroys a card sitting on a mark it matches	When placed, gains a multiplier and destroys one of your other cards, chosen by you — **level 2:** A card you take from a matched cell pays it double	Gains a multiplier each placement and destroys one of your cards at random each placement — **level 2:** It never destroys a card sitting on a mark it matches
Q0832	L	L10	skill	The Ninot		c	An investment that only pays if it burns. **Level 2, on its own mark:** Points banked from lines through its cell count double ⚑ *pair review: overlaps Q0037 and Q0074, which you wrote: bank score now, pay it later*	Cue: bank any part of the placement's score into this card each show; burning it at the final city pays triple everything invested, and a seeded vote may instead pardon it into the next run	Cue: bank any part of the placement's score into this card; burning it at the final city pays triple, with no chance of a pardon	Cue: bank any part of the placement's score into this card; you may burn it at any city for double, or hold for triple at the last
Q0833	L	L10	skill	The Sacrifice		b	Cards are the currency for playing cards. **Level 2, on its own mark:** Placing a card on a mark it matches costs nothing	Placing a card costs you another card already on the grid, destroyed to pay for it	Placing a card of high rank costs another card on the grid; low ranks are free	Placing a card costs another card, and the cost may be paid from the Entrance instead of the grid
Q0836	L	L11	skill	The Prepared Deck		c	Makes an outcome stop being random. **Level 2, on its own mark:** The fixed result also applies to the check after it	Cue: the next probability check this show succeeds automatically	Cue: the next probability check this show fails automatically, and the two after it succeed	Cue: fix the next probability check's result now, before you know what it will be used for
Q0837	L	L11	skill	The Rehearsal		a	See the roll before you commit	Cue: see the result of the next probability check before deciding whether to take it — **level 2:** It sees the next two checks	Cue: see the result of the next check, and you may re-roll it once at a cost — **level 2:** It sees the next two checks	Cue once per show: see the results of every probability check that show, in advance — **level 2:** You may re-roll one of them
Q0839	M	M1	skill	Chorus cards		a	Two in a row see it coming. **Level 2, on its own mark:** One of these on its own mark counts as a pair on its own ⚑ *pair review: a turn is not a unit the board has*	While any two of these share a row, the boss's next intent is revealed one placement early	While any two of these share a line, the boss's next two intents are revealed	While any two of these are on the board at all, the boss's next intent is revealed one placement early
Q0840	M	M1	skill	Effect-order deck viewer		c	Shows the order effects will fire in ⚑ *pair review: (a) and (b) are interface; you rejected a UI-only effect at Q0038*	Shows the trigger order of every skill in the deck, even while the deck is shuffled — **level 2:** You may swap two of them once per show	Shows the trigger order of the next five skills that will fire — **level 2:** It shows the next ten	Shows the trigger order of every skill, and lets you swap two of them once per show — **level 2:** The swap may be made once per Entrance refill
Q0841	M	M1	skill	Everything Face Up		c	Nothing is hidden; the difficulty is the puzzle	The whole deck is visible from the start, so the show is pure planning with no unknowns — **level 2:** You may swap the top card of any stock with the one beneath it	The next card of every stock is visible, so you always know the five cards after these five — **level 2:** You may swap the top card of any stock with the one beneath it	The whole deck is visible for the show's first placement only, then hidden again — **level 2:** The deck stays visible while it sits on its own mark
Q0843	M	M1	skill	The audience warns you		c	The crowd shouts a warning. **Level 2, on its own mark:** A warned card sitting on a mark it matches dodges the hit	The crowd warns one step before a hazard hits a card	The crowd warns one step before a hazard hits, and names which card it will hit	The crowd warns one step ahead, and two steps ahead for a card sitting on a mark it matches
Q0844	M	M1	skill	The Disaster March		c	Learn the tell. **Level 2, on its own mark:** While it sits on its own mark, the cue plays two turns ahead ⚑ *pair review: a turn is not a unit the board has*	A hidden audio cue plays one placement before a surprise boss effect	A hidden audio cue plays one placement before a surprise effect, and a visual tell appears once you have heard it enough times	A hidden cue plays one placement before a surprise effect, differing per boss so each has to be learned
Q0845	M	M1	consumable	The Discoverie		a	Consumable, 3 uses: reveals every fake card in play (yours and the town's); banned (a crime event) in pious towns ⚑ *pair review: you defined a fake as a ghost card, one that does not stay in the deck when the game ends; this effect's premise, a hidden fake to find, is not that*	Consumable with three uses: reveals every fake card in play, yours and the town's; using it in a pious town is a crime	Consumable with three uses: reveals every fake card in play	Consumable with three uses: reveals every fake card, and each fake revealed scores a step
Q0846	M	M1	skill	The Learned Pig		b	Reads anything face-down	Once per Entrance refill, reveal the identity of any face-down, hidden or unknown card — **level 2:** It reveals two cards per Entrance refill	Once per Entrance refill, reveal the identity of any hidden card, and it stays revealed for the rest of the show — **level 2:** It reveals two cards per Entrance refill	Every hidden card adjacent to this one is permanently revealed — **level 2:** Every hidden card in its lines is revealed, not only adjacent ones
Q0847	M	M1	consumable	The Talking Board		b	After the Ouija board: asks the deck a question	Consumable with three charges: ask one true-or-false question about the deck per show, answered honestly	Consumable with three charges: ask one true-or-false question about the deck or the map per show	Consumable with three charges: ask one question per show; the answer is honest, but a wrong guess costs an Entrance card, discarded
Q0848	M	M1	skill	The Séance Buster		a	Calls out every fake on the board. **Level 2, on its own mark:** Its cue also turns an exposed town fake into a card of your deck ⚑ *pair review: you defined a fake as a ghost card, one that does not stay in the deck when the game ends; this effect's premise, a hidden fake to find, is not that*	Cue: reveal every fake card on the board, yours and the town's, scoring bonus points per fake exposed	Cue: reveal every fake on the board and destroy the town's, scoring per fake exposed	Cue: reveal one fake per Entrance refill automatically, scoring bonus points each time
Q0849	M	M1	skill	X-Ray Eyes		b	Sees more the deeper it is buried. **Level 2, on its own mark:** It sees one card further into every stock	While covered, reveals every face-down board card and the top three of the deck	While covered, reveals every face-down board card and the top of the deck, seeing one card further per card covering it	While covered, reveals every face-down board card; while uncovered it reveals nothing at all
Q0850	M	M2	stamp	Bauta		a	This card's rarity and identity are hidden from inspection effects until it scores. **Level 2, on its own mark:** Placed on a mark, its hidden rank and suit become the mark's own ⚑ *pair review: assumes inspection effects; you rejected inspection-by-looking at Q0076*	This card's rank, suit and skill are hidden from inspection until it first scores	This card's rank and suit are hidden from you as well as from effects until it is placed	This card shows itself as a copy of another random card on the grid until it scores
Q0851	M	M2	skill	Blackout turn		b	One refill in the dark. **Level 2, on its own mark:** A card placed blind on a mark it matches scores its line triple	One Entrance refill per show is played with the marks face down	One Entrance refill per show is played with the marks face down; any line completed during it scores double	As (b), and you choose which refill
Q0852	M	M2	skill	Concealed Versus Exposed		c	A hand built in the open is worth less. **Level 2, on its own mark:** A face-down card placed on a mark it matches turns up and still pays the concealed bonus	You may place any card face down; a line built entirely from face-down cards pays more than the same line built face up	You may place any card face down; a line built entirely face down pays double, and revealing any card of it forfeits the bonus	A line built face down pays more, and you choose per card whether to place it face up or down
Q0854	M	M2	skill	Grand Vanish		a	Cue, once per show: hide an entire column so it cannot be seen, targeted, scored, or touched for one turn; it then returns with bonus points on every card. **Level 2, on its own mark:** It may vanish a row as well as a column	Cue, once per show: one column vanishes until the next Entrance refill, unseeable, untargetable and unscoreable, then returns and every line through it re-scores	Cue: one column vanishes until the end of the show and its cards return to the Entrance	Cue, once per show: one column vanishes until the next Entrance refill and returns in a different column's position
Q0855	M	M2	hazard	The Fish		b	Boss: cards arrive face down	Boss: cards are dealt face down after each placement	Boss: cards are dealt face down after each placement, and turn face up once placed	Boss: cards are dealt face down and stay face down until they score
Q0856	M	M2	skill	The Mask Maker		b	Puts a card behind a mask. **Level 2, on its own mark:** It may mask two cards ⚑ *pair review: (a) hides a card from inspection, which you rejected at Q0076*	Cue, once per show: mask any card, hiding its identity and rarity from inspections and towns until it scores twice	Cue, once per show: mask any card until it scores twice; while masked it cannot be targeted by town hazards	Cue: mask any card permanently; it never unmasks, but it also never counts toward set or class bonuses
Q0857	M	M3	skill	Klondike reveal-on-move rule		a	Moving one reveals the next. **Level 2, on its own mark:** A card turned up onto a mark it matches pays its match at once ⚑ *pair review: cards on the board are not face down, so there is nothing beneath to turn up*	Moving a face-up card off a stack turns the card beneath face up	Moving a face-up card off a stack turns the card beneath face up and spotlights it for the placement	Moving any card reveals the card beneath, and revealing pays a small bonus
Q0858	M	M3	skill	The Envelope Act		c	A card placed face down and turned up only when its line resolves	Cue on placement: place this card face down; it turns face up and takes effect only when its line completes — **level 2:** Placed on a mark it matches, it turns up at once and pays double	Cue on placement: place this card face down; it turns up when its line completes, and pays double for having been hidden — **level 2:** It pays double again when its line re-scores	Cue on placement: place any card face down; it turns up when its line completes, and until then counts as a blank for meld purposes — **level 2:** A card placed face down on a mark it matches counts as itself for melds, not a blank
Q0859	M	M3	skill	The Reveal Fee		c	A face-down card costs something to turn over. **Level 2, on its own mark:** Flipping a card in its lines is free ⚑ *pair review: it does not say what the fee is paid in*	A face-down card does not turn up on its own; you pay to flip it, and it does nothing until you do	A face-down card flips free the first time each placement and costs thereafter	A face-down card flips only when paid for, and the price is its rank
Q0860	M	M3	skill	The Sucker Trap		b	A face-down card that punishes whatever disturbs it. **Level 2, on its own mark:** Fired on its mark, it stays face down and can fire again	While face down, any effect that reads or moves this card is cancelled and the reader takes a penalty	While face down, any effect that reads or moves this card flips it and fires its effect on the reader instead	While face down, any effect that reads this card is cancelled; any effect that moves it is redirected onto the mover
Q0861	M	M3	hazard	The Trick		c	Everything flips over	Boss: after each placement, every face-up card in the Entrance flips face down	Boss: after each placement, every face-up card on the grid flips face down	Boss: after each placement, every card flips - face-up becomes face-down and back again
Q0862	M	M4	skill	Murder Mystery Solitaire		b	Deduce the fact the board is hiding. **Level 2, on its own mark:** It gives one free clue each show	One hidden fact about the deck is deducible from what you have seen; naming it correctly pays enormously and naming it wrongly costs the show	One hidden fact is deducible; naming it correctly pays, and a wrong guess costs only a placement	One hidden fact is deducible, and each placement reveals one further clue whether you want it or not
Q0863	M	M4	skill	Second Sight		c	Predicts the line, not the hand. **Level 2, on its own mark:** You may name two lines	At each Entrance refill, name an incomplete line; if it completes before the next refill, +1 combo	As (a); if it completes, +2 combo, and if a different line completes first, -1	At each Entrance refill, name an incomplete line and its hand; the line completing pays +1 combo, the hand being right pays +3
Q0864	M	M4	skill	The Mentalist		c	Calls it before it happens. **Level 2, on its own mark:** While it sits on its mark you may change the named hand type once	At show start, name a hand type; scoring it pays a large bonus, and failing to costs nothing	At show start, name a hand type; scoring it pays a large bonus, and failing to costs fame	At show start, name a hand type and a placement; scoring it in exactly that placement pays an enormous bonus
Q0865	M	M4	consumable	The Sealed Envelope		c	A prediction opened later	Consumable: write down a prediction now, opened at show end; a correct one pays several times over	Consumable: write down a prediction now, opened at show end, and you may change it once	Consumable: write a prediction that is opened three shows later, paying more the longer it waited
Q0866	M	M5	skill	Chalk On The Case		b	Tagged cards become addressable by every effect	A tagged card can be named as the target by any effect whose text says a random card — **level 2:** A tag placed on a card sitting on a mark it matches lasts into the next show	A tagged card can be named by any targeting effect, and a card may carry only one tag at a time — **level 2:** A tag placed on a card sitting on a mark it matches lasts into the next show	Tags are placed by the player, one per Entrance refill, and every targeting effect prefers tags over random choice — **level 2:** Two tags per Entrance refill
Q0867	M	M5	stamp	Marked		b	Always shows this card's position in the deck. **Level 2, on its own mark:** You may also name any one card each show; its position is shown too	This card's position in the deck is always visible	This card's position in the deck is always visible, and once per show you may move it up one place	Every card sharing this card's suit shows its position in the deck
Q0869	M	M5	skill	The Tail		a	A tag that draws everything toward it. **Level 2, on its own mark:** It may tag two cards	Cue: tag one card on the grid; every prop and hazard this placement targets the tagged card first	Cue: tag one card; every prop this placement targets it first, and every hazard avoids it	The last card placed is always tagged, and props target the tagged card before any other
Q0870	M	M6	skill	Turncoat card		c	After the game Among Us: one of your cards is lying. **Level 2, on its own mark:** While it sits on its own mark, the fake in its lines is revealed ⚑ *pair review: you defined a fake as a ghost card, one that does not stay in the deck when the game ends; this effect's premise, a hidden fake to find, is not that*	A card is secretly fake: playing it loses score, and it ignores the rules on certain turns until you find and remove it	A card is secretly fake and loses score when played; it is revealed after it has cost you three times	A card is secretly fake, and each placement you may accuse one card, at a cost if you are wrong
Q0871	M	M6	skill	Kayfabe		a	While it is in play, ghost cards stay	While this card is in play, every ghost card counts as real and stays in the deck when the show ends — **level 2:** Ghosts in its lines stay even if this card leaves play before the show ends	While this card is in play, one ghost card of your choice stays in the deck at each show end — **level 2:** Two ghosts stay	While this card is in play, ghost cards stay in the deck, but real cards you never scored this show become ghosts — **level 2:** Unscored cards in its lines stay real
Q0872	M	M6	skill	Marketed monster		b	Advertised as a monster. **Level 2, on its own mark:** Landing on its own mark exposes it: its debuff on its neighbours becomes a buff ⚑ *pair review: assumes inspection effects; you rejected inspection-by-looking at Q0076*	Debuffs adjacent cards while secretly being harmless, and is exposed if inspected	Debuffs adjacent cards while secretly being harmless; being exposed turns the debuff into a buff	Appears to debuff adjacent cards but actually buffs them, and inspection reveals the truth to the town, not to you
Q0874	M	M6	skill	The Charm		b	The card text is not the trigger. **Level 2, on its own mark:** On its mark, its real trigger is shown to you	The printed trigger is not the real one; the real trigger is something else entirely	The printed trigger is not the real one, and the real one is revealed after it first fires	The printed trigger is not the real one; you may learn the truth early by discarding an Entrance card
Q0875	M	M6	rank	The Gaff		b	Shows one value, holds another; it matches a rank mark by the rank it displays. **Level 2, on its own mark:** Its true value is revealed the moment it lands, and any line through its cell that completes with the truth scores then	Wild pip: displays a fixed rank and suit until scored, then reveals its true randomly determined value	Wild pip: displays a fixed rank and suit until scored, then becomes whatever would have scored highest	Wild pip: displays a fixed value that is a lie, and discarding an Entrance card reveals the truth before it scores
Q0876	M	M6	skill	The Radio Dummy		b	Its gimmick does not work, and it scores anyway ⚑ *pair review: it does not say what its gimmick is*	Its stated gimmick is nullified by the board context, and it scores regardless — **level 2:** While it sits on its own mark, its gimmick works as well	Its stated gimmick is nullified, and it scores more the more thoroughly it is nullified — **level 2:** It counts as fully nullified	Its stated gimmick never works, and the card scores a flat amount that no effect can change — **level 2:** Its flat amount is paid to every line through its cell
Q0877	M	M6	skill	The Skipping Tape		c	Exposed after the fact. **Level 2, on its own mark:** While it sits on its own mark, no fake in its lines is exposed ⚑ *pair review: you defined a fake as a ghost card, one that does not stay in the deck when the game ends; this effect's premise, a hidden fake to find, is not that*	A fake that already scored is exposed retroactively, and you pay back the fame it earned	A fake that already scored is exposed retroactively, and you pay back double	A fake that already scored may be exposed retroactively, and you may pay points to bury the story instead
Q0878	M	M6	skill	The Unicorn		a	Worth a fortune until somebody checks. **Level 2, on its own mark:** While it sits on its own mark, inspection does not reduce it ⚑ *pair review: assumes inspection effects; you rejected inspection-by-looking at Q0076*	Scores as a Legendary at five times base until an inspection effect examines it, after which it scores half, forever	Scores as a Legendary until inspected, after which it scores half for the rest of that show only	Scores as a Legendary until inspected; being inspected destroys it outright
Q0880	M	M7	skill	Exposure cost		a	Looking behind the curtain costs something. **Level 2, on its own mark:** Revealing a card in its lines is free ⚑ *pair review: you defined a fake as a ghost card, one that does not stay in the deck when the game ends; this effect's premise, a hidden fake to find, is not that*	Revealing a fake's true nature, yours or the boss's, costs the show's reward	Revealing a fake's true nature costs an Entrance card, discarded	Revealing a fake costs the show's reward, and revealing your own costs the next show's as well
Q0882	M	M7	skill	The Blind Spot		b	The inspector can only watch one side. **Level 2, on its own mark:** While it sits on its own mark, you choose which grid is watched ⚑ *pair review: a turn is not a unit the board has*	While the inspector watches one grid, outlawed cards may act freely in the others	While the inspector watches one grid, outlawed cards act freely elsewhere, and you are shown where they are watching	The inspector watches one grid, chosen fresh each placement without warning
Q0883	M	M7	skill	The Escalating Look		b	Each glance costs more than the last ⚑ *pair review: assumes inspection effects; you rejected inspection-by-looking at Q0076*	The first inspection each show is free, the second costs one patience, and each after that costs one more — **level 2:** Inspecting a card in its lines is free	Every inspection this show costs one more than the last, but each one shows one card further — **level 2:** Inspecting a card in its lines is free	Inspections are free, but each one permanently raises the show's score requirement by a small step — **level 2:** An inspection from its lines does not raise the requirement
Q0884	M	M7	skill	The Ticket Booth		a	Looking behind the curtain has a standing price. **Level 2, on its own mark:** The card paid for a look is one you choose, and goes to the bottom of its stock instead of the discard ⚑ *pair review: it only puts a price on information; it reads as a hazard*	Reading any hidden information - deck order, rules deck, a face-down card - costs one Entrance card, discarded	Reading hidden information is free once per Entrance refill and costs an Entrance card thereafter	Reading hidden information costs an Entrance card, and every look also reveals one thing to the show's hazards
Q0885	M	M8	skill	The Blind		a	Hides your board from the opposition. **Level 2, on its own mark:** Nor the cells beside its lines ⚑ *pair review: on one grid, one grid of your choice was the whole board*	The boss cannot see the lines through this card, so its targeting never lands there	The boss cannot see the lines through this card, and targets the others twice as often	The boss cannot see any card that has not yet scored
Q0886	M	M8	skill	The Critic In The Stalls		a	What the show can see of your board. **Level 2, on its own mark:** Cards sitting on marks they match are invisible to hazards too ⚑ *pair review: near Q0856 (b), where a masked card cannot be targeted by town hazards*	Hazards and boss rules read only the cards that are currently spotlit; anything covered is invisible to them	Hazards read only spotlit cards, and a covered card may be revealed deliberately to bait them	Hazards read the whole board, but one card per Entrance refill may be hidden from them by cue
Q0887	M	M8	skill	The Decoy		b	Shows the opposition something false. **Level 2, on its own mark:** You choose the card the false picture points at ⚑ *pair review: no hazard chooses its target by reading your play*	Presents a false picture of your board so the boss targets a card that is not there	Presents a false picture so the boss targets this card instead of what it wanted	Presents a false picture; the boss targets at random instead of choosing
Q0888	M	M8	skill	The Tell		b	The opposition reads you back. **Level 2, on its own mark:** The boss targets it; each hit it survives adds +1 to the multiplier of its lines ⚑ *pair review: no hazard chooses its target by reading your play; it only costs you*	The boss targets whichever card scored most last placement	The boss targets whichever card scored most last placement, and you are told before it lands	The boss targets whichever card you have moved most this show
Q0894	O	O2	skill	Contradiction		c	Two stacking rules at once	Two stacking rules apply at once, and a build is legal if it satisfies either — **level 2:** Its own stack may break both rules	Two stacking rules apply at once, and a build is legal only if it satisfies both — **level 2:** Its own stack may build by either rule	Two stacking rules apply, alternating by column, so neighbouring columns build differently — **level 2:** Its own stack may build by either rule
Q0895	O	O2	skill	House Rules: Building		c	Rewrites what a legal build is	Replaces the default stacking rule with same-suit ascending instead of different-suit adjacent — **level 2:** Its own stack is exempt from the stacking rule	Replaces the default stacking rule with anything-on-anything, removing legality entirely — **level 2:** Its own stack pays at four cards, not five	The stacking rule is drawn at random each show from a fixed set, and announced before play — **level 2:** Its own stack is exempt from the stacking rule
Q0896	O	O2	skill	The Amendment Clause		c	Lets you edit the stacking rule. **Level 2, on its own mark:** Cued from its mark, the relaxed clause stays relaxed into the next show	Cue once per show: relax one clause of the stacking rule for the rest of the show	Cue once per show: relax one clause of the stacking rule for one placement only	Cue once per show: swap the stacking rule for any other you have seen this run
Q0900	O	O3	skill	Double Billing		c	Two scoring rules, both paid	Every line scores under two rules at once, and both payouts are banked — **level 2:** Lines through its cell score under a third rule as well	Every line scores under two rules, and you keep whichever paid more — **level 2:** Lines through its cell take both payouts	Rows score under one rule and columns under another — **level 2:** Lines through its cell take both payouts
Q0901	O	O3	skill	House Rules: Scoring		c	Rewrites how a line resolves. **Level 2, on its own mark:** Lines through its cell pay both the poker hand and the rank sum	A line's score is the sum of its ranks rather than its poker hand	A line's score is its poker hand multiplied by the number of distinct suits in it	A line scores as its poker hand, or its rank sum, whichever is higher
Q0902	O	O3	skill	The Best Hand Only		c	One hand per placement, not twelve. **Level 2, on its own mark:** Lines through its cell always pay, best or not	Only the single highest-scoring line each placement pays; the others complete without scoring	Only the highest-scoring line each placement pays, at five times its normal rate	Only the highest-scoring line pays, and every other completed line adds one to the combo instead
Q0903	O	O3	skill	The Deferred Line		a	Lines wait for the curtain. **Level 2, on its own mark:** A held line through its cell gains a step for every card placed on a matched cell while it waits	A completed line does not score immediately; it holds and pays at the next Entrance refill, so effects can still change it	A completed line holds and pays at the next Entrance refill, and pays an extra step for every placement it was left standing	A completed line holds until you press End, and every held line pays at once
Q0904	O	O3	skill	The Revised Bill		c	Swaps the scoring rule mid-show	Cue: swap the scoring rule for the rest of the show from a slate of three — **level 2:** The new rule also re-scores lines through its cell	Cue: swap the scoring rule for one placement only, from a slate of three — **level 2:** The new rule also re-scores lines through its cell	Cue: swap the scoring rule, and every line already scored this show re-scores under the new one — **level 2:** You may pick the new rule from any rule, not only the slate
Q0905	O	O3	skill	The Simultaneous Resolution		a	Lines that complete together are one hand. **Level 2, on its own mark:** A merged hand through its cell counts every one of its cards, not only the best five	Lines completed by the same placement resolve as a single hand made of all their cards, scored as the best five, into the special bucket	Lines completed by the same placement resolve as one hand and pay it once into each bucket the merged lines belonged to	Lines completed by the same placement resolve separately, and each one after the first pays an extra step
Q0906	O	O4	structure	15 Minute City		c	A deck with holes in it	Deck: two copies of every face card and no aces, twos or threes	Deck: two copies of every face card and no low ranks, with two locked cards you can never remove	Deck: a named set of ranks is missing entirely, and which ranks differ per challenge
Q0907	O	O4	structure	Antimatter Deck		a	Every deck's upside at once	Deck: carries the upside of every deck you have already won with	Deck: carries the upside of every deck in the game at once	Deck: carries the upside of every deck you have won with, and one downside for each
Q0908	O	O4	skill	Dual-Purpose Deck		b	After the Cryptid mod's CCD Deck: every card is also a consumable. **Level 2, on its own mark:** While it sits on its own mark, a card placed in its lines may still be spent as its consumable without leaving the board	Every card is also a random consumable, spendable instead of placed	Every card is also a consumable, and spending it removes the card from the deck	Every card is also a consumable, and which consumable it grants rerolls each show
Q0910	O	O4	skill	Edition Deck		a	Every card is the same edition	Every card on this grid carries this card's chosen stamp, and no card may ever change it — **level 2:** You may change the stamp once per show	Every card on this grid carries this card's chosen stamp, and you may change it once per show — **level 2:** You may change the stamp at any time	Every card on this grid carries a stamp chosen at random each show — **level 2:** You choose the stamp instead of a random one
Q0911	O	O4	structure	Gauntlet Deck		c	After the Cryptid mod's Enter the Gungeon deck: every show is a boss	Deck: every show is a boss show and none may be skipped	Deck: every show is a boss show, and beating one lets you skip the next	Deck: every show is a boss show, and the bosses are drawn without repeating
Q0912	O	O4	skill	Glowing Deck		c	Beating a boss buffs everything	Beating a boss multiplies the values of every card you own — **level 2:** A boss beaten while it sits on its own mark multiplies the cards in its lines again	Beating a boss multiplies the values of one card you choose — **level 2:** You choose two cards	Beating a boss multiplies every card's values, and losing one divides them — **level 2:** A loss while it sits on its own mark does not divide
Q0913	O	O4	structure	Hundred Entertainments deck		c	A hundred commons	Deck: 100 cards, all Common, built for combo scoring	Deck: 100 cards, all Common, and the combo multiplier counts double	Deck: 100 cards, all Common, and every tenth card scored upgrades permanently
Q0915	O	O4	structure	Legendary Deck		a	Starts legendary, and might get more	Deck: starts with a Legendary card, with a chance of gaining another whenever a boss is beaten	Deck: starts with a Legendary card and nothing else out of the ordinary	Deck: starts with a Legendary, and every Legendary gained costs you two Commons
Q0916	O	O4	skill	Magic deck		a	Suits as elements, melds as spells ⚑ *pair review: it does not say what a spell does*	Each suit acts as an element, and completing certain suit combinations casts a spell effect — **level 2:** You choose the spell for lines through its cell	Each suit acts as an element, and any line with three or more elements casts a random spell — **level 2:** You choose the spell for lines through its cell	Each suit acts as an element, and this card lets you choose which spell each combination casts — **level 2:** A line through its cell casts its spell twice
Q0918	O	O4	structure	Punk / Minimal unlockable decks		c	Two decks with a philosophy	Decks: a rule-breaking commons deck with no Producer class, and a pips-only deck with no skills at all	Decks: a rule-breaking commons deck, and a pips-only deck where pip effects are twice as strong	Decks: a commons-only deck that upgrades cards through play, and a pips-only deck that gains one skill per tour
Q0920	O	O4	structure	Small-tent starting deck (Carpas)		b	Start small, end famous	Deck: a weak starting deck built around an underdog-to-star arc, gaining strength as fame rises	Deck: a weak starting deck whose cards each upgrade once at a fame threshold	Deck: a weak starting deck that gains one card of the highest rarity you have ever scored, each tour
Q0921	O	O4	skill	Suit Deck		b	One suit, all the way down. **Level 2, on its own mark:** It may change its suit once per show	While spotlit, every card on this card's grid counts as this card's suit, and no card may ever change suit	While spotlit, every card on this card's grid counts as this card's suit for props and for suit marks, but keeps its own suit for melds	While spotlit, every card on this card's grid counts as one suit, and the suit changes each show
Q0922	O	O4	structure	Survivor deck		b	Suits as supplies	Deck: suits represent survival resources - food, water, blade and so on - each with its own upkeep	Deck: suits represent survival resources, and running out of one imposes a debuff until it is replenished	Deck: suits are resources consumed when scored and replenished by specific melds
Q0923	O	O4	skill	The Collective deck		c	No stars, just the ensemble. **Level 2, on its own mark:** Cards sitting on marks they match keep their own power if it is higher ⚑ *pair review: it does not say what a card's power is*	While spotlit, every card shares the average power of all cards, and a deck with no rares scores a bonus multiplier	While spotlit, every card shares the average power of all cards, so buffing one buffs all	While spotlit, every card shares the average power of the cards on the board, recalculated as cards are placed
Q0925	O	O5	skill	The Doubled Next		b	One refill, two deals. **Level 2, on its own mark:** The deal you do not keep returns to the bottom of its stocks instead of the discard	While this card is on the grid, each Entrance refill deals twice, discarding the first deal	While this card is on the grid, each Entrance refill deals twice and you keep whichever five you choose	While this card is on the grid, each Entrance refill deals twice and both sets are available at once
Q0927	O	O5	skill	The Third Button		c	A control the game did not have. **Level 2, on its own mark:** Its button may be used once more per Entrance refill	A third button is added beside End and Undo that swaps the contents of two grid cells, usable once per Entrance refill	A third button is added beside End and Undo that slides one row one cell along, wrapping, usable once per Entrance refill	A third button is added beside End and Undo that swaps one grid card with one Entrance card, usable once per Entrance refill
Q0935	O	O7	skill	The Side Tent		c	A rule that only applies to one grid. **Level 2:** none beyond the flat mult a match pays ⚑ *pair review: its only reach is other grids, and a normal run plays one*	This card's talent affects only its own grid, never another	This card's talent affects only its own grid, and may be moved to another grid once per show	This card's talent affects only its own grid, and every other grid gets the opposite effect
Q0940	O	O8	structure	The Town Ordinance		c	Where you play sets a standing restriction	Each town imposes one restriction for every show played there, announced before you arrive	Each town imposes one restriction announced only after the show's first placement	Each town offers a choice of two restrictions, the harder one paying more
Q0941	P	P1	skill	Rehearsal Hall		c	Class counts unlock tiers. **Level 2, on its own mark:** Its own class reaches each tier one card sooner	Two, four and six cards of one class on the board each unlock a stronger bonus for that class	Every second card of one class on the board raises that class's bonus by one step, with no cap	Two, four and six of one class unlock tiers, and the tiers differ per class
Q0942	P	P1	skill	The Census Taker		a	Counts one named thing, anywhere. **Level 2, on its own mark:** Cards of the named class sitting on marks they match count twice	Scores a bonus per card of one named class anywhere on the board, however far away	Scores a bonus per card of one named class in its lines	Scores a bonus per card of the class it has seen least this run, so it chases variety
Q0944	P	P1	skill	Thin Bill		c	Pays for having almost none	Scores a large bonus if exactly one card of its class is on the board — **level 2:** It counts only cards of its class that are not sitting on marks they match	Scores a large bonus if it is the only card of its class in the whole deck — **level 2:** Cards of its class sitting on marks they match do not count as in the deck	Scores a bonus scaling inversely with how many of its class are on the board — **level 2:** It counts only cards of its class that are not sitting on marks they match
Q0945	P	P2	skill	Cross-class Clown leader		c	A leader whose joke lands everywhere	Leader: its buff reaches every class rather than one — **level 2:** Its buff reaches cards in its lines twice	Leader: its buff reaches every class, at half the strength a single-class leader would give — **level 2:** Its buff reaches every class at full strength in its own lines	Leader: its buff reaches every class, growing with the number of distinct classes on the board — **level 2:** Its buff reaches every class at full strength in its own lines
Q0948	P	P2	skill	Magician leader (Tenkatsu)		c	A leader who prints cards. The cards it prints stay in the deck. **Level 2, on its own mark:** The token goes on top of a stock you choose	Leader: produces one token card per show	Leader: produces one token card per Entrance refill, whose suit you choose	Leader: produces a token card whenever a line scores with no token in it
Q0949	P	P2	skill	Satirical Animal Trainer leader		b	Fame up, relations down ⚑ *pair review: assumes town relations the game does not track*	Leader: satire raises fame and lowers town relations — **level 2:** Satire from its own mark raises fame without lowering relations	Leader: satire raises fame and lowers town relations, and low relations raise the payout further — **level 2:** Relations lowered while it sits on its own mark count double toward the payout	Leader: satire raises fame and lowers relations; at zero relations the town bars you and pays a lump sum — **level 2:** Satire from its own mark raises fame without lowering relations
Q0950	P	P2	skill	The Front Rank		c	Where a card stands changes what its class does. **Level 2, on its own mark:** Its own class bonus applies in every ring	A class bonus applies only to cards of that class in the outermost ring of the grid	A class bonus applies at full strength in the outer ring and half strength in the centre	Each class names the ring it wants, and its bonus applies only there
Q0951	P	P2	skill	The Juggler King		b	Leader that keeps one suit scoring. **Level 2, on its own mark:** Cards of its suit sitting on suit marks they match re-score twice	Leader: Balls cards may re-score each placement for as long as at least one Balls card scores every placement	Leader: cards of one suit you name at run start may re-score each placement while that suit scores every placement	Leader: cards of the suit that scored most last placement may re-score this placement
Q0952	P	P2	skill	The Ringmaster		a	The leader who never leaves. **Level 2, on its own mark:** The cell it ends the show on keeps its mark into the next show	Leader with no suit or rank: starts in the Entrance, is always grabbable, may be placed anywhere uncovered, and stays on the board from one show to the next, starting each show already placed	Leader with no suit or rank that stays on the board from one show to the next, but may only occupy the centre cell of a grid	Leader with no suit or rank that stays on the board from one show to the next and counts as a member of every line it touches
Q0953	P	P2	skill	The Satirist		c	More fame, worse weather. **Level 2, on its own mark:** Shows earn 50% more fame instead of 25%	Leader: shows earn 25% more fame, and every town's hazard is one tier harsher	Leader: shows earn 25% more fame, and every town gets one extra hazard	Leader: shows earn 25% more fame per hazard active in the town, and hazards are one tier harsher
Q0954	P	P2	skill	The Sharpshooter		b	Calls the rank of the night. **Level 2, on its own mark:** Cards of the named rank sitting on rank marks they match score triple	Leader: name a rank at each show start; cards of that rank score double all show	Leader: name a rank at each show start; cards of that rank score double, and cards one either side score 50% more	Leader: the rank printed on the most uncovered marks scores double, re-read after every placement
Q0957	P	P2	skill	The Sweet Tooth		c	Makes the buffs stick. **Level 2, on its own mark:** Rank buffs on cards sitting on marks they match are doubled	Leader: every rank buff your effects grant becomes permanent instead of lasting the show	Leader: every rank buff your effects grant lasts an extra show, stacking if reapplied	Leader: rank buffs become permanent, but every debuff your cards take is permanent too
Q0958	P	P2	skill	The Tiger Queen		c	Takes the lid off eating. **Level 2, on its own mark:** Eating on a matched cell gains double	Leader: every consumption effect loses its cap, so rank gains from eating are unbounded	Leader: every consumption effect loses its cap, and eaten cards are never returned	Leader: consumption caps double rather than vanish, and eating a card of the same class as the eater ignores the cap entirely
Q0959	P	P2	skill	The Widow's Succession		c	The partner inherits ⚑ *pair review: leaders are planned (DESIGN_DOC.md section 11), but nothing yet says what happens when one is destroyed*	When a leader is destroyed, its partner card inherits the leader slot and one signature power — **level 2:** A partner sitting on a mark it matches inherits every power	When a leader is destroyed, its partner inherits the leader slot with all its powers — **level 2:** The partner keeps its own powers as well	When a leader is destroyed, any card of its class may be promoted, keeping one power of your choice — **level 2:** The promoted card keeps two powers of your choice
Q0960	P	P3	skill	Pink Lemonade		b	When a Flames card and a Concessions card score in the same row, gain bonus points and refill 1 card into the Entrance. **Level 2, on its own mark:** You choose which stock the refill draws from	When a Flames card and a Concessions card score in the same line, gain bonus points and refill one Entrance card	When any two named classes score in the same line, gain bonus points and refill one Entrance card	When two cards of different classes score adjacent to each other, gain bonus points; refill one Entrance card if three or more classes were involved
Q0962	P	P3	skill	The Engineer		c	Gamble-tagged cards have their destruction odds halved. **Level 2, on its own mark:** Gamble-tagged cards sitting on marks they match cannot be destroyed	Gamble-tagged cards have their destruction odds halved	Gamble-tagged cards that survive a destruction roll gain +1 rank	Each gamble-tagged card on the grid raises every other one's payout
Q0963	P	P3	skill	The Lion's Bride		c	Survives the animal act. **Level 2, on its own mark:** It cannot be eaten at all	Scores bonus points each placement it shares a column with a consuming Animal card and is not eaten	Scores bonus points each placement it is adjacent to any card that consumes, and cannot be eaten by it	Scores bonus points scaling with how many consuming cards are on its grid, and is always eaten last
Q0964	P	P4	skill	Macabre Joker		c	Purges everything but one class. The tokens it creates stay in the deck, in place of what it destroyed. **Level 2, on its own mark:** Placed on its own mark, each card it destroys leaves a token in the Entrance ⚑ *pair review: it clears your own board when placed; (b) only costs you*	When placed, destroys every other card on the board not of a named class, creating a token for each destroyed	When placed, destroys every other card on the board not of a named class, with no compensation	When placed, destroys every other card on the board not of the class you own most of, creating a token for each
Q0965	P	P4	skill	The Closed Shop		c	Its lines admit one union only	Its row and column accept only cards of this card's class — **level 2:** Its own lines accept any class	Cards of other classes may be placed in its row and column but score nothing there — **level 2:** Cards of other classes in its lines score normally	Its row and column accept only two classes named when it is placed, and a line there of a single class scores double — **level 2:** The two classes are named when it lands on its mark
Q0966	P	P4	skill	The Rival Acts		c	Two classes that will not share a stage	Two named classes may never be placed on the same grid; the entrance will not release one onto a grid holding the other — **level 2:** A rival sitting on a mark it matches may share the grid	Two named classes may share a grid, but while they do neither scores — **level 2:** A rival sitting on a mark it matches still scores	Two named classes may share a grid; while they do, both score double and both are destroyed when a placement finishes resolving — **level 2:** Rivals sitting on marks they match score triple instead of double
Q0967	P	P4	consumable	The Struck Name		a	Take a class off the bill	Consumable: name a class; no card of that class may be placed for the rest of the show, and every other class scores an extra step	Consumable: name a class; no card of that class may be drawn for the rest of the show	Consumable: name a class; cards of that class are removed from the deck for the rest of the run, and each one removed scores its rank now
Q0968	P	P5	skill	Clown set bonus raises patience		a	Clowns buy you patience. **Level 2, on its own mark:** A meld through its cell refills two patience ⚑ *pair review: patience exists only under your Q0059 boss rule*	Each distinct Clown card on the board raises patience by 1, and holding a full set gives a chance not to spend patience at all	Each distinct Clown card on the board raises patience by 1	Each distinct Clown card raises patience by 1, and a full set stops patience being spent entirely
Q0969	P	P5	structure	Congress deck		c	One of everything	Deck: starts with one card from every regional tradition, with cross-tradition synergy tags	Deck: starts with one card from every class, and class bonuses count double	Deck: starts with one card from every tradition, and holding a full set of any tradition pays a standing bonus
Q0970	P	P5	skill	Houses		c	Cards belong to houses. **Level 2, on its own mark:** House members sitting on marks they match count twice toward the house's size	Cards belong to named houses led by a Mother card, and each house member scores extra when its Mother card is on the board	Cards belong to named houses led by a Mother card; a full house on the board pays a standing bonus	Cards belong to houses, and a house's Mother card buffs every member on the board by the house's size
Q0971	P	P5	structure	Named court card identities		c	The face cards have names	Face cards carry hidden historical identities discovered through play; finding all twelve grants a meta reward	Face cards carry hidden identities; each one discovered permanently buffs that card	Face cards carry hidden identities discovered through play, and each discovery reveals a hint toward the next
Q0972	P	P5	skill	The Dragon Collapse		c	Collect a set, and it seals a slot. **Level 2, on its own mark:** Three of the group are enough when one of them sits on a mark it matches	When all four cards of a named group are uncovered at once, they collapse into one cell which is then permanently sealed	When all four of a named group are uncovered, they collapse and are removed from the run entirely, paying their summed rank	When all four of a named group are uncovered, they collapse into one card carrying all four of their skills
Q0973	P	P5	structure	The Erdnase Cipher		c	A signature that turns up across runs	A hidden signature appears on random cards across many runs; collecting them all unlocks an unexplained reward	A hidden signature appears on random cards; scoring a signed card pays a small bonus and marks progress	A hidden signature appears across runs, and each one found makes the next slightly more likely
Q0974	P	P5	consumable	The Major Arcana		c	A set worth completing across runs	A series of 22 unique one-shot consumables; collecting all 22 across runs grants a permanent profile reward	A series of 22 unique one-shot consumables; each one you have already used this run makes the next cheaper	A series of 22 unique consumables; holding any three at once lets you spend them together for a combined effect
Q0975	P	P6	skill	Animal-puppet tokens		b	An animal that is legally a puppet. **Level 2, on its own mark:** It counts for both Animal and Puppet class bonuses ⚑ *pair review: assumes towns ban classes, which the game does not do*	Animal effects that register as Puppet-type, immune to animal bans	Animal effects that register as Puppet-type, immune to animal bans but excluded from Animal class bonuses	Any card may be re-registered as Puppet-type once per run, dodging bans on its real class
Q0976	P	P6	type	Bahurupiya		c	At the start of each show, this card is assigned a random different class (seeded), and counts for that class's synergy effects for the show	At show start this card is assigned a random class and counts as that class all show	Counts as every class at once for class-count effects, but never as its own	Counts as whichever class is most represented on its grid, updating as cards are placed
Q0977	P	P6	structure	Face/heel alignment		c	Villain or hero, and towns care	Cards carry a face or heel alignment with different bonuses, and towns prefer one or the other	Cards carry a face or heel alignment you may flip once per show, with towns preferring one	Cards carry an alignment, and a card scoring with a town's preference earns double while one scoring against it earns nothing
Q0978	P	P6	stamp	Greasepaint		c	This card counts as a Clown-class card in addition to its own class. **Level 2, on its own mark:** It counts as every class present in its lines	Counts as a Clown-class card in addition to its own class	Counts as one additional class of your choice, fixed when the stamp is applied	Counts as the class printed on the mark it sits on, as well as its own
Q0979	P	P6	structure	The Bonded Troupe		c	Cards trained together take a shared tag. (DESIGN_REFERENCES.md F6, the Academy family)	Between runs, several Common cards may be trained together; they gain a shared group tag and score a bonus whenever two of them are on the board	Between runs, several Commons may be trained together into one merged card of their summed rank	Between runs, several Commons gain a shared tag, and the bonus scales with how many of the troupe are on the board at once
Q0980	P	P6	skill	The Capoeirista		c	Registered as a Dancer but functions as an Escape Artist; town bans on Escape Artist-type acts still let it perform. **Level 2, on its own mark:** It counts for both classes' bonuses ⚑ *pair review: assumes towns ban classes, which the game does not do*	Registered as a Dancer but works as an Escape Artist, so town bans on Escape Artists never catch it	Registered as one class and works as another, both chosen when acquired, so bans on the working class never catch it	Whenever a town bans a class, this card registers as a different one for that show
Q0981	P	P6	structure	The Heel Turn		a	Turn heel, and stay turned	Flip the leader to heel mid-tour for new powers and changed town reactions, with no way back this run	Flip the leader to heel mid-tour, and flip back once at the cost of the next show's reward	Flip the leader to heel mid-tour; every town's reaction changes, and heel shows pay double in towns that prefer a villain
Q0982	P	P6	rank	The Impresario		b	Kings are renamed and count as Producer-class cards. The tokens Kings mint are ghosts	Kings count as Producer-class cards — **level 2:** A King on a King mark makes every face card in its lines a Producer	Kings count as Producer-class cards and mint a rank-1 token card whenever they score — **level 2:** A King on a King mark makes every face card in its lines a Producer	Every face card counts as a Producer-class card — **level 2:** Every card in its lines counts as a Producer, not only face cards
Q0983	P	P6	skill	The Little Umbrella		b	A prop that lends its class. **Level 2, on its own mark:** Its holder may perform the moves of two classes	While held, lets its holder perform Acrobat moves regardless of the holder's class	While held, lets its holder perform the moves of any one class you name	While held, lets its holder perform the moves of whichever class is adjacent to it
Q0984	P	P6	skill	The One-Man Band		a	Three jobs, badly. **Level 2, on its own mark:** It counts as every class present on its grid, at full effect	Counts as three classes chosen when acquired, each at one-third effect	Counts as three classes chosen when acquired, each at full effect, but it can never be the target of a class bonus itself	Counts as three classes chosen fresh at the start of each show, each at one-third effect
Q0986	P	P6	structure	The Renaming		c	A class renames itself	After a vote event, one class's tag upgrades to a better-received label with better town reactions	After a vote event, one class's tag changes, and cards of that class gain a new synergy	After a vote event you choose which class renames, and towns react to the new label from then on
Q0987	P	P6	skill	The Shift		c	Change what a card counts as. **Level 2, on its own mark:** It may change a card's suit instead of its class	Cue: change one card on the grid to any class for the rest of the show	Cue: change one card to any class permanently, once per run	Cue: change every card in one line to the class of the card you point at, for the rest of the show
Q0989	P	P6	skill	Troupe adoption		c	Everyone takes the leader's colours	Any card without a class takes the current leader's class tag — **level 2:** Cards in its lines that have a class take the leader's class too	Any card without a class takes the current leader's class, and loses it if the leader is destroyed — **level 2:** Cards in its lines keep the class if the leader is destroyed	Every card takes the leader's class tag in addition to its own — **level 2:** Cards in its lines count the leader's class twice
Q0991	P	P7	skill	Baseball Card		c	Paid by rarity. **Level 2, on its own mark:** Cards sitting on marks they match count one rarity higher ⚑ *pair review: the same effect as Q0942, counting rarity instead of class*	Every card of a named rarity on the board gives a multiplier	Every card of a named rarity on the board gives a multiplier, and the rarity rises each show	The multiplier scales with how many distinct rarities are represented on the board
Q0992	P	P7	skill	Beige Deck		c	Commons hit far harder. **Level 2, on its own mark:** It also quadruples the rarity you own least of	Common cards have their values quadrupled	Common cards have their values quadrupled, and rarer cards halved	Whichever rarity you own most of has its values quadrupled
Q0993	P	P7	skill	Driver's License		c	Paid once your deck is stamped enough. **Level 2, on its own mark:** Stamps on cards sitting on hat marks they match count twice	Triples score once your deck holds at least a threshold number of stamped cards	Triples score once the deck holds a threshold of stamped cards, and the threshold rises each time it triggers	Scales smoothly with how many stamped cards the deck holds, rather than snapping at a threshold
Q0994	P	P7	skill	Stone Joker		c	Paid by a type you have collected. **Level 2, on its own mark:** It counts two types ⚑ *pair review: the same effect as Q0942, counting type instead of class*	Gains a flat bonus for each card of a named type in your whole deck	Gains a flat bonus for each card of a named type in your deck, and names the type when acquired	Gains a flat bonus for each card of whichever type you own most of
Q0996	P	P7	skill	The Cloverleaf		a	Four of a kind together upgrade each other. **Level 2, on its own mark:** A block that includes this card needs only three of the class	Four cards of the same class placed in a two-by-two block all upgrade permanently	Four cards of the same class placed adjacent in any shape all upgrade for the show	Four of the same class in a two-by-two block upgrade permanently, and the block then counts as one card
Q0999	P	P8	skill	One Ring at a Time		b	Class bonuses count per grid. **Level 2, on its own mark:** Class counts in its lines count double ⚑ *pair review: needs a second grid, and a normal run plays one*	Class counts are counted per grid rather than across the whole board	Class counts are per grid, and a class present in every grid pays a further bonus	Class counts are per grid, and a grid holding only one class pays double for it
Q1000	P	P8	skill	Rival Companies		c	Two grids, two classes. **Level 2, on its own mark:** Its grid's class is named when it lands on its own mark ⚑ *pair review: it assigned at show start, when the card is still in the deck*	Each grid is assigned a class when this card is placed; cards of that class score double there and half elsewhere	Each grid is assigned a class; cards of other classes cannot be placed there at all	Each grid is assigned a class, and you choose the assignment before the show
Q1001	P	P8	skill	The Company Split		c	Rewards spreading a class thin. **Level 2, on its own mark:** Cards of its class sitting on marks they match count twice ⚑ *pair review: needs a second grid, and a normal run plays one*	Scores a bonus for each grid containing at least one card of its class	Scores a bonus for each grid containing at least two cards of its class	Scores a bonus for each grid containing its class, doubled if every grid does
Q1003	P	P9	skill	Reserved Seating		b	Some cells only take one class. **Level 2, on its own mark:** Reserved cells in its lines accept any class ⚑ *pair review: overlaps the board plan: a cell that asks for one class is a talent mark*	Certain cells accept only cards of a named class, shown before you place	Certain cells accept only a named class, and a card of that class placed there scores double	Certain cells accept only a named class, and which class is rerolled each placement
Q1004	P	P9	zone	The Dressing Room		a	A cell that belongs to whoever used it last ⚑ *pair review: overlaps the board plan: a cell that asks for one class is a talent mark*	This cell accepts only cards of the class that last scored in it; the first card placed there sets the class for the show	This cell accepts only cards of the class that last scored in it, and the class resets each Entrance refill	This cell accepts any class, but a card whose class differs from the last one to score there scores nothing
Q1005	P	P9	skill	The Star Trap		c	Claims a cell for its own class. **Level 2, on its own mark:** It may claim two cells ⚑ *pair review: overlaps the board plan: a cell that asks for one class is a talent mark*	Cue: claim one empty cell so only cards of this card's class may be placed there; that card scores double	Cue: claim one empty cell so only this card's class may go there, permanently	Cue: claim one empty cell so only this card's class may go there, and every such cell raises the class's bonus
Q1006	P	P9	skill	Union Rules		b	A class must be represented ⚑ *pair review: only a restriction; it reads as a hazard*	At least one card of each class already on the board must be placed each Entrance refill, or the next refill's placements score nothing — **level 2:** Lines through its cell are exempt	Each row must contain at least two distinct classes to score — **level 2:** A line through its cell holding three classes scores double	Each line must contain at least one card of the class named at show start to score at all — **level 2:** Lines through its cell are exempt
Q1007	P	P10	skill	Club passing		b	Passing clubs between columns	Two of these in different columns trade a buff back and forth on every refresh — **level 2:** The buff trades on every placement, not every refresh	Two of these in different columns trade a buff back and forth, and the buff grows each pass — **level 2:** The buff grows twice as fast while either of them sits on its mark	Two of these trade a buff every refresh, and the buff grows with the distance between them — **level 2:** The buff grows twice as fast while either of them sits on its mark
Q1008	P	P10	skill	Flyer & catcher system		c	Thrown to wherever the catcher is. **Level 2, on its own mark:** While either sits on its mark, the Flyer may be thrown onto any cell in any line through the Catcher whose mark it matches	Cue: move the Flyer from its cell to any empty cell in the Catcher's column	Cue: move the Flyer from its cell to any empty cell adjacent to the Catcher	Cue: move the Flyer to any empty cell in the Catcher's column, and both score if it completes a line through the Catcher
Q1009	P	P10	skill	Karagöz & Hacivat		c	Bound pair: each gains bonus multiplier while they are in opposite zones (one in the Entrance, one on the grid). **Level 2, on its own mark:** Each gains double while one of them sits on its mark	A bound pair: each gains a multiplier while they sit in opposite zones, one in the Entrance and one on the grid	A bound pair: each gains a multiplier while they share a line, and neither scores at all if the other is absent	A bound pair: each gains a multiplier that scales with the distance between them on the grid
Q1010	P	P10	skill	Pizza Slice		c	Grows when its siblings die. **Level 2, on its own mark:** It gains double for a sibling destroyed on a matched cell	Gains a multiplier whenever another card of the same kind is destroyed	Gains a multiplier whenever another card of the same kind is destroyed or discarded	Gains a multiplier per sibling destroyed, and the last surviving one keeps the whole total
Q1011	P	P10	skill	The Grudge		c	Two cards that remember each other. **Level 2, on its own mark:** Their pairing grows two steps a show	Two named cards are rivals; while both are on the same grid, both score nothing	Two named cards are rivals; while both are on the same grid both score double, and if either is destroyed the other is too	Two named cards are rivals; each show they share a grid, the pairing scores a step more than it did last time
Q1012	P	P10	skill	The Old Favour		c	A card that pays back what another one did for it. **Level 2, on its own mark:** It counts both of its neighbours in its row	This card scores a step for every placement in which the card next to it scored, counted across the whole run	This card scores a step for every placement in which the card next to it scored, counted this show only	This card names one other card at run start and scores a step for every show they both appeared in
Q1015	P	P10	skill	The Tango Pair		a	Two that dance, one that leads. **Level 2, on its own mark:** Both skills fire at full while the leader sits on its mark	A pair that must stay adjacent, the free one sliding to rejoin each refresh; they alternate lead each turn and only the leader's skill fires, at +50%	A pair that must stay adjacent; both skills fire, each at +25%	A pair that must stay adjacent; they alternate lead, and the follower's skill fires on the leader's target
Q1016	P	P10	skill	The Triple Somersault		a	A partner has to catch what goes blind. (line 1092). **Level 2, on its own mark:** Its middle stage is shown to you ⚑ *pair review: it does not say what the three stages are*	A three-stage effect where the middle stage resolves hidden from you, and a partner card must be on the board to complete it or the whole thing fails	A three-stage effect whose middle stage is hidden; without a partner card it completes anyway at a third of its value	A three-stage effect where the middle stage is hidden and the partner must be in the same line, paying enormously if it lands
Q1017	P	P10	skill	Whiteface & Auguste		a	One gives the order, the other misreads it. **Level 2, on its own mark:** The second fires it twice	Cue the first to name an adjacent card's trigger; the second fires it on a different valid target instead, at 150%	Cue the first to name any card's trigger; the second fires it on a target of your choosing, at 150%	Cue the first to name an adjacent card's trigger; the second fires it on a random valid target at 200%
Q1019	Q	Q1	skill	The Crowded Sky		c	A ceiling on how many props can be in the air	No more than four props may be travelling at once anywhere on the board; further props wait their turn — **level 2:** Each prop beyond the third adds one to the combo	No more than four props may travel at once per grid, and a fifth spawn destroys the oldest — **level 2:** Each prop beyond the third adds one to the combo	There is no ceiling, and every prop in the air beyond the fourth adds one to the combo — **level 2:** Each prop beyond the fourth also adds one to the next volley's size
Q1020	Q	Q1	suit	The Emit Order		a	The last prop out is the heaviest. **Level 1 is the plain suit; each option is its level 2**, firing on a suit match	In a volley from this suit, each prop is a step stronger than the one before it	In a volley from this suit, the first prop is the strongest and each after it is weaker	In a volley from this suit every prop is equal, but the volley is one larger for each earlier volley this placement
Q1021	Q	Q1	suit	The Multiball		c	One score, many props at once. **Level 1 is the plain suit; each option is its level 2**, firing on a suit match	This suit spawns three props at once rather than one, each on its own path	This suit spawns three props at once, but each carries a third of the usual effect	This suit spawns one prop, and one more for every other card of this suit already on the grid
Q1022	Q	Q1	skill	The Prop Master		a	More props from everything. **Level 2, on its own mark:** Its own suit's volleys get two extra props	Every prop-spawning suit effect produces one extra prop per volley	Every prop-spawning suit effect produces one extra prop per volley, and the extra prop travels the column instead of the row	Every prop-spawning suit effect produces props equal to the number of distinct suits that scored in the line
Q1023	Q	Q1	skill	The Reload		b	Props are a magazine, not a faucet ⚑ *pair review: (a) and (c) only cap your props; it reads as a hazard*	Each suit has a fixed number of props per show; when they are spent that suit spawns nothing until the next show — **level 2:** On its mark, its suit's magazine refills at each Entrance refill	Each suit has a fixed number of props per show, and props are returned to the magazine when they finish their path without hitting anything — **level 2:** On its mark, its suit's magazine refills at each Entrance refill	Each suit has a fixed number of props per Entrance refill, refilled at the start of the next placement — **level 2:** On its mark, its suit's magazine holds two more
Q1024	Q	Q1	stamp	The Slow Volley		b	Fewer props, but each one lingers. **Level 2, on its own mark:** Props spawned in a line through its cell fire twice more on cards sitting on marks they match	Props this card spawns arrive one at a time rather than as a burst, and each travels at half speed	Props this card spawns arrive one at a time at half speed, and each fires twice on every card it crosses	Props this card spawns arrive as a burst but travel at half speed, so the whole volley overlaps the placement
Q1025	Q	Q1	stamp	The Staggered Train		b	A volley strung out over the placement	Props this card spawns emit one per tick, each from the cell the last one stopped in — **level 2:** Props spawned in any line through its cell emit this way too	Props this card spawns emit one per tick, and each one that is still travelling when the next emits adds one to the combo — **level 2:** Each overlapping prop adds two to the combo	Props this card spawns emit all at once, but each is held back a tick longer than the last before it starts moving — **level 2:** Props spawned in any line through its cell emit this way too
Q1026	Q	Q2	suit	Electric		c	When this card scores, an arc prop hops card-to-card through orthogonally adjacent cards, adding points per link, until it reaches a gap. **Level 1 is the plain suit; each option is its level 2**, firing on a suit match	On score, an arc hops between orthogonally adjacent cards adding points per link, stopping at the first gap	On score, an arc hops between every card of the same suit in the grid regardless of adjacency, adding points per link	On score, an arc hops between orthogonally and diagonally adjacent cards, stopping at the first gap, and each link pays a step into the special bucket
Q1027	Q	Q2	suit	Fireworks		b	When this card scores, its rocket prop rises up the column and banks the column's score directly. **Level 1 is the plain suit; each option is its level 2**, firing on a suit match	On score, a rocket rises up the column and banks the column's score directly, scaled by this card's rank	On score, a rocket rises up the column and banks the column's score; each firework trigger adds one more rocket to the next	On score, rockets rise up this column and both columns beside it, banking each column's score at half
Q1028	Q	Q2	skill	The Aimed Shot		c	You point it, the board does the rest. **Level 2, on its own mark:** It aims every prop spawned in a line through its cell	Cue on spawn: choose the direction the next prop leaves in; it then travels on its own until it stops	Cue on spawn: choose the direction and the speed of the next prop	Cue on spawn: choose the target cell; the prop routes to it by the longest path that crosses the most cards
Q1029	Q	Q2	suit	The Bounce		c	A prop that never travels straight. **Level 1 is the plain suit; each option is its level 2**, firing on a suit match	This suit spawns a prop that changes direction ninety degrees each time it crosses an occupied cell	This suit spawns a prop that changes direction ninety degrees at each occupied cell, and finishes when it reaches an edge	This suit spawns a prop that reflects off the grid edges and keeps travelling until its tick budget runs out
Q1030	Q	Q2	suit	The Mancala Walk		c	A prop that seeds as it goes. **Level 1 is the plain suit; each option is its level 2**, firing on a suit match	This suit spawns a prop that walks cell by cell around the ring of the grid, dropping one step of row score in each cell it passes	This suit spawns a prop that walks the ring, dropping a step in each cell and two in an empty cell whose mark shares this card's suit	This suit spawns a prop that walks the ring for exactly as many cells as its spawner rank, dropping score in each
Q1031	Q	Q2	skill	The Marionette		a	Take the controls	Take direct control of one prop for the placement: it moves one cell per tick in the direction you steer — **level 2:** You steer two props	Take direct control of one prop for the placement, and it may change direction once per tick — **level 2:** You steer two props	Take direct control of every prop your own cards spawn this placement, steering them one at a time — **level 2:** You steer every prop on the grid this placement, not only your own cards'
Q1032	Q	Q2	skill	The Route Rewrite		c	Redraws where a prop is going, mid-flight	Cue: redraw the remaining path of any prop in flight to any cells you choose of the same length — **level 2:** You may redraw every prop in flight, not only one	Cue: redraw the remaining path of any prop in flight, and it may be any length up to twice the original — **level 2:** You may redraw every prop in flight, not only one	Every prop that enters this card has the rest of its path redrawn to cross as many occupied cells as possible — **level 2:** The redrawn path may revisit cells it has already crossed
Q1033	Q	Q2	suit	The Scenic Route		a	The long way round pays better. **Level 1 is the plain suit; each option is its level 2**, firing on a suit match	Props from this suit take the longest path to their destination rather than the shortest, and score per cell crossed	Props from this suit take the longest path, and score per cell crossed only where the cell was occupied	Props from this suit take a path that visits every line on the grid once, at half strength per cell
Q1035	Q	Q2	skill	The Transformer		c	Changes a prop in flight. **Level 2, on its own mark:** You choose the kind a prop becomes	A prop passing this card is converted into a different kind of prop and continues on	A prop passing this card is converted and its remaining path is recalculated from here	A prop passing this card is duplicated, one continuing as it was and one as a different kind
Q1036	Q	Q3	skill	The Bomb Peg		c	A prop that goes off where it lands. **Level 2, on its own mark:** The blast reaches two cells	A prop that reaches this card detonates, firing its effect on every card orthogonally adjacent instead of on this one	A prop that reaches this card detonates on every adjacent card, and this card is destroyed	A prop that reaches this card detonates across the whole 3x3 around it, at reduced strength per card
Q1037	Q	Q3	suit	The Branding Iron		c	A prop that leaves equipment behind. **Level 1 is the plain suit; each option is its level 2**, firing on a suit match	A prop from this suit leaves a stamp on the last card it reaches, chosen from the stamps already on the grid	A prop from this suit leaves a stamp on every card it crosses, spending itself after three	A prop from this suit leaves on the last card it reaches the hat printed on the mark beneath that card, so the card now matches its mark on hat
Q1038	Q	Q3	stamp	The Hoop Encore		a	A prop that makes talents fire again. **Level 2, on its own mark:** The re-fire reaches the cards beside the prop's path ⚑ *pair review: Hoop props already re-score the skill cards they sweep*	A prop from this card re-fires the skill of every card it crosses	A prop from this card re-fires the skill of every card it crosses, at half strength	A prop from this card re-fires the skill of the single highest-ranked card it crosses, at double strength
Q1039	Q	Q3	suit	The Juggling Ball		a	A prop that knocks a juggling card off its cell. **Level 1 is the plain suit; each option is its level 2**, firing on a suit match	A prop from this suit knocks the first juggling card it crosses one cell along its path, if that cell is empty	A prop from this suit knocks every juggling card it crosses one cell along its path, if that cell is empty	A prop from this suit knocks the first juggling card it crosses onto the nearest empty cell whose mark it matches
Q1040	Q	Q3	status	The Muck		c	A prop that leaves the board worse	A prop carrying this status coats every card it crosses; a coated card scores nothing until another prop crosses it	A prop carrying this status coats every card it crosses; a coated card scores half until the end of the placement	A prop carrying this status coats the first card it crosses only, and that card must be cleared by a second prop before it scores again
Q1041	Q	Q3	suit	The Payload		b	What the prop is worth is what it has been through. **Level 1 is the plain suit; each option is its level 2**, firing on a suit match	A prop from this suit adds nothing on the cards it crosses; it banks one step per card and pays the whole total into the last card	A prop from this suit banks one step per card crossed and pays the total into the last card, doubling if it crosses five	A prop from this suit banks one step per card crossed and pays the total into whichever card in its path scored highest
Q1042	Q	Q3	skill	The Prop Tax		a	A prop that takes instead of giving. **Level 2, on its own mark:** A card on a mark it matches pays its step without losing it	A prop from this card removes a step from every card it crosses and pays the whole total to this card	A prop from this card removes a step from every card it crosses and pays the total to the last card it reaches	A prop from this card removes a rank from every card it crosses permanently, and pays the total to this card
Q1043	Q	Q3	skill	The Refresh Peg		b	Being hit puts the board back. **Level 2, on its own mark:** Its own row and column are restored too	A prop that crosses this card spotlights every card in its line until the placement ends, covered or not	A prop that crosses this card restores its own line to spotlit and re-arms every spent cue in that line	A prop that crosses this card re-arms every spent cue on the grid, once per Entrance refill
Q1044	Q	Q3	skill	The Target Girl		c	Every miss is worth something. **Level 2, on its own mark:** Misses in its lines pay double	In a row a knife prop crosses, every miss becomes points	In any line a prop crosses, every miss becomes points	In a row a knife crosses, every miss becomes points, and a hit on this card becomes double points
Q1046	Q	Q4	skill	The Chain Reaction		c	Props set each other off	A prop finishing its path spawns a fresh prop from wherever it stopped, up to a chain of three — **level 2:** The chain runs to four	A prop finishing its path spawns a fresh prop from where it stopped, and the chain is unlimited but halves each link — **level 2:** The first link does not halve	A prop finishing its path spawns a fresh prop only if it crossed at least three cards — **level 2:** A prop spawns its successor after crossing two cards, not three
Q1047	Q	Q4	skill	The Collision		c	Props that meet each other	Two props meeting on the same cell both fire at double strength and both stop there — **level 2:** Props meeting on a matched cell do not stop there; both continue	Two props meeting on the same cell destroy each other — **level 2:** Props meeting on a matched cell pass through each other instead	Two props meeting merge into a single prop carrying both effects — **level 2:** Props meeting on a matched cell fire at double
Q1048	Q	Q4	skill	The Deflection		c	Bounces one prop off another. **Level 2, on its own mark:** You choose the new direction	Cue: the next prop to meet another is deflected ninety degrees and continues on its new path	Cue: the next prop to meet another reverses direction and travels back the way it came	Props always deflect off one another rather than passing through, with no cue needed
Q1050	Q	Q4	skill	The Overtake		a	What happens when a fast prop catches a slow one	A prop that catches another absorbs it, taking both effects and the faster speed — **level 2:** The absorbed prop's effect doubles	A prop that catches another pushes it along, both firing on every card thereafter — **level 2:** The pushed prop fires at double	A prop that catches another stops behind it, forming a queue that fires as one when the leader finishes — **level 2:** The queue fires twice when the leader finishes
Q1052	Q	Q4	skill	The Split		c	One prop becomes two, then four	A prop crossing this card splits into two, each continuing on a perpendicular path at half strength — **level 2:** The halves travel at full strength	A prop crossing this card splits into two at full strength, and neither may split again — **level 2:** The halves may split once more on another such card	A prop crossing this card splits into two at half strength, and each half may split again on another such card — **level 2:** The halves travel at full strength
Q1053	Q	Q5	skill	Curtain Call		a	Props survive the line	A prop is not cleared when its line finishes scoring; it continues into the next placement — **level 2:** A surviving prop fires again on the first card it crosses in its next placement	A prop is not cleared when its line finishes, but it fires at half strength thereafter — **level 2:** Surviving props fire at full strength	Props are cleared at show end rather than line end, so they accumulate all show — **level 2:** A surviving prop fires again on the first card it crosses in its next placement
Q1054	Q	Q5	skill	The Endless Round		c	A prop that does not stop. **Level 2, on its own mark:** Each lap pays a step more than the last instead of less	Props this card spawns wrap at the grid edge and keep travelling until they have crossed as many cards as the spawner's rank	Props this card spawns wrap at the edge and keep travelling for a fixed number of laps	Props this card spawns wrap and keep travelling, weakening by one step per lap
Q1055	Q	Q5	skill	The Hopper		c	A cell that banks the props fed to it. **Level 2, on its own mark:** It pays out twice	Props that reach this card are stored rather than resolved; the store pays out when the card scores	Props that reach this card are stored and pay out at the end of each placement	Props stored here pay out when the card scores, and the payout grows with how many kinds it has collected
Q1057	Q	Q5	skill	The Lit Peg		c	A cell that stays lit once a prop has been through it. **Level 2, on its own mark:** A lit cell whose mark the placed card matches scores two extra steps	A cell a prop crosses stays lit for the rest of the placement; a second prop crossing a lit cell fires at double strength	A cell a prop crosses stays lit for the rest of the show, and lit cells score an extra step at show end	A cell a prop crosses stays lit until a card is placed there, and placing on a lit cell scores an extra step
Q1058	Q	Q5	skill	The Orphaned Prop		a	A prop outlives the card that threw it. **Level 2, on its own mark:** Orphaned props fire at double	A prop keeps travelling and firing after its spawning card leaves the board	A prop keeps travelling after its spawner leaves, but at half strength	A prop whose spawner leaves the board finishes its current path and then stops where it is, becoming a fixed hazard
Q1060	Q	Q5	skill	The Standing Prop		c	A prop that stays where it lands. **Level 2, on its own mark:** A standing prop on a matched cell fires twice	Props this card spawns stop on their last cell and stay there, firing again each placement	Props this card spawns stop on their last cell and stay for one further placement only	Props this card spawns stop where they land, and a card placed on that cell inherits the prop
Q1061	Q	Q6	skill	The Blockhead		b	Absorbs one Knife prop per show, banking it as flat points instead of being hit	Absorbs one Knife prop per show, banking it as flat points instead of taking the hit — **level 2:** It absorbs two per show	Absorbs one prop of any kind per show, banking it as flat points — **level 2:** It absorbs two per show	Absorbs every prop that would hit its row, banking each as flat points, and breaks after three — **level 2:** It does not break while it sits on its mark
Q1062	Q	Q6	skill	The Bumper		c	Bounces a prop instead of absorbing it. **Level 2, on its own mark:** You choose the bounce direction	A prop that hits this card is deflected ninety degrees and continues from here	A prop that hits this card is sent back the way it came at double strength	A prop that hits this card is deflected toward whichever line is closest to completing
Q1063	Q	Q6	stamp	The Dodge		b	A card the prop passes over without touching	This card negates the effect of the first prop to cross it each placement, and the prop continues on — **level 2:** It dodges two props per placement	This card negates the effect of every prop that crosses it, and scores a step for each one dodged — **level 2:** Each dodged prop continues on at double strength	This card negates the first prop each placement and steals its effect, firing it on a card of your choice — **level 2:** It dodges two props per placement
Q1064	Q	Q6	skill	The Funnel		b	Every prop ends up in the same place. **Level 2, on its own mark:** You choose where props drift each tick	Props drift one cell toward the centre of the grid each tick, on top of their own movement	Props drift one cell toward the nearest incomplete line each tick	Props drift one cell toward the last card placed each tick
Q1065	Q	Q6	skill	The Magnet		a	Props bend toward it. **Level 2, on its own mark:** Props pulled through it fire twice there	Every prop on this grid alters its path to pass through this card at some point	Every prop on this grid alters its path to pass through this card, and finishes there rather than continuing	Every prop within two cells of this card is pulled one cell toward it each tick
Q1066	Q	Q6	skill	The Net		c	Catches a prop and throws it back. **Level 2, on its own mark:** Twice per Entrance refill	Once per Entrance refill, catch a falling prop mid-flight and re-aim it at any card in the same column	Once per Entrance refill, catch any prop mid-flight and re-aim it at any card on the grid	Once per Entrance refill, catch a prop mid-flight and hold it; release it on a later placement at double strength
Q1068	Q	Q6	stamp	Unpierceable		b	Knives go straight through. **Level 2, on its own mark:** Props passing through it fire twice on the card behind	Knife props pass through this card harmlessly, but still count as a miss for miss-triggered bonuses	Every prop passes through this card harmlessly, and each pass counts as a miss for miss-triggered bonuses	Knife props pass through this card and continue to the next card behind it, hitting that instead
Q1069	Q	Q7	skill	The Border Toll		a	Crossing between grids costs the prop something. **Level 2, on its own mark:** Its props cross without paying ⚑ *pair review: needs a second grid, and a normal run plays one*	A prop may cross into the neighbouring grid, losing one step of strength at the boundary	A prop may cross into the neighbouring grid by paying one cell of its remaining path	A prop may cross into the neighbouring grid freely, but may never cross back
Q1070	Q	Q7	suit	The Ferry		a	A card that carries props over the gap. **Level 1 is the plain suit; each option is its level 2**, firing on a suit match ⚑ *pair review: needs a second grid, and a normal run plays one*	A prop that finishes on a card of this suit is relaunched from the same coordinate in the neighbouring grid	A prop that finishes on a card of this suit is relaunched from the neighbouring grid at full strength, once per Entrance refill	A prop that finishes on a card of this suit is relaunched from the grid holding the fewest cards
Q1071	Q	Q7	skill	The Flying Trapeze		c	A prop that leaves its grid ⚑ *pair review: needs a second grid, and a normal run plays one*	Props this card spawns cross into the next grid at the same row and continue — **level 2:** Its props may cross back	Props this card spawns cross into the next grid and continue at full strength through every grid — **level 2:** Its props may choose the grid they cross into	Props this card spawns cross into the next grid, halving in strength at each boundary — **level 2:** Its props keep full strength across the boundary
Q1072	Q	Q7	skill	The Grand Tour		b	One prop, every grid. **Level 2, on its own mark:** Its props visit the grids in the order you choose ⚑ *pair review: needs a second grid, and a normal run plays one*	Props this card spawns route through every unlocked grid in turn before finishing	Props this card spawns route through every unlocked grid, and score a step more in each grid than the last	Props this card spawns route through every grid, and finish in whichever grid holds the most cards
Q1073	Q	Q7	suit	The Long Throw		c	A suit whose props span the board. **Level 1 is the plain suit; each option is its level 2**, firing on a suit match ⚑ *pair review: needs a second grid, and a normal run plays one*	This suit's props travel across every grid at once rather than staying in one	This suit's props travel across every grid, but only fire on the grid they started in	This suit's props travel across every grid, and score for each grid boundary they cross
Q1074	Q	Q7	skill	The Relay		a	A prop that snakes down the grid. **Level 2, on its own mark:** Its props snake back up once they run off the bottom	A prop reaching the grid edge re-enters from the opposite edge one row lower and keeps going, snaking down the grid until it runs off the bottom	As (a), but it re-enters only if the last card it crossed shares its spawner's suit	As (a), and it is a step stronger on each row than the last
Q1075	Q	Q8	stamp	Sterile Field		b	Props arrive clean	Props spawned by this card carry no statuses at all, ignoring anything on the spawner — **level 2:** Props spawned in its lines carry no statuses	Props spawned by this card carry no statuses, and strip statuses from every card they pass — **level 2:** Props spawned in its lines carry no statuses	Props spawned anywhere on this grid carry no statuses — **level 2:** Its props also cleanse the cards in its row
Q1078	Q	Q8	skill	The Costume Change		c	Props carry their spawner's statuses. **Level 2, on its own mark:** You choose which statuses its props carry	A prop inherits every status its spawning card carries	A prop inherits one status from its spawner, chosen at random	A prop inherits its spawner's statuses, and applies them to every card it passes
Q1080	Q	Q8	skill	The Handoff		c	Props pick statuses up as they go	A prop takes on any status of the first card it passes, and carries it for the rest of its path — **level 2:** A prop may carry two statuses	A prop takes on the status of every card it passes, accumulating them — **level 2:** It leaves everything it accumulated on the last card it passes	A prop takes on the status of the first card it passes and leaves that status on the last — **level 2:** A prop may carry two statuses
Q1081	R	R1	skill	Blacklist		c	Names a rank and kills it. **Level 2, on its own mark:** Lines through its cell ignore the ban	Names a rank: any line containing it scores nothing; this card destroys itself once that rank is gone from the deck	Names a rank: any line containing it scores nothing, permanently	Names a rank each show: lines containing it score nothing, and removing that rank from the deck pays a bounty
Q1082	R	R1	hazard	Firetown's Snub		c	Town rule: Flames-suit effects score nothing here, and Burning statuses do not multiply	Town rule: one suit chosen per town scores nothing, and its statuses do not multiply	Town rule: one suit chosen per town scores nothing, but every other suit scores double	Town rule: whichever suit you played most last show scores nothing this show
Q1083	R	R1	hazard	Temperance Town		b	Town rule: Concessions-class cards are disabled	Town rule: Concessions-class cards are disabled	Town rule: one class chosen per town is disabled	Town rule: one class chosen per town is disabled, and every card of that class scores double in the next town
Q1084	R	R1	hazard	The Loggione		a	A crowd with expensive taste	Town hazard: Common cards score nothing here and Legendary cards score triple	Town hazard: cards below a named rarity score nothing here, and the rarity rises each show	Town hazard: the rarity you own most of scores nothing here
Q1085	R	R1	hazard	The Pillar		c	Boss: nothing works twice	Boss: cards that scored in an earlier placement score nothing for the rest of the show	Boss: cards that scored in an earlier placement score half for the rest of the show	Boss: cards that scored in the previous placement score nothing this placement, but recover the placement after
Q1086	R	R1	hazard	The Prepared Town		c	A town that has done its homework ⚑ *pair review: you defined a fake as a ghost card, one that does not stay in the deck when the game ends; this effect's premise, a hidden fake to find, is not that*	Boss: everything is pre-inspected, revealing and disabling every fake, masked and disguised card for the show	Boss: everything is pre-inspected and disabled, but each disguised card disabled adds one to the combo	Boss: one card per Entrance refill is inspected and disabled, chosen by the boss, in descending order of value
Q1087	R	R1	hazard	The Offering		a	After Balatro's Verdant Leaf: everything is off until you give something up	Boss: every card is debuffed until one of your cards has left the board this show, by any effect	Boss: a button beside End discards the highest-ranked card on the grid; every card is debuffed until it has been pressed once	As (a), and the debuff returns at each Entrance refill
Q1088	R	R2	structure	Place Your Own Threats		c	The hazards are cards you chose to put down	You place the hazard cards yourself; each one raises the show's difficulty and its reward together	You place hazard cards yourself, and may remove one per Entrance refill at a cost	You place hazard cards yourself, and adjacent hazards combine into worse ones that pay more
Q1089	R	R2	skill	Robber card		c	Robbers between the turns ⚑ *pair review: 'turns', 'steal' and 'catching' were undefined*	Between Entrance refills, a robber discards the highest-ranked card on the grid — **level 2:** While it sits on its own mark, robbers skip cards sitting on marks they match	Between Entrance refills, a robber discards the highest-ranked card on the grid unless it scored that refill — **level 2:** While it sits on its own mark, robbers skip cards sitting on marks they match	As (b); completing a line through the robbed cell that refill catches him: the card returns to the top of the stock you choose and the thefts stop for the show — **level 2:** A robber caught in its lines drops what it stole into the Entrance
Q1090	R	R2	hazard	The Hook		c	Town hazard: after each placement, the lowest-ranked grid card is discarded unless it scored that placement	Town hazard: after each placement, the lowest-ranked card on the grid is discarded unless it scored that placement	Town hazard: after each placement, the lowest-ranked card in the row just placed into is discarded unless it scored	Town hazard: after each placement, the card that has been on the grid longest without scoring is discarded
Q1091	R	R2	skill	Vampire swarm edge-eating		c	After the game Vampire Survivors: something is eating the edges ⚑ *pair review: it only costs you; it reads as a hazard*	Cards at the grid's edge are eaten over several turns; playing them all removes the threat — **level 2:** Cards in its lines count as played toward removing the threat	Cards at the grid's edge are eaten one per turn until the edge is empty — **level 2:** While it sits on its own mark, its row's edge is not eaten	Cards at the edge are eaten over several turns, and each one eaten makes the next come faster — **level 2:** While it sits on its own mark, its row's edge is not eaten
Q1092	R	R3	hazard	Boss fire-breathing fight		c	A boss that breathes on the score	Boss: appears and must be beaten with specific hands or raw points while it burns down your score each turn	Boss: each placement it burns a step off your smallest non-zero bucket, faster the longer the show runs	Boss: each placement it burns a step off your smallest non-zero bucket, and only a line of the hand type it names heals that step back
Q1093	R	R3	hazard	Circus Maximus race show		c	Beat the clock, not the crowd	Show variant: reach the goal within a fixed number of turns	Show variant: reach the goal within a fixed number of turns, with the turn count shrinking each placement	Show variant: reach the goal within a fixed number of turns; finishing early banks the turns you saved as fame
Q1094	R	R3	skill	Eldritch Invasion		c	Something is arriving whether you are ready or not ⚑ *pair review: it only costs you; it reads as a hazard*	An invading force adds one hostile card to the grid each turn, from a fixed edge — **level 2:** A line through its cell pushes the invasion back a turn	An invading force adds one hostile card each turn from an edge that changes — **level 2:** A line through its cell pushes the invasion back a turn	An invading force adds cards at an accelerating rate, and clearing a line pushes it back a turn — **level 2:** A line through its cell also discards one invader
Q1095	R	R3	hazard	The Marathon		a	Three shows that never reset	Boss gauntlet: three shows where the board does not reset between them, statuses and hazards persist, and goals stack	Boss gauntlet: three shows where the board does not reset, but statuses clear between them	Boss gauntlet: three shows where the board does not reset and each show adds one new hazard
Q1096	R	R4	skill	The Magician's Force		b	After Balatro's Cerulean Bell: one card is always chosen for you. **Level 2, on its own mark:** A forced card that lands on a mark it matches pays the match twice ⚑ *pair review: it only costs you; it reads as a hazard*	One card in the Entrance is always forced: it must be the next card you place	One card in the Entrance is always forced, and which one changes each refresh	One cell of the grid must be filled before any other may be, chosen at random each refresh
Q1097	R	R4	stamp	Sapphire Stamp		a	One extra, one taken away	Place one extra card each placement, then one already placed is removed at random before scoring — **level 2:** A card sitting on a mark it matches is never the one removed	Place one extra card each placement, then one already placed is removed by your choice before scoring — **level 2:** The card you remove goes to the Entrance, not the discard	Place one extra card each placement, and the removal only happens if the line would have scored — **level 2:** A card sitting on a mark it matches is never the one removed
Q1098	R	R4	skill	The Bring-In		c	The first placement is forced ⚑ *pair review: it only costs you; it reads as a hazard*	The first card of each show must be placed in a cell the show names, not one you choose — **level 2:** A first card that lands on a mark it matches pays that match twice	The first card of each Entrance refill must be placed in a named cell — **level 2:** While it sits on its own mark, you choose the named cell	The first card of each show is placed for you, and you are shown where before you see the card — **level 2:** A first card that lands on a mark it matches pays that match twice
Q1099	R	R4	skill	The Curse In The Deck		c	Something you did not choose, taking up a slot ⚑ *pair review: it only costs you; it reads as a hazard*	Some cards enter the deck unbidden and cannot be placed; they must be drawn and discarded, costing a refresh — **level 2:** A curse drawn while it sits on its own mark may be placed in its lines and scores normally	Some cards enter the deck unbidden and can be placed but score nothing, occupying a cell all show — **level 2:** A curse placed in its lines scores normally	Some cards enter the deck unbidden and score negatively unless a line containing them is a made hand — **level 2:** A curse placed in its lines scores normally
Q1100	R	R4	hazard	The Psychic		a	Boss: exactly five, every time	Boss: no line scores until all five cards of the current Entrance refill have been placed	Boss: each Entrance refill's five cards must all go into a single row or column	Boss: the five cards of each Entrance refill must each be placed in a different column
Q1101	R	R5	hazard	Escalating Demands		c	The bar rises each refill	Boss: each Entrance refill names a harder hand than the last, and failing one ends the show	Boss: each Entrance refill names a harder hand; failing one voids that refill's lines but not the show	Boss: each Entrance refill names a harder hand, and you may bank an easy hand early to spend on a hard one later
Q1102	R	R5	hazard	The Audition		c	Prove it before you may continue	Boss: a specific hand must be scored before the show's second Entrance refill arrives	Boss: a specific hand must be scored within each Entrance refill before the next one arrives	Boss: a specific hand must be scored at some point in the show, or the show is lost regardless of score
Q1103	R	R5	skill	The Bond		c	Prove you can pay before you are allowed to continue. **Level 2, on its own mark:** Scores through its cell count double toward the sum ⚑ *pair review: it only costs you; it reads as a hazard*	A fixed sum must be banked before the show's second Entrance refill arrives, or the show ends there	A fixed sum must be banked before the show's second Entrance refill; falling short discards that refill rather than ending the show	A fixed sum must be banked before each Entrance refill arrives
Q1104	R	R5	hazard	The Set List		a	You must play the named hand	Boss: a hand type is named each Entrance refill, and that refill's lines score nothing unless that hand is among what you complete	Boss: a hand type is named each Entrance refill; that refill's lines of any other type score half	Boss: a hand type is named each Entrance refill, and completing it doubles that refill's lines rather than gating them
Q1105	R	R6	skill	Avalanche		b	After scoring, reduce the show's score goal by the number of cards currently placed on the grid	After each line scores, the show's goal drops by the number of cards on the grid — **level 2:** Cards sitting on marks they match count twice toward the drop	When a line scores, the show's goal drops by the number of empty cells on the grid — **level 2:** Each card sitting on a mark it matches also counts toward the drop	Each time a grid is filled completely, the show's goal drops by 25 — **level 2:** The drop is 25 plus the number of cards sitting on marks they match
Q1106	R	R6	consumable	Chindon'ya		a	Consumable: the next town's fame requirement drops 15%	Consumable: the next show's goal drops by 15%	Consumable: the next show's goal drops by 25% and the show after it rises by 10%	Consumable: the next show's goal drops by 5% for each Entrance card left unplaced when you spend it
Q1108	R	R6	skill	Pre-show challenge dance		b	Open with a display instead of a card. **Level 2, on its own mark:** On its mark the display costs nothing: it scores as well	Placed as the show's first card, it scores nothing that placement and the show's goal drops a step	Placed as the show's first card, it scores nothing that placement and the show's goal drops by the score it forfeited	Placed as the show's first card, it scores nothing that placement and the goal drops a step, or two if it is also the second placement's only card
Q1109	R	R6	skill	The Cliffhanger		c	Cue at show end: the next town's goal drops 30%, but this card must score in that show or lose double the discount as fame. **Level 2, on its own mark:** Cued from its mark, this card is dealt into the next show's first Entrance	Cue at show end: the next town's goal drops 30%, but this card must score there or you lose double the discount in fame	Cue at show end: the next town's goal drops 30% with no condition attached	Cue at show end: name a discount up to 50%; this card must score there or you lose double it in fame
Q1110	R	R6	structure	The Designated Loser		c	A boss show with a trivial goal that is normally always won, but has a hidden seeded 1-in-1000 chance the goal silently triples mid-show	A boss show with a trivial goal that is normally always won, with a hidden 1-in-1000 chance the goal silently triples mid-show	A boss show with a trivial goal, with a hidden 1-in-100 chance the goal silently triples mid-show	A boss show with a trivial goal that triples at the show's second Entrance refill, announced at show start, so the trivial goal must be met in five placements
Q1111	R	R6	hazard	The Flint		c	Boss: everything scores half	Boss: the base points of every hand, and every bonus mult, are halved	Boss: base points are halved, but the combo counts double	Boss: base points are halved, and every effect trigger is worth twice as much combo
Q1113	R	R6	skill	The Vidushaka		c	Talks the goal down. **Level 2, on its own mark:** The goal drops 30% instead of 20%	Once per tour: the current show's goal drops 20%	Once per tour: the current show's goal drops 20%, and again by 20% if you are already past halfway	Once per show: the goal drops 20%, but the next show's goal rises by the same amount
Q1115	R	R7	skill	Hurricane card		c	A storm that walks the grid. **Level 2, on its own mark:** A soaked card in its lines pays double when it scores ⚑ *pair review: it only costs you; it reads as a hazard*	Cards in a ring shape are soaked; the storm starts at a random strength, walks the grid and weakens	Cards in a ring shape are soaked; the storm walks the grid at constant strength until the show ends	Cards in a ring are soaked; the storm walks the grid, weakening, and its next position is telegraphed
Q1116	R	R7	skill	Lightning card		b	Strikes the tallest thing on the board. **Level 2, on its own mark:** Lightning that strikes its lines adds +1 to that line's multiplier ⚑ *pair review: (c) needed a second grid*	Lightning strikes the highest-value card on the board, applying a shock effect	Lightning strikes the highest-value card and arcs to everything orthogonally adjacent to it	Lightning strikes the highest-value card in each column at once
Q1117	R	R7	skill	Negative weather effects		c	The show must go on. **Level 2, on its own mark:** Weather skips its lines ⚑ *pair review: it only costs you; it reads as a hazard; it also does not say what weather does*	Weather events impose negative effects during a show	Weather events impose negative effects, and are announced one town in advance	Weather events impose negative effects that intensify the longer the show runs
Q1118	R	R7	hazard	The Falling Wall		b	Boss attack, telegraphed one turn ahead: destroys an entire column except one exact row slot	Telegraphed one turn ahead: destroys an entire column except one exact cell	Telegraphed one turn ahead: destroys an entire line except one exact cell, and you are told which cell before it lands	Telegraphed one turn ahead: destroys an entire column, and you choose one card to save
Q1119	R	R7	hazard	The Great Dome (Final Venue)		b	After the Las Vegas Sphere: the venue itself performs	Final venue: board-wide effects from the town alter play every turn	Final venue: board-wide effects alter play every turn, drawn from every hazard you faced this run	Final venue: board-wide effects alter play every turn, and you are shown the next one in advance
Q1120	R	R7	hazard	The Volcano		b	The floor is lava	Terrain boss: the bottom row is lava; any card ending a turn there catches Burning and loses 1 rank per turn	Terrain boss: the bottom row is lava and rises one row every three turns	Terrain boss: one row is lava, and which row it is moves every turn, telegraphed one turn ahead
Q1121	R	R7	skill	Tornado card		c	A tornado of random size. **Level 2, on its own mark:** Cards the tornado lifts from its lines land on marks they match ⚑ *pair review: it only costs you; it reads as a hazard; it also does not say what the tornado does*	Affects an area whose size is rolled between one cell and a whole grid	Affects a single cell, and the area grows by one each turn it stays on the board	Affects an area whose size is rolled, and its path is telegraphed one turn ahead
Q1122	R	R7	skill	Tsunami card		c	A wave that lowers the ceiling. **Level 2, on its own mark:** Stacks in its lines score at four high while the wave is up ⚑ *pair review: it only costs you; it reads as a hazard*	Washes up from the bottom row, lowering the maximum stack height, then recedes	Washes up from the bottom row, lowering the maximum stack height permanently for the show	Washes up from the bottom, lowering the height cap as it rises and restoring it as it recedes, on a fixed cycle
Q1123	R	R8	structure	Blossom Stake		b	Any boss, any time	Final-tier bosses may appear at any point in the tour	Final-tier bosses may appear at any point, and you are warned one town ahead	Bosses are drawn from the whole pool at every town, so difficulty is unordered
Q1124	R	R8	consumable	Boss Tag		c	Reroll the boss	Consumable: reroll the current town's boss	Consumable: reroll the current town's boss, seeing the replacement before committing	Consumable: reroll the boss, and you may keep whichever of the two you prefer
Q1125	R	R8	structure	Hippodrome factions		c	The crowd has favourites	Each show an audience faction favours one suit; ignoring them too long summons a Riot boss	Each show an audience faction favours one suit, and playing to them pays a bonus	Each show two factions favour opposing suits; pleasing one angers the other, and neglecting both summons a Riot
Q1126	R	R8	hazard	The Rogues' Gallery		c	After the Cryptid mod's Obsidian Orb: every boss you have already beaten, at once	Boss: carries the abilities of every boss you have beaten this run	Boss: carries the abilities of the three bosses you beat fastest	Boss: carries every beaten boss's ability, and you may disable one by skipping that show's reward
Q1127	R	R8	consumable	The Rat Sheet		b	Raises the stakes for both sides ⚑ *pair review: fame is not spendable*	Consumable: raises the next rival show's difficulty for both players; if both would pass, you take a quarter of its payout	Consumable: raises the next rival show's difficulty for both; if you pass and the rival does not, you take all of its payout	Consumable: raises the next rival show's difficulty for the rival only, at the cost of skipping its reward
Q1128	R	R8	hazard	The Rival Show		c	Somebody played this town first	Recurring boss: a rival plays the town first and raises the goal by 30%; beating it steals a card from the rival's deck	Recurring boss: a rival plays the town first and raises the goal by whatever margin it beat its own goal by	Recurring boss: a rival plays the town first; you see the exact board it built, and beating its score steals a card
Q1130	R	R9	skill	Candy Sticks		a	The boss starts late. **Level 2, on its own mark:** Placed on its mark during a boss show, the boss's ability switches off until the next line completes	The next boss's ability does not switch on until you have completed one line	The next boss's ability does not switch on until the show's second placement	Every boss's ability starts one placement late for the rest of the run
Q1131	R	R9	skill	FEMA mode		c	Relief arrives after enough disasters. **Level 2, on its own mark:** Relief arrives one weather card sooner ⚑ *pair review: depends on Q1117, and does not say what damage or relief is*	After a number of weather cards, disaster relief becomes available as a free repair	After a number of weather cards, disaster relief becomes available and scales with how much damage was taken	After a number of weather cards, you choose between relief now or a larger payout if you survive the next one
Q1132	R	R9	hazard	Hey Rube!		b	Boss: each placement, every card in the rightmost column gets Exhausted unless an Escape Artist-class card stands in that column	Boss: each placement, every card in the rightmost column is Exhausted unless an Escape Artist stands in that column	Boss: each placement, every card in one random column is Exhausted unless a protective stamp stands in it	Boss: each placement, the column that scored least is Exhausted entirely
Q1133	R	R9	skill	Matador		b	Paid for setting off the trap. **Level 2, on its own mark:** It pays double for triggers from lines through its cell	Scores bonus points whenever a line you score triggers the boss's ability	Scores bonus points and +1 combo whenever a line you score triggers the boss's ability	Scores bonus points whenever the boss's ability fires at all, whatever set it off
Q1134	S	S1	structure	Fog of war on choices		c	You cannot see far ahead	Fog obscures map choices beyond the next step	Fog obscures map choices beyond the next two steps	Fog obscures choices beyond the next step, and lifts one step further each time you win a show
Q1135	S	S1	consumable	The Advance Man		a	Consumable: reveals all fog-of-war nodes within 2 edges of the player's position, including contents	Consumable: reveals every fogged map node within two steps, contents included	Consumable: reveals every fogged map node on the whole route, but only their types, not their contents	Consumable: reveals every fogged node within two steps and lets you swap two of them
Q1136	S	S1	consumable	The Mitt Camp Reading		c	Buys the truth about what is ahead	Consumable: one true fact about each of the next three map nodes	Consumable: one true fact about a node of your choice anywhere on the route	Consumable: one true fact each about three nodes you choose
Q1138	S	S2	hazard	Branching escalating-difficulty paths		b	Branching paths of rising difficulty	Map: branching paths of escalating difficulty, splitting roguelike routes from preset puzzle levels	Map: branching paths of escalating difficulty, where clearing one path unlocks a shortcut on another	Map: branching paths where each path has its own theme and its own escalating difficulty curve
Q1139	S	S2	structure	Calendar shows (Inti Raymi)		a	Festivals on a fixed calendar	Bonus festivals appear at fixed intervals along the route, every Nth node	Bonus festivals appear at fixed intervals, and reaching one early carries the bonus forward	Bonus festivals appear at fixed intervals, and you may skip a reward to move one closer
Q1140	S	S2	hazard	One-way constellation map		c	After the game FTL: Faster Than Light: a constellation you cannot walk back	Map: a constellation of cities with no backtracking; touring builds fame, and hazards and weather occur between them	Map: a constellation with no backtracking, and each city visited raises the odds of hazards on the next leg	Map: a constellation with no backtracking, and you plan the whole route before the tour begins
Q1141	S	S2	hazard	Map alternative topologies		b	The route has no end, only a shape	Map: no final city; the route circles and towns become revisitable once enough time has passed	Map: no final city; you must return to where you started, and the return leg is harder	Map: the route circles, and each full circuit raises every town's goal
Q1142	S	S2	structure	Map probability rings		b	Better cards toward the middle	The map is a square of probability rings, with higher-rank nodes likelier toward the centre	The map is a square of probability rings, and each step inward skips one more reward	The map is a square of probability rings, and the centre is only reachable once per run
Q1143	S	S2	structure	Route-as-song bonus		b	Repeat the route, strengthen the placement	Repeating a route pattern you have walked before grants a strengthening bonus	Repeating a route pattern grants a bonus that grows with how long the repeated stretch is	Repeating a route pattern grants a bonus, and repeating it in reverse grants a different one
Q1144	S	S2	structure	The International Final		c	The regions you toured vote	Suits favoured by regions you toured generously score extra in the final show	Suits favoured by regions you toured generously score extra, and regions you skipped penalise theirs	Each region you toured contributes one favoured suit to a final pool, and lines using them score extra
Q1146	S	S2	structure	The Route Book		c	Plan the route, then stick to it	Plan an intended route before the run; deviating from it costs fame	Plan an intended route before the run; following it pays a bonus, and deviating costs nothing	Plan an intended route; deviating costs fame, but you may re-plan once per biome
Q1147	S	S2	structure	Triangle map boss phase		b	Boss phases in the terrain	The map places a boss phase every few tiers, drawn as terrain	The map places a boss phase every few tiers, and fights happen only at those phases	The map places boss phases every few tiers, and you may skip a reward to skip one per run
Q1148	S	S2	structure	Triangle map choice		b	A triangle you narrow as you climb	Choose from the next three options; moving left permanently loses the right lanes, and the middle loses both	Choose from the next three options; the lanes you lose become visible so you know what you gave up	Choose from the next three; lanes lost reopen once per run by skipping a reward
Q1149	S	S3	structure	Location difficulty from card		c	The card on the node is the node	A map location's suit and rank set its difficulty and its type	A map location's rank sets its difficulty and its suit sets its type, and both are visible before travelling	A map location's card is the reward you win from it, so choosing the node chooses the prize
Q1150	S	S3	structure	Pay-to-unlock squares		c	After the board game Monopoly: pay a card to open the square	Some map squares must be unlocked by sacrificing a card before they can be used	Some map squares must be unlocked by sacrificing a card of a named class	Some map squares must be unlocked with a card, and the card you spend determines the reward
Q1151	S	S3	structure	Special map squares		c	Squares that mean something fixed	Map squares carry fixed effects by rank, with higher ranks more likely toward the centre	Map squares carry fixed effects by rank, and one rank is designated the rest rank each run	Map squares carry fixed effects by rank, and an effect can change a square's rank to change what it is
Q1152	S	S3	hazard	The Egress (event)		c	A sign that says This Way Out	Map event: following a mysterious sign skips the node entirely, with no reward and no risk	Map event: following the sign skips the node and pays a small fame bonus for the mystery	Map event: following the sign skips the node and reveals what you would have faced
Q1153	S	S3	hazard	The Ghost Train		b	A node you cannot preview	Map node: its contents cannot be previewed, and its average reward is better for it	Map node: its contents cannot be previewed, and it is always either the best or the worst node available	Map node: unpreviewable, with a better average reward, and previewing it at all skips a reward
Q1154	S	S3	hazard	The Locked Room		b	Needs the right keys	Map node: requires specific card types as keys to open its reward	Map node: requires specific card types as keys, and shows which before you commit to it	Map node: requires keys, and each key you lack can be had by skipping a reward instead
Q1155	S	S3	hazard	The Unsanctioned Show		c	Perform where you should not	Map node: performing at a forbidden node pays enormous fame, and failing loses the region's next reward	Map node: performing at a forbidden node pays enormous fame, and failing bars you from the region	Map node: a forbidden node pays enormous fame, and merely visiting it marks you for a later boss
Q1156	S	S4	hazard	Amusement city (Coney Island)		c	A town that is never the same twice	Town: its layout and offers differ every visit, and a map event may burn it down so it rebuilds changed	Town: its layout and offers differ every visit, and each visit makes the next one stranger	Town: its layout and offers are rerolled each visit, and you may skip a reward to reroll once more
Q1157	S	S4	hazard	Arena/naumachia town		c	Only the dangerous acts score ⚑ *pair review: it does not say what a risk-tagged card is*	Town: only risk-tagged cards score here	Town: only risk-tagged cards score, and they score double	Town: only risk-tagged cards score, and a flood event fills the bottom rows so nothing may be placed there
Q1159	S	S4	hazard	Cabaret city		c	A town that stays up late	Town: night-show rules apply, favouring Dancer and Concessions cards	Town: night-show rules favour two classes drawn at random for that town	Town: night rules favour whichever class you have fewest of, and penalise your most common
Q1160	S	S4	hazard	Exposition City		b	One enormous show that takes all comers	Town: a single vast goal, once per map, where every suit is welcome and nothing is penalised	Town: a single vast goal where every suit is welcome, and the reward scales with the margin of the placement that meets it	Town: a single vast goal where every suit is welcome, but the show ends after a fixed, small number of placements
Q1161	S	S4	hazard	Friendly Acrobat town		b	A town that likes tumblers	Town: an Acrobat pack is guaranteed here	Town: a pack of one class is guaranteed here, the class differing per town	Town: a pack of the class you own most of is guaranteed here
Q1162	S	S4	hazard	Improving town (Chautauqua)		b	A town with standards ⚑ *pair review: it does not say what a risk-tagged card is*	Town: no risk-tagged cards may score, and Concessions cards score double	Town: no risk-tagged cards may score, and one class you name at arrival scores double	Town: no risk-tagged cards may score, and every clean show raises the town's standing reward
Q1163	S	S4	hazard	Jaded city (Richiardi)		c	A town that has seen it all ⚑ *pair review: it does not say what a shock or risk-tagged act is*	Town: only shock and risk-tagged acts impress here; everything else scores half	Town: only shock and risk-tagged acts score at all	Town: only acts you have never played in this town before score at full value
Q1164	S	S4	type	Outlawed		c	In pious/lawful towns this card cannot score at all; everywhere else it scores double	In lawful towns this card cannot score at all; everywhere else it scores double	In lawful towns this card cannot be placed at all; everywhere else it scores double	The first town that outlaws this card makes it score double for the rest of the run
Q1165	S	S4	skill	Pierrot		c	Gains bonus multiplier on odd-numbered shows of the tour; has no effect otherwise	Gains a multiplier on odd-numbered shows of the tour and does nothing on even ones — **level 2:** It gains the multiplier on even shows too	Gains a multiplier that grows by one step for each show of the tour it has been played in — **level 2:** It grows two steps per show	Gains a multiplier on any show where it is the only card of its class on the grid — **level 2:** Cards of its class that sit on marks they match do not count as sharing its grid, so it stays alone while its class fills the board
Q1166	S	S4	hazard	Resort towns		c	An easy stop	Town: lower goals, better card rewards, no boss	Town: lower goals, but no card rewards	Town: lower goals and better card rewards, and the next town's goal rises to compensate
Q1167	S	S4	hazard	The Rappings		a	A town that stays haunted	Town: answers come by knocks, and debunking the haunting does not lift it	Town: answers come by knocks; debunking it converts the town to a normal one permanently	Town: answers come by knocks, and the knocks are honest exactly as often as the town is
Q1168	S	S4	hazard	The Right to Perform		c	Comply, or fight for it	Town: comply with a ban for no fame, or resist and play a hazard show for double fame and permanent change	Town: comply for no fame, or resist for double fame at the risk of losing the town for the run	Town: comply, resist, or negotiate, each opening a different show type
Q1169	S	S4	hazard	The Scam Booking		b	There is no venue	Town: arrive to find no venue; improvise a show where only Commons score, or take the failure	Town: arrive to find no venue; improvise where only Commons score, or oversell beyond your deck for a larger prize	Town: arrive to find no venue, and choose which restriction the improvised show runs under
Q1170	S	S4	structure	Town size score requirements		c	Small towns, big cities	Town size sets the score requirement, with small towns cheap and cities dear	Town size sets both the requirement and the reward, scaling together	Town size sets the requirement, and you choose the size you play when you arrive
Q1172	S	S5	structure	Add all cards to map		a	Every card is somewhere on the map	Every card in the game appears somewhere on the map as a collectible node	Every card appears on the map, and cards you already own appear as upgrades instead	Every card appears on the map, but only those you have unlocked are visible
Q1175	S	S5	consumable	Booster Tag		a	The next pack is twice the pack	Consumable: the next pack holds double the cards and double the choices	Consumable: the next pack holds double the cards, but you still keep the same number	Consumable: the next three packs each hold one extra card and one extra choice
Q1177	S	S5	structure	Disaster card packs		b	A pack of disasters to pick from	Disaster packs appear on the map as a choosable option	Disaster packs appear on the map; taking one pays fame up front and adds hazards later	Disaster packs appear as an option, and refusing one raises the next town's goal
Q1178	S	S5	structure	Fame gates pack rarity		c	Fame raises the odds	Accumulated fame raises a run-wide luck value that gates stamp, skill and type rolls in rewards	Accumulated fame raises reward rarity odds directly, with no separate luck value	Accumulated fame raises the luck value, and meeting a goal with a placement whose margin is larger than the goal raises it further for one reward
Q1179	S	S5	skill	Kitty Printer		b	All rewards become one kind. **Level 2, on its own mark:** If it ends the show on its mark, you choose the kind of the next reward	Every skip reward becomes the same named kind	Every skip reward becomes a kind you choose at run start	Every skip reward becomes the kind you have taken least this run
Q1181	S	S5	skill	Red Card		c	Paid for what you turn down. **Level 2, on its own mark:** Each line through its cell also pays its skip bonus into whichever of its grid's buckets is lowest	Gains a permanent bonus every time you skip a reward	Gains a permanent bonus every time you skip a reward or a map node	Gains a permanent bonus per skip, and skipping also reveals what you passed up
Q1187	S	S5	hazard	Ten-in-One pack		c	Ten cheap acts in one	Pack: ten Common cards	Pack: ten Common cards, of which you keep five	Pack: ten Common cards, and any duplicate among them upgrades instead
Q1189	S	S5	structure	The Boss Trade		c	A large reward you have to give something up for	After each boss you are offered a large permanent effect that replaces one you already carry	After each boss you are offered a large permanent effect at the cost of a permanent restriction of your choice	After each boss you are offered three large permanent effects and must take one, drawbacks included
Q1190	S	S5	structure	The Carousel		c	A shared draft you physically move through	At intervals a ring of cards turns one step per show; you take the card in front of you when you choose to stop it	At intervals a ring of cards is offered; the wider the margin of the placement that met your last goal, the more steps you may turn it before taking one	At intervals a ring of cards is offered, each carrying an attached stamp, and you take the pair together
Q1194	S	S5	structure	The New Act		b	A preview of something not unlocked yet	A mechanic you have not unlocked appears for one show as a preview	A mechanic you have not unlocked appears for one show, and completing that show unlocks it early	An unlocked-elsewhere mechanic appears for one show, chosen from what you are closest to unlocking
Q1195	S	S5	consumable	The Showbag		b	A cheap bag with one thing you wanted	Consumable pack: four random Commons, one of them guaranteed to be a Concessions card	Consumable pack: four random Commons, one of them guaranteed to be a class you name	Consumable pack: four random Commons; you keep two and the rest are discarded
Q1198	S	S6	hazard	Antique poster / benefit show		b	A show played for one card	Map event: all of a show's proceeds go to one card of your choice, buffing it massively	Map event: all of a show's proceeds go to one card, buffing it by the margin of the placement that met the goal, as a fraction of the goal	Map event: all proceeds go to one card, and that card cannot be destroyed for the rest of the run
Q1199	S	S6	skill	Fantasyland		c	A strong result changes how the next show is dealt	A strong enough hand in a named line means the next show deals ten cards into the Entrance instead of five — **level 2:** The strong hand may be in any line through its cell, not only the named one	A strong enough hand in a named line means the next show starts with one card of your choice already placed on the mark it matches best — **level 2:** The strong hand may be in any line through its cell, not only the named one	A strong enough hand means the next show deals ten cards into the Entrance, and staying in it requires repeating the feat — **level 2:** The hand needed is one hand-type lower while it sits on its mark
Q1200	S	S6	hazard	Gym node (Zurkhaneh)		c	A gym with a code of honour	Map node: permanently +1 rank to one card, but only if that card has never destroyed another	Map node: permanently +1 rank to one card, with no condition	Map node: permanently +1 rank to one card that has never destroyed another, or +2 if it has never been covered either
Q1201	S	S6	structure	Head of state attends		c	Someone important is watching	Passing this show permanently raises the fame floor for the rest of the run	Passing this show permanently raises the fame floor; failing it lowers the ceiling	Passing this show raises the fame floor, and the raise is larger the wider the margin of the placement that meets the goal
Q1203	S	S6	structure	Meal call (cookhouse flag)		c	A rest between regions	Once per region, a rest tick clears one debuff from every card	Once per region, a rest tick clears all debuffs from one card of your choice	Once per region, a rest tick clears one debuff per card, or two if you skip the region's next reward
Q1204	S	S6	hazard	Panem et circenses free show		c	Play for free, earn goodwill	Give a free show: no card reward, a large fame gain and increased town loyalty	Give a free show: no card reward, a large fame gain, and the town's next pack holds an extra card	Give a free show: no card reward and a large fame gain; loyalty earned this way can be spent to skip a later hazard
Q1205	S	S6	skill	Reward fast/lean wins		c	Winning lean is worth something. **Level 2, on its own mark:** Each card sitting on a mark it matches in a line through its cell counts as one card fewer for the lean count	Meeting the goal with Entrance refills to spare pays a step per unused refill	Meeting the goal with cards still in the stocks buffs one card of each stock that still holds five	Both, and doing both pays a further step
Q1207	S	S6	hazard	The Fire (venue loss)		c	The venue burns down	Map event: lose a venue mid-tour, choosing between an insurance payout and a rebuild	Map event: lose a venue mid-tour; the insurance payout is fame and the rebuild is a permanent bonus	Map event: lose a venue mid-tour, and whichever you choose defines the character of the next few towns
Q1208	S	S6	hazard	The friendly grapple (Glíma)		b	A bout with nothing on it	Map node: test a card against a boss's stats with nothing at stake	Map node: test a card against a boss with nothing at stake, and learn one of the boss's hidden rules	Map node: a no-stakes bout that, if won, lowers that boss's goal when you meet it for real
Q1209	S	S6	hazard	The Lantern Roast		b	The town laughs at your failures	Map event: the town satirises your run's failures; accept for fame or take offence for a fight	Map event: the town satirises your failures, and the fame paid scales with how badly the run has gone	Map event: the town satirises your failures; accepting pays fame and permanently marks one card as the butt of the joke
Q1210	S	S6	hazard	The Pie Car		c	Rest, or gamble	Rest node: heal one debuff, or gamble at a rigged game for a small chance at a large win	Rest node: heal one debuff, or gamble the heal itself for a chance at healing everything	Rest node: heal one debuff, or gamble at a rigged game you may cheat at if you hold the right card
Q1211	S	S6	structure	The Rest Stop		b	Rest, or improve	Between shows you choose exactly one of two: restore the run resource you are short of, or permanently upgrade one card	Between shows you choose one of three: restore, upgrade one card, or remove one card	Between shows you choose one of two, and each show you choose the same one makes it cheaper and the other dearer
Q1216	S	S8	structure	Biome tour structure		c	A tour with gates in it	The run is split into biomes that change map generation, with a fame gate roughly every ten shows	The run is split into biomes that change map generation, with a fame gate at each biome boundary	The run is split into biomes you pick the order of before the tour starts, each with its own fame gate
Q1217	S	S8	structure	Endless bookings		b	The contracts get absurd	In endless mode, each repeat's booking terms become more extreme	In endless mode, each repeat adds one clause to the booking, stacking	In endless mode, each repeat's booking is drawn from progressively harsher pools, and you may reject one per lap
Q1218	S	S8	structure	Endless lap reversal		c	The tour turns around and goes back	Finishing a lap reverses the tour end to start on the same map, with goals scaling per lap	Finishing a lap reverses the tour, and every town you already played is harder the second time	Finishing a lap reverses the tour, and the towns you skipped the first time are the only ones available
Q1220	S	S8	hazard	Residency mode		c	Stay in one city and let it change	Endless mode: stay in one city that evolves each show instead of circling the map	Endless mode: stay in one city that evolves, and every fifth show it changes character entirely	Endless mode: stay in one city, and each show you choose which of its aspects escalates
Q1221	S	S8	structure	The Joke		c	Overshoot far enough and skip ahead	A placement that meets the goal by a margin larger than the goal itself jumps you forward several towns	A placement that meets the goal by a margin larger than the goal itself jumps you forward one town	A placement that meets the goal by a margin larger than the goal itself lets you choose between jumping ahead or taking the reward twice
Q1222	S	S9	consumable	Hype Poster		c	Consumable: doubles the next show's fame requirement, in exchange for its rewards scaling up two tiers	Consumable: the next show's goal doubles and its rewards scale up two tiers	Consumable: the next show's goal rises 50% and its rewards scale up one tier	Consumable: you set the next show's goal multiplier yourself, and the rewards scale with whatever you set
Q1224	S	S9	structure	The Standing Wager		b	The stake carries between shows	A stake raised in one show carries into the next at the same level unless you skip that show's reward to lower it	A stake raised in one show carries into the next and rises again automatically each show you clear	A stake raised in one show resets at the next, but clearing it banks a permanent reward
Q1225	S	S9	consumable	The Understated Bill		a	Promise less, and be paid for the surprise	Consumable: lower the show's target; the lowered target is what counts as a win, but the show runs on until the original is met, and every line scored between the two pays a step extra	Consumable: lower the show target and the payout together, and bank the difference as a permanent reward	Consumable: lower this show's target, and the next show's target absorbs what you took off
Q1227	T	T1	consumable	The Banked Act		b	Set score aside instead of taking it	Consumable: bank one placement payout instead of scoring it; it pays out in the next show at one and a half times	Consumable: bank one placement's payout instead of scoring it; release it whenever you choose, into the bucket you name at that moment, and it grows a step for each show it waits	Consumable: bank one placement payout; it pays out at run end at triple, and is lost if the run ends badly
Q1228	T	T1	structure	The Deficit		b	Falling short follows you	A show cleared by less than a tenth of its target starts the next show with that gap added to the target	A show cleared by a narrow margin raises the next target, and a show cleared by a wide one lowers it	A show cleared narrowly raises the next target, and clearing that one anyway pays a bonus
Q1229	T	T1	skill	The Griot		a	Carries a fifth of this show's score into the next show. **Level 2, on its own mark:** If it ends the show on its mark, the carry may be split between two buckets	Carries a fifth of this show's final score into the next show, paid into the bucket you name when the next show's marks are dealt	Carries a fifth of this show's final score into the next show's row bucket	Carries a fifth into the bucket you name, and a bucket that receives the carry two shows running pays it double
Q1230	T	T1	stamp	The Open Ledger		b	One line that never resets. **Level 2, on its own mark:** The kept total pays when the line completes, made hand or not ⚑ *pair review: a line has no running total until it completes, and the grid is emptied at show end*	The line this card sits in keeps its running total between shows rather than resetting	The line this card sits in keeps its total between shows, and the total is paid out in full the first time the line completes as a made hand	The line this card sits in keeps its total between shows, halving at each boundary
Q1233	T	T2	skill	Monster		b	Future copies start stronger. **Level 2, on its own mark:** A step gained on its mark also pays at once into the special bucket	Gains a step each time it scores; every future copy starts with the steps this one ended its run with	As (a), across runs on the same profile	As (a), and this card loses a step for each copy that has gained one
Q1234	T	T2	skill	Per-card personal bests		b	The card remembers its own record. **Level 2, on its own mark:** A record beaten by a line through its cell pays the margin into the special bucket	Personal bests are recorded on the card itself for this run, and beating one scores a bonus	Personal bests are recorded on the card for this run, and beating one permanently raises that card's floor for the rest of the run	Personal bests are recorded per card for this run, and a card that beats its record three times is dealt its own mark every show thereafter
Q1235	T	T2	stamp	The Belt		a	Exactly one card in the save file holds this stamp at a time; it scores double, and a challenge boss can take it and it must be won back	Exactly one card in the save file carries this stamp; it scores double, and a challenge boss can take it and must be beaten to win it back — **level 2:** No challenge boss can take it while it sits on its mark	Exactly one card in the save file carries this stamp; it scores double and can be moved to another card between runs — **level 2:** Its double reaches every card in a line through its cell	Exactly one card in the save file carries this stamp; it scores double and its bonus grows with every run it survives — **level 2:** Its double reaches every card in a line through its cell
Q1237	T	T2	skill	The Long Memory		c	A card that remembers what it did	This card records the highest-scoring line it was ever part of, and scores a fraction of that total every show thereafter — **level 2:** Its recorded fraction pays twice while it sits on its mark	This card records the highest-scoring line it was part of this run, and matching that line again scores it double — **level 2:** Any line through its cell may match the record, not only the same line	Each time it scores, it pays +1 step per distinct hand type it has ever been part of — **level 2:** A hand type new to it, scored through its cell, adds that step to the special bucket too
Q1239	T	T3	structure	Biome/route meta-unlocks		b	More world, unlocked over time	Meta progress unlocks additional biomes and lengthens the possible route	Meta progress unlocks additional biomes; route length is fixed and you choose which biomes fill it	Meta progress unlocks additional biomes, and each biome unlocked adds one card to the global pool
Q1240	T	T3	structure	Card unlock tracks		c	Two ways to unlock things	Specific in-game actions unlock specific cards, while a separate threshold track unlocks commons through generic progress	Every unlock runs off one generic progress track, with no action-specific unlocks	Specific actions unlock specific cards; the generic track unlocks commons, and rarer cards need archetype-specific play
Q1241	T	T3	structure	Lore scraps unlock		b	Scraps of a story you unlock	Wins and specific actions unlock lore scraps	Wins and specific actions unlock lore scraps, and completing a set unlocks a card	Wins unlock lore scraps that each name a condition for the next one, forming a chain
Q1242	T	T3	structure	Route-length achievements		c	Distance travelled counts for something	Achievements for total map distance walked across all runs	Achievements for total distance walked, each unlocking a card	Total distance walked feeds a permanent bonus rather than discrete achievements
Q1243	T	T3	structure	Speedrun endless categories		a	Endless mode has categories	Endless rulesets ship as named speedrun categories with per-category personal bests	Endless rulesets ship as named categories, and each has its own unlock track	Endless rulesets ship as named categories you can combine, with records kept per combination
Q1244	T	T3	structure	The Exile (daily challenge)		b	A fixed board, once a day	A hard fixed layout offered as a daily challenge	A hard fixed layout as a daily challenge, with a shared leaderboard seed	A hard fixed layout as a daily challenge, and beating it grants a card for the next normal run
Q1246	T	T3	structure	The Standing Ovation		c	Doing something well adds it to the pool	The first time you score any hand type above a threshold, a card matching that hand type is added to the run pool permanently	The first time you score any hand type above a threshold, that hand type levels up permanently for the run	The first time you score a hand type above a threshold, a card matching it is added to the pool, and beating the threshold again raises it
Q1249	T	T4	hazard	The Academy		b	A school that upgrades a card	Meta building: permanently upgrades one Common card per season into its Rare version	Meta building: permanently upgrades one card per season by one rarity tier, whatever it starts at	Meta building: upgrades one card per season, and the card chosen is unavailable for that run
Q1250	T	T4	structure	The Prestige Layer		c	Reset the run to make the next one faster	You may end a run early to convert its score into a permanent multiplier on every future run	You may end a run early for a permanent multiplier, and the multiplier scales with how far you got	You may end a run early for a permanent multiplier, and each reset makes the next reset worth more
Q1253	T	T4	structure	The School (social circus)		c	Turns junk into trained cards	Between runs, converts discarded and junk cards into trained Commons	Between runs, converts junk cards into trained Commons, one per run	Between runs, converts junk into trained Commons, and the conversion rate improves the more junk you feed it
Q1258	T	T5	hazard	Diamond Stake		c	The tour is longer	Difficulty: the run must go further before it can be won	Difficulty: the run must go further, and the extra towns are all bosses	Difficulty: the run must go further, and you choose how much further for a proportional reward
Q1259	T	T5	hazard	Glass Stake		a	Cards shatter as they score	Difficulty: a small proportion of cards shatter when they score	Difficulty: a small proportion shatter when they score, and a shattered card pays its rank into the bucket of the line that shattered it	Difficulty: a small proportion shatter when they score, rising as the tour goes on
Q1260	T	T5	hazard	Horizon Stake		c	The deck keeps growing	Difficulty: a random card is added to the deck at each show's start	Difficulty: a random card is added at each show's start, and you may remove one by skipping a reward	Difficulty: a random card is added each show, chosen from cards you have already rejected
Q1261	T	T5	hazard	Platinum Stake		a	Fewer shows per tier	Difficulty: the small shows are removed, leaving fewer chances to earn per tier	Difficulty: the small shows are removed, and the remaining ones pay more	Difficulty: one show per tier is removed, and you choose which
Q1262	T	T5	structure	Purple Stake		b	The goal climbs faster	The score needed scales up faster with each town	The score needed scales up faster, and the reward scales with it	The score needed scales faster, and you may skip a reward to flatten the curve for one town
Q1263	T	T6	structure	Dynasty save bonus		c	A bonus for finishing again	A standing bonus for consecutive finished tours in one save file	A standing bonus for consecutive finished tours, reset by any failed run	A standing bonus per finished tour, which never resets but grows more slowly each time
Q1264	T	T6	structure	Seasonal crown		c	A title held until someone takes it	A per-season champion title carried between runs until beaten	A per-season champion title that grants a standing bonus while held	A per-season title that grants a bonus while held, and the bonus grows the longer you hold it
Q1266	T	T6	structure	The Ghost Show		c	Only findable at the right hour	A secret card findable only in the menu after real-world midnight	A secret card findable only at a specific real-world hour, differing per profile	A secret card findable only under a real-world condition the game never states
Q1267	T	T6	consumable	The One-Night-Only		c	Usable once, ever	Consumable: an effect of enormous size that can be used once per profile and is then gone from every future run	Consumable: an effect of enormous size usable once per profile, which returns after a run is won without it	Consumable: an effect of enormous size usable once per profile, which is replaced by a weaker permanent version afterward
Q1268	T	T6	structure	The Rope Trick		b	Only real once the rumour is true	Exists only in rumour and can never be drawn until a hidden condition makes it real	Exists only in rumour until a hidden condition makes it real, at which point it is added to every future run	Exists only in rumour; each run raises the chance it becomes real, and it stays real once it does
Q1270	T	T6	structure	The Signature Trick		a	A card each profile can only learn once	The first run in which this card scores above a threshold, it is added to the profile permanently and cannot be earned again	The first run in which this card scores above a threshold, it is added to the profile permanently, and each later run may swap it for a different one	This card may be placed in exactly one run per profile, and choosing it locks out the other cards of its class for that profile
Q1271	U	U1	structure	Four-in-a-row mini-mode		b	After the game Connect 4: four in a row	A Connect-4 minigame mode played with placed cards	A Connect-4 side objective running alongside normal play, paying a bonus for four of a suit in a line	A Connect-4 minigame where the town places against you on the same grid
Q1272	U	U1	structure	Cups and balls minigame		c	Find the ball	A three-card shuffle minigame available at events	A three-card shuffle minigame at events, where guessing right upgrades the card you find	A three-card shuffle minigame whose difficulty rises each time you win it, with the reward rising too
Q1273	U	U1	skill	Fishing minigame card		b	Fish a card out of the deck	Cue: fish a card out of the deck with a fishing minigame — **level 2:** The catch goes into the Entrance slot you choose	Cue: fish a card out of the deck; the harder the fish, the better the card — **level 2:** The catch goes into the Entrance slot you choose	Cue: fish a card out of the deck, with one attempt per show and a chance of losing this card instead — **level 2:** On its mark this card is never lost
Q1274	U	U1	hazard	Forbidden-solitaire event mode		b	Click cards straight into hand	Event mode: clicking a card sends it to a side pile rather than the grid	Event mode: clicking a card sends it to a side pile, scored as a single poker hand at End	Event mode: clicking a card sends it to a side pile, and you may return one per placement to the board
Q1275	U	U1	structure	Karuta duel		b	First to spot it	A speed-pick minigame where the first correct click takes the reward	A speed-pick minigame where each correct click is worth more than the last	A speed-pick minigame where a wrong click costs you the show
Q1276	U	U1	structure	Metro map mode		c	After the game Mini Metro: straights become lines on a map	The ends of straights become stations joined by their straight, and must serve passengers over a number of Entrance refills	The ends of straights become stations; each new straight extends the network, and the network's size is the score	The ends of straights become stations that must be connected into a single network before the show ends
Q1277	U	U1	hazard	The Arcade		c	A node full of small games	Map node: play solitaire-variant minigames for rewards	Map node: play solitaire-variant minigames for rewards, with harder variants paying more	Map node: play a minigame chosen from three, each tied to a different reward type
Q1278	U	U1	skill	The Box Theater		c	A show inside the card. **Level 2, on its own mark:** Its miniature line also pays into the special bucket	Cue: play a miniature five-cell line inside this card from the next Entrance cards, scoring it separately	Cue: play a miniature five-cell line inside this card; its result is added to whichever line scores next	Cue: play a miniature line inside this card using the whole Entrance at once; it scores into the bucket of the line this card sits in
Q1279	U	U2	structure	Collect number cards to progress		c	Collect the numbers, then face the faces	Win by collecting every number card, which unlocks a final stage against the face cards	Win by collecting every number card of one suit, then facing that suit's face cards	Win by collecting every number card; face cards cannot be scored until you have
Q1280	U	U2	hazard	Dispute settled by performance		c	Settled by performance, not points	Show variant: a town dispute is settled by performance rather than by score	Show variant: a town dispute is settled by which side scores the more varied board, not the higher one	Show variant: a dispute is settled by matching a formation the town names, not by score at all
Q1281	U	U2	skill	Fork Solitaire		c	The board branches and you play both. **Level 2, on its own mark:** You may fork twice	At a chosen moment the board forks into two states; you play both and keep the higher score	At a chosen moment the board forks; you play both and keep the SUM of the two	The board forks and you play both, but any card destroyed in either branch is destroyed in both
Q1282	U	U2	hazard	Hard cap on flush win-con plays		c	Win by a flush, but only so often	Alternate win: a single flush wins the show, with a hard cap on how many flushes a run may ever play	Alternate win: a single flush wins, and the cap falls by one each time you use it	Alternate win: a flush wins the show; the second time it must be a straight flush, and the third a flush five
Q1283	U	U2	hazard	Judged-category scoring		c	Graded in categories, not totals	Show: row, column and special are each graded against their own goal instead of one product	Show: row, column and special are graded separately, and you must pass two of the three	Show: row, column and special are graded separately, and only your weakest bucket counts
Q1284	U	U2	hazard	The Balance		c	Final-tier boss: cannot be beaten by score; win by ending the show with row total and column total within 10% of each other	Final boss: score cannot beat it; win by ending the show with the row total and the column total within 10% of each other	Final boss: win by ending the show with the row and column totals within 10% of each other, while still meeting a reduced goal	Final boss: score alone cannot beat it; win by ending the show with the row, column and special totals all within 10% of each other, while still meeting a reduced goal
Q1285	U	U2	hazard	The Demolition Show		c	Score by destroying, not by playing	Show: discarding scores points per card discarded from the board, and normal play scores nothing	Show: discarding scores points per card discarded from the board, alongside normal scoring	Show: discarding scores per card discarded from the board, and the goal is a count of cards rather than a score
Q1286	U	U2	hazard	The Exploration Show		c	No goal, just things to find	Show: no score goal at all, only hidden bonuses to find in a pre-built board	Show: no score goal, only hidden bonuses, and a limited number of placements to find them	Show: no score goal; the reward is whatever you uncover, and leaving early keeps what you have
Q1287	U	U2	hazard	The Faire		b	The audience performs and you judge	Show: the town performs and your cards judge them, for easy fame	Show: the town performs and your cards judge them; judging harshly pays more but costs fame	Show: the town performs, and you score by predicting which of their acts will score highest
Q1288	U	U2	skill	The Fall		b	Win by dropping, not by climbing. **Level 2, on its own mark:** A drop that ends on a mark the card matches counts one level more	Alternate win: one removal drops a stack of three or more cards by a level	Alternate win: a card that reached height five ends the show on the floor	Alternate win: end a show having dropped more total height than you built
Q1289	U	U2	hazard	The Last Line		b	One cell must never be reached	Alternate loss: a named cell must stay empty; covering it ends the show at once	Alternate loss: a named cell must stay empty, and each Entrance refill it survives empty pays a step into the special bucket	Alternate loss: a named cell must stay empty, and after each refill it moves to the uncovered mark with the most lines through it
Q1290	U	U2	hazard	The Long Count		b	Win on the board's state, not on your own ⚑ *pair review: depends on Q0303 (The Dome) entering: sealed cells exist nowhere else*	Alternate win: the show is won the moment a set number of sealed cells exist anywhere, whoever made them	Alternate win: the show is won when a set number of sealed cells exist, and hazards that seal cells count toward it	Alternate win: the show is won when every row holds at least one sealed cell
Q1291	U	U2	skill	The Cursed Ring card		c	After The Lord of the Rings' One Ring: destroy it and you win	You always know exactly where this card is, and permanently destroying it wins the show — **level 2:** While it sits on its mark you may destroy it with a cue	You always know where it is, and destroying it wins the show, but only in the final show — **level 2:** While it sits on its mark you may destroy it with a cue	You always know where it is; destroying it wins the show, and it can only be destroyed while it sits on a mark it matches — **level 2:** A cue destroys it
Q1292	U	U3	hazard	Festival mini-contest node		b	Win any one of three	Map node: win any one of three mini-contests - score, formation or speed - for the prize	Map node: win any one of three mini-contests; winning two takes a larger prize	Map node: three mini-contests, and you must declare which one you are attempting before seeing your deck
Q1293	U	U3	structure	Mini-game score-free events		b	Some shows are not about score	Some encounters replace the score goal with a puzzle objective, such as triggering five times	Some encounters offer both a score goal and a puzzle objective, and either wins	Some encounters replace the score goal with a puzzle objective drawn from a pool, revealed only on arrival
Q1294	U	U3	hazard	The Masked Audience / One-on-One		c	Fame hidden around the board	Show: fame sources are hidden around the board to be found rather than scored	Show: fame is hidden around the board, and a single audience token pays outsized fame if performed to alone	Show: fame is hidden around the board, and each one found reveals a hint to the next
Q1295	U	U3	structure	The String Figure		b	Copy the pattern	Copy a displayed board pattern with your own cards for a bonus	Copy a displayed board pattern for a bonus, with a larger pattern shown each time you succeed	Copy a displayed board pattern, or invent one the town must copy back
Q1296	U	U3	skill	The Water Torture Cell		b	Three locks, one escape. **Level 2, on its own mark:** One lock opens the moment it lands on its mark	Arrives locked under three conditions - covered, column unscored, unmoved - one opening per placement, in order; a full escape pays a large bonus	Arrives locked under three conditions that open in any order: its row completes, its column completes, and a card hits a mark in a line through its cell; a full escape pays a hand into the special bucket	Arrives locked under three conditions; each one you break pays a bonus, and breaking all three pays a much larger one
Q1297	U	U3	structure	Turning the tip		c	A hidden objective revealed after the fact	Convert an audience faction into fame, with a hidden bonus objective revealed only once the show is cleared	Convert an audience faction into fame, with the bonus objective stated up front	Convert an audience faction into fame; the hidden objective is revealed after the show, and completing it later pays out retroactively
Q1298	U	U3	skill	Guessing-game hidden target card		c	After the game Wordle: find the cell it is thinking of. **Level 2, on its own mark:** The distance of any empty cell is shown before you place, not after	A hidden target cell is chosen among the empty cells at each Entrance refill; each placement reports wrong, close (adjacent) or exact, and a card that hits the target cell's mark pays its match bonus three times	As (a), reporting only wrong or exact	As (a), and each placement reports its distance in cells, so the target narrows visibly
Q1299	U	U4	structure	Quest-chain triggered stage acts		c	A story told in the right order	A quest chain where each stage unlocks only after the previous one's effect has been triggered	A quest chain where stages may be completed in any order, but completing them in sequence pays a bonus	A quest chain where each stage names the next only once the previous is done
Q1300	U	U4	skill	The Metal Chain		b	A sequence that must be consumed in order. **Level 2, on its own mark:** A card of the chain placed on a matched cell may be scored out of order	A named chain of ranks may only be scored in strict ascending order, and skipping one locks the rest	A named chain must be scored in order, and completing the whole chain pays enormously	The chain is the ranks of the marks along one row you name at show start, read left to right; cards of those ranks must be scored in that order, and finishing the row's chain pays a hand into the special bucket
Q1301	U	U4	skill	The Three Tricks		b	This card earns its next stage. **Level 2, on its own mark:** Its current objective may be completed by any card in a line through its cell, not only by this card	This card carries a chain of three objectives; completing one upgrades the card and reveals the next	This card carries a chain of three objectives, all visible; completing all three transforms it into a different card entirely	This card carries a chain of three objectives; completing one upgrades the card, and failing to finish the chain by show end resets it
Q1302	U	U4	structure	The Three-Act Bill		a	Each objective is unlocked by the last	Three objectives are given in order; each becomes visible and claimable only once the one before it is done, and the third pays permanently for the run	Three objectives are given in order; each pays as it is completed, and the third pays permanently for the run	Three objectives are given in order, all visible from the start, and only the third pays anything
Q1303	U	U5	hazard	Built-in symmetric PvP mode		c	Same deck, same cards, higher score ⚑ *pair review: a duel needs an opponent, and a solitaire has none*	PvP: both players start with the same deck and draw the same cards, aiming for the higher score	PvP: both players share a deck and alternate taking cards from one Entrance	PvP: both players use the same deck and card order, and each sees the other's board as it builds
Q1304	U	U5	structure	Crew formation battle / class legalization		c	Crew against crew	A formation battle against a rival crew, decided by whose formation scores higher	A formation battle against a rival crew, alternating one formation each until someone cannot answer	A formation battle against a rival crew; winning makes an outlaw class legal in that town for the rest of the run
Q1305	U	U5	structure	Head To Head		c	Your line is matched against theirs, position by position	In a rival show, your line is compared to theirs card by card from one end, and the winner of each pairing scores	In a rival show, your whole line's total is compared to theirs, not card by card	In a rival show, your line is compared card by card, and a card that beats its opposite carries the surplus to the next pairing
Q1306	U	U5	hazard	One-upmanship duel (scissors dance)		c	Alternating melds until someone falls short ⚑ *pair review: a duel needs an opponent, and a solitaire has none*	Duel: you and a rival alternate melds, each having to beat the last; the first to fall short loses a card of their deck	Duel: you and a rival alternate melds; falling short costs one card rather than the whole wager	Duel: alternating melds, each having to beat the last, and you stake a card of your deck before seeing your opening board
Q1307	U	U5	structure	The Eating Contest		c	An eating contest	A sanctioned outing where consuming cards race a rival to eat the town's offering fastest	An eating contest where the winner keeps everything eaten and the loser keeps nothing	An eating contest where you wager how much your card will eat before it starts
Q1308	U	U5	structure	The Laughing Duel		c	Break the rhythm and you lose ⚑ *pair review: a duel needs an opponent, and a solitaire has none*	A pattern-matching duel against a town where breaking rhythm loses the show	A pattern-matching duel where each show's pattern is longer than the last	A pattern-matching duel where you set the pattern and the town must follow, alternating who leads
Q1309	U	U5	structure	The Showdown		c	Same town, against a rival	Play the same town against a rival's score; the winner takes both crowds	Play the same town against a rival's score; the winner takes both crowds and one of the loser's cards	Play the same town against a rival, seeing their board as it builds
Q1310	U	U5	structure	The Tent Challenge		b	Called out by name	A town champion calls out one of your cards for a duel: win for fame, lose a rank	A town champion calls out one of your cards; you may substitute another, which loses a rank	A town champion calls out your highest card for a duel, and refusing costs fame
Q1311	U	U6	skill	The Apprenticeship		c	A quest the card sets itself. **Level 2, on its own mark:** Progress made on matched cells counts twice	Names an objective when acquired, drawn from a pool; finishing it makes this card's level 2 permanent, mark or no mark	Names an objective when acquired; finishing it lets you choose one of three permanent rewards	Names a new objective each time the previous one is finished, escalating, with a permanent reward each time
Q1312	U	U6	structure	The Commission		c	The town sets you a task	Each town states one objective; completing it during that show grants a permanent run-scoped effect	Each town states one objective; completing it grants fame rather than a permanent effect	Each town states one objective, and you may accept it for a permanent reward or decline it for a smaller immediate one
Q1314	U	U6	skill	The Long Game		c	An objective that spans the whole tour. **Level 2, on its own mark:** A line through its cell that advances the objective also pays a step per point of progress so far	Names one objective at run start that can only be finished late in the tour, and pays enormously when it is	Names one objective at run start with a partial reward at each town you make progress in	Names one objective for the whole tour, and abandoning it at any point converts the progress made into fame
Q1315	U	U6	stamp	The Standing Order		c	Attaches a quest to any card. **Level 2, on its own mark:** You may swap its objective while the wearer sits on its mark	Attach an objective to any card you own; completing it permanently upgrades that card	Attach an objective to any card; completing it permanently upgrades that card and destroys this stamp	Attach an objective to any card; completing it upgrades that card, and the stamp then moves to a card of your choosing
Q1316	U	U7	structure	Overshoot		a	Progress past the target is not wasted	Progress past an objective's target carries into the next objective	Progress past an objective's target is converted to fame	Progress past the target raises the reward rather than carrying forward
Q1317	U	U7	skill	The Progress Report		c	Reading progress costs something	Cue: reveal the exact progress of one hidden objective, at the cost of discarding one Entrance card — **level 2:** The cue costs nothing	Cue: reveal the exact progress of every hidden objective, once per show — **level 2:** It also names the property each objective wants next	Cue: reveal one hidden objective's progress for free, but doing so raises what it requires — **level 2:** Revealing raises nothing
Q1318	U	U7	structure	The Silent Tally		c	Progress you cannot see until it matters ⚑ *pair review: how quest progress is shown is interface; you rejected a UI-only effect at Q0038*	Quest progress is hidden until it passes halfway, then shown for the rest of the run	Quest progress is hidden entirely, and only completion is announced	Quest progress is hidden, and may be read once per show at the cost of discarding one Entrance card
Q1319	U	U7	structure	The Tally Board		a	How a quest shows its progress ⚑ *pair review: how quest progress is shown is interface; you rejected a UI-only effect at Q0038*	Every active objective shows its exact progress at all times	Every active objective shows only whether it is close, not how close	Objectives show exact progress, but only while you are not in the middle of a placement
Q1320	U	U8	structure	The Open Secret		b	Hidden objectives exist and are findable	A pool of hidden objectives is live every run; completing one reveals it and pays permanently	A pool of hidden objectives is live, and completing one reveals it permanently for all future runs	Hidden objectives are live, and any you complete stay hidden until the run ends
Q1321	U	U8	skill	The Retroactive Clause		b	Pays for what you already did. **Level 2, on its own mark:** Landing on its own mark, it checks again and pays any objective met since	When acquired, checks what you have already done this run and immediately pays out any objective already met	When acquired, names an objective and counts progress made before you had it	When acquired, pays out for the single most impressive thing you have already done this run
Q1322	U	U8	structure	The Sealed Brief		b	You can see how far along you are, but not what you are doing ⚑ *pair review: how quest progress is shown is interface; you rejected a UI-only effect at Q0038*	A hidden quest shows its progress bar from the start but never says what it is for until it completes	A hidden quest shows its progress bar, and one word of its text is revealed at each quarter	A hidden quest shows nothing at all, and completing it reveals both the quest and its reward at once
Q1324	U	U9	structure	The Conflicting Notes		a	Two briefs that contradict each other	Two quests are offered whose conditions cannot both hold; progress on one erases progress on the other	Two contradictory quests are offered; progress on both is kept, but only the first completed pays	Two contradictory quests are offered, and abandoning one outright doubles the reward of the other
Q1326	U	U9	structure	The Rival Contract		b	A quest a rival is also chasing	An objective is shared with a rival show; whoever finishes it first takes the reward	An objective is shared with a rival, and you can see how far along they are	An objective is shared with a rival; finishing second still pays, at a fraction
Q1327	U	U9	skill	The Ultimatum		c	Take the quest or take the payout. **Level 2, on its own mark:** Landing on its own mark, the reward you declined is offered once more	Offers an immediate reward or an objective worth several times more; taking one removes the other	Offers an immediate reward or an objective; you may take the reward and still attempt the objective at a penalty	Offers an immediate reward or an objective, and the objective's value rises the longer you leave it unclaimed
Q1328	V	V1	skill	Maximized		a	Only two ranks exist. **Level 2, on its own mark:** You choose which of the two ranks each card counts as	Every face card counts as the same rank and every number card as the same rank	Every card counts as one of two ranks, chosen when this skill activates	Every card counts as one of two ranks, and which two changes each show
Q1329	V	V1	skill	Pareidolia		a	Everything is a face card	Every card counts as a face card for every effect — **level 2:** A card on a mark it matches also counts, for melds, as the face rank you name	Every card counts as a face card, and face cards count as no rank at all for runs — **level 2:** Cards sitting on marks they match also keep their own rank for runs	Every card counts as whichever card type an effect is looking for — **level 2:** A card on a mark it matches also counts, for melds, as the face rank you name
Q1330	V	V1	skill	The Backward-Backward		b	Cue: reverse one stack top to bottom. **Level 2, on its own mark:** It may reverse any stack in a line through its cell	Cue once per show: reverse one stack top to bottom, so its bottom card is spotlit and the old top is buried	Cue once per Entrance refill: reverse one stack top to bottom	Cue once per show: reverse one stack top to bottom, and every card in it pays its match bonus again
Q1331	V	V1	rank	The Blank		a	This card has no rank or suit: it can stack on anything and anything can stack on it, but it never melds and scores 0. It counts as matching every rank mark. **Level 2, on its own mark:** On a rank mark, it takes the mark's rank and suit, melds, and its lines score	Has no rank and no suit: anything stacks on it and it stacks on anything, but it never melds and scores 0. It counts as matching every rank mark	Has no rank and no suit for stacking, but counts as whatever the line needs when a meld is checked	Has no rank and no suit, and any line containing it scores as if it had four cards instead of five
Q1334	V	V1	rank	Wild rank (copycat/understudy)		c	Copies whatever it can find. **Level 2, on its own mark:** Every card in a line through its cell counts as rank-matched	Rank 0 that also counts as any rank already present in your deck, for stacking and melds; behaves as blank with nothing to copy	Rank 0 that counts as any rank present on the board, updating as the board changes	Rank 0 that counts as the rank most common among the uncovered marks on its grid, changing as marks are covered
Q1336	V	V2	skill	Gentleman juggling		c	Plain cards become juggling balls	Skill-less cards in this card's row count as the Balls suit — **level 2:** It reaches its column as well as its row	Skill-less cards anywhere on this card's grid count as the Balls suit — **level 2:** Skill-less cards on matched cells count as Balls and as their own suit	Skill-less cards in this card's row count as whichever suit this card is — **level 2:** It reaches its column as well as its row
Q1337	V	V2	skill	The Colourblind Rule		c	Suits are compared by the way their prop travels. **Level 2, on its own mark:** Cards sitting on suit marks they match count as both paths	Suits are compared by their prop's path, along the row (Hoops, Knives) or along the column (Balls, Fire, Fireworks), so a flush needs only five of one path	Suits are compared by their prop's path for stacking, and by suit for melds	Suits are compared by their prop's path, and a five-card flush that is also one suit scores an extra step
Q1338	V	V2	skill	The Rewritten Noun		c	Changes what a card counts AS, globally. **Level 2, on its own mark:** The marks are rewritten as well as the cards	Cue: name a suit and a second suit; for the rest of the show every card of the first counts as the second	Cue: name a rank and a second rank; for the rest of the show every card of the first counts as the second	Cue: name two values of one property - two suits, two ranks, two hats or two talents - and swap them across the whole board for the rest of the show
Q1339	V	V2	skill	The Unsuited		b	A card that belongs to nothing. **Level 2, on its own mark:** It may take any suit you choose instead of none, once per show	This card counts as no suit at all: it breaks any flush it is part of, and nothing may be stacked on it by suit	This card counts as no suit, but its line ignores it entirely when working out the hand, scoring the other four	This card counts as no suit and cannot be targeted by any effect that names a suit
Q1341	V	V3	hazard	31/99-style fixed point values		c	Odd values, aiming at a total	Ranks carry fixed odd values - ace 1 or 11, ten worth -10, King worth 99 - and lines score toward a target total	Ranks carry fixed odd values, and a line scores only if it lands exactly on the target total	Ranks carry fixed odd values you can see before placing, and overshooting the target scores nothing
Q1343	V	V3	rank	Freakshow off-rank cards		a	No normal number. **Level 2, on its own mark:** Once per line, a line through its cell may count it as the rank the line needs	Freakshow cards carry no ordinary rank number and cannot be compared numerically	Freakshow cards carry no ordinary rank, but count as whatever their neighbours need for a run	Freakshow cards carry a rank outside the normal range, high or low, that no meld can include
Q1344	V	V3	stamp	Half-Step		c	This card has rank N and a half, letting it stack legally between rank N and N+1 in runs, but it never participates in poker melds	This card's rank is N and a half: it stacks legally between N and N+1, but never counts in a poker meld — **level 2:** It counts in poker melds too, as N	This card's rank is N and a half: it stacks between N and N+1, and shows down for melds — **level 2:** It may count as N+1 for melds as well	This card counts as either N or N+1 for any single check, chosen fresh each time — **level 2:** It may count as N-1 as well
Q1346	V	V3	hazard	Misrule show		a	Ranks upside down	Show: all ranks are reversed, 2 counting high and King counting low; winning pays large tips	Show: all ranks are reversed for one placement of your choosing, not the whole show	Show: all ranks are reversed, and you are told which placement it will happen in one placement ahead
Q1348	V	V3	skill	The Spin (whirling)		b	Its rank turns; the change touches its lines, so a complete line through it re-scores at every placement. **Level 2, on its own mark:** You may stop or restart its cycle whenever you choose	Cycles its rank by one each placement, wrapping from King back to 1	Cycles its rank by one each placement, and you may stop the cycle once per show	Cycles its rank each placement, but its lines re-score only when the new rank improves their hand
Q1349	V	V4	skill	5 starting suits		a	Five suits, not four	Fireworks join the standard suit roll, so every deck deals five suits, and a line holding all five scores as its own meld, the Rainbow — **level 2:** A line through a matched fifth-suit cell holding four suits counts as holding all five	Fireworks appear only on cards this skill creates, one per Entrance refill, into the slot you choose — **level 2:** A card this skill creates goes to the Entrance slot you choose	As (a), and the Rainbow counts as a flush for every effect that names one — **level 2:** A line through a matched fifth-suit cell holding four suits counts as holding all five
Q1350	V	V4	suit	Harlequin		a	Counts as both printed suits for melds and stacking, and matches a mark of either. **Level 1 is the plain suit; each option is its level 2**, firing on a suit match	Fires both suits' props	Fires the prop of the suit its mark shows	Fires the prop of the suit its mark shows, twice
Q1351	V	V4	skill	Ten-suit challenge deck		b	Ten suits. **Level 2, on its own mark:** Cards sitting on suit marks they match count as two suits ⚑ *pair review: a numeric reskin of Q1349, ten suits for five; only (c) is its own idea*	Ten suits instead of four, making flushes far harder and suit variety far easier	Ten suits, and any five distinct suits in a line counts as its own meld	Ten suits, of which five are active each show, so the roster changes
Q1352	V	V4	suit	The Best Bower		c	This card counts as every suit for flush evaluation (but not for suit-stacking rules), and its prop identity is randomly one of the game's props each time. **Level 2, on its own mark:** On a suit match you choose which prop it fires	Counts as every suit for flush evaluation but not for stacking, and its prop is a random one of the game's props each time	Counts as every suit for both flushes and stacking, and fires no prop of its own	Counts as every suit for flushes, and fires the prop of whichever suit is most common on its grid
Q1355	V	V5	suit	Rock Paper Scissors		a	Rock, paper, scissors. **Level 2, on its own mark:** On a suit match it wins every throw	At game start becomes rock, paper or scissors; stacking on another such card requires winning the throw, with ties broken by rank	At game start becomes rock, paper or scissors; stacking on another such card requires winning the throw, and a stack won on rank as well as on the throw pays a step	It re-rolls its throw every time it is placed, so its stacking legality changes each time
Q1356	V	V5	skill	The Circle Of Suits		b	Suits beat each other in a ring. **Level 2, on its own mark:** Its own stack may run the ring either way	Suits form a ring in which each may be stacked on the next and on no other	Suits form a ring for stacking, and a line running the ring in order scores as a made hand of its own	Suits form a ring for stacking, and the ring rotates one step each placement
Q1357	V	V5	skill	The Rank Wheel		c	High and low fold into each other ⚑ *pair review: straights already wrap through the Ace; only the stacking half is new*	Rank comparison is circular - the top rank is beaten by the bottom one, and every straight may wrap — **level 2:** Its stack may run the wheel either way	Rank comparison is circular for stacking legality but not for melds — **level 2:** Its stack may run the wheel either way	Rank comparison is circular, and a wrapped straight scores an extra step for having wrapped — **level 2:** Every straight through its cell scores as if it had wrapped
Q1358	V	V5	skill	The Standoff		c	Three cards that cannot be ordered	While this card is spotlit, its line is compared as a ring: no card in it is highest, and the line scores as its best three-card hand instead — **level 2:** Its line scores as its best three-card hand or its full hand, whichever is higher	While this card is spotlit, comparisons in its line are non-transitive, and any effect that names the highest card in the line fails — **level 2:** An effect naming the highest card in its line names the card you choose instead	While this card is spotlit, comparisons in its line are non-transitive, and every card in it counts as beating exactly one other — **level 2:** You choose which card each beats
Q1359	V	V6	skill	Clever Hans		a	Counts as a copy of its highest orthogonally-adjacent neighbor's rank; with no neighbors, its rank is 1. **Level 2, on its own mark:** On a side with no neighbour it reads that cell's uncovered mark instead, so it copies the plan as well as the board	This card's rank equals its highest orthogonally adjacent neighbour's rank, or 1 with no neighbours	This card's rank equals its lowest orthogonally adjacent neighbour's rank, or 1 with no neighbours	This card's rank and suit both copy whichever neighbour was placed most recently
Q1360	V	V6	skill	Hanafuda Reskin		a	When a town outlaws a suit, all your cards of that suit count as the suit of the adjacent card for that show	When a town outlaws a suit, your cards of that suit count as their adjacent card's suit for the show — **level 2:** It also covers a suit a hazard disables	When a town outlaws a suit, your cards of that suit count as a suit of your choice for the show — **level 2:** It also covers a suit a hazard disables	Your cards always count as the suit of whichever orthogonal neighbour was placed most recently — **level 2:** It may copy from any orthogonal neighbour, not only the most recent
Q1362	V	V6	skill	The Majority Rule		c	The board decides what a card is	A card with no card adjacent to it takes the suit that is most common on its grid — **level 2:** You may choose the second most common suit instead	Every card takes the suit that is most common in its own row, overriding its printed suit — **level 2:** You may choose the second most common suit instead	A card surrounded on all four sides by one suit becomes that suit permanently — **level 2:** Three sides suffice
Q1363	V	V6	skill	The Turk		b	Borrows the rank underneath	This card's rank is the rank of the card directly beneath it in its stack, or 0 with nothing beneath — **level 2:** It may borrow from any card beneath it, your choice	This card's rank is the summed rank of everything beneath it in its stack, capped at 13 — **level 2:** Its sum wraps past the deck's highest rank back to 1, so the sum lands where you steer it	This card's rank is the rank of the card beneath it, and it also inherits that card's suit — **level 2:** It inherits the stamp beneath it too
Q1364	V	V6	skill	The Wildcard		c	Becomes whatever its row already has. **Level 2, on its own mark:** It may copy from any line through its cell, not only its row	On every board change, becomes a copy of a rank and suit already present in its row	On every board change, becomes a copy of whichever rank and suit is most common in its row	On every board change, becomes whichever rank and suit would score its row highest
Q1366	V	V7	skill	The Abacus		a	Adds its neighbours together. **Level 2, on its own mark:** It counts diagonal neighbours too	This card's rank is the sum of its orthogonal neighbours' ranks, capped at the deck's highest rank	This card's rank is the sum of its orthogonal neighbours' ranks, uncapped	This card's rank is the sum of its neighbours' ranks minus its own printed rank
Q1368	V	V7	stamp	The Doubling Act		c	Twice the number, once the card	This card's rank counts as double its printed value for every check — **level 2:** Its rank triples instead of doubling	This card's rank counts as double for melds only, and normal for stacking — **level 2:** Its rank triples instead of doubling	This card's rank doubles each time it scores, until it exceeds the deck's highest rank and wraps to 1 — **level 2:** You choose whether it doubles when it scores
Q1370	V	V7	stamp	The Gap Card		b	Its rank is what separates its neighbours. **Level 2, on its own mark:** It may compare as the gap or as its printed rank, whichever helps ⚑ *pair review: overlaps Q0080, which you wrote: the gap between the highest and lowest ranks in a line*	This card compares as the difference between the ranks of the cards on either side of it in its row	This card compares as the difference between the highest and lowest ranks in its row	This card compares as the difference between its printed rank and the rank of the card below it in the stack
Q1371	V	V7	stamp	The Halving		c	Splits the number in two	This card's rank counts as half its printed value, rounded down, for every check — **level 2:** You choose, per check, half or full	This card's rank counts as half for melds and full for stacking — **level 2:** The half it loses in melds goes to a neighbour you choose	This card's rank counts as half, and the other half is given to the adjacent card of lowest rank — **level 2:** You choose which neighbour receives the other half
Q1373	X	X1	skill	The Bust		b	A line no better than High Card, or scoring nothing under a rule, is a bust, and feeds the next one	When a line busts, this card banks the summed ranks of its five cards and adds them as flat points to the next line that scores better than High Card — **level 2:** A bust through its cell banks double	When a line busts, the next line to score better than High Card scores double — **level 2:** Triple, when the bust ran through its cell	When a line busts, its five cards return to the Entrance — **level 2:** The returned cards go to the Entrance slots you choose
Q1374	X	X1	skill	The Dropped Bit		b	A line that never finished is still worth something. **Level 2, on its own mark:** One incomplete line through its cell that is one card short scores at End as a full hand, its uncovered mark standing in	At show end, every incomplete line pays a step per card it did hold	At show end, every incomplete line pays a step per card it holds into its own bucket, row, column or special, doubled for lines one card short	At show end, only the single closest incomplete line pays, and it pays as if it had completed with a blank
Q1376	X	X1	skill	The Empty House		c	Failure is the axis; a line no better than High Card is a bust; a line no better than High Card is a bust	The show's combo counts lines that bust rather than lines that score better — **level 2:** Busts through its cell count twice	The show's combo counts both, so a mixed placement pays most — **level 2:** Busts through its cell count twice	A placement in which every line busts pays a large flat bonus — **level 2:** The flat bonus doubles when one of the busts runs through its cell
Q1378	X	X1	skill	The Safety Net		b	Turns a bust, a line no better than High Card, into something. **Level 2, on its own mark:** A bust through its cell pays its highest rank twice	A line that busts instead pays flat points equal to its highest rank	A line that busts instead pays flat points and clears itself, freeing the cells	A line that busts may be re-formed once, and pays double if it scores the second time
Q1379	X	X1	stamp	The Silent Row		a	Paid for the line you deliberately never close	This card scores a step per Entrance refill for each line through it that remains incomplete, and loses the lot when one completes — **level 2:** When a line through its cell completes, the bank is paid into that line's bucket instead of lost	This card scores a step per Entrance refill for each incomplete line through it, and keeps what it banked when one completes — **level 2:** The bank is paid into the bucket of the line that completed, now	This card scores a step per Entrance refill for each incomplete line on the whole grid — **level 2:** Incomplete lines through matched cells count twice
Q1382	X	X2	skill	The Cut List		c	Rewards cards for staying in. **Level 2, on its own mark:** While it sits on its own mark, every card still in the stock of its Entrance slot at End gains the bonus twice	Any card that goes a whole show without being placed gains +1 rank permanently	Any card that goes a whole show without being placed gains a permanent bonus, lost the moment it is placed	Any card that goes three consecutive shows unplaced upgrades a rarity tier
Q1383	X	X2	skill	The Standby		a	A card that is paid for waiting in the wings. **Level 2, on its own mark:** It pays double when it is finally placed on its mark	This card scores a step for every placement it spends in the Entrance, paid when it is placed	As (a), doubled if it is the last of its five placed	As (a); if the show ends with it still in the Entrance it upgrades permanently instead
Q1386	X	X2	skill	Understaffed		c	The unplayed are counted against you	Cards left in the Entrance at show end each subtract from the final score — **level 2:** While it sits on its own mark, cards left in the Entrance subtract nothing	Cards left in the Entrance at show end are destroyed — **level 2:** While it sits on its own mark, you choose one of them to spare	Cards left in the Entrance at show end are carried into the next show's Entrance — **level 2:** The carried cards may be placed before the new ones
Q1387	X	X3	skill	One Card Short		b	The hand you almost had	When a line completes, this card also pays for the best hand that line was one card away from — **level 2:** Lines through its cell count as two cards away, not one	When a line completes one card short of a better hand, this card pays the difference between the two — **level 2:** Lines through its cell count as two cards away, not one	When a line completes one card short of a better hand, this card pays as if it had reached it, once per Entrance refill — **level 2:** No per-refill limit for lines through its cell
Q1390	X	X3	skill	The Glancing Blow		c	A prop that misses is worth more. **Level 2, on its own mark:** Its own props that miss are relaunched at double	Every prop that finishes its path without hitting anything scores a bonus	Every prop that misses scores a bonus, and this card gains a permanent bonus for each	Every prop that misses is re-launched once from the opposite edge
Q1392	X	X3	skill	The Narrow Loss		a	Coming close to the target is not nothing. **Level 2, on its own mark:** A show that ends while it sits on its own mark counts as within a tenth if it is within a fifth	A show that ends within a tenth of its target is not lost; it is replayed once with the board as it stood	A show that ends within a tenth of its target is still lost, but the run keeps the rewards	A show that ends within a tenth of its target is lost, and the shortfall becomes a permanent bonus to the next attempt
Q1394	X	X4	skill	Leave No Trace		b	An empty board is the goal	Ending a show with no card but this one on the board pays an enormous bonus — **level 2:** One other card may remain, when it sits on its own mark	Ending a show with no card but this one on the board pays a bonus scaling with how many cards passed through it — **level 2:** One other card may remain, when it sits on its own mark	Ending a show with fewer than five cards placed pays a bonus scaling inversely with the count — **level 2:** Its own placement does not count
Q1395	X	X4	skill	Room To Work		c	A card that wants space around it	This card scores a step for every empty cell orthogonally adjacent to it, checked when its line scores — **level 2:** It counts diagonal empties too	This card scores a step for every empty cell in its 3x3, checked when its line scores — **level 2:** It counts its row's and column's empties too	This card scores a step for every empty cell adjacent to it, and loses a step for every occupied one — **level 2:** It counts diagonal empties too
Q1396	X	X4	skill	The Bare Stage		b	Paid for the cells you did not fill ⚑ *pair review: (c) needed a second grid*	Scores a bonus per empty cell on its grid when the show ends — **level 2:** Empty cells in lines through its cell count twice	Scores a bonus per empty cell in its own row and column — **level 2:** It counts the empty cells in its diagonals too	Scores a bonus per empty cell on its grid, paid at every refill instead of at show end — **level 2:** Empty cells in lines through its cell count twice
Q1397	X	X4	skill	The Dead End		a	Cutting the board off has a cost. **Level 2, on its own mark:** While it sits on its own mark, cells in its lines are never destroyed ⚑ *pair review: it only costs you, and on a plain board every empty cell accepts any card, so it needs a legality rule to fire*	Any empty cell that no Entrance card can legally be placed in when the Entrance refills is destroyed and counts against the show	Any empty cell no Entrance card can legally reach at a refill is destroyed, but pays a small consolation	Any empty cell no Entrance card can legally reach at a refill is sealed rather than destroyed, and sealing enough cells triggers a bonus
Q1399	X	X4	skill	The Gap		a	The empty cells are the thing you move. **Level 2, on its own mark:** A gap in its lines may be filled by any card	Cue: move a card into any empty cell whose left-hand neighbour is one rank below it; the gap moves to where the card was	As (a), and a gap at the start of a row takes any card	As (a); a gap no card can legally fill is sealed for the show and pays a step at End
Q1400	X	X4	consumable	The Reserved Seat		a	A cell you promise to leave alone	Consumable: name an empty cell; if it is still empty at End it pays its mark's rank once for every line through it that stayed incomplete, into the special bucket; if it was filled it pays nothing	As (a), and nothing may be placed there for the rest of the show	Name up to three empty cells; each pays as (a), and each filled one costs its mark's rank
Q1401	X	X4	skill	The Reserved Space		a	Spends emptiness to finish lines to finish lines	Cue: seal exactly three empty cells for the show; every line whose only empty cell is one you sealed scores now, its mark standing in, and a sealed cell accepts nothing after — **level 2:** Sealed cells in its lines reopen at the next refill	Cue: seal three empty cells; every line whose only empty cell is sealed scores now, its mark standing in, and the cells reopen at the next refill — **level 2:** A sealed cell whose mark matches an Entrance card scores its line twice	Cue: seal any number of empty cells; every line whose only empty cell is sealed scores now at half, its mark standing in — **level 2:** A sealed cell whose mark matches an Entrance card scores its line twice
Q1402	X	X5	skill	The Dead Air		a	A scoreless refill widens the Entrance. **Level 2, on its own mark:** A refill counts as scoreless when only its own lines scored nothing	An Entrance refill whose five placements completed no line widens the Entrance by one slot for the next refill	As (a), and the extra slot stays for the show; consecutive scoreless refills add one each	As (a), the slot staying for the show, and the extra slot's card pays no match bonus
Q1403	X	X5	skill	The Patient Crowd		c	Silence is not always failure	When an Entrance refill's placements score nothing, one of its cards is shuffled back into the deck rather than spent — **level 2:** The card shuffled back goes on top of the stock you choose	When a refill scores nothing, one of its cards is shuffled back into the deck, but the show's goal rises a step — **level 2:** The card shuffled back goes on top of the stock you choose	The first scoreless refill of each show is free; every one after discards an extra card from the deck — **level 2:** The extra card discarded comes from the stock you choose
Q1404	X	X5	skill	The Quiet House		c	A card that improves by being on stage for nothing	This card is permanently upgraded at the end of any Entrance refill in which no line completed anywhere — **level 2:** It upgrades twice	This card is permanently upgraded at the end of any Entrance refill in which its own line did not complete — **level 2:** It upgrades twice	This card is upgraded for the show after any scoreless refill, and the upgrades are made permanent if the show is won — **level 2:** The upgrades are permanent even if the show is lost
Q1405	X	X5	skill	The Rebuilding Act		b	A scoreless refill is spent rebuilding instead	An Entrance refill that completes no line is followed by a free rebuilding phase - every card on the board may be moved once, at no cost — **level 2:** A card may be moved twice	An Entrance refill that completes no line is followed by a rebuilding phase in which up to three cards may be moved — **level 2:** Four cards may be moved	An Entrance refill that completes no line is followed by a rebuilding phase in which cards may be moved freely, and one card is discarded from the deck for it — **level 2:** The discard is waived
Q1407	X	X5	skill	The Slow Burn		a	Banks the refills you wasted. **Level 2, on its own mark:** The bank pays out at double on the next line through its cell	Each scoreless Entrance refill banks a multiplier that is paid out on the next line that scores	Each scoreless refill banks a multiplier, paid out at show end whether or not anything scores after	Each scoreless refill banks a multiplier, and the bank is lost if two scoring refills pass without spending it
Q1408	W	W1	skill	The Honk		a	No mechanical consequence at all. **Level 2:** none beyond the flat mult a match pays ⚑ *pair review: you rejected a UI-only effect at Q0038*	Cue for a noise and nothing else, unlimited uses, with no effect on play whatsoever	Cue for a noise; every fifth honk in a show pays a token bonus	Cue for a noise, and honking in the exact placement a line completes pays a hidden bonus
Q1409	W	W2	skill	The House Band		b	Changes the show, not the score. **Level 2:** none beyond the flat mult a match pays ⚑ *pair review: you rejected a UI-only effect at Q0038*	While on the board, the music and background change, with no mechanical effect	While on the board, the music and background change, and the change signals which hazard is coming	While on the board, the presentation changes and the change is different per class of card that scored last
Q1410	Y	Y1	stamp	Chalk Dust		a	The mark pays twice for the card wearing it	Every property this card matches pays double — **level 2:** Every property matched in its lines pays double too	The first property this card matches each show pays double — **level 2:** The first two properties matched each show pay double	Every property this card matches pays double, but a miss on any property destroys this stamp — **level 2:** On a hat match, the properties it misses no longer destroy the stamp
Q1411	Y	Y1	skill	Hitting It Cold		a	The first one is the one that counts. **Level 2, on its own mark:** The first match of every Entrance refill pays triple too	The first mark you match each show pays triple	The first mark you match each show pays triple, and every later match that show pays nothing extra	The first mark you match in each grid pays triple
Q1412	Y	Y1	skill	The Double Take		a	One card, two marks. **Level 2, on its own mark:** It is compared against the diagonal neighbours' marks too	Cue when placed: this card is also compared against the uncovered marks of the four cells beside it; a neighbour's match holds while that cell stays empty	Cue when placed: this card is also compared against the uncovered mark of the cell one row up	Cue when placed: this card is also compared against any one uncovered mark you choose in its row
Q1413	Y	Y1	skill	The Perfectionist		a	All four, or nothing. **Level 2, on its own mark:** One missed property still counts as a full match	Pays a large mult when this card matches every property its mark prints, and nothing at all otherwise	Pays a large mult when this card matches every property its mark prints, and its ordinary bonuses otherwise	Pays a growing mult for each consecutive full match you land this show
Q1414	Y	Y1	rank	The Rank Outsider		a	Its number is whatever the plan asked for. **Level 2, on its own mark:** It pays the rank bonus of both its printed rank and the mark's	This card counts as the rank of whatever mark it is placed on, for matching and for melding alike	This card counts as the rank of whatever mark it is placed on, for matching only - its meld rank is unchanged	This card counts as the rank of whatever mark it is placed on, and permanently becomes that rank
Q1415	Y	Y1	skill	The Standing Ovation		b	Matching feeds the multiplier. **Level 2, on its own mark:** Matches in the cells beside it count double	Each property matched anywhere on the board this show adds to this card's mult, permanently	Each property matched in this card's own lines adds to its mult for the rest of the show	Each FULL match anywhere on the board adds to this card's mult, permanently
Q1416	Y	Y1	stamp	The Suit Case		c	A suit that carries its own permission. **Level 2, on its own mark:** The wearer's suit effect fires twice	The wearer's suit effect fires whether or not its mark agrees on suit	The wearer's suit effect fires whether or not its mark agrees, at half strength	The wearer's suit effect fires on ANY match, not only a suit match
Q1417	Y	Y1	skill	The Understudy		c	Pays for being second best	When this card is placed on a mark it does NOT match, it still pays the rank bonus of whatever the mark wanted — **level 2:** Cards in its lines placed on marks they miss also pay that mark's rank bonus	When this card is placed on a mark it does not match, it pays half the rank bonus the mark wanted — **level 2:** Cards in its lines that miss pay the full rank bonus	When this card is placed on a mark it does not match, it pays the talent mult the mark wanted instead of the rank bonus — **level 2:** Cards in its lines that miss pay that talent mult too
Q1418	Y	Y2	stamp	The Amplifier		a	A mark that doubles the line. **Level 2, on its own mark:** When the wearer itself sits on its own mark, the doubling reaches the lines through the cells beside it too	As a mark: every line through this cell adds +2 to its bonus mult for as long as any card sits on it	As a mark: +2 while any card sits on it, +3 while a matching one does	As a mark: the first line through this cell each show adds +2 to its bonus mult
Q1419	Y	Y2	skill	The Chorus Line		a	Marks that perform in concert	When two cards hit marks in the same line within one Entrance refill, both match bonuses pay again — **level 2:** The pair may lie in any line through its cell	When three do, all three pay again, and the line, if complete, scores again — **level 2:** The three may lie in any line through its cell	As (a), and each further hit in that line that refill grows the bonus a step — **level 2:** The pair may lie in any line through its cell
Q1420	Y	Y2	skill	The Contract		c	A promise the board holds you to	As a mark: if this cell is still unmatched when you press End, the show scores nothing — **level 2:** If this card itself matches the mark, the show's score is doubled as well	As a mark: if this cell is still unmatched when you press End, the show's score is halved — **level 2:** If this card itself matches the mark, the show's score is doubled as well	As a mark: if this cell IS matched by the time you press End, the show's score is doubled — **level 2:** The doubling is banked the moment it matches, so an early End keeps it
Q1421	Y	Y2	stamp	The Reserved Cell		b	A mark nothing can cover	As a mark: no card may be placed on this cell until every other cell of its row and column holds a card — **level 2:** A card that matches the mark may be placed before the grid fills	As a mark: no card may be placed on this cell unless it matches the mark — **level 2:** When a matching card fills it, every complete line through the cell scores again	As a mark: no card may be placed on this cell until a line through it is otherwise complete — **level 2:** A matching card may be placed before the line completes, and the line it completes scores again
Q1423	Y	Y2	skill	The Springboard		b	A mark that throws whatever lands on it	As a mark: the card placed on this cell scores as if it were one rank higher — **level 2:** If this card itself lands on the mark, it scores two ranks higher	As a mark: the card placed on this cell scores as if it were one rank higher, and two higher if it matched — **level 2:** Three ranks higher, and the rise lasts the show	As a mark: the card placed on this cell is moved one row up after scoring, stacking if that cell is occupied — **level 2:** If this card itself lands on the mark, it scores two ranks higher
Q1424	Y	Y2	stamp	The Stand-In		b	The mark performs instead of the card. **Level 2, on its own mark:** The wearer's skill fires at level 2	As a mark: when any card covers this cell, the wearer's skill fires as though the wearer had been placed there	As a mark: when a MATCHING card covers this cell, the wearer's skill fires as though the wearer had been placed there	As a mark: when any card covers this cell, the wearer's skill fires and the mark is spent
Q1425	Y	Y2	skill	The Trapdoor		c	A mark that takes what you give it ⚑ *pair review: (a) and (c) only cost you; it reads as a hazard*	As a mark: the first card placed on this cell is discarded instead, and the mark remains — **level 2:** This card itself is never trapped; a card the trapdoor takes while it sits on its mark goes to the Entrance slot you choose	As a mark: the first card placed on this cell is returned to the Entrance instead, and the mark remains — **level 2:** This card itself is never trapped; a card the trapdoor takes while it sits on its mark goes to the Entrance slot you choose	As a mark: a card placed on this cell that does not match it is discarded instead — **level 2:** A card the trapdoor discarded comes back at the next refill while this card sits on its mark
Q1427	Y	Y3	consumable	The Casting Call		b	Reads the board before you play it	Consumable: name a rank; every uncovered mark of that rank counts as matching any suit this show	Consumable: name a rank; every mark of that rank pays double when matched this show	Consumable: name a rank; every mark of that rank is re-dealt to a card of your choosing
Q1428	Y	Y3	skill	The Dead Spot		c	Finds the plan's worst cell: the uncovered mark that shares neither rank nor suit with any other mark in its lines	Cue: names the cell whose mark contributes least to any line, and pays for covering it with anything — **level 2:** It names and pays for two cells	Cue: names the cell whose mark contributes least, and destroys that mark — **level 2:** It destroys two marks	Cue: names the cell whose mark contributes least, and re-deals it — **level 2:** It re-deals two cells
Q1429	Y	Y3	skill	The Reader		a	Pays for lines the plan already made. **Level 2, on its own mark:** Lines through its cell pay the extra twice	When a line completes, pays extra if the marks under it would have made the same hand type	When a line completes, pays extra if the marks under it would have made ANY scoring hand	When a line completes, pays extra if the marks under it would have made a BETTER hand than you did
Q1430	Y	Y3	skill	The Route Book		b	Scores for what the plan asked for, not for what you did	At show end, pays for every property of the plan still uncovered: the marks you never overwrote — **level 2:** Uncovered marks in its lines count twice	At show end, pays for every property of the plan you DID match — **level 2:** Properties matched in its own lines count twice	At show end, pays for every property of the plan you did NOT match — **level 2:** Properties left unmatched in its lines count twice
Q1431	Y	Y3	skill	The Typecast		a	Rewards hitting a plan that repeats itself. **Level 2, on its own mark:** Such a match in its lines also re-scores that line	Gains a permanent mult each time a mark sharing its suit is matched	Gains a permanent mult each time a mark that is an exact copy of this card is matched	Gains a mult each show for the largest number of matched marks that share one suit
Q1432	Y	Y4	skill	The Booking		a	Marks itself onto the board	At show start, this card's own mark is placed on a cell you choose instead of a random one — **level 2:** Landing on its own mark, it is marked onto two cells next show	At show start, this card is marked onto three cells instead of one — **level 2:** Landing on its own mark, you choose the three cells next show	At show start, this card's mark is placed on the cell that already has the most lines through it — **level 2:** Landing on its own mark, you choose the cell its mark is dealt to next show
Q1433	Y	Y4	skill	The Cancelled Date		b	Destroys the plan for profit. **Level 2, on its own mark:** Twice per refill	Cue once per Entrance refill: destroy any unmatched mark and gain flat points equal to its rank	Cue once per Entrance refill: destroy any unmatched mark and gain a permanent mult	Cue once per Entrance refill: destroy every unmatched mark in one line and gain a large one-off score
Q1434	Y	Y4	consumable	The Rewrite		c	Redraws one cell of the plan	Consumable: re-deal the mark of any one cell from the deck	Consumable: re-deal the marks of any one line from the deck	Consumable: set the mark of any one empty cell to a card of your choosing from the deck
Q1435	Y	Y4	skill	The Rolling Call		b	The plan grows as you play. **Level 2, on its own mark:** You choose the cell the new mark goes to	Every time you match a mark, one uncovered mark of your choice is re-dealt from the deck	Every time you match a mark, the NEXT card in the Entrance is marked onto an empty cell	Every time you fail to match, one uncovered mark of your choice is re-dealt from the deck
Q1436	Y	Y4	skill	The Standing Set		c	The plan outlives the show. **Level 2, on its own mark:** At End, you choose which marks stand into the next show	The plan is not re-dealt between shows; the same marks stand until they are matched	Marks you matched stay matched across shows and pay a smaller bonus each time	The plan is re-dealt each show, but any mark you covered but never matched is dealt again to the same cell
Q1437	Y	Y4	consumable	The Swap		a	Two marks change places	Consumable: exchange the marks of any two empty cells	Consumable: exchange the marks of any two cells, covered or not	Consumable: exchange the marks of any two cells in the same line, and it is not spent the first time
Q1438	Y	Y5	skill	The Colour Match		a	Near enough, for a suit	A card matches a mark's suit if both suits travel the same way: Hoops and Knives cross the row; Balls, Fire and Fireworks travel the column — **level 2:** Its own suit matches every suit mark	A card always matches a mark's suit, and every suit effect fires at half strength — **level 2:** Its own suit effect fires at full strength	A card matches a mark's suit if either card carries no talent — **level 2:** Its own suit matches every suit mark
Q1439	Y	Y5	skill	The Loose Blocking		c	The mark does not have to be underneath	A card matches the mark of any cell orthogonally adjacent to the one it is placed in, if its own is unmatched — **level 2:** Its own card may match any mark in its row	A card also matches the uncovered marks of the cells beside it, on suit only — **level 2:** Its own card may match any mark in its row	A card matches the mark of any cell in its own line, once per line per show — **level 2:** Its own card matches in every line through it, with no once-per-line limit
Q1440	Y	Y5	skill	The Near Enough		a	One step off still counts	A rank one away from the mark's rank counts as a rank match, at half the bonus — **level 2:** The cards beside it match one rank away at the full bonus	A rank one away from the mark's rank counts as a full rank match — **level 2:** The cards beside it match two ranks away	A rank one away counts, and a rank two away counts at half — **level 2:** The cards beside it match two ranks away at full
Q1441	Y	Y5	stamp	The Quick Change		c	Wears whatever the mark is wearing. **Level 2, on its own mark:** On a mark that truly wears this hat, it counts as matching one more property you name	This card counts as matching the rank of any mark it is placed on	This card counts as matching the rank and suit of any mark it is placed on	This card counts as matching whichever single property you name when you place it, other than the hat
Q1443	Y	Y6	skill	The Dark Cell		a	A cell the plan lost	A cell whose mark has been destroyed or withheld by an effect pays double for the card placed there, since nothing is planned for it — **level 2:** Dark cells in its lines pay triple	A cell whose mark has been destroyed or withheld by an effect scores nothing for the card placed there — **level 2:** Dark cells in its lines score normally	A cell whose mark has been destroyed or withheld takes the mark of the cell that scored most this show — **level 2:** You choose which mark a dark cell in its lines takes
Q1444	Y	Y6	skill	The Empty House		b	Pays for the plan you ignored ⚑ *pair review: a mark never covered is an empty cell, which is Q1396*	At show end, pays a large amount for every mark that was never covered and whose card was never drawn — **level 2:** Such marks in its lines pay double	At show end, pays a large amount for every mark that was covered but never matched — **level 2:** Marks covered but never matched in its lines pay double	At show end, pays for every mark whose card left it again — **level 2:** Such marks in its lines pay double
Q1445	Y	Y6	skill	The Missed Cue		a	Grows on failure	Gains a mult for the show for each card placed on a mark it matches nothing of; the next hit spends it into that hit's lines and resets it — **level 2:** Misses in its own lines count double	Gains a permanent mult every time a mark is destroyed unmatched — **level 2:** Marks destroyed in its lines count double	Gains a permanent mult for each show that ends with more than half the plan unmatched — **level 2:** Its own lines' unmatched marks count double toward the half
Q1446	Y	Y7	hazard	The Guest Director		a	Someone else blocks the show	Level: one line of the grid is marked by the level instead of by your deck	Level: half the grid is marked by the level instead of by your deck, in a scattered pattern	Level: the whole grid is marked by the level and your deck marks nothing
Q1447	Y	Y7	hazard	The House Deck		b	Marks of cards you have never owned	Level: the marks are drawn from a fixed house deck rather than from yours, and matching them still pays normally	Level: the marks are drawn from a house deck, and matching one adds that card to your deck for the run	Level: the marks are drawn from a house deck one rank above anything you own
Q1448	Y	Y7	hazard	The Rewritten Bill		a	The plan changes under you	Level: every fifth placement, one unmatched mark is re-dealt somewhere else	Level: every fifth placement, one unmatched mark is re-dealt to a different card	Level: every placement, the two lowest-value unmatched marks swap cells
Q1450	Y	Y8	hazard	The Bad Notice		a	Marks you are punished for hitting	Level: some cells carry a marked card that scores NEGATIVE when matched, shown before you commit	Level: some cells carry a mark that scores nothing when matched and pays double when deliberately missed	Level: some cells carry a mark that, when matched, disables that card's own effect for the show
Q1451	Y	Y8	hazard	The Fading Chalk		a	The plan expires	Level: a mark that has not been matched within a fixed number of placements disappears	Level: a mark that has not been matched within a fixed number of placements becomes a hazard cell	Level: the whole plan fades one cell at a time, oldest first, from the show's midpoint
Q1452	Y	Y8	hazard	The Poisoned Plan		c	The plan carries a status	Level: every mark of one named suit Exhausts, until the next Entrance refill, whatever covers it	Level: every mark Exhausts, until the next Entrance refill, a card that covers it without matching	Level: one cell's mark applies a status of the level's choosing, and it is visible
Q1453	Y	Y8	hazard	The Rent Book		c	The plan costs to use	Level: matching a mark sends the top card of the stock you drew from to the discard, and a card placed on a mark it matches may be placed as unmatched	Level: matching a mark sends the top card of every stock to the discard	Level: the first match each show is free; every later one discards the top card of the stock you drew from
Q1454	Y	Y8	hazard	The Understudy Riot		a	Ignore the plan and it acts on its own	Level: any cell whose mark you cover with a non-matching card places that mark's card onto the grid for you, somewhere else	Level: any mark still unmatched at show end is placed onto the board and scores against you	Level: covering a mark with a non-matching card discards the top card of the stock you drew from
Q1455	Y	Y9	hazard	The Kind House		a	The level hands you a good board	Level: the plan is dealt so that at least one line already forms a scoring hand if fully matched	Level: the plan is dealt so that every line forms at least a pair if fully matched	Level: the plan is dealt from your best cards rather than at random
Q1456	Y	Y9	hazard	The Open Rehearsal		c	The plan is negotiable	Level: before the first placement, you may re-deal any three cells of the plan	Level: before the first placement, you may swap any two marks, twice	Level: once per show you may re-deal one cell of the plan, at any time
Q1457	Y	Y9	hazard	The Solved Row		b	Part of the plan comes already done	Level: one line of the grid starts with its cards already placed and already matched	Level: one line starts with its cards already placed but unmatched, so you may improve on it	Level: one cell starts already matched, chosen at random
Q1458	Y	Y9	hazard	The Standing Invitation		b	Matching is worth more here	Level: every property matched pays double for the whole show	Level: every FULL match pays double for the whole show	Level: the mults from talent and hat matches are doubled, and flat rank bonuses are not
Q1459	Y	Y10	hazard	The Banned Number		b	Your own plan tells the level what to forbid	Level: the hand type the plan would most often make scores nothing this show	Level: the suit that appears most often in the plan scores nothing this show	Level: the rank that appears most often in the plan cannot be placed at all
Q1460	Y	Y10	hazard	The Critic		b	Judged against the plan rather than against a number	Level: the show is won by matching a stated fraction of the plan, and the score does not matter	Level: the show is won by beating what the plan would have scored, whatever that number is	Level: the show is won normally, but failing to match half the plan halves the reward
Q1461	Y	Y10	hazard	The Quoted Fee		a	The goal is set from your own plan	Level: the show's goal is a fraction of what the plan would score if every mark were matched	Level: the show's goal is set from what the plan's best single line would score	Level: the show's goal is fixed, but beating what the plan would have scored pays a bonus
Q1462	Y	Y10	hazard	The Typecaster		b	The plan decides what the level rewards	Level: whichever suit the plan carries most of pays double when matched	Level: whichever suit the plan carries LEAST of pays triple when matched	Level: the level names one property at show start and only that property pays
Q1463	Y	Y11	hazard	The Closed Rehearsal		b	A plan you cannot read	Level: every mark is face down and is revealed only when a card is placed on it	Level: every mark is face down and is revealed when a card is placed in an adjacent cell	Level: marks are face down until the first line scores, then all reveal at once
Q1464	Y	Y11	hazard	The Dark Grid		b	One board goes unplanned	Level: the marks are hidden until the first placement	Level: the marks are hidden until the Entrance is committed to the grid	Level: one grid's marks are shown only in the layer view, never on the board
Q1465	Y	Y11	hazard	The Fogged Plan		a	Reading it costs something	Level: the layer view may be opened a fixed number of times per show	Level: opening the layer view discards the top card of a stock	Level: the layer view shows only the lines through the last cell you placed in
Q1466	Y	Y11	hazard	The Partial Bill		a	Half the plan is legible	Level: a mark shows its rank but not its suit	Level: a mark shows its suit but not its rank	Level: a mark shows only whether it carries a talent or a hat, not which
Q1467	Y	Y12	hazard	The Cold Reading		c	A quest you are not told about	Objective: an unstated pattern of matches pays out when you happen to complete it	Objective: an unstated pattern, with a hint shown after the third match	Objective: an unstated pattern that is revealed the moment it becomes impossible
Q1468	Y	Y12	hazard	The Full House Call		a	A quest stated in marks	Objective: match every mark in any one line to win a permanent reward	Objective: match every mark in any one line, and the reward grows with the number of lines fully matched this show	Objective: match every mark in a row AND the column that crosses it
Q1469	Y	Y12	hazard	The Long Run		b	A quest across shows	Objective: match a stated number of marks across the whole run, counted between shows	Objective: match at least one mark in every show of the run	Objective: complete a show having matched every property at least once
Q1470	Y	Y12	hazard	The Understudy's Night		a	The boss condition is the plan	Boss: the show is beaten only by matching a stated fraction of the plan, whatever you score	Boss: the show is beaten normally, but every unmatched mark subtracts from the total	Boss: the show is beaten by matching every mark of one named property
Q1471	Y	Y13	hazard	Dress Code, as a mark		c	Ships in blinds.csv: some cells demand a named suit and refuse anything else. A mark already IS a cell asking for a suit	Keep it bespoke: a demanding cell stays its own rule, separate from marks	Fold it in: a demanding cell is a mark that REFUSES anything not matching its suit	Fold it in, and generalise: a mark may refuse on any one of its four properties, not only suit
Q1472	Y	Y13	hazard	Sight Unseen, as a mark		b	Ships in blinds.csv: every card is face down in the Entrance and only turns face up once placed. The plan is the mirror of this - the board is legible while the hand is not	Keep it bespoke: the Entrance blindfold has nothing to do with the plan	Pair them: the Entrance is blind AND the plan is fully visible, so the plan is the only information you have	Invert it: the Entrance is visible and the plan is blind
Q1473	Y	Y13	hazard	The Dye Vat, as a mark		b	Ships in blinds.csv: some cells convert whatever is placed on them to a named suit	Keep it bespoke: a converting cell stays its own rule	Fold it in: a converting cell is a mark that rewrites what covers it to its own suit	Fold it in, and generalise: a mark may rewrite any one property of what covers it
Q1474	Y	Y13	hazard	The Ranked Floor, as a mark		b	Ships in blinds.csv: scattered cells add or subtract from the rank of whatever is placed on them, shown before you commit	Keep it bespoke: a rank-shifting cell stays its own rule	Fold it in: the shift is the mark's own rank bonus, applied whether or not the card matches	Fold it in as the mirror: a mark you MISS applies its rank as a penalty instead of a bonus
Q1475	Y	Y13	hazard	The Sealed Envelope, as a mark		b	Ships in blinds.csv: one card starts face down somewhere in a grid and is revealed when a card is placed beside it	Keep it bespoke: the envelope stays a placed card, not a mark	Fold it in: the envelope is a face-down mark revealed by an adjacent placement	Fold it in, and pay for it: a face-down mark pays double when matched blind
Q1476	Y	Y13	hazard	The Understudy Fills In, as a mark		b	Ships in blinds.csv: any grid you place nothing into during a refill has a random card placed in it for you	Keep it bespoke: the random placement stays unrelated to the plan	Fold it in: the card placed for you is the one the plan marked for that cell	Fold it in: the card placed for you is the plan's mark, and it pays its match bonus twice
Q1477	Z	Z1	skill	The Dead End		a	A rank nothing may cover. **Level 2, on its own mark:** The restriction does not apply to cards sitting on marks they match ⚑ *pair review: (a) and (c) only restrict you; it reads as a hazard*	Nothing may be stacked on a rank-1 card	Nothing may be stacked on a rank-1 card, and a rank-1 card pays double when its line scores	Nothing may be stacked on whichever card holds the highest rank on the board at the moment of placement
Q1478	Z	Z1	skill	The Glued Run		a	Once joined, never parted ⚑ *pair review: only a restriction; it reads as a hazard*	Cards joined into an ordered run cannot be separated again, except the topmost card — **level 2:** A run through its cell may be split once	Cards joined into an ordered run cannot be separated again, and the run scores as one card of its top rank — **level 2:** A glued run through its cell scores as a made hand of its length	Cards joined into an ordered run cannot be separated for the rest of the Entrance refill — **level 2:** A run through its cell may be split once
Q1479	Z	Z1	skill	The Golf Rule		b	One higher or one lower, any suit, wrapping, so a column can stack a straight	A card may be stacked on a card one rank above or one rank below it, any suit, and rank 1 wraps to rank 13 — **level 2:** A stack on a matched cell may also take a card two ranks away	A card may be stacked one rank above or below, any suit, and a stack pays its length into the special bucket at each refill in which no Entrance card could extend it — **level 2:** A stack on a matched cell may also take a card two ranks away	Each column names its own base card at show start, and only cards one rank above or below its current top may join it — **level 2:** A column whose base cell is matched may also take a card two ranks away
Q1480	Z	Z1	skill	The Supermove		a	Move as many at once as you could have moved one by one. **Level 2, on its own mark:** Cards sitting on marks they match do not count toward the run's length ⚑ *pair review: only bounds a move Q0243 (The Packer) grants; alone it does nothing*	An ordered run moves as one unit only if its length is at most the number of empty cells on its grid plus one	An ordered run moves as one unit only if its length is at most the empty cells plus one, doubled for each empty column	An ordered run of any length moves as one unit, and each card beyond the empty-cell count costs one point
Q1481	Z	Z1	skill	The Yukon Move		a	Move the whole pile from any card down, in order or not. **Level 2, on its own mark:** The moved stack may also land on any cell, occupied or not, whose mark its bottom card matches	Cue: move a stack from any card down as one unit, whatever order it is in, onto a card one rank above its bottom card	Cue: move a stack from any card down as one unit, whatever order it is in, onto any empty cell	Cue: move a stack from any card down as one unit, and every card in it that was out of order pays a point on landing
Q1482	Z	Z2	hazard	The Captives		a	The cards you need most start buried	Level: the four aces are dealt to the bottom of the Entrance stocks, and each one freed pays a bonus	Level: the four aces are dealt to the bottom of the Entrance stocks, and no line holding an ace scores until all four are on the board	Level: four cards named by the level are dealt to the bottom of the Entrance stocks, and freeing all four wins the show outright
Q1483	Z	Z2	skill	The One-Use Pocket		a	A holding cell that works once. **Level 2, on its own mark:** The pocket reopens once when a card leaves it onto a mark it matches	One pocket beside the grid holds one card, and closes for the show once that card leaves it	One pocket beside the grid holds one card, which may leave it only into an empty cell; the pocket then closes for the show	Three pockets beside the grid each hold one card once per show, and a card leaving a pocket pays its rank
Q1484	Z	Z2	structure	The Two-Suit Deck		a	A deck of only two suits, doubled	Cards are built from two suits only, each present twice over	Cards are built from one suit only, four times over	Cards are built from two suits only, and flushes pay half while straights pay double
Q1486	Z	Z3	consumable	The Cruel Redeal		a	Gather the board in order and lay it out again, unshuffled	Consumable: gather every grid card in reading order and re-deal them from the first cell, closing every gap; lines they complete score again	Consumable: gather every grid card in reading order and re-deal them column by column	Consumable: gather the Entrance stocks in order and re-deal them round-robin, unshuffled
Q1487	Z	Z3	skill	The Flip-Three		b	Dig for the card beneath, at a cost. **Level 2, on its own mark:** Taking a lower card costs nothing: the cards above it stay put	Each Entrance slot shows the next two cards of its stock beneath the top one; only the top may be taken, and the two beneath are information	Each Entrance slot shows the next two cards of its stock beneath the top one; any of the three may be taken, and the cards above it go to the bottom of that stock	Each Entrance slot shows the next two cards of its stock beneath the top one; any of the three may be taken, and the cards above it are discarded
Q1488	Z	Z3	hazard	The Refill Gate		a	No new cards while a column stands empty	Level: the Entrance will not refill while any column of the committed grid is empty	Level: the Entrance will not refill while any column is empty, and the first card into an empty column pays a bonus	Level: the Entrance will not refill while any row or any column is empty
Q1489	Z	Z3	consumable	The Spider Deal		a	One card onto every column at once	Consumable: deal the top card of each stock into the lowest empty cell of the column below its slot; a full column is stacked on	Consumable: deal one card from the deck onto the lowest empty cell of the three leftmost columns; a full column is stacked on	Consumable: deal one card from the deck onto the lowest empty cell of every column, and any line it completes scores double
Q1490	Z	Z4	hazard	The Clock Face		a	Each column has a rank it must finish on	Level: each column is assigned a rank at show start; the column's line scores only while it holds a card of that rank	Level: each column is assigned a rank; a column holding its rank scores double, one without it half	Level: as (a), and the assignments rotate one column right at every refill
Q1491	Z	Z4	skill	The Dealt Base		a	The rank a straight starts from is dealt at show start ⚑ *pair review: (b) only restricts you*	At show start one rank is dealt as the base, and a straight that wraps through the base pays its rank bonus again — **level 2:** A straight through its cell that starts on the base pays double	At show start one rank is dealt as the base, and only a card of the rank below it may be the first card into an empty column — **level 2:** A straight through its cell that starts on the base pays double	At show start one rank is dealt as the base, and a straight that starts on the base pays double — **level 2:** Any straight through its cell counts as starting on the base
Q1492	Z	Z4	skill	The Osmosis Rule		c	A rank may enter a row only if the row above already holds it. **Level 2, on its own mark:** Its own row places and scores freely ⚑ *pair review: (a) and (b) only restrict you; it reads as a hazard*	A card may be placed in a row only if the row above already holds a card of the same rank; the top row is free	A card may be placed in a row only if the row above already holds a card of the same rank, and the top row accepts one suit	Placement is free, but a card's row scores only if the row above holds a card of its rank; the top row is free
Q1493	Z	Z4	skill	The Scorpion Count		a	Stacks headed by a king pay per card. **Level 2, on its own mark:** In its own column, any suit counts	A same-suit descending stack whose bottom card is a king scores as a hand into the special bucket every time a card is added, not only at multiples of five	As (a), and a full thirteen is removed from the board and scores once more	As (a) for a stack of any suits, at odd lengths only
Q1494	Z	Z4	skill	The Starter		a	The last card of the deck belongs to every line. **Level 2:** none beyond the flat mult a match pays	The bottom card of the last stock the deal reaches is turned up at show start; it is never placed, and every complete line scores as the best five-card hand of its five cards plus the starter	The last card of the deck is never placed; it counts as a sixth card in every line, and a jack starter pays every line an extra point	The last card of the deck is never placed; it counts as a member of every line on one grid you choose
Q1495	Z	Z4	skill	The Strategy Rule		a	Nothing pays until the deck is empty. **Level 2, on its own mark:** Lines through its cell score when they complete, and again at the end	Completed lines score nothing until the deck is empty; then every complete line scores at once, doubled	Completed lines score nothing until the deck is empty; then every complete line scores at once, and each counts as a first-of-its-class for the combo	Completed lines score nothing until the deck is empty; then every complete line scores once and the show ends
Q1496	Z	Z5	skill	The Aces Up Cull		b	Of two spotlit cards of one suit, the lower may go. **Level 2, on its own mark:** It may also discard either of two spotlit cards of one rank	When two spotlit cards share a suit, the lower may be discarded; aces count highest	When two spotlit cards share a suit, the lower may be discarded and pays its rank into the special bucket; aces count highest	When two spotlit cards share a suit, the lower is discarded automatically at the next refill; aces count highest
Q1497	Z	Z5	skill	The Air Lock		a	Two of a rank, side by side, come off together. **Level 2, on its own mark:** It may also remove a pair one cell apart	Two orthogonally adjacent cards of the same rank may be removed together; they pay twice their rank into the bucket of the line they lay along	Two orthogonally adjacent cards of the same rank, or one rank apart, may be removed together; they pay their ranks into the bucket of the line they lay along; ace and king count as adjacent ranks	Two orthogonally adjacent cards of the same rank may be removed together into the bucket of their line, and the last eight pairs removed pay their ranks again at End
Q1498	Z	Z5	skill	The Rising Set		a	Each set removed pays more than the last. **Level 2, on its own mark:** A set in its own column counts as two sets ⚑ *pair review: a removal payout named no bucket*	Three cards of one rank in one column are removed and pay into the column bucket the rank times the number of sets removed so far this show	Three cards of one rank in one row or column are removed and pay into the bucket of the line they sat in the rank times the number of sets removed so far this show	Three cards of one rank in one column are removed and pay into the column bucket the rank times the number of sets removed so far this run
Q1499	Z	Z5	skill	The Sandwich		a	Flanked by two of a kind, a card is taken. **Level 2, on its own mark:** Flanking cards sitting on marks they match make it pay double	A card whose two line-neighbours share a rank or a suit may be removed into the bucket of the line the flanking pair lies along for points equal to its rank	Two adjacent cards whose outer neighbours share a rank or a suit may be removed into the bucket of the line the flanking pair lies along together for their ranks	A card whose two line-neighbours share a rank or a suit pays its rank every time its line is touched, and stays
Q1500	Z	Z6	hazard	The Dealt-Full Grid		a	The grid starts full and every placement shoves one out	Level: the grid is dealt full from a house deck at show start; every placement enters from an edge, shoves its line one cell, and the card pushed off is discarded	Level: the grid is dealt full from a house deck at show start, and a placement replaces a card of your choice, which is discarded	Level: the grid is dealt full from a house deck at show start, with three single-use pockets beside it that hold a card each
Q1501	Z	Z6	skill	The Emptied Fan		a	A cell once emptied stays empty ⚑ *pair review: (a) and (c) only restrict you; it reads as a hazard*	A cell a card has left cannot be filled again this show — **level 2:** Cells in its lines may be refilled	A cell a card has left cannot be filled again this show, and each such cell pays its mark's rank at End — **level 2:** An emptied cell in its lines pays its mark's rank now, not at End	A column every card has left cannot be filled again this show — **level 2:** Cells in its lines may be refilled
Q1502	Z	Z6	skill	The Forced Fill		a	A gap inside a row must be closed before you go on. **Level 2, on its own mark:** A slide onto a mark the card matches may be followed by one more slide	An empty cell with cards on both sides in its row must be filled by sliding an orthogonal neighbour into it before the next placement	After each removal you may slide up to two cards one cell each into empty cells	An empty cell inside a row is filled at once by the card to its right, and the rest of the row follows
Q1503	Z	Z6	skill	The Shrinking Row		a	A cell vacated at the end of a row is gone for the show. **Level 2, on its own mark:** Its row does not shrink ⚑ *pair review: only a restriction; it reads as a hazard*	When the card at either end of a row leaves, that cell is removed from the grid for the rest of the show	When the card at either end of a row leaves, that cell is removed for the show, and a row shortened to four cells scores four-card hands	When the card at either end of a row leaves, that cell is removed for the show and the deck loses one card with it
Q1505	Z	Z7	skill	The Final Bow		a	The last card standing pays its rank	At End, every complete line through the last card placed scores again — **level 2:** If it sits on a mark it matches, its rank bonus pays again in each line	At End, if every card of the deck has been placed, every complete line through the last card scores again at double — **level 2:** If it sits on a mark it matches, its rank bonus pays again in each line	At End, each of the last five cards placed re-scores one complete line through it, your choice — **level 2:** Those sitting on matched marks re-score every line through them
Q1506	Z	Z7	hazard	The Royal Marriage		a	Bring the king to his queen	Objective: end the show with the 13 and 12 of one suit the level names orthogonally adjacent for a bonus	Objective: end the show with the 13 and 12 of one suit the level names adjacent, paid per card that was removed from between them in reading order	Objective: two cards named by the level must end the show adjacent, and the show is won when they do, whatever the score
Q1507	Z	Z7	skill	The Strike		a	A clean frame is paid the next two frames' worth again. **Level 2, on its own mark:** A line through its cell always counts as within one refill of the previous one	A line completed in the same Entrance refill as the previous line, or the next also earns the score of the next two lines completed	A line completed in the same Entrance refill as the previous line, or the next also earns the score of the next line completed	A line completed in the same refill as the previous line, or the next pays its own score again plus the next two lines' scores; one that takes two refills pays the next one's
Q1508	Z	Z7	skill	The Ten Pins		a	A row whose ranks never fall, left to right. **Level 2, on its own mark:** Columns count too	A new hand: a row whose ranks never decrease from left to right scores as a hand, and ranks may repeat	A new hand: a row whose ranks never decrease from left to right scores, paying more the fewer gaps its ranks have	A new hand: a row whose ranks never decrease from left to right scores, a card that fits nowhere in it counts as a miss, and three misses void the row
Q1509	Z	Z7	hazard	The Winnable Shuffle		a	A deal someone has already won	Level: the deck order is one a previous run won with, and the show's payout is reduced	Level: the deck order is one a previous run won with, shown as such, at full payout but a higher goal	Level: the deck is a fresh order, and winning it adds that order to a pool of winnable deals later runs can draw
Q1510	AA	AA1	skill	The Average Night		a	A weak line is lifted to the show's average	Once per show, cue: a line that scored below the show's running average line score is raised to that average — **level 2:** A line through its cell that scores below average is raised without spending the cue	Every line that scores below the show's running average is raised halfway toward it — **level 2:** Lines through its cell are raised all the way to the average	Once per show, cue: a line is raised to the score of the BEST line so far this show — **level 2:** A line through its cell is raised without spending the cue
Q1511	AA	AA1	skill	The Crowd Favourite		a	The commonest rank on the board is the star	Cards of the board's most common rank score extra — **level 2:** Cards sitting on rank marks they match count as the favourite rank	Cards of the board's most common rank score extra, and the placement that makes a new rank the favourite pays that bonus for every card of it on the grid at once — **level 2:** Cards sitting on rank marks they match count as the favourite rank	Cards of the board's most common SUIT score extra — **level 2:** Cards sitting on suit marks they match count as the favourite suit
Q1512	AA	AA1	skill	The Debut		b	The first appearance of each rank pays	The first time each rank scores this show, +1 combo — **level 2:** A first that scores through its cell adds +2 instead of +1	The first time each rank and each suit scores this show, +1 combo — **level 2:** A first that scores through its cell adds +2 instead of +1	The first time each hand type completes this show, this card pays a large flat bonus — **level 2:** A hand type first completed through its cell pays the bonus twice
Q1513	AA	AA1	skill	The Decrescendo		c	Paid for coming down	Gains a permanent multiplier when a line scores less than the previous line, and loses one when it scores more — **level 2:** It never loses a multiplier on the way up	Gains a permanent multiplier when a line completes as a weaker hand type than the previous line — **level 2:** Any weaker line counts, not only the previous one	Gains a permanent multiplier when a line scores less than the previous line; nothing on the way up — **level 2:** It also gains when a line scores exactly the same
Q1514	AA	AA1	hazard	The Echo Bill		a	Every line is paid as the last hand you made	Hazard: every completed line pays at the value of the most recently completed hand type, whatever it actually is	Hazard: every completed line pays at the value of the FIRST hand type completed this show	Hazard: every completed line pays at the value of the weakest hand type completed so far this show
Q1515	AA	AA1	skill	The Emergency Fund		a	Saved for the night it goes wrong. **Level 2, on its own mark:** Lines through its cell are not taxed: paid in full and banked ⚑ *pair review: overlaps Q0037 and Q0074, which you wrote: bank score now, pay it later*	Banks a tenth of every line's score; the bank is paid out only if the show would otherwise end short of its goal	Banks a tenth of every line's score; the bank is paid out when you press End, doubled if the show fell short	Banks a tenth of every line's score; cue at any time to release it, but an unspent bank is lost at show end
Q1516	AA	AA1	skill	The Encore Line		b	The same ranks, again. **Level 2, on its own mark:** It looks back two lines, not one	A line whose ranks repeat the previous completed line's ranks in the same order pays double	Any rank that also appeared in the previous completed line pays extra	A line whose ranks are a permutation of the previous completed line's ranks pays double
Q1517	AA	AA1	skill	The Ensemble Rate		a	Every card in the line is paid what the best one is paid. **Level 2, on its own mark:** It reaches every line through its cell, not only one	Every card in this card's line pays what the highest-paying card in that line pays	Every card in this card's line pays the average of what the line's cards pay	Every card in this card's line pays what the LOWEST-paying card pays, and the line's multiplier doubles
Q1518	AA	AA1	skill	The Even Bill		c	Paid when the kinds of line keep pace	Pays a step at each line completion while rows, columns and diagonals have each completed the same number of times this show — **level 2:** Counts within one of each other are enough	Pays a step per line kind (row, column, diagonal, height) not yet completed this show, so it pays most early — **level 2:** It pays once more when the last of the three flat kinds completes	When a line completion brings its kind's count level with the most-completed kind's, it pays a large bonus — **level 2:** A line through its cell that comes within one also pays
Q1519	AA	AA1	hazard	The Inverted Bill		a	Points become multiplier and multiplier becomes points	Hazard: every flat-point bonus from an effect is paid as multiplier instead, and every multiplier bonus as flat points	Hazard: every flat-point bonus from an effect is paid as multiplier instead; multipliers are unchanged	Hazard: at each line's payout, the line's flat points and multiplier swap values before they combine
Q1520	AA	AA1	hazard	The Levelling Crowd		a	The kind you lean on pays like the kind you neglect	Hazard: lines of the kind completed most this show pay half, and lines of the kind completed least pay double	Hazard: lines of the kind completed most this show pay half	Hazard: a line pays in full only if its kind is the one completed least this show, else half
Q1521	AA	AA1	skill	The Loose Ends		a	Paid for the cards that are in no line yet. **Level 2, on its own mark:** Loose cards sitting on marks they match count twice	Pays a step per card on its grid that is not yet part of any completed line	Cards not yet in any completed line feed their rank into the multiplier while they wait	A card outside every completed line but flanked by two cards inside one pays double its rank
Q1522	AA	AA1	skill	The Matinee Clock		a	Paid by the clock on the wall ⚑ *pair review: real time rewards stalling in a turn-based game*	Pays a bonus that grows with real minutes elapsed in this show — **level 2:** Its bonus grows twice as fast	Pays a bonus set by the real time of day, larger in the evening — **level 2:** Its bonus is always the evening rate	Hazard: every fixed number of real seconds, one random card on the board is discarded — **level 2:** Cards in its lines are never discarded
Q1523	AA	AA1	suit	The Multiplier Suit		a	A suit that pays into the other bucket. **Level 1 is the plain suit; each option is its level 2**, firing on a suit match	Cards of this suit pay their rank into the multiplier instead of into flat points	Cards of this suit pay their rank into both buckets at half value	Cards of this suit pay their rank into the multiplier only when their line holds two or more of the suit
Q1524	AA	AA1	skill	The Pendulum		a	It feeds one bucket, then the other. **Level 2, on its own mark:** You choose which side it pays each time	Alternates between paying flat points and multiplier each time it scores	Cards in this card's line alternate paying flat points and multiplier in resolution order	Pays flat points on odd-numbered lines this show and multiplier on even-numbered ones
Q1525	AA	AA1	skill	The Plain Company		a	Paid for the cards that carry nothing. **Level 2, on its own mark:** Plain cards sitting on marks they match count twice ⚑ *pair review: the non-talent half of your Q0062 ruling: an effect scored on the number of cards with no talent*	Gains a multiplier per scoring card with no type, stamp or skill	Every scoring card with no type, stamp or skill pays double	Gains a multiplier per plain card on the board, scoring or not
Q1526	AA	AA1	skill	The Spare		a	Its number lands on the next lines, not its own. **Level 2, on its own mark:** It pays its own line as well	This card pays nothing in its own line; the next two lines to complete anywhere on the grid each add its rank to their multiplier	This card pays nothing in its own line; the next line to complete adds three times its rank to its multiplier	This card pays nothing in its own line; every line completed for the rest of the Entrance refill in which it scored adds its rank to its multiplier
Q1527	AA	AA1	skill	The Triple Entry		b	One line, another bucket	Every line this card completes pays into its own bucket and again into the special bucket — **level 2:** Lines through its cell pay the special bucket double	When placed, name a bucket; every line this card completes pays into that bucket instead of its own — **level 2:** You may rename the bucket at each Entrance refill	Every line on this card's grid pays into all three buckets at a third of its value each — **level 2:** Lines through its cell pay full value into each bucket
Q1528	AA	AA1	hazard	The Two Spotlights		c	Only two performers are lit	Hazard: at most two cards in a completed line score, the two of highest rank	Hazard: only the single highest-ranked card in a completed line scores	Hazard: at most two cards in a completed line score, chosen by you as it completes
Q1529	AA	AA1	skill	The Uniform		a	Sameness pays, for once	Gains a multiplier per DUPLICATE rank in the scoring line, so five of a kind pays most — **level 2:** Duplicate suits count as well	Gains a multiplier if the scoring line holds two or fewer distinct ranks — **level 2:** Duplicate suits count as well	Gains a multiplier per duplicate rank in the line and per duplicate suit, so a flush of one rank pays most — **level 2:** A duplicate sitting on a matched cell counts twice
Q1530	AA	AA1	skill	The Warm-Up Act		b	Whatever resolves after the named rank pays double	When a card of a named rank scores, every card that resolves after it in that line pays double — **level 2:** Cards that resolve before it pay double too	When this card scores, every card that resolves after it in its line pays double — **level 2:** Cards that resolve before it pay double too	When a card of a named rank scores, every card that resolved BEFORE it in that line is re-scored once — **level 2:** Cards before it are re-scored twice
Q1531	AA	AA1	hazard	The Wrong Spotlight		a	The line completes, and everything else is paid	Hazard: when a line completes, its hand is paid, but its flat points are the ranks of the cards on the grid outside the line, not its own	Hazard: as (a), and the line's own ranks pay at half on top	Cue, once per show: for one line completion, its flat points are the ranks of every card outside it
Q1532	AA	AA2	skill	The Binary		a	Ones and blanks make a number. **Level 2, on its own mark:** You choose which direction the line is read	A row or column of rank-1 and rankless cards, read as binary, creates a card of that rank in an empty Entrance slot; a value past King makes a King	A stack of rank-1 and rankless cards, read as binary, counts as one card of that rank	A line of rank-1 and rankless cards, read as binary, pays that many flat points
Q1533	AA	AA2	hazard	The Demotion		a	Every hand pays as the one below it	Hazard: every completed line pays as the next-weakest hand type	Hazard: every completed line pays as the next-weakest hand type, and a high card pays nothing	Hazard: the first line of each Entrance refill pays as the next-weakest hand type
Q1534	AA	AA2	skill	The Double Count		a	One card in the line counts twice	When a line completes, one of its cards you choose counts twice for the hand, so a pair reads as a triple — **level 2:** Two cards count twice	When a line completes, its highest card counts twice for the hand — **level 2:** The two highest count twice	When a line completes, this card counts twice for the hand if it is in that line — **level 2:** This card counts three times
Q1535	AA	AA2	consumable	The Everything Hand		a	One line, every hand at once	Consumable: the next completed line counts as every hand type at once, paying the sum of them	Consumable: the next completed line pays for every hand type it actually contains, not only the best	Consumable: for the rest of the show, every completed line counts as the best hand type it is one card short of
Q1536	AA	AA2	skill	The Full Mansion		a	A hand built across the whole board. **Level 2, on its own mark:** One of its parts may be a card short	When a placement brings a three of a kind and a four of a kind of different ranks onto the board at once, they score together as a full house into the special bucket, and again whenever a line through one of their cards scores	As (a), for two three of a kinds	As (a), for a straight of five and a flush of five
Q1537	AA	AA2	skill	The Guardsman		a	The cards that made the hand fire for the ones that did not	Each card that contributed to the hand is retriggered once per card in the line that did not — **level 2:** Non-contributing cards on matched cells count twice	Each card that did NOT contribute to the hand pays its rank to the cards that did — **level 2:** Non-contributing cards on matched cells count twice	A line where every card contributed to the hand is retriggered once in full — **level 2:** A full-contribution line through its cell is retriggered twice
Q1538	AA	AA2	skill	The Impostor Hand		a	One hand scores as another	Name two hand types; the first scores as the second — **level 2:** You may rename the pair once per show	Name two hand types; completing the first also fires every effect keyed to the second — **level 2:** You may rename the pair once per show	Every completed line scores as one hand type named when this card is placed, whatever it contains — **level 2:** You may rename the hand type once per show
Q1539	AA	AA2	skill	The Material Flush		a	A hand made of matching materials, not matching pips	Five cards of one type in a line score as a flush of that material — **level 2:** Four of a type is enough through its cell	Three cards of one type and two of another in a line score as a full house of materials — **level 2:** Two of one type and two of another are enough through its cell	Five different types in one line score as a rainbow hand — **level 2:** Four different types are enough through its cell
Q1540	AA	AA2	hazard	The Mixed Company		a	No line of one suit, and no line of one rank	Hazard: a line must hold at least two suits to score	Hazard: a line must hold at least two suits and at least two ranks to score	Hazard: a line must hold at least three suits to score
Q1541	AA	AA2	skill	The One-Night Stand		a	Each hand type gets one night. **Level 2, on its own mark:** A repeat through its cell is allowed once ⚑ *pair review: its restriction is Q0114, which you wrote as a boss*	Each hand type may score only once per show, and each distinct one raises this card's multiplier permanently	Each hand type may score only once per show, and completing all of them pays an enormous bonus	Each hand type may score only once per Entrance refill, and each distinct one adds +1 combo
Q1542	AA	AA2	skill	The Prime Sum		a	A line that adds up to something special is a hand. **Level 2, on its own mark:** A line through its cell may be one off the sum ⚑ *pair review: a fourth line-sum detector beside your Q0075, Q0090 and Q0103*	A line whose ranks sum to a prime number scores as its own hand	A line whose ranks sum to a square number scores as its own hand	A line whose ranks sum to exactly zero, negative ranks included, scores as its own hand
Q1543	AA	AA2	hazard	The Redistribution		a	Levels are spread out, not piled up ⚑ *pair review: assumes hand types have levels, which only Q0128 (Burnt Joker) introduces*	Hazard: completing a hand drains half that hand type's level into the other hand types	Hazard: no hand type's level may exceed the average level of all hand types	Hazard: at show start, every hand type's level is pooled and spread evenly
Q1544	AA	AA2	skill	The Reunion		a	The first cards of the last five lines meet again. **Level 2, on its own mark:** You choose which card of each line joins it	From the fifth completed line on, the first card of each of the last five completed lines forms a virtual line that scores as a hand into the special bucket at every line completion	As (a), the highest card of each	As (a), the card that completed each
Q1545	AA	AA2	skill	The Rising Tide		a	Levelling one hand lifts its neighbours ⚑ *pair review: assumes hand types have levels, which only Q0128 (Burnt Joker) introduces*	When a hand type gains a level, the hand types directly above and below it on the ladder gain one too — **level 2:** Hand types two rungs away gain a level too	When a hand type gains a level, one fixed partner hand type gains one too — **level 2:** It names a second partner	When a hand type gains a level, every hand type in its family (pairs, runs, flushes) gains one too — **level 2:** The family gains two levels
Q1546	AA	AA2	skill	The Status Meld		a	Cards that share an ailment match. **Level 2, on its own mark:** Cards sitting on marks they match count as carrying every status	Cards carrying the same status count as matching in rank for melds	A line of five cards all carrying a status scores as its own hand	Cards carrying the same status count as matching in suit for melds
Q1547	AA	AA2	skill	The Underdog Bill		b	Every line is paid as your least-made hand	Every completed line scores as whichever hand type you have completed least this show — **level 2:** A line through its cell may keep its own hand if that pays more	Every completed line scores as either its own hand or your least-completed one, whichever pays more — **level 2:** It weighs the two least-made hands and takes the better	Once per show, cue: the next line scores as your least-completed hand type — **level 2:** A line through its cell may keep its own hand if that pays more
Q1549	AA	AA2	skill	The Zero-Sum Ladder		a	A level gained is a level taken ⚑ *pair review: assumes hand types have levels, which only Q0128 (Burnt Joker) introduces*	When a hand completes, it gains a level taken from a random other hand type — **level 2:** You choose which hand type the level is taken from	When a hand completes, it gains a level taken from the highest-levelled other hand type — **level 2:** You choose which hand type the level is taken from	Cue, once per show: swap the levels of any two hand types — **level 2:** After the swap the lower of the two gains one level
Q1551	AA	AA3	skill	The Bookends		a	What sits between two of a kind is retriggered. **Level 2, on its own mark:** Two cards of one suit count as bookends too	When a line holds two cards of one rank, every card between them is retriggered once	When two copies of this card sit in one line, every card between them is retriggered once	When a line holds two cards of one rank, every card between them is retriggered once per rank of the pair
Q1552	AA	AA3	skill	The Centre Ring		a	A different act in a different seat	Pays a step anywhere on the grid; in the centre cell it instead adds +1 to the multiplier of every line through it — **level 2:** Its centre form also applies on its own mark, wherever that is	Pays a step anywhere; in a corner it instead pays a step per completed line through the corner's row, column and diagonal — **level 2:** Its corner form also applies on its own mark, wherever that is	Pays one step in row 1, two in row 2, up to five in row 5 — **level 2:** It uses the better of its own row and its mark's row
Q1553	AA	AA3	skill	The Centrepiece		a	The middle card lends its material to the line. **Level 2, on its own mark:** It lends both type and stamp	The centre card of a completed line lends its type to every card in the line for that scoring	The centre card of a completed line lends its stamp to every card in the line for that scoring	The centre card of a completed line lends its type to the two cards beside it
Q1554	AA	AA3	hazard	The Cold Open		a	The first to resolve scores nothing	Hazard: the first card to resolve in each completed line scores nothing	Hazard: the lowest-ranked card in each completed line scores nothing	Hazard: the first card to resolve in each completed line is debuffed for the rest of the show
Q1555	AA	AA3	skill	The Left Wing		a	Paid for the cards on one side of it. **Level 2, on its own mark:** It counts both sides	Scores extra per scoring card to the left of it in its line	Scores extra per scoring card to the left of it in its line, and loses the same per card to its right	Scores extra per scoring card on whichever side of it holds more cards
Q1556	AA	AA3	skill	The Neighbourly Rank		b	Paid for the rank next door. **Level 2, on its own mark:** Two ranks away counts too	A card scores extra when its line also holds a card one rank above or below it	A card scores extra when an orthogonally adjacent cell holds a card one rank above or below it	A card scores extra when its line holds BOTH the rank above and the rank below it
Q1557	AA	AA3	skill	The Rabbit's Foot		a	Its neighbours never miss. **Level 2, on its own mark:** It reaches diagonal neighbours too	Every probability check on an orthogonally adjacent card succeeds automatically	Every probability check on an orthogonally adjacent card is rolled twice and keeps the better	Every probability check on a card in this card's row succeeds automatically
Q1558	AA	AA3	skill	The Ringside		a	Worth more the nearer the edge it sits. **Level 2, on its own mark:** It measures distance from any cell you choose instead of the centre	Scores a step for each cell of distance from the grid's centre	Scores a step for each cell of distance from the grid's centre, and nothing in the centre itself	Scores a step for each cell of distance from the grid's centre, doubled in a corner
Q1559	AA	AA3	skill	The Second Serving		a	The first of a rank pays nothing; the rest pay double. **Level 2, on its own mark:** The first of a rank sitting on a matched cell pays too	Among cards sharing a rank in a line, the first to resolve pays nothing and each later one pays double	Among cards sharing a rank in a line, the first to resolve pays nothing and the last pays triple	Among cards sharing a SUIT in a line, the first to resolve pays nothing and each later one pays double
Q1560	AA	AA3	stamp	The Shrapnel		a	When the wearer goes, something next to it goes too	When the wearer leaves the board, one random orthogonal neighbour is destroyed — **level 2:** You choose which neighbour goes	When the wearer leaves the board, the next occupied cell to its left is destroyed — **level 2:** You choose which neighbour goes	When the wearer is destroyed, every orthogonal neighbour is destroyed — **level 2:** You may spare one neighbour
Q1561	AA	AA3	skill	The Spotlight Spill		a	A stamped card lights its neighbours. **Level 2, on its own mark:** Diagonal neighbours count too	Any card orthogonally adjacent to a stamped card is retriggered once when its line completes	Any card orthogonally adjacent to a stamped card has a chance to be retriggered, and the chance halves with each success	Any card orthogonally adjacent to THIS card is retriggered once when its line completes
Q1562	AA	AA3	stamp	The Sticky Stamp		a	A stamp that rubs off on the neighbours. **Level 2, on its own mark:** It copies onto a neighbour of your choice	When the wearer scores, this stamp copies itself onto one orthogonally adjacent card	When the wearer scores, this stamp has a one-in-three chance to copy itself onto each orthogonal neighbour	When the wearer scores, this stamp MOVES to an orthogonally adjacent card
Q1563	AA	AA3	type	The Tremor		a	When it scores, everything around it re-scores	When a card of this type scores, every completed line through an orthogonal neighbour that does not hold this card re-scores	When a card of this type scores, every completed line through any of its eight neighbours re-scores, and the card breaks	When a card of this type is placed, every completed line through an orthogonal neighbour re-scores
Q1564	AA	AA3	stamp	The Umbrella		a	Shelter for the wearer and its neighbours. **Level 2, on its own mark:** It shelters diagonal neighbours too	The wearer and its orthogonal neighbours ignore debuffs	The wearer's orthogonal neighbours ignore debuffs; the wearer takes them all instead	The wearer and every card in its row ignore debuffs
Q1565	AA	AA4	skill	The Amalgam		a	A line becomes a card	Cue: collapse one completed line into a single card of the summed rank, keeping the completing card's suit; the other four cells empty — **level 2:** The new card lands on whichever of the five cells has a mark it matches	Cue: the card that completed a line absorbs the types and stamps of the other four, which are discarded — **level 2:** The completing card also takes their talents for the show	At show end, every card on this card's grid fuses into one card of the summed rank, carried into the next show — **level 2:** The fused card keeps this card's talent
Q1566	AA	AA4	stamp	The Boomerang		a	It never reaches the discard. **Level 2, on its own mark:** It returns to the stock you choose	When the wearer leaves the board it returns to an Entrance stock instead of the discard pile	When the wearer leaves the board it returns to the TOP of an Entrance stock	When the wearer leaves the board it returns to the bottom of its stock and pays its rank
Q1567	AA	AA4	stamp	The Bound Stamp		a	Wearers share one fate	When a wearer leaves the board, every other wearer gains a permanent step — **level 2:** Wearers sitting on matched cells gain two steps	When a wearer is destroyed, every other wearer is destroyed with it — **level 2:** A wearer sitting on a matched cell survives the others	Wearers on the same grid score together: when one scores, the others score too — **level 2:** The joint scoring repeats once
Q1568	AA	AA4	hazard	The Chaos Swap		b	Nothing stays where you put it	Hazard: every card you place swaps cells with a random other spotlit card	Hazard: every card you place swaps cells with the card you placed before it	Hazard: every card you place swaps cells with a random card in its row
Q1569	AA	AA4	skill	The Exhausted Rank		a	Paid for the ranks you have used up	Gains a step for each rank with no copies left in the stocks — **level 2:** Suits count too	Gains a step the moment the last copy of any rank leaves the stocks — **level 2:** Suits count too	Gains a step for each SUIT with no copies left in the stocks — **level 2:** Ranks count too
Q1570	AA	AA4	hazard	The Flood		a	Fifty-two strangers join the deck	Hazard: a plain deck's worth of cards is added to the Entrance stocks for the show	Hazard: a plain deck's worth of cards is added to the stocks, and the goal rises by a third	Hazard: thirteen plain cards of one suit are added to the stocks for the show
Q1571	AA	AA4	skill	The Fresh Lock		a	What just landed cannot be touched. **Level 2, on its own mark:** The lock also covers the cards beside it	A card cannot be moved, swapped, destroyed or discarded by any hazard or hostile effect for the two placements after it lands	As (a), for the rest of the Entrance refill	A card that an effect has just moved cannot be moved again until a line completes
Q1572	AA	AA4	skill	The Ghost Partner		a	The discard scores along. **Level 2, on its own mark:** Cards in the discard of its mark's rank score with it too	When a card scores, any card of the same rank in the discard pile scores with it	When a card scores, the most recently destroyed card scores with it	A scoring card pays a step per card in the discard pile sharing its suit or rank
Q1573	AA	AA4	skill	The Headcount		a	A pile is a card whose number is its height. **Level 2, on its own mark:** A stack on a matched cell may count as its height plus one	A stack counts as one card whose rank is the number of cards in it	A stack counts as one card whose rank is the number of cards in it, and whose suit is its top card's	Two stacks may be merged when their heights differ by one or less
Q1574	AA	AA4	skill	The Loan From Tomorrow		b	Borrow a card now, return it or lose	Cue: draw any card from the stocks into an empty Entrance slot now; if it has not been placed within five placements the show is lost — **level 2:** It has two more placements	Cue: draw any card from the stocks into an empty Entrance slot now; an unplaced loan after five placements is destroyed instead — **level 2:** It has two more placements	Cue: draw the top card of any stock into an empty Entrance slot now; the next refill deals that slot nothing — **level 2:** The next refill deals its full five
Q1575	AA	AA4	skill	The Lost Star		a	The best card in the discard still pays	Pays the highest rank in the discard pile when it scores — **level 2:** It pays the two highest ranks	Pays a step per card in the discard pile that outranks it — **level 2:** Cards of equal rank count too	Pays the highest rank in the discard pile, and that card is then destroyed — **level 2:** It pays the two highest ranks
Q1576	AA	AA4	skill	The Next In Line		a	Paid by what is coming	Pays the rank of the next card due from a named stock when it scores — **level 2:** It pays the next two cards of that stock	Pays the summed rank of the next card due from every stock when it scores — **level 2:** It also reveals them	Pays double the rank of the next card due from its own stock, and that card is revealed — **level 2:** You choose which stock it reads
Q1577	AA	AA4	hazard	The No-Repeats		a	One of everything	Hazard: any card in the stocks that exactly matches another in rank and suit is set aside for the show	Hazard: any card in the stocks that shares a rank and suit with a card on the board is destroyed	Hazard: a card may not be placed if a card of the same rank and suit is already on the board
Q1578	AA	AA4	skill	The Orbit		c	Columns drift out of phase. **Level 2, on its own mark:** You may advance one column's phase each refill	Each column has a phase of three that advances when a card is placed in it; a line scores double when every column it crosses is in the same phase	Each column has a phase of three that advances on every placement in it; lines score only across columns in the same phase	Each column has a phase that advances when it scores; a column in phase three pays double and drops back to one
Q1579	AA	AA4	skill	The Parity Build		a	Odd on even, even on odd. **Level 2, on its own mark:** Its own stack may take either parity	A card may be stacked on a card of opposite parity, any suit	A card may be stacked on a card of opposite parity, and a stack that alternates all the way pays per card	A card may only be stacked on a card of the SAME parity
Q1580	AA	AA4	hazard	The Rails		a	Movement runs on one axis	Hazard: every effect that moves a card may only move it along its row this show	Hazard: every effect that moves a card may only move it along its column this show	Hazard: no effect may move, swap or rotate a card this show
Q1581	AA	AA4	skill	The Restless		a	Paid for being moved. **Level 2, on its own mark:** A move onto a mark it matches gains two steps	Gains a permanent step every time you move it to a new cell	Gains a permanent step every time ANY effect moves it, and loses one when it stays put for a whole refill	Gains a permanent step every time you move it, up to a cap that rises by one each show
Q1582	AA	AA4	hazard	The Return Deal		c	A finished line goes back in the box	Hazard: when a line completes and scores, its five cards return to the bottoms of their stocks; a card returning for a second time is discarded instead	Hazard: when a line completes and scores, the card that completed it returns to the bottom of its stock and its cell is sealed for the show	Hazard: when a line completes and scores, its five cards return to the stocks and the line's cells are sealed for the show
Q1583	AA	AA4	consumable	The Rubber Stamp		a	One card prints itself down the stock	Consumable: choose a card in a stock; the three cards above it become copies of it	Consumable: choose a card on the board; the next three cards drawn from its stock become copies of it	Consumable: choose a card in a stock; every card above it takes its suit
Q1584	AA	AA4	skill	The Scapegoat		a	A leaving card's number goes to someone still on stage	When a card leaves the board, its rank is added to a random card still on the board — **level 2:** The rank goes to a card you choose	When a card leaves the board, its rank is added to the card that has scored least this show — **level 2:** The rank goes to a card you choose	When a card leaves the board, its rank is added to this card — **level 2:** The rank it takes is doubled
Q1585	AA	AA4	skill	The Siamese Pair		a	Place one, and the other comes too. **Level 2, on its own mark:** The partner may go onto any cell whose mark it matches instead	Cue: bond this card to another card in the Entrance; placing either places the other in the cell mirrored across the grid's centre, or the nearest empty cell to it	Cue: bond this card to another; placing either places the other in the orthogonally adjacent cell	Cue: bond this card to another; moving either moves the other the same way
Q1586	AA	AA4	skill	The Skewer		a	Runs everything on one side through. **Level 2, on its own mark:** It may pull from either side	Cue: every card to this card's right in its row is pulled into a stack on this card, in order	Cue: every card to this card's right in its row is pulled into a stack on this card, and this card consumes one of them per refill	Cue: every card in this card's column is pulled into a stack on this card
Q1587	AA	AA4	skill	The Skyscraper		a	Paid for looking down	A scoring card pays a step per undrawn card of lower rank than it — **level 2:** It also counts undrawn cards of equal rank	A scoring card pays a step per undrawn card of the same rank — **level 2:** It also counts lower ranks	A scoring card pays a step per undrawn card of higher rank than it — **level 2:** It also counts undrawn cards of equal rank
Q1588	AA	AA4	type	The Spent Casing		a	Every card that left fires it again	A card of this type is retriggered once per card that has left the board this show	A card of this type is retriggered once per card that has left the board this refill	A card of this type is retriggered once per card of its own suit that has left the board this show
Q1589	AA	AA4	skill	The Tourist		a	Paid for going somewhere new. **Level 2, on its own mark:** A new cell whose mark it matches counts twice	Gains a permanent step each show it is placed in a cell it has never occupied, and loses one when placed in a cell it has	Gains a step per cell it has ever occupied, checked when it scores	Gains a permanent step for each new cell, and resets when it has visited every cell of its grid
Q1590	AA	AA4	hazard	The Typecasting		a	Your favourites are buried	Hazard: the five cards you have placed most often this run are dealt to the bottom of their stocks	Hazard: the rank you have placed most often this run is dealt to the bottom of its stocks	Hazard: every card that scored last show is dealt to the bottom of its stock
Q1591	AA	AA4	skill	The Wake		a	A departure that pays the room	When a card leaves the board, every other card on it gains a step for the show — **level 2:** Cards sitting on matched cells gain two steps	When a card leaves the board, it gains a permanent step for the next time it is placed — **level 2:** It gains two steps if it left a matched cell	When a card leaves the board, every card in its lines gains two steps for the show — **level 2:** Cards sitting on matched cells gain two steps
Q1592	AA	AA4	hazard	The Washout		a	Every line completed costs the deck	Hazard: when a line completes, that many cards are discarded from the stocks	Hazard: when a line completes, one card is discarded from each stock	Hazard: when a card leaves the board, one card is discarded from the stocks with it
Q1593	AA	AA4	skill	The Wings		a	The ends of the Entrance perform from the wings. **Level 2, on its own mark:** The middle Entrance slot counts too	The cards in the leftmost and rightmost Entrance slots score alongside every line that completes	The card in the leftmost Entrance slot scores alongside every line that completes, then is discarded	The cards in the leftmost and rightmost Entrance slots join every row for melds: a row's hand is the best five of its five cards plus those two
Q1594	AA	AA4	skill	The Word Backstage		a	Word reaches the cards still waiting	When a line completes, every card of the completing card's rank still in the stocks gains a permanent step — **level 2:** It also reaches the discard	When a line completes, every card of the same suit still in the stocks gains a permanent step — **level 2:** It also reaches the discard	When a line completes, the next card of the completing card's rank to be drawn scores double — **level 2:** The next two cards of that rank score double
Q1595	AA	AA5	type	The Ambiguous Card		a	It is whatever its neighbours leave it room to be	A card of this type has no rank or suit until its neighbours leave only one identity that fits every line through it, and then it becomes that card permanently	A card of this type has no rank or suit; when placed, it becomes whatever card would best complete the lines through it	A card of this type has no rank or suit; it becomes the card its row lacks for a straight, or stays blank
Q1596	AA	AA5	skill	The Bequest		a	A destroyed card leaves its number to the neighbours	Cue: destroy one card on the board; its rank is split between the cards on either side of it in its row — **level 2:** You choose how the rank is split	Cue: destroy one card on the board; its rank is added to the card beneath it in its stack — **level 2:** The rank may go to the card above instead	When any card is destroyed, its rank is split between its orthogonal neighbours — **level 2:** You choose how the rank is split
Q1597	AA	AA5	skill	The Chain Letter		a	It spreads across the grid. **Level 2, on its own mark:** Its copy is placed on a cell whose mark it matches, if one is empty	The first time it scores each show, it places a copy of itself in an empty orthogonally adjacent cell	When placed, it overwrites the card to its left with a copy of itself; at show end it destroys any copy to its right	At show end it destroys its right-hand neighbour and replaces it with a stronger copy of itself
Q1598	AA	AA5	skill	The Clear-Out		a	Sweeps the stage of everything that is not in a line. **Level 2, on its own mark:** Cards sitting on marks they match are spared	Cue, once per show: destroy every card on this card's grid that is not part of a completed line, paying a step per card	Cue, once per show: discard every card on this card's grid that is not part of a completed line, paying a step per card	Cue, once per show: destroy every card not part of a completed line, and gain a multiplier per five destroyed
Q1599	AA	AA5	skill	The Colour Wheel		a	Suits move around the wheel. **Level 2, on its own mark:** You choose which way round the wheel it turns	When this card scores, its suit moves one step around a fixed cycle of the suits	When a line completes, every card in it moves one step around the suit cycle before scoring	When this card scores, every card in its line moves one step around the suit cycle after scoring
Q1600	AA	AA5	skill	The Company Call		a	Everyone who has performed comes back on	When a line completes, every card that scored earlier this show is retriggered once — **level 2:** Cards that scored through its cell are retriggered twice	When a line completes, every card that scored earlier this refill is retriggered once — **level 2:** Cards that scored through its cell are retriggered twice	When a line completes, every earlier completed line this show pays again at a tenth — **level 2:** Earlier lines through its cell pay again at a fifth
Q1601	AA	AA5	skill	The Crescendo		a	Retriggers grow along the line	Each card in a completed line is retriggered as many times as its position from the near end — **level 2:** You choose which end counts as near	Each card in a completed line is retriggered twice as many times as the card before it, starting from one — **level 2:** You choose which end counts as near	Every card in a completed line except the two endpoints is retriggered once — **level 2:** The endpoints are retriggered too
Q1602	AA	AA5	consumable	The Dye Bath		a	One suit for the whole board	Consumable: destroy one card on the board; every other card on the board takes its suit	Consumable: destroy one card on the board; every other card in its row and column takes its suit	Consumable: destroy one card on the board; every card in the stocks takes its suit
Q1603	AA	AA5	skill	The Equaliser		a	Everyone in the line gets the average. **Level 2, on its own mark:** Cards sitting on rank marks they match keep their rank	When a line completes, every card in it becomes the line's average rank, rounded down	When a line completes, every card in it becomes the line's average rank, and the line re-scores	When a line completes, every card in it becomes the rank of this card
Q1604	AA	AA5	skill	The Forgery Trap		a	Copy it and pay for it. **Level 2, on its own mark:** Its protection covers the cards beside it ⚑ *pair review: it only costs you: copy effects are your own cards'; it reads as a hazard*	Any copy effect that targets this card destroys the copier instead	Any copy effect that targets this card produces a rank-1 blank instead of a copy	Any copy effect that targets this card also copies a debuff onto the copier
Q1605	AA	AA5	skill	The Fuse		a	Burns inward while the rank holds	When a line completes, destroy cards inward from one end while they share a rank, paying a step per card destroyed — **level 2:** You choose which end it burns from	When a line completes, destroy cards inward from one end while they share a suit, paying a step per card destroyed — **level 2:** You choose which end it burns from	When a line completes, destroy cards inward from BOTH ends while they share a rank, paying per card — **level 2:** Cards on matched cells in its path pay double
Q1606	AA	AA5	skill	The Growth Hormone		a	Every rank raise is a little bigger. **Level 2, on its own mark:** Raises on cards sitting on marks they match go two steps further	Every effect that raises a card's rank raises it one step more	Every effect that grows a card's stored bonus grows it twice as fast	Every effect that raises a card's rank raises it one step more, and every effect that lowers a rank lowers it one step less
Q1607	AA	AA5	skill	The Levelling Rank		a	Everything moves toward one number. **Level 2, on its own mark:** You choose, card by card, whether it moves	Every scoring card's rank moves one step toward a rank named when this card is placed, permanently	Every scoring card's rank moves one step toward this card's rank, permanently	Every scoring card's rank moves one step toward the rank most common on the board, permanently
Q1608	AA	AA5	consumable	The Merry-Go-Round		a	Three cards pass their numbers along	Consumable: choose three cards on the board; their ranks rotate one step among them	Consumable: choose three cards on the board; their suits rotate one step among them	Consumable: choose three cards on the board; their stamps rotate one step among them
Q1609	AA	AA5	skill	The Mimic		a	Whatever was placed last, it is. **Level 2, on its own mark:** It may carry any of the last three skills placed	Always carries the talent of the most recently placed skill card	Always carries the talent of the most recently placed skill card, at half strength, in addition to its own	Carries the talent of whichever of its two orthogonal neighbours was placed more recently
Q1610	AA	AA5	skill	The Overflow		a	Past the King, anything goes. **Level 2, on its own mark:** On its mark, a card raised past King in its lines becomes wild at once	A rank raised past King, or lowered below Ace, becomes wild instead of stopping	A rank raised past King becomes an Ace of every suit	A rank raised past King becomes wild for one line completion, then returns to King
Q1611	AA	AA5	skill	The Quick-Change Fan		a	Paid for every transformation. **Level 2, on its own mark:** Changes made to cards on matched cells bank twice	Banks a step every time any card's suit or rank is changed by an effect, paid when this card scores	Any card whose suit or rank has ever been changed by an effect scores extra	Banks a step every time any card's type or stamp is changed by an effect, paid when this card scores
Q1612	AA	AA5	skill	The Rehearsal Run		a	The ending, early. **Level 2, on its own mark:** Twice per show	Cue, once per show: every effect that fires at show end fires now	Cue, once per show: every effect that fires at show end fires now, and again at show end	Cue, once per show: every effect that fires on an Entrance refill fires now
Q1613	AA	AA5	skill	The Relay Tower		a	One consumable, every skill	A consumable used on this card applies to every skill card on the board — **level 2:** It also reaches stamp cards	A consumable used on this card applies to every card in its row — **level 2:** It reaches its column as well	A consumable used on this card is not spent, and applies to this card only — **level 2:** The consumable applies to every card in its lines
Q1614	AA	AA5	rank	The Reverse		a	A number that turns the line around. **Level 2, on its own mark:** On a rank match you choose whether it reverses the line	A card of this rank in a completed line reverses the order in which that line's cards resolve	A card of this rank in a completed line makes the line resolve in reverse placement order	A card of this rank in a completed line makes the line resolve from itself outward
Q1615	AA	AA5	skill	The Royal Issue		a	A king and a queen produce a jack	When a line holding a King and a Queen completes, a Jack of one of their suits is created in a stock — **level 2:** The Jack goes onto a cell whose mark it matches	When a King and a Queen sit orthogonally adjacent, a Jack of one of their suits is created in the Entrance — **level 2:** The Jack goes onto a cell whose mark it matches	When a line holding a King and a Queen completes, a Jack is created in the empty cell nearest them — **level 2:** The Jack takes the suit you choose
Q1616	AA	AA5	skill	The Salvage		a	Nothing a dead card wore is wasted	When a card is destroyed, its stamp moves to a random other card on the board — **level 2:** You choose the card that receives it	When a card is destroyed, its type moves to a random other card on the board — **level 2:** You choose the card that receives it	When a card is destroyed, its stamp and type move to this card — **level 2:** It also takes the rank
Q1617	AA	AA5	skill	The Stain		a	It leaves its material on the neighbours	When this card leaves the board, its type is copied onto the cards that were its orthogonal neighbours — **level 2:** You choose which neighbours take it	When this card leaves the board, its stamp is copied onto the cards that were its orthogonal neighbours — **level 2:** You choose which neighbours take it	When this card leaves the board, its cell keeps its type and gives it to the next card placed there — **level 2:** The next two cards placed there take it
Q1618	AA	AA5	skill	The Tattoo		a	The costume becomes the number. **Level 2, on its own mark:** The folded stamp's effect stays for the show	Cue: fold a card's stamp and type into its rank permanently, removing them; each adds three ranks	Cue: fold a card's stamp into its rank permanently, removing the stamp; the card keeps its type	When this card scores, it folds its own stamp and type into its rank and loses them
Q1619	AA	AA5	consumable	The Transfusion		a	Rank moves from one card to another	Consumable: move up to three points of rank from one card on the board to another	Consumable: move one point of rank from every card in a row onto one card in that row	Consumable: move all of one card's rank onto another, leaving the first at rank 1
Q1620	AA	AA5	skill	The Trim		a	The top and bottom of the line leave. **Level 2, on its own mark:** It spares cards sitting on marks they match	When a line completes, its highest- and lowest-ranked cards leave the board to the discard, and this card gains a permanent step per card	When a line completes, its highest-ranked card leaves the board, and this card gains that rank as a permanent bonus	When a line completes, its lowest-ranked card leaves the board to the discard, and the line re-scores with the uncovered mark beneath standing in for it (your Q0109 rule)
Q1621	AA	AA5	skill	The Understudy's Break		a	The plain card that completed a nothing hand gets its chance	A skill-less card that completes a high-card line gains a random talent for the rest of the show — **level 2:** It chooses the talent from two	A skill-less card that completes a high-card line gains a random talent permanently — **level 2:** It chooses the talent from two	A skill-less card that completes any line gains this card's talent for the rest of the refill — **level 2:** It keeps the talent for the show
Q1622	AA	AA5	stamp	The Wild Hat		a	A stamp that is every stamp. **Level 2, on its own mark:** Its wearer's hat match also pays the talent mult	This stamp counts as every stamp for any effect that checks a card's stamp, and its wearer matches any hat mark	As (a), but the hat match pays no mult of its own	This stamp counts as whichever stamp its orthogonal neighbours wear most, and matches only that hat
Q1623	AA	AA5	skill	The Wildfire		a	A step that spreads down the row. **Level 2, on its own mark:** Its bonus spreads to a neighbour of your choice	Gains a permanent step each show; at show end its steps are copied onto its left neighbour	Gains a permanent step each show; at show end its steps are copied onto every orthogonal neighbour	Gains a step at each line completion; at each completion its steps are copied onto its left neighbour and its own reset
Q1624	AA	AA6	skill	The Balanced Line		a	Every suit present in equal measure	A completed line holding an equal number of each suit present pays a bonus — **level 2:** A line through its cell may be one card out of balance	A completed line holding exactly two suits in equal number pays a bonus — **level 2:** A line through its cell may be one card out of balance	A grid holding an equal number of each suit present pays a bonus at each line completion — **level 2:** The grid may be one card out of balance
Q1625	AA	AA6	skill	The Black Cat		a	Enormous, until anyone misses	A large multiplier, and this card is destroyed the moment any probability check on the board fails — **level 2:** Only failures in its own lines count	A large multiplier, and this card is destroyed the moment one of ITS OWN probability checks fails — **level 2:** Its first failed check each show is ignored	A large multiplier that halves each time a probability check on the board fails — **level 2:** The multiplier halves only for failures in its own lines
Q1626	AA	AA6	skill	The Blindfold Bargain		a	Big pay, blind draws	A large multiplier, and every time this card scores the next card dealt into the Entrance arrives face down — **level 2:** You may look at the face-down card before it arrives	Pays a step every time a card arrives in the Entrance face down — **level 2:** Face-down cards placed on marks they match pay double	Gains a permanent step every time a card that was dealt face down scores in a line — **level 2:** Face-down cards placed on marks they match pay double
Q1627	AA	AA6	consumable	The Carry-Over		a	The next line starts where the last one ended	Consumable: the next completed line starts from the previous completed line's score	Consumable: for the rest of the refill, each completed line starts from the previous line's score	Consumable: the next completed line starts from the show's best line score
Q1628	AA	AA6	skill	The Coin Toss		b	Double, or nothing. **Level 2, on its own mark:** You flip twice and choose	Cue, once per show: flip a coin; the show's score doubles or drops to zero	Cue, once per show: flip a coin; the last completed line's score doubles or drops to zero	Cue, once per show: flip a coin; the show's score doubles, or this card is destroyed
Q1629	AA	AA6	skill	The Crop Cycle		b	It grows, it ripens, and it needs resetting	Gains a step each Entrance refill until full, then scores nothing until an effect resets it to empty — **level 2:** It resets itself when a line through its cell scores	Gains a step each Entrance refill until full, then scores its whole growth once and resets itself — **level 2:** It scores its growth twice	Gains a step each line completed until full, then scores nothing until it is moved — **level 2:** It resets itself when a line through its cell scores
Q1630	AA	AA6	skill	The Dead Heat		a	Two lines, one number. **Level 2, on its own mark:** Lines within one point count as equal	Pays a large bonus when two lines this show score exactly the same	Pays a large bonus when a line scores exactly what the previous line scored	Pays a bonus scaling with how close a line's score is to the previous line's
Q1631	AA	AA6	hazard	The Drift		a	The numbers will not hold still	Hazard: at each Entrance refill, a fifth of the cards on the board move one rank up or down at random	Hazard: at each Entrance refill, one random card on the board moves one rank up or down	Hazard: at each Entrance refill, every card on the board moves one rank toward the average rank
Q1632	AA	AA6	hazard	The Dyed Coat		a	Some suits are lying	Hazard: one card in three placed this show shows a false suit until it scores	Hazard: one card in three dealt to the Entrance shows a false suit until it is placed	Hazard: one card in three placed this show shows a false RANK until it scores
Q1633	AA	AA6	skill	The Echo of an Echo		a	A retrigger that can retrigger	Every retrigger on the board has a one-in-three chance to retrigger again — **level 2:** Retriggers from matched cells rechain at one in two	This card's retriggers chain: each success rolls again at half the previous chance until one fails — **level 2:** Its chance does not fall on retriggers from matched cells	Every retrigger on the board has a one-in-three chance to retrigger again, and each success lowers the chance — **level 2:** Its chance does not fall on retriggers from matched cells
Q1634	AA	AA6	skill	The Forbidden Three		b	Strong while you hold back. **Level 2, on its own mark:** Three of the rank are allowed when one of them sits on its own rank mark	Gains a multiplier per copy of a named rank in the deck; three of that rank on the board at once loses the show	Gains a multiplier per copy of a named rank in the deck; three of that rank on the board at once destroys this card	Gains a multiplier per copy of a named rank on the board; three of that rank in one line loses the show
Q1635	AA	AA6	skill	The Four Colours		a	One flush of every suit. **Level 2, on its own mark:** A flush through its cell counts for two suits	Pays a step per distinct suit that has scored a flush this show	Pays a large bonus the moment every suit has scored a flush this show	Pays a step per distinct suit that has scored a flush this show, escalating at the fifth
Q1636	AA	AA6	skill	The Holes		a	Paid for the ranks a line skipped. **Level 2, on its own mark:** It counts the holes in its column too ⚑ *pair review: overlaps Q0080, which you wrote: the gap between a line's highest and lowest ranks*	Pays a step per rank missing between a completed line's lowest and highest ranks	Pays a step per rank missing between this card's rank and its highest line-mate	Pays a step per rank missing from the board entirely
Q1637	AA	AA6	skill	The Intensifier		a	Every status hits twice as hard. **Level 2, on its own mark:** Statuses on cards sitting on marks they match apply three times	Every status applied anywhere on the board is applied twice	Every status applied to a card in this card's row is applied twice	Every status applied anywhere is applied twice, and every status removed is removed twice
Q1638	AA	AA6	skill	The Inverted Scale		a	Low is high	Every scoring card pays fourteen minus its rank instead of its rank — **level 2:** You choose per line which scale pays	Every scoring card in this card's line pays fourteen minus its rank instead of its rank — **level 2:** You choose per line which scale pays	Every scoring card pays whichever is larger of its rank and fourteen minus its rank — **level 2:** Cards on matched cells pay both
Q1639	AA	AA6	skill	The Jinx		a	Nothing on the board ever gets lucky. **Level 2, on its own mark:** Checks made on matched cells are spared the jinx	Every probability check on the board fails; this card gains a permanent step per forced failure	Every probability check on this card's grid fails; this card pays a step per forced failure when it scores	Every probability check on the board fails while this card is spotlit, and succeeds while it is covered
Q1640	AA	AA6	skill	The Achilles' Heel		a	After Superman's Kryptonite: one suit will kill it, and you are not told which. **Level 2, on its own mark:** It is shown the hidden suit	A large bonus; a hidden suit is chosen at acquisition, and completing a line of that suit destroys this card	A large bonus; a hidden RANK is chosen at acquisition, and scoring it in this card's line destroys this card	A large bonus; a hidden suit is chosen each show, and completing a line of that suit exhausts this card for the show
Q1641	AA	AA6	hazard	The Lantern		a	A light that never goes out	Hazard: a status that never clears is applied to one card per refill, and a line may hold at most one lit card to score	Hazard: a status that never clears is applied to one card per refill, and lit cards score nothing	Hazard: a status that never clears is applied to each card that scores, and a line of five lit cards pays double
Q1642	AA	AA6	skill	The Mean		a	The average card is the star. **Level 2, on its own mark:** Cards within one rank of the average count	The card whose rank equals its completed line's average rank pays double	The card whose rank is closest to its line's average rank pays double	Every card whose rank equals its line's average rank gains a permanent step
Q1643	AA	AA6	skill	The Narrow Act		a	A huge bonus that variety eats. **Level 2, on its own mark:** Hand types scored through its cell do not shrink it	A large flat bonus that shrinks by a fixed amount for every distinct hand type completed this run	A large flat bonus that shrinks for every distinct hand type completed this show, and resets each show	A large multiplier that shrinks for every distinct suit that has scored this show
Q1644	AA	AA6	skill	The Persistence		a	It keeps rolling until it lands. **Level 2, on its own mark:** It pays two steps per reroll	Every probability check on the board rerolls until it succeeds; this card pays a step per reroll it took	Every probability check on this card rerolls until it succeeds, and the card is exhausted for the refill afterwards	Every probability check on the board rerolls once on failure
Q1645	AA	AA6	skill	The Ratchet		a	Every gain adds a rule. **Level 2, on its own mark:** Breaking a ban through its cell costs nothing	Each time it scores it gains a permanent multiplier and bans the suit of the card that completed that line; a banned suit scoring resets both	Each time it scores it gains a permanent multiplier and bans the hand type just completed; breaking a ban resets both	Each time it scores it gains a permanent multiplier and bans one rank; breaking a ban destroys this card
Q1646	AA	AA6	consumable	The Reset Button		a	Back to the way it was printed	Consumable: revert one card to its printed rank, suit, type, stamp and skill, erasing all growth and decay	Consumable: revert one card's rank and suit to their printed values, keeping its modifiers	Consumable: revert every card on one grid to its printed identity
Q1647	AA	AA6	skill	The Set List Card		b	It demands a suit, and the suit changes. **Level 2, on its own mark:** You may name the suit instead of advancing	Names a suit each show, advancing through the suits in order; complete a line of it or this card is destroyed at show end	Names a suit each show, advancing in order; completing a line of it pays a large bonus, missing it pays nothing	Names a suit each show, advancing in order; completing a line of it gains a permanent step, missing it loses one
Q1648	AA	AA6	skill	The Silver Lining		a	A debuff is a costume	Any debuffed card on the board counts as wild for melds — **level 2:** Debuffed cards count as wild for suit matching too	Any debuffed card on the board counts as wild for melds, and the debuff clears when it scores — **level 2:** Debuffed cards count as wild for suit matching too	Any card a hazard suppresses retriggers its line instead of scoring nothing — **level 2:** A suppressed card on a matched cell scores as well as retriggering
Q1649	AA	AA6	skill	The Trophy		a	It keeps a piece of every boss it beat. **Level 2, on its own mark:** The rule may be invoked twice a show	After a hazard show is won, cue once in any later show: that hazard's rule applies to the grid for one Entrance refill, and every line completed under it pays double	As (a), for the next show only	As (a), and each invocation adds +1 combo
Q1650	AA	AA6	skill	The Unreliable Programme		a	A preview with one lie in it. **Level 2, on its own mark:** You may reveal the lie once per show	Reveals the next five cards of a named stock, exactly one of which is false	Reveals the next five cards of a named stock, each with a one-in-three chance of staying hidden	Reveals the next five cards of every stock, with one false card per stock
Q1651	AA	AA6	skill	The Warmer, Colder		a	A secret cell, and you feel your way to it. **Level 2, on its own mark:** The hidden cell is always one whose mark this card matches	A hidden cell is chosen each show; this card pays more the fewer cells it sits from it, and full only on it	A hidden cell is chosen each show; every card pays a step more the closer it sits to it	A hidden cell is chosen each show and revealed the first time a card is placed orthogonally next to it; a card on it pays triple
Q1652	AA	AA6	skill	The Zigzag		a	Odd, even, odd, even. **Level 2, on its own mark:** A card on a matched cell counts as either parity	Gains a multiplier per consecutive card in a completed line whose rank parity flips from the one before	A line whose ranks alternate parity all the way along pays double	Gains a multiplier per consecutive card in a completed line whose suit differs from the one before, and double if the line uses only two suits, alternating
Q1653	AA	AA7	hazard	The Acid Bath		a	What leaves the board comes back blank	Hazard: any card that leaves the board loses its rank and suit	Hazard: any card that leaves the board takes a corrupted type that scores nothing	Hazard: any card that leaves the board loses its stamp and type
Q1654	AA	AA7	hazard	The Checkerboard		a	Half the board is awake at a time	Hazard: cards on even cells are live for one line completion, cards on odd cells for the next, alternating	Hazard: cards on even cells are live during odd-numbered Entrance refills, cards on odd cells during even ones	Hazard: only cards on cells matching the colour of the last placed cell are live
Q1655	AA	AA7	hazard	The Cooling Rank		a	The rank that just scored is spent	Hazard: the rank that most recently completed a line scores nothing until the next line completes	Hazard: the rank that most recently completed a line may not be placed until the next line completes	Hazard: the SUIT that most recently completed a line scores nothing until the next line completes
Q1656	AA	AA7	hazard	The Creeping Ban		a	Every line completed bans one more rank	Hazard: each completed line debuffs the next rank in order from Ace, so the banned set widens as you score	Hazard: each completed line debuffs the highest rank not yet debuffed	Hazard: each completed line debuffs one random rank
Q1657	AA	AA7	hazard	The Crowded Rank		a	Your commonest rank and its neighbours are off	Hazard: the rank you own most of, and the ranks one above and below it, are debuffed	Hazard: the rank you own most of is debuffed, re-read at each refill	Hazard: the suit you own most of is debuffed
Q1658	AA	AA7	hazard	The Dimming		a	Every suit that scores goes dark	Hazard: once a suit has scored this show, its cards are dealt face down for the rest of it	Hazard: every card carrying a type is dealt face down	Hazard: once a rank has scored this show, its cards are dealt face down for the rest of it
Q1659	AA	AA7	hazard	The Favoured Axis		a	The line kind you lean on stops paying	Hazard: the line kind (row, column, diagonal, height) completed most this show scores nothing until another kind overtakes it	Hazard: when a line of the kind completed most this show completes, its cards are discarded	Hazard: nothing scores until a line of the kind completed LEAST this show completes
Q1660	AA	AA7	hazard	The Fixed Odds		a	Nothing is rolled tonight	Hazard: no probability check rolls; every chance-based effect pays a flat step instead	Hazard: no probability check rolls; every chance-based effect simply fails	Hazard: no probability check rolls; every chance-based effect succeeds, at half strength
Q1661	AA	AA7	hazard	The Fresh Bill		a	Nothing from the last line may return	Hazard: a line may not share any rank with the previous completed line, except in the cell where the two cross, or it scores nothing	Hazard: a line may not share its hand type with the previous completed line, or it scores nothing	Hazard: a line that shares a rank with the previous completed line, the crossing cell excepted, scores half
Q1662	AA	AA7	hazard	The Kinship Rule		a	Only next to your own kind	Hazard: a card may only be placed orthogonally adjacent to a card sharing its suit or rank, or in an empty grid	Hazard: a card may only be placed orthogonally adjacent to a card sharing its suit	Hazard: a card may only be placed orthogonally adjacent to a card sharing its rank, or in an empty grid
Q1663	AA	AA7	hazard	The Locked Column		a	A column with a key	Hazard: two columns start locked; each opens once the two cells beside it in the neighbouring columns are filled	Hazard: two columns start locked; each opens once a line completes through the cell beside it	Hazard: one column starts locked and opens when a card of a named rank is placed anywhere
Q1664	AA	AA7	hazard	The Monotone Crowd		a	This audience hates variety	Hazard: the multiplier is divided by the number of distinct ranks on the board	Hazard: the multiplier is divided by the number of distinct suits on the board	Hazard: each line's multiplier is divided by the number of distinct ranks in it
Q1665	AA	AA7	hazard	The Neglected Rank		a	Bring the one you have been ignoring	Hazard: a line scores only if it holds the rank that has scored least this show	Hazard: a line scores only if it holds the suit least represented across the stocks	Hazard: a line scores double if it holds the rank that has scored least this show, and nothing otherwise
Q1666	AA	AA7	hazard	The One-Use Costume		a	A modifier works once	Hazard: a card's type and stamp are stripped after they score once	Hazard: a card's stamp is stripped after it scores once	Hazard: a card's type and stamp are stripped after they score once, and this pays a step per stripping
Q1667	AA	AA7	hazard	The Plain Clothes Ban		a	No costume, no pay	Hazard: a card with no type, stamp or skill scores nothing	Hazard: a card with no type, stamp or skill scores nothing, and a modified card scores double	Hazard: a line holding no modified card scores nothing
Q1668	AA	AA7	hazard	The River		a	Two banks, a boat, and a rule about who may be left together	Hazard: the grid is split into two halves; you may place only on the half you stand on, placing on the far half crosses you over, and a half may never hold two more cards of the named suit than of any other suit or the show is lost	Hazard: the grid is split into two halves; you may place only on the half you stand on, and every placement crosses you over	Hazard: a half may never hold two more cards of the named suit than of any other suit, or every card of that suit on that half is discarded
Q1669	AA	AA7	hazard	The Single Take		a	No second go	Hazard: every retrigger effect is disabled for the show	Hazard: every retrigger effect fires at most once per show	Hazard: every retrigger effect is disabled, and every card that would have been retriggered pays a flat step instead
Q1670	AA	AA7	hazard	The Sudden Death		c	Every placement must complete a line	Hazard: a placement is legal only if it completes a line, once the grid holds ten cards	Hazard: a placement that completes no line discards the placed card	Hazard: once the grid holds ten cards, three placements in a row that complete no line end the show
Q1671	AA	AA7	hazard	The Understudy Ban		a	No two of the same act	Hazard: of identical cards on the board, only the first placed keeps its talent	Hazard: of cards sharing a talent on the board, only the first placed keeps it	Hazard: a card identical to one already on the board may not be placed
Q1672	AA	AA7	hazard	The Veteran's Card		a	Only the cards that have been through the discard still work	Hazard: every card's talent is suppressed unless that card has passed through the discard pile at least once	Hazard: every card's talent is suppressed until that card has scored once this show	Hazard: every card's talent is suppressed unless that card has been moved at least once this show
Q1673	AA	AA7	hazard	The Weight Limit		a	Too heavy a line scores nothing	Hazard: a line whose ranks sum above a stated limit scores nothing	Hazard: a line whose ranks sum above a stated limit scores nothing, and the limit drops each refill	Hazard: a line whose ranks sum BELOW a stated floor scores nothing
Q1674	AA	AA8	type	The Circuit		a	Power runs through the cards	Cards of this type carry connectors on some sides; a card is powered only when linked through touching connectors to a King, and an unpowered card scores nothing	Cards of this type carry connectors; a completed line of powered cards pays double	Cards of this type carry connectors; every card in one powered network is retriggered when any of them scores
Q1675	AA	AA8	type	The Enclosure		a	Walls pay only when they close	Cards of this type are walls: a closed loop of walls pays a step per cell it encloses, and an open loop pays nothing	Cards of this type are walls: a closed loop of walls doubles every line inside it	Cards of this type are walls: a closed loop of walls protects every card inside it from hazards
Q1676	AA	AA8	skill	The Garden Plot		a	Each suit grows in its own shape. **Level 2, on its own mark:** Harvested cards return to the Entrance instead of leaving	Cards of one suit arranged in that suit's shape (Hoop a ring of four, Knife a row of three, Ball a column of three, Fire an L, Firework two cells apart on a diagonal) with an average rank of seven are harvested: they score as a flush of their count into the special bucket and leave the board	Cards of one suit arranged in that suit's named shape are harvested, whatever their ranks	Any four cards of one suit in a two-by-two block with an average rank of seven are harvested
Q1677	AA	AA8	skill	The Production Line		a	Raw, refined, consumed. Its tokens are ghosts: they leave the deck when the show ends	Three cards form a chain: when the first scores it makes a token; a token reaching the second is converted; the third consumes converted tokens for points — **level 2:** A chain card on its mark converts two tokens at once	Two cards form a chain: when the first scores it makes a token, and the second consumes tokens for points — **level 2:** The consumer on its mark pays double per token	Three cards form a chain along a row, and the chain pays only when all three score in the same refill — **level 2:** A chain through its cell may complete across two refills
Q1678	AA	AA8	type	The Rail Line		a	Everything on the line is next to everything else	Cards of this type are rails: every card touching one connected rail chain counts as adjacent to every other card touching it	Cards of this type are rails: a card touching a rail chain counts as a member of every line the chain crosses	Cards of this type are rails: a prop reaching a rail follows the whole chain
Q1679	AB	AB1	skill	The Bullseye Streak		a	Consecutive hits build a streak that the next line cashes. **Level 2, on its own mark:** A miss in its own lines does not reset the streak	Each placement that lands a card on a mark it matches adds +1 to a streak; the next line to score adds the streak to its multiplier and spends it, and a miss resets it	As (a), but the streak survives one miss before it resets	As (a), but the streak is not cashed until it breaks, and then it pays its square as flat points
Q1680	AB	AB1	skill	The Echo Mark		b	A hit copies its mark to a second cell, making a new target	When a card hits its mark, that mark is copied onto the mirrored cell across the grid's centre, if it is empty — **level 2:** It is also copied onto the cell mirrored across its row	When a card hits its mark, that mark is copied onto an empty cell beside it of your choice — **level 2:** The mark is copied to two cells instead of one	When a card hits its mark, that mark is copied onto the next empty cell in its row — **level 2:** The mark is copied to two cells instead of one
Q1681	AB	AB1	skill	The Full Set		a	A line where every card hit its mark scores one hand higher. **Level 2, on its own mark:** One card of the line may miss	A completed line in which every card sits on a mark it matches scores as the next hand up the ladder	A completed line in which every card sits on a mark it matches scores double	A completed line in which every card matches its mark on the SAME property scores as the next hand up
Q1682	AB	AB1	skill	The Hot Hand		a	Three hits in a row make the next card match anything. **Level 2, on its own mark:** Two hits in a row are enough	After three placements in a row that each land on a mark they match, the next card placed counts as matching any mark	After three hits in a row, the next card placed counts as matching any mark on one property you name	After three hits in a row, every card placed counts as matching its mark until a card is placed on a mark it matches on none of its own properties
Q1683	AB	AB1	skill	The Relay Hit		a	Hits in one line pass their bonus down the line. **Level 2, on its own mark:** The relay also passes the first card's level 2 to the second card for that scoring	When a card hits its mark, the next card to hit a mark in the same line pays the first card's match bonus as well as its own	As (a), but the relay passes along every line through the first card's cell	As (a), and the relay keeps passing, growing by one step each time, until a card in that line misses
Q1684	AB	AB1	skill	The Triangulation		a	Hits that form a shape fire their marks again. **Level 2, on its own mark:** Diagonal shapes count too	When three hits form an L of three cells, all three marks fire their match bonuses again	When three hits sit in one line with gaps between them, all three marks fire again	When four hits form a two-by-two square, all four marks fire again and the square scores as the best four-card flush or straight it holds, else High Card
Q1685	AB	AB2	stamp	The Chosen Property		a	You pick which property unlocks the wearer's level 2	When placed, name one property - rank, suit, talent or hat; a match on it unlocks the wearer's level 2 — **level 2:** The named property may be changed at each refill	When placed, name two properties; a match on either unlocks the wearer's level 2 — **level 2:** The wearer may name three properties	When placed, a match on ANY property unlocks the wearer's level 2 — **level 2:** The wearer's level 2 lasts until the next refill, even after it leaves its mark
Q1686	AB	AB2	skill	The Contagious Talent		a	Level 2 spreads to the cards around it. **Level 2, on its own mark:** Its options are its level 2; at level 1 it does nothing	While it is at level 2, cards in its lines that hit their own marks on ANY property fire their level 2, not only on the matching property	While it is at level 2, the cards beside it that hit their own marks fire their level 2 on any property	While it is at level 2, every card placed during that Entrance refill fires its level 2 on any property it matches
Q1687	AB	AB2	skill	The Late Bloomer		a	Nothing at level 1, a lot at level 2. **Level 2, on its own mark:** Its options give both levels	Does nothing at level 1; at level 2 it pays a large multiplier and shares its flat talent mult with every card in its lines	Pays a small flat bonus at level 1; at level 2 it pays a large multiplier	Does nothing at level 1, and gains a step for each show it misses its mark; at level 2 it pays a multiplier of that size and resets
Q1688	AB	AB2	skill	The Second Nature		a	Once realised, it stays realised. **Level 2, on its own mark:** Level 2 kept this way survives the show: the card still has it when next placed, wherever it lands ⚑ *pair review: 'it keeps level 2' had no content: the rule is about other cards*	A card that has reached level 2 this show keeps it for the rest of the show even after it leaves its mark	A card that has reached level 2 keeps it until it next scores off its mark	A card that has reached level 2 in three shows is at level 2 permanently wherever it sits
Q1689	AB	AB3	skill	The Afterimage		a	A card that leaves a hit behind leaves its likeness ⚑ *pair review: fires only when another effect moves or stacks a card*	When a card leaves a cell whose mark it matched, the mark becomes a copy of that card — **level 2:** The likeness is also left on the cells beside it	When a card leaves a matched cell, the mark becomes a copy of it and pays double to the next card that hits it — **level 2:** The likeness is also left on the cells beside it	When a card leaves a matched cell, the marks of the cells beside it become copies of it — **level 2:** The next hit on each likeness pays double
Q1690	AB	AB3	stamp	The Anchor		b	A hit it never leaves ⚑ *pair review: level 1 fires only when another effect moves a card or a mark; the +1 multiplier is the part that works alone*	The wearer can never be moved off its cell — **level 2:** Its mark cannot be rerolled, swapped or moved, and every line through its cell adds +1 to the multiplier	Once the wearer hits its mark it cannot be moved, and its mark cannot be rerolled or swapped — **level 2:** Its lines add +1 to the multiplier	The whole stack on the wearer's cell is fixed — **level 2:** Each card in the stack adds +1 to the multiplier of the lines through it
Q1693	AB	AB3	skill	The Inheritance		a	A hit passes to whatever covers it. **Level 2, on its own mark:** The inherited hit also carries level 2 ⚑ *pair review: fires only when another effect moves or stacks a card*	A card stacked on a card that hit its mark counts as matching the same properties	A card stacked on a card that hit its mark counts as matching them, and the covered card keeps its own hit too	A card stacked on a hit counts as matching its mark on every property, but the covered card's hit is lost
Q1694	AB	AB3	skill	The Makeover		b	A miss rewrites the mark to agree with you	When this card is placed on a mark it matches nothing of, the mark is rewritten to a copy of it, and this card counts as hitting it on one property you choose — **level 2:** It counts as hitting on two properties	When any card is placed on a mark it matches nothing of, the mark is rewritten to agree with it on one property you choose, and that card counts as hitting it on that property — **level 2:** It agrees on two properties	When this card misses, the mark takes its rank only, and the next card stacked on it pays a rank match — **level 2:** The next card stacked on it pays the rank match and this card's talent mult
Q1695	AB	AB3	hazard	The Moving Target		a	The plan will not hold still	Level: after each Entrance refill every uncovered mark shifts one cell in a direction shown one refill ahead, wrapping at the edge; a mark that would land under a card stays	Level: after each Entrance refill the uncovered marks rotate one cell around the grid's edge	Level: after each Entrance refill one uncovered mark swaps with a covered one, and the swap is shown in advance
Q1696	AB	AB3	skill	The Ripple		b	A hit re-deals the marks beside it toward what is coming	When a card hits its mark, the uncovered marks beside it are re-dealt from the cards now in the Entrance — **level 2:** The diagonal neighbours are re-dealt too	When a card hits its mark, one uncovered mark beside it of your choice is re-dealt from the Entrance — **level 2:** It re-deals two cells of your choice	When a card hits its mark, the uncovered marks beside it are re-dealt from the top card of each stock — **level 2:** The diagonal neighbours are re-dealt too
Q1697	AB	AB4	skill	The Call		a	Name a cell; the next hit there pays big. **Level 2, on its own mark:** The called cell's mark is re-dealt from the top card of a stock you choose, so the call is one you can make good	Cue: name an empty cell; the next card to hit its mark there pays its match bonus three times	Cue: name an empty cell and the property it must hit on; a hit on that property there pays three times, and any other card placed there pays no match bonus	Before each Entrance refill, name a cell; a hit there during that refill pays triple; a refill that leaves it empty drops the triple to double until a call lands
Q1698	AB	AB4	stamp	The Herding Hat		a	Misses herd the marks. **Level 2, on its own mark:** Cards in its lines that miss shove their marks as the wearer would	When the wearer is placed on a mark it matches nothing of, that mark is shoved one cell in a direction you choose, swapping with the mark there	When the wearer misses, the mark it covered swaps with the mark of any empty cell in its lines	When the wearer misses, the mark it covered is shoved one cell toward the nearest card that matches it, swapping with the mark there
Q1699	AB	AB4	skill	The Ricochet		a	A hit on the edge bounces to the far end. **Level 2, on its own mark:** A hit anywhere in a line through its cell pays both ends of that line	When a card hits its mark on an edge cell that is not a corner, the card at the other end of the line that cell ends pays its match bonus again, if it too sits on a mark it matches	When a card hits its mark on an edge cell that is not a corner, the card at the other end of the line that cell ends pays its match bonus, whether or not it matches	When a card hits its mark on a corner cell, the cards at the far ends of both its lines pay their match bonuses again, if they sit on marks they match
Q1700	AC	AC1	skill	Level 2 of Q0001 Cheering Team card		a	You approved: Each scored card sharing this card's suit gains extra points	Cards of its suit in its lines count as matching their own suit marks, so their suit effects fire wherever they sit	The bonus reaches every card of its suit on the grid, which gain the points permanently	The bonus doubles for cards of its suit that also sit on a mark they match
Q1701	AC	AC1	skill	Level 2 of Q0003 Extra Point		b	You approved: +10 points when this card scores	+10 to every card in each line it scores in	+10 more for each other card in its lines sitting on a mark it matches	The +10 becomes +1 to the multiplier of each line it scores in
Q1702	AC	AC1	skill	Level 2 of Q0004 The Pose (Sandow)		a	Your words: Gives points every time a meld occurs, stops giving any points once it is part of a meld	Joining a meld no longer stops it: it keeps paying for every meld for the rest of the show	It pays double for melds that run through a cell whose mark was matched	When it finally joins a meld, that meld is also paid everything it collected so far
Q1703	AC	AC1	skill	Level 2 of Q0005 The Sparkler		b	Your words: when this card scores, +10 flat points to its height score	The +10 also goes to its row's and its column's score	The +10 is paid once more for each matched mark on its grid	The +10 becomes +1 to the multiplier of its height line
Q1704	AC	AC1	skill	Level 2 of Q0006 Bootstraps		a	You approved: Gains a multiplier for every fixed amount of gold you hold ⚑ *pair review: the effect you approved keys on gold held, and the ruling is no currency; (d), or write what it counts instead*	Each matched mark on its grid counts as one more step of gold held	The gold step halves, so the multiplier climbs twice as fast	Gold spent while it sits on its mark still counts as held until show end
Q1705	AC	AC1	skill	Level 2 of Q0007 Combo card		c	Your words: In a turn that scores multiple melds, each additional meld gains points from previous melds added on	Each additional meld also adds +1 to the multiplier of every meld after it	Melds through a matched cell carry double into the ones after them	The carry runs across the whole Entrance refill, not only one placement
Q1706	AC	AC1	skill	Level 2 of Q0009 More Poker card		c	Your words: each unique poker meld scored causes next poker meld to score double scaling on unique poker melds	Each unique meld also adds +1 to the combo	The next poker meld scores triple instead of double	A meld through its cell counts as unique even if it repeats
Q1707	AC	AC1	skill	Level 2 of Q0010 Noble Family card		b	You approved: Each scored face card raises the next by 1, with no reset, so the chain runs the whole show	Each step of the chain adds 2 instead of 1	Cards sitting on a rank mark they match count as face cards for the chain	Each face card on a matched mark raises the chain by 1 as it is placed, before it scores
Q1708	AC	AC1	skill	Level 2 of Q0012 Hoop tower		c	Your words: consecutive same suit cards in a straight column or height based line multiply their score together. no rows or diagonals	Rows count too	Rows and diagonals count too	A card on a suit mark it matches counts as every suit for the run
Q1709	AC	AC1	skill	Level 2 of Q0013 Joker Stencil		a	You approved: Gains a multiplier for every empty cell on the grid at scoring	Covered cells whose mark was not matched count as empty too	Each empty cell in its own lines counts double	Cells an effect emptied this show count twice
Q1710	AC	AC1	skill	Level 2 of Q0014 Pagliacci		a	You approved: Gains a multiplier per debuff or negative status it carries, stacking	Debuffs on the other cards in its lines count toward it too	It may pass one debuff to a neighbour each placement and keep the multiplier	Each debuff counts double
Q1711	AC	AC1	skill	Level 2 of Q0015 Searing Knife		c	Your words: when played, locked in place and cannot be moved, but triples score of lines it is scored in	Lines it scores in pay four times instead of three	The lock spreads to every card in its lines, and each of them adds +1 to the multiplier	Once a show you may move it onto another cell whose mark it matches, and it keeps the triple
Q1712	AC	AC1	skill	Level 2 of Q0016 Swashbuckler		a	You approved: Adds the total sell value of your other cards to the multiplier ⚑ *pair review: the effect you approved keys on sell value, and the ruling is no currency; (d), or write what it counts instead*	Cards sitting on marks they match count their sell value twice	Also adds the sell value of the card the mark under it was copied from	Each time a line through it scores, its own sell value rises by 1
Q1713	AC	AC1	skill	Level 2 of Q0017 The Advance Campaign		a	Your words: tap to consume remaining cards from entrance, gaining rank equal to ranks consumed	The consumed cards go to the bottom of their stocks instead of being lost	It also takes the consumed cards' skills for the rest of the show	A consumed card whose rank agrees with any uncovered mark adds its rank twice
Q1714	AC	AC1	skill	Level 2 of Q0018 The Kecak Chorus		a	You approved: When any meld scores, gains a multiplier per card on the board whose rank is lower than this card's	It also counts the lower-ranked cards waiting in the Entrance	Cards of equal rank count too	Cards buried in stacks count too
Q1715	AC	AC1	skill	Level 2 of Q0019 The Wall of Death		a	You approved: Both adjacent columns gain a multiplier, and every card in them takes an Exhausted debuff at show end	Cards in those columns that sit on marks they match are spared the Exhausted debuff	The multiplier also reaches its own column	No card is Exhausted at all
Q1716	AC	AC1	skill	Level 2 of Q0020 Abstract Card		a	You approved: Raises the multiplier to a power that grows the longer this card survives, with a rising chance of destruction	Its destruction chance does not rise while it sits on its mark	The exponent grows twice as fast	If it would be destroyed, the mark under it is destroyed instead and it survives
Q1717	AC	AC1	skill	Level 2 of Q0021 Breaking Infinity		a	You approved: Score is capped, and each cap broken permanently unlocks the next operator tier for the rest of the run	Breaking a cap while it sits on its mark counts as breaking two	Each matched cell on its grid lowers the current cap by one step	The tier it unlocks applies from this show, not the next
Q1718	AC	AC1	skill	Level 2 of Q0022 Critical Deck		a	Your words: skill, each score has 50% chance to be squared or square rooted	A line through its cell is never square-rooted	It rolls twice and keeps the better result	It rolls only for lines it scores in, and they are squared three times in four
Q1719	AC	AC1	skill	Level 2 of Q0023 The Long Shot		b	Your words: small chance to increase multiplier of any score, chance improves with each miss, resets on hit	A hit no longer resets the chance	Each matched mark on its grid adds to the chance	Each miss improves the chance twice as much
Q1720	AC	AC1	stamp	Level 2 of Q0024 Double Trigger		c	You approved: All of this card's effects trigger twice	Its effects trigger three times	The card under it and the card on top of it trigger twice as well	Its effects trigger once more for each property it matches beyond the hat
Q1721	AC	AC1	skill	Level 2 of Q0025 Echoing Trigger		a	You approved: Every card's triggers in this card's own row and column repeat once	Reaches its diagonals too	The triggers repeat twice	Only the triggers of cards sitting on marks they match repeat, but they repeat twice
Q1722	AC	AC1	skill	Level 2 of Q0026 Exposed		a	You approved: Retriggers every scoring non-face card twice more, and debuffs every face card	Face cards sitting on marks they match are not debuffed	Face cards are not debuffed at all	Face cards are retriggered once, not debuffed
Q1723	AC	AC1	skill	Level 2 of Q0027 Hanging Chad		c	You approved: Retriggers the first and last card of a scoring line one extra time each	The middle card is retriggered too	The first and last cards are retriggered twice each	Every card in the line that sits on a matched mark is retriggered too
Q1724	AC	AC1	skill	Level 2 of Q0028 Seltzer		a	You approved: Retriggers every scoring card until it has retriggered a fixed total number of times, then is destroyed	Retriggers of cards sitting on marks they match do not count toward the total	Instead of being destroyed it returns to the deck with its count reset	The total it can retrigger is doubled
Q1725	AC	AC1	skill	Level 2 of Q0029 The Aerialist		c	Your words: tap to trigger rescore as if this card was just placed there again	The rescore also fires the mark's landing, as if a matching card had just been placed	It may be tapped twice a show	The tap also rescores the lines through the cells beside it
Q1726	AC	AC1	skill	Level 2 of Q0030 The Clock Hang		a	Your words: can be placed outside of grid as if grid is (n+1)x(n+1) size. Participates in melds as if meld is 6 long now	On its mark inside the grid, its row and column may each take a sixth card past the edge	On its mark, the sixth card past the edge of each of its lines scores as if it sat on a mark it matches	On its mark, you may hang one card of your choice past the edge of its row this show
Q1727	AC	AC1	skill	Level 2 of Q0031 The Drone Swarm		c	You approved: Cue, once per show: re-trigger any formation bonus already scored this show, paying it again	Twice per show	It may re-trigger a formation from earlier in the run, not only this show	The re-triggered formation pays as if every mark in it were matched
Q1728	AC	AC1	stamp	Level 2 of Q0032 The Encore		b	Your words: Triggers the skill once all grids are filled	It triggers the card's skill twice when the grids fill	It also triggers when the card's own row or column fills	When the grids fill it triggers the skill of every card in its lines once
Q1729	AC	AC1	skill	Level 2 of Q0033 The Fanchant		a	Your words: once grid is full, score entire grid as one meld	Cards sitting on marks they match count as wild in the grid-meld	The grid-meld scores again whenever a line in the full grid is rescored	The grid-meld's score goes into all three buckets
Q1730	AC	AC1	skill	Level 2 of Q0034 The Groundhog		b	Your words: replay last effect that triggered, ignoring caps on limits it can be triggered for all cards impacted by the effect (possibly reduce limits first)	It replays the last two effects	The replayed effect fires at its level 2, as if its card sat on a matched mark	It may be used again after any line through it scores
Q1731	AC	AC1	skill	Level 2 of Q0035 The Seesaw		b	You approved: Swaps a tenth of the line's flat points into its multiplier	It swaps a fifth instead of a tenth	You choose the direction each time: points into multiplier or the reverse	The swapped points are copied, not moved, so the flat points keep them
Q1732	AC	AC1	skill	Level 2 of Q0036 The Accountant		c	Your words: when tapped, row and columns scores are averaged by their total first, at cost of half the current combo	No combo cost	It costs a quarter of the combo instead of half	It averages the special bucket in with rows and columns
Q1733	AC	AC1	skill	Level 2 of Q0037 The Credit Line		b	Your words: points earned interacting with this card such as through melds are instead absorbed by the card, gaining interest between games. Tap before it absorbs any score to score the total absorbed amount into current game score, but can no longer absorb anything that game. Banked amount is never lost, it accumulates on rounds it is not used	Its interest doubles	It keeps absorbing after the tap	Points from lines through a matched cell are absorbed at double
Q1734	AC	AC1	skill	Level 2 of Q0039 The Giant Killer		c	Your words: scores large multiplier scaling based on amount of hazards/boss effects seen by this card	Each hazard it sees counts twice	Marks a level or blind granted count as hazards seen	On its mark, the current hazard's effect on its lines is reversed for that placement
Q1735	AC	AC1	skill	Level 2 of Q0040 Card Sharp		c	You approved: Gains a multiplier that grows each time the same hand type is scored again in a show	Its growth carries into the next show at half	It grows twice per repeat	On its mark you name one hand type; repeats of that type grow it twice
Q1736	AC	AC1	skill	Level 2 of Q0041 Facile		c	Your words: raises multiplier by a lot if this is first card on a grid	It also counts if it is the first card in its row or column	The raise lasts as long as no other card is placed in its lines	It still counts as the first card on its grid if every card placed before it sits on a mark that card matches
Q1737	AC	AC1	skill	Level 2 of Q0043 Green Seal		c	Your words: Duplicate the high card in the same meld as the card with this skill	It duplicates every card in the meld that shares the high card's rank	The duplicate is dealt as the mark of the nearest empty cell	The duplicate goes on top of an Entrance stock, so you can place it next
Q1738	AC	AC1	skill	Level 2 of Q0045 Non-scoring bonus card		c	You approved: If this card is not part of any scoring hand this Entrance refill, it gives 10 points and gains +1 rank	It gains +2 rank instead of +1	The 10 points also go to every card in its lines	When its rank rises, the mark under it rises with it, so it stays matched
Q1739	AC	AC1	skill	Level 2 of Q0046 Obelisk		a	Your words: permanent multiplier for consecutive meld different from the last one scored, resets if two same melds scored after each other	A repeat halves the multiplier instead of resetting it	Melds through its cell always count as different from the last	It grows by 2 per meld instead of 1
Q1740	AC	AC1	skill	Level 2 of Q0048 Supernova		a	Your words: (a) Adds to the multiplier the number of times the scoring hand type has been played this run and can include variant to add number of times all scoring hands other than this type has been scired added to multiplier to reward diversity	It counts every hand type's plays, not only the scoring one	Plays from this show count twice	Plays through a matched cell count twice
Q1741	AC	AC1	skill	Level 2 of Q0049 The Chromatic		a	Your words: meld its a part of gets negative multiplier if equal or more odd ranks in its meld than even ranks. (can be a good counter to hazards that cause negative multipliers)	On its mark you choose, each time its meld scores, whether the sign flips	Its meld's negative multiplier doubles	Its meld's negative sign also flips a hazard's negative multiplier on that line
Q1742	AC	AC1	rank	Level 2 of Q0050 The Deficit Rank		a	You approved: This rank subtracts its value from the line it is in, and adds one to the combo for every card it drags down	Level 1 keeps only the subtraction; on a rank match the combo clause switches on: +1 combo for every card it drags down	Level 1 is the whole approved effect; level 2 also pays the rank-match bonus as if its value were positive	On a rank match, the cards it drags down each add one to the combo again when their line next scores
Q1743	AC	AC1	skill	Level 2 of Q0053 Grock's Instrument		a	Your words: when scored in a meld, jumps to closest cell in the grid that would not complete a line, otherwise hop once to closest cell and complete the meld without jumping again	It always jumps onto a mark it matches when one is in reach	The line it leaves scores once more as it goes	Its jump may land on top of a stack
Q1744	AC	AC1	skill	Level 2 of Q0054 Mid-show instant tips		c	Your words: skill, keep track of score of last meld. gain score based on difference between highest scored meld and last highest scored meld. rewards building up from low scores to high scores	It pays the difference twice	It also pays when the newest meld ties the highest	When a new record is set, the line that held the old record scores once more
Q1745	AC	AC1	skill	Level 2 of Q0055 Style flourish (Mie)		c	Your words: prevents immediate scoring when meld containing this card is complete. Finally scores all connected melds containing this card when tapped. gain points for each meld scored before being tapped	Held melds pay double when released	It can hold and release twice a show	Each held meld through a matched cell adds +1 to the release's multiplier
Q1746	AC	AC1	skill	Level 2 of Q0056 Suspended Overhead		a	Your words: skill, when placed in grid, causes next skill B already in the grid that would trigger to be instead be tracked by the current skill A, preventing all triggers of B. Then when skill A is scored in a meld, trigger B for amount of times it was prevented from triggering times 2 and releasing it from skill A lock for future triggers	Skill B is released at triple, not double	It may lock two skills at once	B is released the moment this card lands on its mark, not only when it scores
Q1747	AC	AC1	skill	Level 2 of Q0057 The Hunger Artist		b	You approved: Gains bonus points for each consecutive show it stays in the deck unplayed, pays it all when scored, then resets to zero	It keeps half the bonus through the reset	The bonus is also paid to every card in its lines	The bonus doubles
Q1748	AC	AC1	skill	Level 2 of Q0058 The Instrument		a	Your words: Moves away into open cell 1 away from current position instead of scoring, each dodge increases multiplier for meld it is eventually scored in. Once it has scored in a meld, it stops dodging	It may dodge two cells, onto a mark it matches	Each dodge raises the multiplier twice as much	It keeps dodging after it has scored once
Q1749	AC	AC1	skill	Level 2 of Q0060 The Cloakroom		b	Your words: if goal is already met, scored cards containing this card in new melds get their current type converted to gold type cards	It converts cards before the goal is met too	Cards sitting on marks they match become gold even outside its melds	The mark under it becomes gold as well, so the next card placed there is converted
Q1750	AC	AC1	skill	Level 2 of Q0061 The Hat Line		a	Your words: At end of show, this card increases rank by one and gets random stamp/seal/hat	It gains the hat of the mark it sits on instead of a random one	It gains two ranks instead of one	Every card in its lines gains the rank too
Q1751	AC	AC1	skill	Level 2 of Q0062 The Lecture		b	Your words: based on this idea, split it into 2 different effects, have card whose effect scores based on amount of non talent cards there are, and another whose effect scores based on amount of talent cards there are	It also counts the cards waiting in the Entrance	A card sitting on a talent mark it matches counts as talented for it, whatever it carries	Cards in its own lines count double
Q1752	AC	AC1	skill	Level 2 of Q0063 Lemon Trophy		b	Your words: score of meld containing this skill is added to multiplier combo instead of to the flat point side	Its meld's score goes to both the multiplier and the flat points	Every meld through its lines is added to the multiplier, not only its own	Also +1 combo for each matched mark in the meld
Q1753	AC	AC1	skill	Level 2 of Q0065 The Softcap		c	Your words: add +1 to flat point for every +1 in combo, basically matching the contribution	+2 flat points for every +1 in combo	Counts only combo gained from marks, but at +3	Also +1 combo for every 10 flat points
Q1754	AC	AC1	skill	Level 2 of Q0067 Diversity-based scoring instead of combo		a	Your words: skill, extra points for each card around this card that shares no similarity in rank suit skill	It counts cards two cells away too	A neighbour sitting on a mark it matches counts even if it shares something with this card	A neighbour that also shares nothing with its own mark pays double
Q1755	AC	AC1	skill	Level 2 of Q0068 Flea Circus		b	Your words: skill, counts as 3 rank 1 cards in one for all purposes. original rank on the card is ignored	It counts as five rank-1 cards	It counts as three cards of its mark's rank instead of rank 1	It may be placed across three adjacent empty cells, one rank-1 card in each, each tested against its own mark
Q1756	AC	AC1	skill	Level 2 of Q0069 Grand Spec		a	Your words: if this card finishes a column, double its meld score	Also when it finishes a row	Triple instead of double	Every other line it finishes that placement doubles too
Q1757	AC	AC1	skill	Level 2 of Q0070 Presentation		a	You approved: While spotlit, an unbroken ascending sequence of placements adds +1 combo per placement, and any drop resets it	A placement onto a matched mark never breaks the sequence	+2 combo per placement instead of +1	An equal rank continues the sequence
Q1758	AC	AC1	stamp	Level 2 of Q0071 Spangle		c	You approved: The first time this card is part of a scored meld each placement, it adds +1 combo for each distinct suit in that meld	Every time, not only the first each placement	Also +1 combo per distinct rank in the meld	+1 more combo for each card in the meld sitting on a matched mark
Q1759	AC	AC1	skill	Level 2 of Q0072 The Calliope		c	You approved: Gains +1 combo for every different class on the grid, whether or not it scored	It counts the classes of cards waiting in the Entrance too	+2 combo per class	A class counts twice once one of its cards sits on a mark it matches
Q1760	AC	AC1	stamp	Level 2 of Q0073 The Dramaturg		a	Your words: this would make more sense as a stamp. repeat triggers are always fresh on the attached card	Triggers of every card in its lines are fresh too	Each fresh trigger adds +2 combo instead of +1	The wearer's first trigger each Entrance refill counts as fresh for every card in its lines
Q1761	AC	AC1	skill	Level 2 of Q0074 The Exchange Rate		c	Your words: tap to absorb all future scoring on same board into this card. that score becomes that cards own score bonus when the card itself is scored. stops absorbing scores once its been scored at least once	It absorbs double	It keeps absorbing after it has scored once	When it scores, the bank is paid into every line through it
Q1762	AC	AC1	skill	Level 2 of Q0075 The Forty-Two		b	Your words: would make more sense as a meld detector that detects when ranks in a line adds up to certain number. player should not be forced to calculate exact score a potential hand can get, but adding up ranks of cards is easy	Any multiple of the number counts	A line within one of the number counts	A card on a mark it matches adds its rank to the sum twice
Q1763	AC	AC1	skill	Level 2 of Q0077 The Menagerie		b	Your words: multiplier per distinct rank on the board	It counts distinct suits too	A rank matched on a mark this show counts as two distinct ranks	It counts the ranks waiting in the Entrance too
Q1764	AC	AC1	skill	Level 2 of Q0078 Drumroll		c	Your words: melds scored after card placed that fills in last empty spot on a board gets bonus multiplier	The bonus multiplier doubles	The bonus multiplier grows by one for each line already complete when the board filled	The bonus multiplier also opens once every mark in its own lines is matched, full grid or not
Q1765	AC	AC1	skill	Level 2 of Q0079 The First Juggler		a	Your words: worst hand is high card, so skill should be scores a bonus as the high card in high card meld. gains permanent bonus for amount of cards it is in the same meld with, but only scores its bonus if its the high card	It pays in any meld, not only as the high card	It gains its bonus twice as fast	Its bonus also goes to the high card of every line through it
Q1766	AC	AC1	skill	Level 2 of Q0080 The Odd Couple		b	Your words: meld checker, after a line is complete, score points based on highest and lowest ranked card in the line, scaling with their gap	It pays the gap twice	Cards on marks they match may count one rank higher or lower, your choice, to widen the gap	It measures the gap across its row and column together
Q1767	AC	AC1	skill	Level 2 of Q0081 The Scoop		a	Your words: this will trigger by default always since by definition every line of a grid will be scored under normal play. skill where score points based on amount of cards on board that participated in meld instead, rewarding hands and board where every single card participated. can count same card multiple times if used across different melds	A card on a mark it matches counts as participating even if no line through it scored	Cards that take part in two melds count three times	A participating card counts once for every card in its stack
Q1768	AC	AC1	skill	Level 2 of Q0082 Positional Royalties		b	Your words: skill, extra points for repeating same meld with different suit or ranks. for example flush cannot be same suit, straight cannot use same ranks, x of a kind cannot be same rank	Suits or ranks may repeat, not both	It pays double	Repeats through its cell count as different
Q1769	AC	AC1	skill	Level 2 of Q0083 The Comeback		a	Your words: scores multiplier based on amount of cards used from deck, scaling with larger decks and being drawn late	It counts discarded cards too	The multiplier doubles	Each card placed on a mark it matches counts as two cards used
Q1770	AC	AC1	skill	Level 2 of Q0084 The Front-Runner		b	Your words: scores multiplier if part of first meld created on the board	Also the first meld of each line kind this show: row, column, diagonal and height	Also the first meld after each Entrance refill	The multiplier triples
Q1771	AC	AC1	skill	Level 2 of Q0085 The Handicapper		b	You approved: Falling far enough behind switches the whole board to a stronger set of defaults for that show	The threshold is halved	The stronger defaults also count every mark as matched on suit	It also switches when you are far enough ahead
Q1772	AC	AC1	skill	Level 2 of Q0087 Adjacency-required marriage melds		c	You approved: Marriage melds require exact adjacency, and any two adjacent cards that pair score as a meld of their own	Diagonal neighbours count as adjacent for its pairs	An adjacent pair that includes this card scores double	An adjacent pair that includes this card also pairs across a one-cell gap
Q1773	AC	AC1	skill	Level 2 of Q0088 Badugi		a	You approved: A new hand: a full line with no two cards sharing a rank and no two sharing a suit, adding: skill not rule	Lines through its cell may share one rank or one suit and still count as this hand	This hand, through its cell, adds +1 to the multiplier for each suit in the line	Scoring this hand through its cell rerolls every uncovered mark on the grid
Q1774	AC	AC1	skill	Level 2 of Q0089 Beehive four-of-a-kind removal		a	Your words: skill, tap to activate, next card you click on gets all cards of same rank scored as 1 meld and discarded from board	Cards of that rank sitting on marks they match are scored but stay on the board	It also takes the cards of that rank waiting in the Entrance	It can be tapped again after each Entrance refill
Q1775	AC	AC1	skill	Level 2 of Q0090 Blackjack bust rule		c	You approved: A line whose ranks total exactly 21 scores as its own meld, alongside its poker hand, adding: should be a skill not rule. follows same rules as blackjack when scoring the meld since aces and faces count as 10	A line of 21 through its cell scores the meld twice	Lines through its cell also score this meld at exactly 20	Once per show, a line through its cell that goes over 21 scores as 21 anyway
Q1776	AC	AC1	skill	Level 2 of Q0093 Cribbage phase-1 stack-to-31		c	You approved: A running total builds across placements up to 31, scoring at exact totals along the way	Each exact total also adds +1 to the combo	Hitting 31 exactly re-scores every line through the card that hit it	A card placed on a mark it matches may add or subtract its rank from the total, your choice
Q1777	AC	AC1	skill	Level 2 of Q0094 Cribbage-style scoring		c	You approved: Face cards count as 10; the cribbage counts score alongside poker hands rather than replacing them, adding: skill not rule	Each fifteen through its cell also adds +1 to the combo	Each fifteen through a matched cell counts 3 instead of 2	Its row and column also count their cribbage totals together, as one nine-card hand
Q1778	AC	AC1	skill	Level 2 of Q0095 Flower Pot		b	Your words: skill, multiplier scaling based on unique suits on board	It counts the suits waiting in the Entrance too	A suit counts twice when one of its cards sits on its own suit mark	Each distinct suit adds twice as much
Q1779	AC	AC1	skill	Level 2 of Q0096 Mahjong hand check across ring		a	You approved: A grid holding four triplets and a pair across its rows or its columns scores as a mahjong hand	The mahjong hand may mix rows and columns	The mahjong hand pays double	Triplets may also run diagonally through its cell
Q1780	AC	AC1	skill	Level 2 of Q0097 The Whole Company		a	Your words (the second idea; the first is Q0033): skill, when placed, draw 1 from each entrance stock and score the hand	A drawn card that matches an uncovered mark is placed there instead of discarded	It draws two from each stock and scores the best five	The drawn hand pays double if any drawn card matches the mark this card sits on
Q1781	AC	AC1	skill	Level 2 of Q0098 None (the empty hand)		b	Your words: skill, when placed immediately scores the lines it is in, using marks for empty cells	It also rescores whenever a card is later placed in its lines	The immediate score also reads height lines through its cell	It also scores the lines of every card sitting on a mark it matches
Q1782	AC	AC1	skill	Level 2 of Q0099 Pyramid entrance-match removal		a	You approved: A grid card may be removed if it matches the current Entrance card by one rank up or down, adding: skill, scores points for matching	It also matches the Entrance card on suit	The emptied cell has its mark rerolled	Removing a card pays the mark's match bonus as if it had been matched
Q1783	AC	AC1	skill	Level 2 of Q0100 Pyramid pair-removal rule		a	You approved: Two cards summing to 13 may be removed and score as a meld, freeing their cells, adding: skill, if added ranks of two cards add to 13, they can be matched, scored, and discarded. happens if one card is attempted to be stacked on another	Dropping a card onto an empty neighbouring cell whose uncovered mark sums with it to 13 scores the pair and discards the card instead of placing it; the mark stays	Pairs summing to 13 or 14 both count	The two freed cells are refilled from the top of the Entrance stocks
Q1784	AC	AC1	skill	Level 2 of Q0101 Rummy meld types		a	You approved: Rummy melds score alongside poker hands rather than replacing them	Runs through its cell may bend around one corner	Sets of two same-rank cards count as rummy melds	A rummy meld through its cell also pays into the special bucket
Q1785	AC	AC1	skill	Level 2 of Q0102 Sets-of-3 rank boost		c	You approved: Any three matching cards on the grid may be cashed in for an effect you choose from three, adding: skill	It offers four effects to choose from instead of three	A set that includes a card on a matched mark counts as two sets	A set that includes this card is cashed for two effects
Q1786	AC	AC1	skill	Level 2 of Q0103 The Fifteen		a	Your words: personal meld that scores whenever there is a combination of cards chained together orthogonally that adds to 15, so can score multiple times	Diagonal steps count in the chain	A chain through its cell may pass through one stacked card, counting its top	A chain summing to 30 pays triple
Q1787	AC	AC1	skill	Level 2 of Q0104 The Pure Hand		b	Your words: since having everything be same suit is easy to play around, i would rather reward variety in suits and ranks. so instead have skill that massively rewards grid having no cards with matching suit and rank	One repeated card is allowed	A card sitting on a mark it matches is ignored when checking for repeats	A grid one repeat short still pays half
Q1788	AC	AC1	skill	Level 2 of Q0106 The Triple		c	You approved: Any run of exactly three cards scores as a full meld in its own right, whoever completes it	A run of three through its cell may bend at a corner	A run of three through its cell scores again when it grows to four	A run of three through its cell scores as a five-card straight
Q1789	AC	AC1	skill	Level 2 of Q0107 Ultimate Pair		b	Your words: this is just 2 pair or 4 pair, already implemented. therefore should be skill that checks for 4 different pairs across entire board	Three pairs are enough	A pair whose two cards both sit on marks they match counts as two pairs	It pays again for each pair beyond four
Q1790	AC	AC1	skill	Level 2 of Q0108 Four Fingers		a	You approved: Flushes and straights may be completed with four cards instead of five, adding: skill	A four-card flush or straight through its cell pays as a five-card one	Two pair may also stand in for a full house	The fifth card may be any card sitting on a mark it matches
Q1791	AC	AC1	skill	Level 2 of Q0109 Paved Joker		a	Your words: marks can fill in gaps to make melds, as long as there is only 1 empty space which the mark is filling in for	Two empty spaces may be filled by marks	A mark filling a gap pays as if a card matching its rank had been placed there	Marks may fill a gap in lines through its cell even where two spaces are empty
Q1792	AC	AC1	skill	Level 2 of Q0110 Shortcut		c	You approved: Straights may be completed with gaps of one rank	Gaps of two ranks count in lines through its cell	A straight may carry one repeated rank in place of a gap	A card sitting on a mark it matches may stand in for any single missing rank
Q1793	AC	AC1	skill	Level 2 of Q0111 The Red Wagon		b	Your words: first card placed on the board is the trump. cards with matching suit get wild suit and cards with matching rank get wild rank	Cards placed on marks they match count as matching the trump	Once per show, placing a card on a mark it matches names it the new trump	A card matching the trump on both suit and rank is wild in both
Q1794	AC	AC1	skill	Level 2 of Q0112 The Spider Rule		a	Your words: skill, stacks build one rank down regardless of suit	Its own stack may build one rank up or down	A same-suit stack through its cell scores double	A stack built on it scores at four cards as well as five
Q1795	AC	AC1	skill	Level 2 of Q0117 Calculation Solitaire looping stacks		a	Your words: melds can be made if difference between ranks is same across the cards in an arranged sequence, positioning of cards dont matter. so a scoring hand would contain a sub sequence from these possible builds 1: A,2,3,4,5,6,7,8,9,10,J,Q,K. 2: 2,4,6,8,10,Q,A,3,5,7,9,J,K. 3: 3,6,9,Q,2,5,8,J,A,4,7,10,K. 4: 4,8,Q,3,7,J,2,6,10,A,5,9,K. this means maximum possible meld size is 13	Builds with a difference of 5 or 6 count too	A sequence may skip one step	A sequence through its cell counts its stacked cards too
Q1796	AC	AC1	skill	Level 2 of Q0118 Fan Tan foundation-build rule		c	Your words: skill, 7s on board allow stacking up or down same suit cards. can only be either upwards or downwards, not both, so player must choose one	Both directions at once	Any suit may build on a seven	A stack on a seven that sits on a matched mark scores double
Q1797	AC	AC1	skill	Level 2 of Q0119 Foundations From Both Ends		c	Your words: skill, meld where all 13 base ranks exist on the board at the same time. idea is that this is possible only by creating stacks on the board, so player tries to create stacks as deep as possible	Ranks waiting in the Entrance count toward the thirteen	Twelve ranks are enough	Each rank present twice on the board pays extra
Q1798	AD	AD1	suit	The Bank Shot		a	This suit's props take the diagonal. **Level 1 is the plain suit; each option is its level 2**, firing on a suit match	This suit's props travel the longer diagonal through the card, your choice on a tie, and pay their score into the special bucket	This suit's props travel both diagonals through the card, each paying the special bucket at half	This suit's props travel the diagonal, and at the grid edge turn onto the other diagonal through the card they stopped on
Q1799	AD	AD1	skill	The Crossing		a	A matched card is a hub. **Level 2, on its own mark:** The crossing counts its diagonals too: the best five of every cell in its row, column and diagonals	Each time its row or its column scores while it sits on a mark it matches, the two together pay a second hand, the best five of their nine cards, into the special bucket	As (a), into the bucket of your choice	As (a), only when both its row and its column are complete
Q1800	AD	AD1	skill	The Empty Bucket		a	The opener is the line that counts. **Level 2, on its own mark:** A line through its cell that opens a bucket also adds +1 combo	The first line each show to pay into a bucket of its grid that stands at zero adds +2 to that line's own multiplier	The first line into a zero bucket pays double	While any bucket of its grid stands at zero, lines into the others pay half; the line that opens the last bucket pays triple
Q1801	AD	AD1	hazard	The Flat Rate		c	Boss: the buckets add instead of multiply	Boss: a grid's score is the sum of its buckets, at a goal set for a sum	Boss: the buckets add, at a goal set for a sum, and the bucket that has scored most so far pays every line into it double	Boss: only the two largest buckets multiply and the third adds, at a goal set for that scale
Q1802	AD	AD1	skill	The Floor Marks		a	Props read the marks of the cells they pass. **Level 2, on its own mark:** A mark a prop launched from its cell reads also pays into the special bucket	A hoop or knife passing an empty cell pays that cell's mark's rank into its line's bucket	A ball passing an empty cell juggles the mark: the next card placed there counts as hitting it on rank	A flame passing an empty cell lights the mark: the next card placed there arrives Burning
Q1803	AD	AD1	skill	The Four Corners		a	The X of the grid is a line. **Level 2, on its own mark:** The X pays into the bucket you name instead of special	When the four corner cells and the centre are all filled, they score as a line into the special bucket	The four corners alone score as a four-card hand into the special bucket	The X scores as a line into the special bucket, and each corner card counts as adjacent to the other three
Q1804	AD	AD1	skill	The Full Bill		c	Breadth across the geometry. **Level 2, on its own mark:** A line through its cell of a kind not yet scored this show also adds +1 combo ⚑ *pair review: the +2 for all four kinds needs a height line, which only a stacking effect makes*	+1 combo the first time each show a line of each kind scores - row, column, diagonal, height - and +2 more when all four have	+1 combo per kind, and the +2 fires again each Entrance refill in which all four kinds score	+1 combo per kind; while any kind has not scored this show, lines of that kind pay double
Q1805	AD	AD2	hazard	Single File		b	The plan is one stock's	Level: every mark is dealt from one stock, named at show start	Level: each column's marks are dealt from the stock under it, so every hit is a straight drop	Level: every mark is dealt from one stock, and you are not told which
Q1806	AD	AD2	skill	The Catapult		b	A prop that finishes on an empty cell fires a card into it. **Level 2, on its own mark:** The fired card lands on the empty cell in that column whose mark it matches best, not the cell the prop stopped in	A prop that finishes its path on an empty cell places there the Entrance card of the slot under that column	As (a), only when that card matches the cell's mark on at least one property	As (a), and you choose which Entrance card it fires
Q1807	AD	AD2	skill	The Late Seating		a	The seat nobody took till last pays. **Level 2, on its own mark:** The fourth card placed of each refill pays it too	The last card placed in each Entrance refill pays its match bonus twice	As (a), and it pays one step into the special bucket even when it matches nothing	The last card placed in each Entrance refill adds +1 to the multiplier of every line it completes
Q1808	AD	AD2	skill	The Rain Check		a	What you threw away is what the next show asks for. **Level 2, on its own mark:** Hitting a mark dealt from the discard returns that card to the top of the stock you choose ⚑ *pair review: fires only when another effect discards from the board; there is no discard action*	The next show's marks are dealt from the cards discarded during this show first, then from the deck	Only the cells whose marks were matched this show are re-dealt from this show's discards; the rest come from the deck	As (a), and a card discarded in two shows running is dealt to two cells
Q1809	AD	AD2	skill	The Second Company		a	The discard performs too. **Level 2, on its own mark:** The hand is also read when a card is discarded from the Entrance ⚑ *pair review: fires only when another effect discards from the board; there is no discard action*	Whenever a card is discarded from the board, the top five cards of the discard are read as a poker hand and banked into the special bucket	As (a), banked into the bucket of the line the card left, or special if it left no complete line	The discard is read only when its count reaches a multiple of five, all five as one hand, into the special bucket
Q1810	AD	AD2	skill	The Straight Drop		a	The slot sits under its column: a card that rises straight pays. **Level 2, on its own mark:** A straight drop is compared against the marks of every empty cell in its column and pays the best hit, wherever in the column it lands	A card placed in the column of the Entrance slot it came from adds +1 to the multiplier of every line it completes	A straight drop pays a step into the special bucket, and a refill whose five cards all drop straight into one row scores that row twice	A straight drop pays a step into the special bucket and turns up the next card of that slot's stock early, so you see it before placing the rest
Q1811	AD	AD2	skill	The Understock		a	Draining one stock is a choice; pay for it. **Level 2, on its own mark:** Each stock that empties while it sits there also re-scores the lines through its cell	When you place the last card of any Entrance stock, score a step into the special bucket for each card the other stocks still hold	As (a), and that slot refills once from the bottom of the deepest stock	As (a), doubled for the first stock to empty in a show
Q1812	AD	AD3	skill	The Encore Stack		a	A card the mark wants may always climb on. **Level 2, on its own mark:** Each card stacked onto its cell that hits the mark also re-scores this card's row ⚑ *pair review: its level 1 is the level 2 of Q0245 and Q0312: a card the mark wants may join a stack whatever the rules say; keep one*	A card that matches a cell's mark on any property may be stacked onto that cell, whatever the stacking rules say	As (a), on rank only	As (a), and a stack so built cannot be broken up
Q1813	AD	AD3	skill	The Human Pyramid		a	A hit builds upward. Its tokens are ghosts: they leave the deck when the show ends. **Level 2, on its own mark:** The token goes onto any card in its lines that sits on a matched mark, your choice	When a card hits its mark, a rank-1 token of the mark's suit is stacked on it; a token spawns no token	As (a), only when the matched card's row or column is already complete, so pyramids rise on scored lines	As (a), and a stack that reaches five pays into the special bucket twice
Q1814	AD	AD4	skill	Second Wind		a	A spent card wakes on a hit beside it. **Level 2, on its own mark:** Hits in its lines wake cards anywhere on the grid ⚑ *pair review: fires only while an Exhausted card stands on the grid, which needs Q0019, Q0598 or Q0631 to enter*	When a card hits a mark adjacent to an Exhausted card, that card is no longer Exhausted	When a card hits any mark, one Exhausted card of your choice wakes	As (a), and the woken card fires once as it wakes
Q1815	AD	AD4	skill	Tent Peg		b	Nails one of this card's properties onto a mark. **Level 2, on its own mark:** The cue recharges at each Entrance refill	Cue: an uncovered mark in its lines takes this card's rank; the mark keeps its other properties	Cue: an uncovered mark in its lines takes one property of this card you choose	Cue: an uncovered mark anywhere takes one property of this card you choose, and this card's own mark loses that property in exchange
Q1816	AD	AD4	skill	The Bally		b	Spend the plan to fetch the card it promised. **Level 2, on its own mark:** The erased cell is not left blank: its mark is re-dealt from the next card of that stock	Cue once per show: erase an uncovered mark whose card is still in a stock; that card moves to the top of its stock	Cue once per Entrance refill: erase an uncovered mark whose card is still in a stock; that card moves to the top of its stock	Cue any number of times: as (a), but every erasure after the first each refill also sends that stock's top card to its bottom
Q1817	AD	AD4	skill	The Bill-Topper		a	A talent mark takes any act of its class. **Level 2, on its own mark:** Every class match pays the full talent mult	A card placed on a talent mark whose talent is of the card's own class counts as a talent match at half the mult	As (a), and the class match unlocks the placed card's level 2 as well	As (a); a class match by a card of this card's own class pays the full mult
Q1818	AD	AD4	skill	The Blindfold Throw		a	A card you have not seen, onto a mark you have. **Level 2, on its own mark:** A miss goes back on top of its stock instead of the discard	Cue once per Entrance refill: name an empty cell and a stock; the stock's next card is placed there unseen; a hit pays its match twice, and a card matching nothing is discarded and the cell stays empty	As (a), but a miss stays on the board and pays nothing	As (a), and a miss erases the mark with it
Q1819	AD	AD4	skill	The Changeling		a	A miss becomes the mark's card. **Level 2, on its own mark:** The changed card pays the rank match as well ⚑ *pair review: near Q1414 (a), which counts as the mark's rank, and Q1473 (b), which rewrites what covers a mark; this is those on a miss, by cue*	Cue, once per show: a card placed on a mark it matches nothing of becomes a copy of that mark's rank and suit for the show; it then melds as the mark but pays no match bonus	As (a), once per Entrance refill	As (a), and the copy keeps its own talent and hat
Q1820	AD	AD4	consumable	The Forecast		c	The plan as the stocks' forecast	Consumable: re-deal every uncovered mark in one row from the top five cards of one stock you name, in order	Consumable: as (a), in one column	Consumable: re-deal every uncovered mark in one row from the top card of each of the five stocks, left to right
Q1821	AD	AD4	skill	The Over-Under		a	Call how many of these five will hit. **Level 2, on its own mark:** The call may be raised once during the refill	At each Entrance refill, name how many of its five cards will land on marks they match; hitting the number exactly adds it to the combo, and missing costs nothing	As (a); one off pays half, and further pays nothing	The call is a floor: at least that many hits adds the number to the combo, and fewer takes one from it
Q1822	AD	AD4	skill	The Prompt Corner		a	Where a level 2 fires	Cue, once per Entrance refill: choose one card sitting on a mark it matches; until the next refill its level 2 fires on every line scored on the grid, not only through its cell — **level 2:** The cue may choose two cards	Name one card when this card is placed; its level 2 has that reach for the show — **level 2:** You may re-name the card at each Entrance refill	Every card at level 2 also fires it on lines through the cells beside its own — **level 2:** Two cells away, not one
Q1823	AD	AD4	skill	The Second Booking		b	A deck under twenty-five cards marks some card twice; use the repeat	When a card hits a mark, every other uncovered copy of that mark pays the hit's rank bonus into the special bucket — **level 2:** Copies in its lines pay it again each time a line through its cell scores	When a card hits a mark, every other uncovered copy is re-dealt from the top card of that card's stock, so the dead copy becomes a live target — **level 2:** You choose which stock's top card re-deals each copy	When a card hits a mark, every other uncovered copy counts as matched for every effect that reads matched marks — **level 2:** Copies in its lines also pay the hit's rank bonus into the special bucket
Q1824	AD	AD4	stamp	The Travelling Mark		b	A hit card that moves takes its mark with it. **Level 2, on its own mark:** The mark it carries is copied, not swapped: the cell it leaves keeps a copy as well	When an effect moves the wearer, the mark it sat on swaps into the cell it lands in	Cue once per Entrance refill: move the wearer to any empty cell; its mark swaps with that cell's	As (b), and the wearer carries any card stacked on it
Q1825	AD	AD5	stamp	The Counterweight		a	Its rank reads from the other end. **Level 2, on its own mark:** It counts as both its printed and its mirrored rank	The wearer's rank counts as the deck's highest rank plus one minus its printed rank, for melds and stacking	As (a), for melds only	As (a), and once per show you may flip it back
Q1826	AD	AD5	stamp	The Fixture		c	The wearer stays on stage between shows. **Level 2, on its own mark:** The cards beside it stay too ⚑ *pair review: (a) is Q0637's level 2 for one card*	At End, the wearer stays on its cell into the next show, and that cell's mark is dealt as a copy of it	At End, the wearer stays on its cell; its cell's mark is dealt at random	The wearer stays into the next show only if it ended this one on a mark it matched
