seen?,name,historical_reference,card_art,rarity,cost,effect,pseudocode,groups,why_fun,balance,scope,axis,needs_height,needs_grids,status,source
Added,Hoops,"Chinese hoop diving; Astley's 42-foot ring, the circus circle itself",A flaming-edged wooden hoop frozen mid-flight above a row of leaping silhouettes,Common,1,"Base suit. When a Hoops card scores, hoop props sweep the scored row; every talent (skill) card a hoop passes through scores again. Talented spawners suppress their own suit effect.","# IMPLEMENTED: PipSuitHoop
class PipSuitHoop extends PipSuit:
  func spawn_props(origin : Vector3i, count : int) -> Array[PropSpawner]:
    var s : PropSpawner = PropSpawner.new()  # route = scored row
    s.modifiers = [PropScoreTalents.new()]   # scores via game.add_line_score
    return [s]",suit;prop;combo,"Cards visibly jump through the hoop — the row's composition decides the payoff, so placement is the bet.",Dead in talent-poor rows; a talented card never fires its own hoop; fires only on scoring melds.,grid-local,x+line,no,1,,pre-grid catalog
Added,Knives,"Impalement arts — the thrower gets billing, the target girl has the nerve",A quivering throwing knife buried in a painted board beside an unflinching assistant,Common,1,Base suit. Knife props launch from the OPPOSITE row edge and score plain (non-skill) prop cards they pass; the spawner scores itself by design.,"# IMPLEMENTED: PipSuitKnife
class PipSuitKnife extends PipSuit:
  func spawn_props(origin : Vector3i, count : int) -> Array[PropSpawner]:
    var s : PropSpawner = PropSpawner.new()  # mirrored entry side
    s.modifiers = [PropScoreProps.new()]     # plain cards duck under
    return [s]",suit;prop;economy,The mirror of Hoops: your chaff finally earns — prop-heavy rows become knife alleys.,Anti-synergy with talent-stuffed rows; rewards keeping cheap cards you would otherwise cut.,grid-local,x,no,1,,pre-grid catalog
Added,Balls,Beni Hasan tomb jugglers (~1994 BCE) — the oldest trick on Earth,Three worn leather balls arcing over an upturned juggler's hat,Common,1,Base suit. Ball props arc down the column (mancala walk picks talent targets at spawn) and drop the Juggling status: a Juggling card pays out column score when it later scores.,"# IMPLEMENTED: PipSuitBall
class PipSuitBall extends PipSuit:
  func spawn_props(origin : Vector3i, count : int) -> Array[PropSpawner]:
    var s : PropSpawner = PropSpawner.new()  # ballistic, mancala targets
    s.modifiers = [PropDropStatus.new(StatusJuggling)]
    return [s]",suit;prop;status;combo,Deferred payoff — you seed Juggling now and choreograph the encore next submit.,Payout needs the target to score AGAIN; a cleared board wastes the setup.,grid-local,y,no,1,,pre-grid catalog
Added,Flames,Fire eating and full-body burns — the least forgiving skills in the industry,A gout of orange flame licking up from a performer's raised torch,Common,1,Base suit. Fire props arc down the column dropping Burning: a Burning card's own suit effect fires with multiplied prop count. Same-act fire cascades (row-scored Burning buffing later columns) are intended.,"# IMPLEMENTED: PipSuitFire
class PipSuitFire extends PipSuit:
  func spawn_props(origin : Vector3i, count : int) -> Array[PropSpawner]:
    var s : PropSpawner = PropSpawner.new()  # skips talents + other Fire
    s.modifiers = [PropDropStatus.new(StatusBurning)]
    return [s]",suit;prop;status;combo,Chain reactions — one good burn turns the whole act into a cascade the player authored.,Multiplies suit COUNT only; worthless on cards that will not score again this act.,grid-local,x+y,no,1,,pre-grid catalog
"Modified (type instead of suit, effect is that it increases its own cost, is heavy) (gold gen should be its own talent)",Gold,"Chinese money-suited cards — coins and strings of coins as suits, 1,100 years of precedent",A heavy coin-stamped card sinking through the deck like a coin in water,Rare,3,"Special suit, never rolled randomly. Gold-suit cards ARE currency (full trade value at shops); when one scores, mint a Gold token card (TypeHeavy) to the deck bottom.","class PipSuitGold extends PipSuit:
  func spawn_props(origin, count): return []  # no props
  func on_score(result) -> void:
    game.defer(func(): game.mint_card(TypeHeavy, RULES_GOLD))  # B10: defer deck mutation
    game.register_combo(combo_key())",suit;economy;token;Producer,Scoring literally prints money — the economy build's engine is visible on the table.,Gold tokens bloat and sink the deck; every mint dilutes draws toward dead weight.,global,deck,no,1,,pre-grid catalog
Added,Electric,"Bailey lit the circus by electricity in 1879, before most towns had it",A crackling blue arc leaping between two metal pylons over sepia canvas,Epic,5,"Special suit, never rolled. When an Electric card scores, an arc prop hops card-to-card through orthogonally adjacent cards, +points per link; the chain dies at the first gap.","class PipSuitElectric extends PipSuit:
  func spawn_props(origin : Vector3i, count : int) -> Array[PropSpawner]:
    var s : PropSpawner = PropSpawner.new()
    s.modifiers = [PropChainHop.new()]  # NEW PropModifier: route recomputed per hop,
    return [s]                          # pays game.add_line_score per link",suit;prop;formation;combo,Board topology becomes a circuit — players start wiring the Ring like electricians.,"All-or-nothing: one empty slot breaks the chain; wants dense boards, which choke Spotlight.",grid-local,x,no,1,,pre-grid catalog
Added,Fireworks,Ruggieri family pyrotechnics — the royal fireworks of 18th-century Europe,A rocket streaking up a card column leaving a glitter trail,Epic,5,"Special suit, never rolled randomly (deck12 is its only grant path). When a Fireworks card scores, the rocket rises its column and banks the column score directly.","# IMPLEMENTED: PipSuitFirework (special, excluded from PipSuit.STANDARD)
class PipSuitFirework extends PipSuit:
  func spawn_props(origin : Vector3i, count : int) -> Array[PropSpawner]:
    var s : PropSpawner = PropSpawner.new()  # rises, banks col score at top
    s.modifiers = [PropBankColumn.new()]
    return [s]",suit;prop;Special Effects;economy,"Instant, loud, column-sized payoff — the crowd-pleaser button.","No status, no chain — pure flat value; weakest in short columns.",grid-local,y,no,1,,pre-grid catalog
Added,Roman Numerals,"Circus Maximus, Rome — the original circus",A rank pip carved as marble Roman numerals with laurel trim,Common,1,"Cosmetic rank skin: this card's rank renders as Roman numerals. Melds, stacks and comparisons are completely normal.","class PipRankRoman extends PipRankNumeral:
  func get_frame() -> int: return ROMAN_FRAMES + rank  # visuals only
  # comparisons untouched: PipComparator numeric fallback applies",pip;cosmetic,Cheap collectible shine — rarity borders for people who like marble.,"None: pays only in style, competes for a pack slot with real effects.",grid-local,h,yes,1,,pre-grid catalog
Added,The Blank,Blank stock cards printed in real decks; the sideshow blow-off mystery tent,A card that is only an ivory rectangle with a faint question of a shadow,Common,1,"No rank, no suit. Stacks on anything; anything stacks on it; never melds and scores 0. Pure spatial glue.","class PipRankBlank extends PipRank:
  func on_compare_ranks(a, b): return 0.0    # always stackable
  func on_compare_suits(a, b): return NAN    # incomparable: never a flush
  # excluded from melds by returning no rank value to Scoring",pip;movement;freakshow,Teaches the deepest lesson — position is worth points you cannot see.,A permanently dead scoring slot; every Blank lowers your ceiling.,grid-local,h+line,yes,1,,pre-grid catalog
"Vetoed (rank that is always 11 is boring, joey should be a clown token with actual effect)",The Joey,Joseph Grimaldi — clowns are still called Joeys after him,A Jack in whiteface and motley juggling his own crown,Common,1,Face rename: Jacks are Joeys. A Joey counts as a Clown-class card for group effects.,"class PipRankJoey extends PipRankNumeral:  # rank 11
  func get_class_tag() -> StringName: return &'Clown'
  # group lookups (leaders, Greasepaint) read get_class_tag from pips too",pip;Clown,Faces stop being dead royalty and join the troupe — Jack synergy decks appear.,Tag only helps if you run Clown payoffs; otherwise an ordinary Jack.,grid-local,none,no,1,,pre-grid catalog
Vetoed (reference can be recycled),The Ringmistress,Mollie Bailey and Agnes Lake — women who owned and ran American circuses,A Queen in a scarlet tailcoat cracking a whip of ribbon,Common,1,Face rename: Queens are Ringmistresses. Counts as a Producer-class card for group effects.,"class PipRankRingmistress extends PipRankNumeral:  # rank 12
  func get_class_tag() -> StringName: return &'Producer'",pip;Producer,Same trick as the Joey — the court becomes staff you can build around.,Tag-only value; needs class payoffs to beat a plain Queen.,grid-local,none,no,1,,pre-grid catalog
Vetoed (reference can be recycled),The Impresario,James A. Bailey — the logistics genius behind Barnum's name,"A King buried in route maps, one gloved hand raising a train whistle",Common,1,Face rename: Kings are Impresarios. Counts as a Producer-class card and gives +1 trade value when spent at shops.,"class PipRankImpresario extends PipRankNumeral:  # rank 13
  func get_class_tag() -> StringName: return &'Producer'
  func trade_value() -> int: return 1 + base_trade_value()  # shop layer reads this",pip;Producer;economy,Kings become walking gift certificates — spending face cards finally feels right.,The +1 only matters if you sell him; in the Ring he is a vanilla King.,global,deck,no,1,,pre-grid catalog
Vetoed (reference can be recycled),The Headliner,Top billing on circus posters; the real solitaire ace rule,"An Ace as a spotlit performer alone on the poster, name in lights",Uncommon,2,"Face rename: Aces are Headliners. A Headliner counts HIGH or LOW in runs (1 or 14), decided at evaluation time in your favor.","class PipRankHeadliner extends PipRankNumeral:
  func on_compare_ranks(a, b) -> float:
    # answer both 1-adjacent and 13-adjacent as valid neighbors
    if is_ace(a): return best_of(compare_as(1, b), compare_as(14, b))
    return NAN  # fall through to numeric",pip;movement;combo,"Answers the notes' own question — yes, Aces are the actual performers, and duality is a real spatial decision.","Flexibility, not power: still one card, and greedy high/low reads can wreck a planned run.",grid-local,x,no,1,,pre-grid catalog
Added (makes more sense as hat),Half-Step,Sideshow in-between acts; HalfStepRank already stubbed in the code,"A pip painted as five and a half stars, the half star winking",Uncommon,2,Rank N½: stacks legally between N and N+1 in runs but never participates in poker melds.,"# stub exists: HalfStepRank
class PipRankHalfStep extends PipRank:
  func on_compare_ranks(a, b) -> float:
    return compare_fractional(a, b)  # 5.5 sits between 5 and 6
  # Scoring: excluded from hand evaluation (returns no meld rank)",pip;movement;freakshow,Glue for impossible runs — the fixer card that smooths a broken column.,Its column run gets longer but the poker axis loses a card: a real toll.,grid-local,h+line,yes,1,,pre-grid catalog
Added (made into talent),The Fifteen,"Cribbage — invented by Sir John Suckling, 17th-century poet and card sharp",A pip of two dice faces summing fifteen inside a brass ring,Uncommon,2,"This card ALSO melds with any adjacent neighbors whose ranks sum to 15 with it (the demoted cribbage rule — an ability, not a default).","class PipRankFifteen extends PipRankNumeral:
  func on_score_row(row : Array[CardData]) -> void:
    for pair : Array[CardData] in neighbor_sums(row, data, 15):
      game.add_line_score(row_of(data), FIFTEEN_PTS)
      game.register_combo(combo_key())",pip;combo;Special Effects,Resurrects the vetoed cribbage scoring exactly as the veto asked — as a rare ability you hunt sums for.,Arithmetic tax: you warp placements chasing 15s that a flush would have paid better.,grid-local,x,no,1,,pre-grid catalog
Added (added effect that it randomly acts as any prop from the game),The Best Bower,"The Joker — born as Euchre's Best Bower in 1860s America, the deck's newest card",A grinning jester pip peeking from behind a fanned deck,Uncommon,2,This card counts as EVERY suit for flush evaluation (never for suit-stacking rules).,"class PipSuitBower extends PipSuit:
  func on_compare_suits(a, b) -> float:
    if in_scoring_pass(): return 1.0  # matches all suits for melds
    return NAN                        # stacking uses real comparisons
  func spawn_props(origin, count): return []",pip;combo,The flush enabler every suit build wants — and an open Balatro homage.,Spawns no props (no suit effect at all); pure meld grease.,grid-local,h+line,yes,1,,pre-grid catalog
"Modified (either talent that splits into two halves down middle, or becomes two cards where rank is half. recombines on score as its own meld)",The Half Card,"Johnny Eck, 'The Amazing Half-Boy' — performer, artist, sawing-gag legend","Literally the top half of a card, cleanly cut, standing proud",Rare,3,"Half rank (rounds down), half size: TWO Half Cards occupy one board slot together and meld as one combined card.","class PipRankHalf extends PipRank:
  func on_can_place_stack(stack, dest) -> Variant:
    if is_half(dest.top()) and is_half(stack.head()): return true  # co-slot
    return null
  # Scoring: co-slotted pair evaluates as one card of summed rank",pip;movement;freakshow,Two acts in one slot — board compression as a collectible.,Alone it is a weak half-rank; the payoff needs the pair drawn and placed together.,grid-local,h+cell,yes,1,remapped: one board slot becomes one grid cell.,pre-grid catalog
vetoed (2 suit suit is boring),Harlequin,Arlecchino's diamond motley — the visual ancestor of harlequin card backs,A pip diamond-patterned in two suit colors at once,Rare,3,"Dual-suit pip: this card counts as BOTH printed suits for every comparison, meld, and suit effect (both props fire).","# MultiSuit stub already commented in pip_comparator.gd
class PipSuitHarlequin extends PipSuit:
  var a : PipSuit; var b : PipSuit
  func on_compare_suits(x, y): return best_of(a.compare(x,y), b.compare(x,y))
  func spawn_props(origin, count): return a.spawn_props(origin,1) + b.spawn_props(origin,1)",pip;prop;combo,"One card, two flushes, two prop volleys — the placement puzzle squared.",Cannot stack on either of its suits (both count); double props double the chaos you must plan for.,grid-local,line,no,1,,pre-grid catalog
vetoed (already have fire and knives),The Fire-Knife,"Samoan siva afi — the ailao war dance, machete wrapped in burning towels",A spinning machete wreathed in flame trails against night,Rare,3,Fixed dual-suit card: Knives AND Flames simultaneously — knife props fly the row while Burning drops down the column.,"class PipSuitFireKnife extends PipSuitHarlequin:
  func _init() -> void:
    a = PipSuitKnife.new()
    b = PipSuitFire.new()  # both spawn_props volleys fire per meld",pip;prop;status;combo,The one-card argument for dual suits: a whole act in a single scored card.,Feeds both prop economies at half focus; suit-hate towns punish it twice.,grid-local,x+y,no,1,,pre-grid catalog
Added (is any rank instead),The Wildcard,"The user's wild pip: tracks the previous pip inside itself, rerolled from the board","A pip of shifting stained glass, mid-transformation",Rare,4,"Wild pip: on every board change it becomes a copy of a rank/suit currently present in its row, chosen deterministically. Cycling visuals show the current identity.","class PipRankWild extends PipRank:
  var mimic : PipRank
  func on_anything(...) -> void:  # cheap: recompute only on revision change
    mimic = pick_from_row_hash(data, game.state.revision)  # deterministic, no RNG
  func on_compare_ranks(a, b): return mimic.on_compare_ranks(a, b)",pip;random;deck-manip,A shapeshifter you can herd — move its neighbors and you choose what it becomes.,"You never fully control it; a bad row makes it a bad card, and it re-rolls when you least want.",grid-local,x,no,1,,pre-grid catalog
Vetoed (??? wtf is this),The Forged Ace,The English Ace of Spades duty stamp — forging it hanged Richard Harding in 1805,"An ornate Ace of Spades a little TOO ornate, ink still wet",Legendary,7,"Event-granted counterfeit: enormous rank (counts as two Aces in melds). If any inspection effect or Prepared Town examines it, it is destroyed and this show's fame payout is voided.","class PipRankForgedAce extends PipRankNumeral:
  func on_score(result) -> void: game.add_line_score(row_of(data), FORGERY_PTS)
  func on_mod_triggered(mod) -> void:
    if mod is InspectionEffect:
      game.defer(func(): game.destroy_card(data); game.state.void_fame = true)",pip;gamble;event-granted;secret,History's highest-stakes single card — every inspection event becomes a heart attack.,"One inspection doesn't just kill the card, it hangs the whole show's payout.",grid-local,none,no,1,,pre-grid catalog
Added,Paper,The printed playing card itself — cheap stock democratized the deck,A plain card stock texture with a faint watermark,Common,1,Default material. No modifier behavior; the baseline every other type upgrades.,"# IMPLEMENTED: TypePaper — the no-op default type
class TypePaper extends CardModifierType:
  pass  # exists so every card has a type slot filled",type,The floor everything else is measured against.,It is the absence of an effect — strictly outclassed by any real material.,grid-local,cell,no,1,,pre-grid catalog
,Canvas,The big top itself — canvas bosses and roustabouts raised it town after town,A tight weave of tent canvas with a stitched patch,Common,1,Sturdy material: the first debuff/status applied to this card each show is discarded (canvas shrugs it off).,"class TypeCanvas extends CardModifierType:
  var shrugged : bool = false  # per-show flag lives on GameData.type_state
  func on_game_start() -> void: game.state.type_state[data] = false
  func on_mod_triggered(mod) -> void:
    if mod is CardModifierStatus and not game.state.type_state[data]:
      game.state.type_state[data] = true
      game.defer(func(): data.remove_status(mod))",type;protection,Quiet insurance that makes hazard towns feel beatable.,Only the FIRST hit; sustained status pressure goes straight through.,global,deck,no,1,,pre-grid catalog
,Ticket Stub,"'Annie Oakley' — circus slang for a punched free ticket, after her card-shooting act","A punched pasteboard ticket, one hole shot clean through",Common,1,"Currency chit: worth double trade value at shops, scores 0 and never melds in the Ring.","class TypeTicketStub extends CardModifierType:
  func trade_value() -> int: return 2 * RULES_BASE_VALUE  # shop layer
  # Scoring exclusion: card contributes no rank to melds",type;economy;token;Producer,Small denominations for the cards-as-currency economy — pocket change that feels like loot.,Dead weight on the board; every stub drawn is a mulligan you did not get.,global,grid+deck,no,2+,,pre-grid catalog
,Sawdust,The sawdust ring — Astley's original 42-foot horse ring floor,A soft pile of golden sawdust holding the print of a vanished card,Common,1,"When this card is discarded from the Ring, its board slot keeps a sawdust marker: the next card placed there gains +points on its first score.","class TypeSawdust extends CardModifierType:
  func on_discard() -> void:
    game.state.slot_marks[locate(data)] = SAWDUST  # per-show state on GameData
  # scorer consults slot_marks in on_score and clears the mark",type;discard;Concessions,Makes discarding SPATIAL — you salt the ground where the next act will stand.,"Pay now, collect later, and only if you actually replant that exact slot.",global,cell+grid,no,2+,,pre-grid catalog
,Heavy,Robert-Houdin's Light and Heavy Chest — weight as a trick,A card sagging with iron rivets along its border,Common,1,"Material: after any shuffle or return to deck, this card sinks to the deck bottom. Gold token cards use this.","# IMPLEMENTED: TypeHeavy
class TypeHeavy extends CardModifierType:
  func on_append() -> void:  # entering a deck
    game.defer(func(): game.sink_to_bottom(data))",type;deck-manip,Predictable gravity — you always know where the gold is.,Bottom of the deck is the last card you will ever draw; heavy value is slow value.,global,deck,no,1,,pre-grid catalog
,Helium,The Light material's named form (adopted from the §14.5 summary list),A card straining upward against its own string like a parade balloon,Common,1,Material: after any shuffle or return to deck this card rises to the top; during Next it is always the first card drawn.,"class TypeHelium extends CardModifierType:
  func on_append() -> void:
    game.defer(func(): game.raise_to_top(data))",type;deck-manip,Guarantees your engine piece shows up NOW — tempo you can print on a card.,Always drawn first means always exposed first — hazards and discards find it too.,global,deck,no,1,,pre-grid catalog
,Air,"Early materials list: Earth, Air, Water, Fire with custom movement","A card of pale cloud, edges wisping away",Uncommon,2,"Elemental material: whenever its stack settles, this card floats to the TOP of its stack.","class TypeAir extends CardModifierType:
  func on_stack_cards(stack) -> void:
    if not is_top(data, stack):
      game.defer(func(): Board.move_stack(game.state, data, Board.OnTop.new(stack.top())))",type;movement,A card that insists on the spotlight — self-sorting stacks feel alive.,"It hogs the topmost (active) slot, smothering whatever skill you WANTED spotlit.",grid-local,h,yes,1,,pre-grid catalog
,Earth,"Early materials list: Earth, Air, Water, Fire with custom movement","A card of packed loam and root, heavier at the base",Uncommon,2,"Elemental material: whenever its stack settles, this card sinks to the BOTTOM of its stack, carrying its stamp with it.","class TypeEarth extends CardModifierType:
  func on_stack_cards(stack) -> void:
    if not is_bottom(data, stack):
      game.defer(func(): Board.move_stack(game.state, stack.below(data), Board.OnTop.new(data)))",type;movement,Foundation cards that dig in — build the column ON it and it never gets in the way.,Buried means covered: without Revealing its skill is dark all game.,grid-local,h,yes,1,,pre-grid catalog
,Water,Early materials list; Vietnamese water puppetry — performers hidden waist-deep,"A card of rippling water, reflections of its neighbors on its face",Uncommon,2,"Elemental material: on Next, if an adjacent column is shorter, this card flows sideways into it (always seeking the lowest level).","class TypeWater extends CardModifierType:
  func on_next() -> void:
    var dest : int = shortest_adjacent_column(data)
    if dest != -1:
      game.defer(func(): Board.move_stack(game.state, data, Board.ColumnEnd.new(1, dest)))",type;movement,Self-leveling boards — it patches your thin columns while you look elsewhere.,It WILL wander out of the meld you were building; water does not take direction.,grid-local,h+x,yes,1,superseded: its premise is the drop-down - flowing sideways into a shorter column on Next. Revivable as flowing into the shorter neighbouring STACK at each refill. | seen-flag reset (Q284=b): this row was reviewed under the tableau design.,pre-grid catalog
,Tinder,"Early materials list; the fire triangle — fuel, heat, spark","A card of dry kindling and pitch, one corner already charring",Uncommon,2,"Elemental material: whenever this card is covered by another card, the covering card catches Burning.","class TypeTinder extends CardModifierType:
  func on_card_dropped_on(dropped) -> void:  # fires on automated drops
    var st : StatusBurning = StatusBurning.new()  # duplicate at application
    game.defer(func(): dropped.add_status(st))",type;status;prop,A trap material — you PLANT it and let the game stack fuel on it.,Burning multiplies suit count only on cards that score again; random coverage wastes it.,grid-local,h,yes,1,,pre-grid catalog
,Stone,TypeStone stub in code; the notes' 'cards that can resist being moved',"A card of chiselled granite, moss in the pip grooves",Uncommon,2,Material: once placed in the Ring this card cannot be grabbed again (blacklist wins). It scores +bonus for standing firm.,"# stub exists: TypeStone — finish it as the Immovable material
class TypeStone extends CardModifierType:
  func on_can_grab_stack(stack) -> Variant:
    if stack.contains(data) and in_ring(data): return false  # deny wins
    return null
  func on_score(result) -> void: game.add_line_score(row_of(data), STONE_PTS)",type;movement;protection,Commitment as a mechanic — placing it is a promise the board must keep.,A misplaced Stone is a permanent wall in your own Ring.,grid-local,h+grid,yes,2+,,pre-grid catalog
,Rosin,Rosinback horses — dusted with rosin so bareback riders stick,"A card dusted white, a bootprint stuck fast to its face",Uncommon,2,"Sticky material: cards placed onto this card cannot be picked up again, but score +1 performance ring deeper than they stand.","class TypeRosin extends CardModifierType:
  func on_can_grab_stack(stack) -> Variant:
    if sits_on(stack.head(), data): return false
    return null
  func on_score_col(col) -> void: game.add_line_score(col_of(data), ring_bonus(data))",type;movement;formation,Commitment for reward — you glue your best act down on purpose.,Everything it holds is held FOREVER this show; rescue is impossible.,grid-local,h+grid,yes,2+,,pre-grid catalog
,Glass,Magic-lantern slides; the notes' own 'kind of like a glass card',"A translucent card, light refracting through a hairline crack",Uncommon,2,Material: double points when scored. Shatters (destroyed) permanently after its third score.,"class TypeGlass extends CardModifierType:
  func on_score(result) -> void:
    game.add_line_score(row_of(data), base_points(data))  # doubling
    game.state.glass_counts[data] = game.state.glass_counts.get(data, 0) + 1
    if game.state.glass_counts[data] >= 3:
      game.defer(func(): game.destroy_card(data))",type;destruction;gamble,Borrowed brilliance with a countdown — every score is louder because it is numbered.,"You are burning the candle: three shows of glory, then a hole in the deck.",grid-local,none,no,1,,pre-grid catalog
,Wax,"Barnum's American Museum waxworks — burned down, twice","A card slowly slumping, one pip drooping like a candle",Uncommon,2,"Material: at each show end, lose 1 rank for every Flames-suit card that shared its column this show. Melts to nothing at rank 0.","class TypeWax extends CardModifierType:
  func on_game_end() -> void:
    var heat : int = flames_shared_column_count(data)  # tracked on GameData
    data.rank = max(0, data.rank - heat)
    if data.rank == 0: game.defer(func(): game.destroy_card(data))",type;status,Environmental storytelling — the deck itself remembers who it stood next to.,Free value in fireless decks; a liability the moment you draft Flames.,global,y,no,1,,pre-grid catalog
,Flash,"Juggling slang: a 'flash' — all props thrown once, nothing sustained","A card mid-camera-flash, image overexposed white",Uncommon,2,Material: the FIRST time this card would score each show it scores triple; every later score that show is zero.,"class TypeFlash extends CardModifierType:
  func on_score(result) -> void:
    if not game.state.flashed.has(data):
      game.state.flashed.append(data)  # per-show list on GameData (undo-safe)
      game.add_line_score(row_of(data), 2 * base_points(data))
    else:
      negate_score(result, data)  # NEEDS NEW HOOK: score negation seam",type;combo;gamble,Choreography skill: WHEN a card enters scoring becomes the whole decision.,"Multi-scoring engines (Hoops, Encore, Double Trigger) actively waste it.",global,none,no,1,,pre-grid catalog
,Digital,"The notes' 'Digital card, cannot discard from board'",A card of glowing scanlines that flickers when touched,Uncommon,2,"Material: this card cannot be discarded from the board by any effect — hazards, discards, and board clears leave it in place.","class TypeDigital extends CardModifierType:
  func on_discard() -> Variant:
    if on_board(data): return DENY  # NEEDS NEW HOOK: cancellable on_discard
    return null",type;protection,An anchor the weather cannot blow away — Blowdown towns hate it.,It also refuses YOUR discards; you cannot cycle it when it clogs a column.,global,deck,no,1,,pre-grid catalog
,Null,"The notes' null cards — space-takers, highlighted when selected",An empty card frame around bare table felt,Uncommon,0,"Junk material inserted by hazards: takes up a slot, scores nothing, melds nothing. Highlighted when selected so hover reads clearly.","class TypeNull extends CardModifierType:
  func on_compare_ranks(a, b): return NAN  # never stacks into runs
  # Scoring exclusion: contributes nothing; exists to occupy space",type;hazard;freakshow,The obstacle that makes clean boards feel earned.,Pure downside by design — the question is how fast you can bury or dump it.,grid-local,h+cell,yes,1,,pre-grid catalog
,First Act,Playbill structure — the opener performs to a settling crowd,"A card stepping alone through parted curtains, house lights still on",Uncommon,2,"Deck-position type: after every shuffle this card moves to the top of the deck and enters play alone, before any other card that Next.","class TypeFirstAct extends CardModifierType:
  func on_append() -> void:
    game.defer(func(): game.raise_to_top(data))
  func on_next() -> void:
    if drawn_this_next(data): suppress_other_draws_this_column()  # enters alone",type;deck-manip,Guaranteed openers — your engine piece is always on stage by turn one.,An opener drawn alone is also an opener unprotected; it eats the first hazard.,global,deck,no,1,,pre-grid catalog
,Second Act,Playbill structure — the turn arrives when the crowd is warm,"A card waiting in half-shadow at stage left, one foot in the light",Uncommon,2,Deck-position type: after every shuffle this card is placed exactly at the deck's midpoint and enters play alone.,"class TypeSecondAct extends CardModifierType:
  func on_append() -> void:
    game.defer(func(): game.insert_at_fraction(data, 0.5))",type;deck-manip,Mid-show reinforcements you can set your watch by.,"Midpoint timing is rigid: too late for a fast rush, too early for a finale.",global,deck,no,1,,pre-grid catalog
,Final Act,Top billing closes the show — the headliner walks last,A card silhouetted against a full-house standing ovation,Rare,3,Deck-position type: after every shuffle this card sinks below all non-Heavy cards and enters play only after the rest of the deck is drawn. Scores +mult as the closer.,"class TypeFinalAct extends CardModifierType:
  func on_append() -> void:
    game.defer(func(): game.sink_to_bottom(data))  # above Gold tokens
  func on_score(result) -> void:
    if game.state.draw_deck.is_empty(): game.add_line_score(row_of(data), CLOSER_MULT)",type;deck-manip;combo,The finale you plan three submits around — delayed gratification with billing.,"If the show ends before the deck empties, your closer never performed.",global,deck,no,1,,pre-grid catalog
,Lithograph,Strobridge litho posters — for most towns the ad WAS the show,"A card that is itself a gorgeous circus poster, corners pasted down",Rare,3,"Poster material: while this card sits in the Grand Entrance (upper zone, not the Ring), its skill is active globally. In the Ring it is just paper.","class TypeLithograph extends CardModifierType:
  func is_active_override() -> Variant:  # consulted by CardModifier.is_active
    if zone_of(data) == UPPER: return true
    if zone_of(data) == LOWER: return false
    return null",type;spotlight,A card that wants to be NOT played — it inverts the game's whole incentive.,"It occupies an Entrance slot forever, slowing every draw behind it.",grid-local,grid,no,2+,remapped: the upper zone IS the Entrance (row -1 of its grid). Effect stands unchanged.,pre-grid catalog
,Tintype,Tintype photography — the fair's cheap souvenir portraits,A silvery photographic plate bearing another card's faded image,Rare,3,"Photograph material: on acquisition, permanently copies the pips (rank + suit) of the card it was created from. Chains of photos of photos are legal.","class TypeTintype extends CardModifierType:
  func on_acquired(source : CardData) -> void:  # booster/shop layer
    data.rank = source.rank.duplicate()
    data.suit = source.suit.duplicate()
    data.meta.lineage = source.meta.lineage + 1",type;deck-manip;collection,Collectors chase photo-of-a-photo lineages like provenance.,"It copies pips only — no skill, no stamp; a portrait, not the performer.",global,deck,no,1,,pre-grid catalog
,Automaton,Karakuri ningyō — the Edo tea-serving doll; Maskelyne's whist-playing Psycho,A card with visible brass clockwork under a porcelain face,Rare,3,Material: every Next this card performs its cue automatically for free — but it can NEVER be cued manually.,"class TypeAutomaton extends CardModifierType:
  func on_next() -> void:
    if data.skill and data.skill.has_method(&'on_cue'):
      data.skill.call(&'on_cue')  # NEEDS NEW HOOK: on_cue (shared cue system)
  func can_manual_cue() -> bool: return false",type;charges;movement,Set-and-forget clockwork — you build a machine and watch it run.,"No timing control: it fires on ITS schedule, wasting cues the turn you needed them held.",grid-local,none,no,1,,pre-grid catalog
,Bahurupiya,"Bahurupiya — 'of many forms', arriving each day as a different god or official","A card mid-costume-change, four different collars visible at once",Rare,3,"Material: at the start of each show this card arrives as a random different class (deterministic per seed), counting for that class's group effects.","class TypeBahurupiya extends CardModifierType:
  func on_game_start() -> void:
    var i : int = hash_pick(game.state.game_history_trimmed, CLASSES.size())
    data.meta.class_tag = CLASSES[i]  # no RNG: resume-persisted hash",type;random;deck-manip,A different guest star every show — the yak-shave engine in card form.,You cannot build AROUND it; it supports whatever it feels like being today.,global,none,no,1,,pre-grid catalog
,Outlawed,"The skomorokhi — Russia's minstrel-clowns, banned by church and tsar in 1648","A card behind a nailed-up town proclamation, eyes defiant",Rare,3,Material: in pious/lawful towns this card cannot score at all; everywhere else it scores DOUBLE. Underground shows find a way.,"class TypeOutlawed extends CardModifierType:
  func on_score(result) -> void:
    if game.town_tag() == &'pious': negate_score(result, data)  # see TypeFlash seam
    else: game.add_line_score(row_of(data), base_points(data))",type;gamble;economy,Route planning becomes deck planning — you tour AROUND the bans.,Map dependence: a lawful stretch of road turns it into cargo.,grid-local,none,no,1,,pre-grid catalog
,Spangle,"Sequined costumes — 'sawdust and spangles', the classic circus memoir title","A single oversized sequin stitched to the card's corner, catching light",Common,1,Stamp: +1 to the act's combo (U) the first time this card is part of any scored meld each act.,"class StampSpangle extends CardModifierStamp:
  func on_score(result) -> void:
    game.register_combo(combo_key())  # idempotent; counts once per act",stamp;combo,Simple combo glue every build wants — the common-tier workhorse.,"One U per act, no points of its own; pure grease.",grid-local,line,no,1,remapped: act/Submit timing becomes the Entrance refill. See the post-grid effects CSV for the rewritten wording.,pre-grid catalog
,Marked,"The card sharp's quiet arts — marked decks, shiners, readers",A tiny scuffed thumbnail notch only you would notice on the card back,Common,1,Stamp: you always see where this card sits in the draw deck (its position is shown on the deck viewer and above the deck slot).,"class StampMarked extends CardModifierStamp:
  # StampGlobal-style: active from inside decks
  func on_active() -> void: game.view_hint_deck_position(data)  # if view: only",stamp;info;deck-manip,"Quiet, permanent information — every Next becomes a countable card.","Information only; it never adds a point, and cheat-hate towns may fine it.",global,cell+deck,no,1,,pre-grid catalog
,Brass Check,"Brass checks — token coinage of circus and carnival midways (the 'money on trigger' seal, themed)",A stamped brass token half-sunk into the card face,Common,1,"Stamp: whenever this card's effects trigger, mint a Gold token card onto the top of the draw deck.","class StampBrassCheck extends CardModifierStamp:
  func on_mod_triggered(mod) -> void:
    if mod.data == data:
      game.defer(func(): game.mint_card_on_top(TypeHeavy, RULES_GOLD))",stamp;economy;token;Producer,Turns any trigger-happy card into a mint — economy from choreography.,Gold on deck TOP delays real draws; overminting clogs your tempo.,global,deck,no,1,,pre-grid catalog
,Greasepaint,Clown white — the Auguste and whiteface makeup traditions,A smear of white greasepaint across the card's portrait,Uncommon,2,Stamp: this card counts as a Clown-class card in addition to its own class.,"class StampGreasepaint extends CardModifierStamp:
  func extra_class_tag() -> StringName: return &'Clown'
  # group lookups (leaders, class counters) consult stamp tags too",stamp;Clown,The class-splashing enabler every tribal system needs — anyone can join the troupe.,A tag is only as good as your Clown payoffs; blank without them.,grid-local,none,no,1,,pre-grid catalog
,Top Billing,Poster billing wars — stars fought over letter size on the lithographs,The card's name printed enormous across a poster masthead,Uncommon,2,"Stamp: this card always scores FIRST within its meld (trigger-order control, before board-order dispatch).","class StampTopBilling extends CardModifierStamp:
  func trigger_priority() -> int: return -100  # NEEDS NEW HOOK: dispatch priority
  # run_all_mods sorts implementers by trigger_priority before board order",stamp;combo;info,Makes the invisible trigger-order system player-facing — sequencing becomes a build.,Order only matters with order-dependent effects; otherwise dead ink.,grid-local,line,no,1,,pre-grid catalog
,Ghost Light,"The theatre ghost light left burning on empty stages (Ghost Card, adopted as a stamp)",A bare bulb on a stand glowing through a translucent card,Uncommon,2,Stamp: this card does not block the Spotlight of cards beneath it — they stay active as if uncovered.,"class StampGhostLight extends CardModifierStamp:
  func blocks_spotlight() -> bool: return false
  # CardModifier.is_active skips Ghost Light cards when scanning covers",stamp;spotlight,Lets players build TALL without strangling their own engines — the counterweight the ring-depth tension needs.,The ghost-lit card itself still needs its own activation; stacking two is redundant.,grid-local,h,yes,1,,pre-grid catalog
,Revealing,The eye seal — 'trigger even when hidden'; mini skill-art drawn inside the eye,An open eye stamp with a miniature of the card's own skill art as its iris,Uncommon,2,Stamp: this card's modifiers stay active while covered (spotlight not required).,"# IMPLEMENTED: StampRevealing
class StampRevealing extends CardModifierStamp:
  func is_active_override() -> Variant: return true  # while on board",stamp;spotlight,Freedom to bury your engine and keep building over it.,"Board-only: it does nothing from decks, and the card still cannot be grabbed if buried illegally.",grid-local,h,yes,1,,pre-grid catalog
,Maximum Effort,The Exhaust stamp note — 'kind of like a glass card',"A performer mid-leap, veins of gold light, sweat flying",Uncommon,2,Stamp: double points from this card on score; afterwards it is Exhausted (scores nothing) until a show passes in which it was never played.,"class StampMaxEffort extends CardModifierStamp:
  func on_score(result) -> void:
    if not run_state().exhausted.has(data):
      game.add_line_score(row_of(data), base_points(data))
      run_state().exhausted.append(data)  # cross-show state lives on RunState
  func on_game_end() -> void:
    if not appeared_this_show(data): run_state().exhausted.erase(data)",stamp;gamble;persistence,A card you must deliberately REST — roster management like a real troupe.,Its off-shows are real: half your tour it is a blank.,grid-local,none,no,1,,pre-grid catalog
,Understudy,"Theatre understudies — ready in the wings, word-perfect",A shadowed figure in the wings mouthing the star's lines,Uncommon,2,"Stamp: if the card directly above this card in a stack is destroyed or consumed, this card permanently copies that card's skill.","class StampUnderstudy extends CardModifierStamp:
  func on_mod_triggered(mod) -> void:
    if mod is DestructionEffect and was_directly_above(mod.target, data):
      game.defer(func(): data.skill = mod.target.skill.duplicate(); relink(data))",stamp;destruction;deck-manip,"Turns destruction effects (Gluttony, Glass) into setup plays — grief into inheritance.",Needs precise stacking under a card that will actually die; a plan with two failure points.,grid-local,h,yes,1,,pre-grid catalog
,Marotte,The jester's scepter topped with a miniature of his own head,"A tiny grinning copy of the card's own face on a stick, tucked in its belt",Uncommon,2,"Stamp: when this card is destroyed, a rank-1 copy of it (same skill, no stamp) survives in its place.","class StampMarotte extends CardModifierStamp:
  func on_mod_triggered(mod) -> void:
    if mod is DestructionEffect and mod.target == data:
      game.defer(func():
        var copy : CardData = data.duplicate_deep()  # RELINK backrefs after!
        GameData.relink_card_backrefs(copy)
        copy.rank = RANK_ONE; copy.stamp = null
        game.replace_card(data, copy))",stamp;destruction;protection,"Death becomes a discount, not an ending — insurance with a punchline.","The copy is rank 1 and stampless; you saved the act, not the star.",grid-local,none,no,1,,pre-grid catalog
,Iron Body,"Shaolin hard qigong — spear against throat, iron-head demonstrations","A card flexing, a snapped spear haft falling away from its chest",Uncommon,2,Stamp: immune to the first destruction or debuff that targets this card each show.,"class StampIronBody extends CardModifierStamp:
  func on_mod_triggered(mod) -> void:
    if mod.targets(data) and mod.is_hostile and not game.state.iron_used.has(data):
      game.state.iron_used.append(data)  # per-show, on GameData (undo-safe)
      mod.negate()  # NEEDS NEW HOOK: hostile-effect negation seam",stamp;protection,Walking into a hazard town with armor on changes how brave your placements get.,One block per show; the second knife lands.,global,none,no,1,,pre-grid catalog
,Ascetic,Bed-of-nails and firewalking endurance traditions across cultures,A serene card lying unbothered on a bed of tiny nails,Uncommon,2,"Stamp: this card is immune to row- and floor-targeting hazards (lava rows, flooded rows, burning columns pass under it harmlessly).","class StampAscetic extends CardModifierStamp:
  func on_prop_passing(prop) -> Variant:
    if prop.is_hazard and prop.axis == ROW: return NEGATE_PASS
    return null",stamp;protection;hazard,Hazard boards become solvable puzzles — one card walks the coals.,Only environmental hazards; a targeted boss effect ignores the nails.,grid-local,x,no,1,,pre-grid catalog
,Unpierceable,Rifa'i dervish demonstrations — blades through flesh without harm,"A knife passing through the card leaving no mark, both halves whole",Uncommon,2,Stamp: Knife props pass through this card harmlessly — and still count as a 'miss' for stuntman/target bonuses.,"class StampUnpierceable extends CardModifierStamp:
  func on_prop_passing(prop) -> Variant:
    if prop.kind == KNIFE:
      prop.mark_missed(data)  # miss-counters still credit
      return NEGATE_PASS
    return null",stamp;protection;prop,Makes knife rows farmable from BOTH sides — miss bonuses without the wound.,Knife-specific; every other suit's props treat it as paper.,grid-local,none,no,1,,pre-grid catalog
,The Vine,"Naghol land diving, Pentecost Island — the vine-ankle ritual that inspired bungee",A green liana knotted around the card's ankle-corner,Uncommon,2,"Stamp: the first time this card would be destroyed or discarded by a fall/hazard each tour, it stops a hair short and survives.","class StampVine extends CardModifierStamp:
  func on_discard() -> Variant:
    if is_hazard_discard() and not run_state().vine_used.has(data):
      run_state().vine_used.append(data)  # once per TOUR: RunState
      return DENY  # NEEDS NEW HOOK: cancellable on_discard
    return null",stamp;protection;gamble,"The near-miss made literal — the crowd gasps, the card dangles, the run continues.","Once per tour, hazards only; a plain player discard still goes through.",global,deck,no,1,,pre-grid catalog
,Contract Ink,Circus performer contracts — stars jumping between rival shows,"A signature line on the card still wet, pen resting across it",Uncommon,2,"Stamp: +X points per show in which this card is played; if benched two shows in a row, it leaves the troupe (removed from the deck).","class StampContractInk extends CardModifierStamp:
  func on_game_end() -> void:
    if appeared_this_show(data): run_state().ink_streak[data] = 0
    else:
      run_state().ink_streak[data] += 1
      if run_state().ink_streak[data] >= 2: run_state().remove_from_deck(data)
  func on_score(result): game.add_line_score(row_of(data), INK_PTS * shows_played(data))",stamp;economy;persistence,Anti-autopilot pressure — a card that demands attention or walks.,It punishes exactly the flexibility big decks rely on.,global,x+deck,no,1,,pre-grid catalog
,Double Trigger,The original Seals list — trigger twice,"Two overlapping wax seals, slightly offset like a double exposure",Rare,3,Stamp: all of this card's effects trigger twice (once per card per scoring pass).,"# IMPLEMENTED: StampDoubleTrigger
class StampDoubleTrigger extends CardModifierStamp:
  func on_mod_triggered(mod) -> void:
    if mod.data == data and not mod.is_echo:
      mod.retrigger_once()  # echo flag prevents infinite loops",stamp;combo,The purest amplifier — every skill in the catalog gets a second life.,Doubles duds too; worthless on cards with passive or once-per-show effects.,grid-local,none,no,1,,pre-grid catalog
,Global,Descendant of the 'trigger when in deck' seal,"A seal shaped like a little globe, meridians glowing",Rare,3,"Stamp: this card's modifiers are active from ANYWHERE — board, Entrance, draw deck, discard.","# IMPLEMENTED: StampGlobal
class StampGlobal extends CardModifierStamp:
  func is_active_override() -> Variant: return true  # any stage",stamp;spotlight;deck-manip,Deck-resident engines — the card works while it waits.,Global also means always exposed to 'all active cards' hazards; no off switch.,global,deck,no,1,,pre-grid catalog
,The Encore,Audiences demanding encores; Leitzel's one-arm planges counted aloud by the crowd,"A performer bowing amid thrown roses, one hand raised for quiet",Rare,3,"Stamp: if this card's skill triggered this show, 50% chance (seeded) it triggers once more at show end.","class StampEncore extends CardModifierStamp:
  func on_game_end() -> void:
    if triggered_this_show(data) and hash_coin(game.state.game_history_trimmed, data):
      data.skill.call(&'on_trigger')  # deterministic coin: no RNG in resolution
      game.register_combo(combo_key())",stamp;gamble;combo,"The end-of-round lottery tick — Balatro's Lucky-card dopamine slot, diegetic.","A coin flip on an effect you already used; variance, not floor.",grid-local,none,no,1,,pre-grid catalog
,Lloyd's Policy,"Performers insured body parts with Lloyd's of London — Leitzel's arms, dancers' legs",An elegant insurance certificate stamped with a red underwriter's seal,Rare,3,"Stamp: the first time this card would be destroyed or debuffed, prevent it and PAY OUT: mint 2 Gold tokens.","class StampLloyds extends CardModifierStamp:
  func on_mod_triggered(mod) -> void:
    if mod.targets(data) and mod.is_hostile and not run_state().policy_paid.has(data):
      run_state().policy_paid.append(data)
      mod.negate()  # shared negation seam (see Iron Body)
      game.defer(func(): game.mint_card(TypeHeavy, RULES_GOLD, 2))",stamp;protection;economy,Insurance that pays like insurance — being attacked becomes a small win.,One claim per policy; after payout the card is bare.,grid-local,none,no,1,,pre-grid catalog
,Kuroko,Kabuki stagehands the audience agrees not to see,"A figure in perfect black against black, only the card's pips visible",Rare,3,Stamp: this card is unseen — it does not block Spotlight beneath it AND cannot be targeted by boss/town effects.,"class StampKuroko extends CardModifierStamp:
  func blocks_spotlight() -> bool: return false
  func is_targetable() -> bool: return false  # hazard target-pickers skip it",stamp;spotlight;protection,The Ghost Light's rare upgrade — invisible scaffolding for tall builds.,Untargetable includes YOUR targeted buffs; kindness cannot find it either.,grid-local,h,yes,1,,pre-grid catalog
,Bauta,The Venice Carnival mask that let all classes mingle unreadably,"A white beaked mask over the card's face, black tricorn above",Rare,3,"Stamp: this card's rarity and identity are hidden — inspections, towns, and effects treat it as unknown until it scores.","class StampBauta extends CardModifierStamp:
  func is_inspectable() -> bool: return false
  func apparent_rarity() -> int: return RARITY_UNKNOWN
  func on_score(result) -> void: reveal(data)  # scoring unmasks for the act",stamp;info;gamble;secret,Smuggling a legendary through a Prepared Town behind a blank white mask.,Hidden identity blanks positive identity-keyed synergies too.,grid-local,none,no,1,,pre-grid catalog
,Self-Granted Title,'Lord' George Sanger — who ennobled himself to out-bill Buffalo Bill,A tin coronet drawn onto the card's portrait in gold marker,Rare,3,Stamp: this card counts as one rarity higher for all effects and bonuses (but never for pack/pool rolls).,"class StampTitle extends CardModifierStamp:
  func apparent_rarity() -> int: return true_rarity(data) + 1
  # pool generation reads true_rarity; effects read apparent_rarity",stamp;economy;info,A commoner in a paper crown outperforming its price tag — the bluff pays real dividends.,Rarity-keyed payoffs only; without them the crown is tin.,grid-local,none,no,1,,pre-grid catalog
,The Illustrated,"Betty Broadbent — 565 tattoos, forty years touring",A card whose every inch of skin is dense with inked scenes,Rare,3,Stamp: this card may hold unlimited stamps — but can never hold a skill.,"class StampIllustrated extends CardModifierStamp:
  func stamp_capacity() -> int: return 999
  func on_active() -> void:
    if data.skill: data.skill = null  # the canvas has no room for an act",stamp;Costume Designer;collection,A living scrapbook — the collection build's centerpiece card.,"All support, no act: it amplifies a deck but headlines nothing.",grid-local,none,no,1,,pre-grid catalog
,The Avatar,VTubers — kayfabe reborn as a streaming industry,A luminous cartoon mask hovering an inch in front of the card's face,Rare,3,Stamp: this card wears another deck card's face — it copies that card's name/class/identity for all checks until unmasked (scored 3 times).,"class StampAvatar extends CardModifierStamp:
  var persona : CardData  # weakref via CardModifier.data pattern
  func apparent_identity() -> CardData: return persona
  func on_score(result) -> void:
    game.state.avatar_scores[data] += 1
    if game.state.avatar_scores[data] >= 3: reveal(data)",stamp;info;secret,Identity as a costume — the unmasking on the third score is a fanfare moment.,"The persona's HATERS apply to you too, and the reveal is on a timer you cannot stop.",global,deck,no,1,,pre-grid catalog
,Ringmaster's Grip,The Ringmaster leader spec — the stamp that can always be picked up,A white-gloved hand closing firmly around the card's edge,Rare,3,"Stamp: this card (and the stack it heads) can ALWAYS be picked up, regardless of stack legality.","class StampGrip extends CardModifierStamp:
  func on_can_grab_stack(stack) -> Variant:
    if stack.head() == data: return true  # whitelist; blacklist still wins
    return null",stamp;movement,Freedom of movement in a game about frozen stacks — the hand is always yours.,Grabbing was half the rule; placing the illegal stack somewhere is still your problem.,grid-local,h,yes,1,,pre-grid catalog
,The Wedding Band,Tom Thumb's 1863 wedding — the media event of its year; Lincoln received the couple,Two tiny gold rings tied to the card by a white ribbon,Rare,3,Stamp (applied to two cards): the pair always shuffles adjacent and is always drawn together.,"class StampWeddingBand extends CardModifierStamp:
  var partner : CardData
  func on_append() -> void:
    game.defer(func(): game.deck_place_adjacent(data, partner))",stamp;deck-manip;formation,Combo pieces that refuse to be separated — consistency as romance.,"Two deck slots married forever; if one is dead weight, so is the date.",grid-local,x,no,1,,pre-grid catalog
,The Belt,"The championship belt — held, defended, taken",A gaudy gold championship belt strapped around the card's middle,Legendary,7,Stamp: exactly ONE card in your save file holds the Belt. It scores double. Belt-challenge bosses can TAKE it — win it back at the next meeting.,"class StampBelt extends CardModifierStamp:
  func on_score(result) -> void: game.add_line_score(row_of(data), base_points(data))
  func on_game_end() -> void:
    if game.boss_tag() == &'belt_challenge' and not game.won():
      profile().belt_holder = game.boss_id()  # profile-level, crosses runs",stamp;economy;persistence;secret,A title with lineage across your whole save — losing it writes a story arc.,"It can literally be taken from you, and the champion draws every challenger.",grid-local,none,no,1,,pre-grid catalog
,Input Column,The 'even input slots are cards' principle,"A trapdoor in the Grand Entrance floor, card-shaped light below",Common,0,"Rule card (one per column): on Next, drops its upper stack into the paired Ring column, then draws a card from the deck to refill.","# IMPLEMENTED: TypeInput (rules deck zone-header)
class TypeInput extends CardModifierType:
  func on_next() -> void:
    Board.move_stack(state, held_stack(), Board.ColumnEnd.new(1, my_column()))
    game.draw_card(my_column())  # engine rule: combo_key() -> ''",rule;movement,The heartbeat rule — every Next is this card doing its job.,Engine default; removing one shrinks your whole economy of draws.,global,h+y,yes,2+,remapped: on Next becomes on_refill. The Entrance card itself is unchanged.,pre-grid catalog
,Ring Column,Rule-deck layout cards — duplicate rules identified by rank,A numbered wooden stake marking one ring column's ground,Common,0,Rule card (one per column): adds one Ring (lower zone) column at game creation. Rank = which column (zone adder #1 is rank 1).,"# IMPLEMENTED: SkillAdderInputLower / ZoneAdder
class ZoneAdder extends CardModifierSkill:
  func on_game_start() -> void:
    Board.add_column(state, LOWER)  # rank identifies the duplicate
  func combo_key(hook) -> String: return ''",rule;formation,Board width as cards — bosses can steal a column by stealing a card.,Losing one mid-run breaks every 5-wide poker assumption you built on.,grid-local,y+grid,no,2+,"superseded: it is the old lower-zone column card. TypeGridCell replaces it - a cell, not a column.",pre-grid catalog
,OG Grabber,Klondike's tableau rules — the ancestral solitaire grab law,"A hand lifting a fanned run of cards, alternating glow on their edges",Common,0,Rule card: default grab legality — a stack may be picked up if it is an ascending or descending run with no two same-suit cards adjacent.,"# IMPLEMENTED: SkillGrabberOgLower
class SkillGrabberOgLower extends CardModifierSkill:
  func on_can_grab_stack(stack) -> Variant:
    return is_run(stack) and not has_adjacent_same_suit(stack)
  func combo_key(hook) -> String: return ''",rule;movement,The base law every movement card gets to break — rules exist to sell exceptions.,As written it locks most mid-game boards; that friction IS the game.,grid-local,h+x,yes,1,,pre-grid catalog
,OG Placer,Klondike's tableau rules — the ancestral placement law,A card clicking into place atop a column like a drawer closing,Common,0,Rule card: default placement legality — a stack may be placed where the join continues a legal run without same-suit contact.,"# IMPLEMENTED: SkillPlacerOgLower
class SkillPlacerOgLower extends CardModifierSkill:
  func on_can_place_stack(stack, dest) -> Variant:
    return legal_join(stack.head(), dest.top())
  func combo_key(hook) -> String: return ''",rule;movement,The other half of the base law — placement tension on every drop.,Same as the Grabber: the wall your movement cards are priced against.,grid-local,h,yes,1,,pre-grid catalog
,Cascade Scorer,Whole-board evaluation — the loop v2 decision,An usher's lamp sweeping down the rows of a darkened board,Common,0,"Rule card: on Submit, walks the lower zone scoring all rows first, then all columns simultaneously per row band.","# IMPLEMENTED: SkillScorerCascadeLower
class SkillScorerCascadeLower extends CardModifierSkill:
  func on_run_scorer() -> void:
    for row : Array[CardData] in state.lower_rows(): score_row(row)
    for col : Array[CardData] in state.lower_cols(): score_col(col)
  func combo_key(hook) -> String: return ''",rule;combo,The whole board matters — the rule that makes Solatro not-Balatro.,Whole-board scoring means whole-board mistakes; nothing is a sideboard.,grid-local,x,no,1,superseded: scoring no longer runs once at Submit over a zone. SkillLineDetector scores a line the instant it completes.,pre-grid catalog
,Poker Evaluator,"Standard poker hand rankings, row-wise","A magnifying glass over five cards, the best hand glowing inside the lens",Common,0,Rule card: evaluates each scored line for its best poker hand; only the first/best scored poker hand per line pays.,"# IMPLEMENTED: SkillEvalPokerBest
class SkillEvalPokerBest extends CardModifierSkill:
  func on_score_row(row : Array[CardData]) -> void:
    var r : Scoring.Result = Scoring.best_hand(row)
    game.add_line_score(row_index(row), Scoring.ScoreModel.points(r))
  func combo_key(hook) -> String: return ''",rule;combo,Poker literacy transfers in — everyone already knows what a full house is.,Best-only scoring makes second hands in a row worthless; density has a cap.,grid-local,x+line,no,1,,pre-grid catalog
,Free Undo,"The notes: '1 free undo per turn, baked in by default'",An hourglass with one grain of sand hovering above the waist,Common,0,Rule card: one free undo per turn that does not carry over. (Snapshot undo exists engine-side; this card is the per-turn allowance.),"class RuleFreeUndo extends CardModifierSkill:
  func on_next() -> void:
    game.state.free_undos = 1  # per-turn, on GameData (undo-safe, ha)
  func combo_key(hook) -> String: return ''",rule;meta,Permission to experiment — the take-back that keeps new players moving.,One per turn: the second mistake is still yours.,grid-local,none,no,1,,pre-grid catalog
,Label,The 'Baba Is You nonsense' note — an Evident card announces its hidden rule,"A luggage tag tied to nothing, plainly describing an invisible law",Uncommon,2,"Rule card: while in the rules deck, its OWN effect text is announced on the board (visible to the player) even though the rules deck stays hidden.","class StampEvident extends CardModifierStamp:  # stamp ON a rule card
  func on_active() -> void:
    if game.view: game.view.announce_rule(data)  # board banner; data untouched",rule;info;secret,The first crack of light into the hidden rule deck — reading the law becomes content.,Announcing a rule does not let you change it — yet.,global,deck,no,1,,pre-grid catalog
,Soundcheck,Roadies and the empty-hall soundcheck before doors open,"A single card on a bare stage, one work light, cables coiled",Uncommon,2,"Rule card: at show start you get one free rehearsal move — grab and place one stack before the first Next, no act consumed.","class RuleSoundcheck extends CardModifierSkill:
  func on_game_start() -> void:
    game.state.rehearsal_moves = 1  # try_place decrements; no save_state commit
  func combo_key(hook) -> String: return ''",rule;movement;meta,Opening-hand agency — you shape the board before the show starts.,One move against a whole opening layout; sequencing skill still rules.,grid-local,h,yes,1,,pre-grid catalog
,Audience Patience,"The notes' patience system — moving cards drops patience; at zero, cards drop themselves",A pocket watch face where the numerals are tiny yawning faces,Uncommon,2,Rule card: the audience has N patience per turn; each grab/place spends 1; unique effect triggers refund 1; at 0 patience the Entrance drops on its own.,"class RulePatience extends CardModifierSkill:
  func on_next() -> void: game.state.patience = PATIENCE_MAX
  func on_stack_cards(stack) -> void:
    game.state.patience -= 1
    if game.state.patience <= 0: game.defer(func(): game.force_next())
  func on_mod_triggered(mod) -> void:
    if first_this_act(mod): game.state.patience += 1",rule;economy;combo,"Every fidget costs — actions get weight, and showmanship literally buys time.",Punishes exactly the rearranging that solitaire fingers itch to do.,grid-local,h,yes,1,,pre-grid catalog
,The Booking,Evel Knievel's declared jumps; fame wagering from the tour notes,"A signed contract nailed to a post: a score, a town, a date",Uncommon,2,Rule card (contract): declares this show's goal and terms (e.g. 'score X with no Knife melds'). Fulfill it for bonus fame; miss it and the failure is worse.,"class RuleBooking extends CardModifierSkill:
  func on_game_start() -> void: game.state.booking = terms  # from map node
  func on_after_score() -> void:
    if violates(game.state, terms): game.state.booking_broken = true
  func on_game_end() -> void:
    game.apply_booking(game.state.booking_broken)  # fame swing both ways
  func combo_key(hook) -> String: return ''",rule;gamble;economy,"Failure becomes SPECIFIC — 'missed by 40' panic, manufactured every show.",You are volunteering for constraints; greed writes checks the deck must cash.,global,none,no,1,,pre-grid catalog
,Brass Ring,Carousel brass rings — grab one for a free ride,A brass ring on an iron arm extended over one column of the board,Rare,3,"Rule card: a brass ring token rotates one column per turn; if that column scores while ringed, the meld pays double and you bank a Ticket Stub.","class RuleBrassRing extends CardModifierSkill:
  func on_next() -> void:
    game.state.ring_col = (game.state.ring_col + 1) % state.column_count()
  func on_score_col(col) -> void:
    if col_index(col) == game.state.ring_col:
      game.add_line_score(col_index(col), col_total(col))
      game.defer(func(): game.mint_card(TypeTicketStub))",rule;combo;economy;movement,A moving jackpot the whole table orbits — timing becomes tangible.,Chasing the ring warps play; sometimes the free ride costs the show.,grid-local,y+line,no,2+,,pre-grid catalog
,Performance Rings,The rings note matured from 'every 5 rows make row red',"Concentric painted rings on the board floor, deeper rings glowing hotter",Rare,3,"Rule card: score zones by board depth — rows 1–5 pay 1x, rows 6–10 pay 2x, rows 11–15 pay 3x, and so on.","class RuleRings extends CardModifierSkill:
  func on_score_row(row : Array[CardData]) -> void:
    var mult : int = 1 + row_index(row) / 5
    game.add_line_score(row_index(row), row_base(row) * (mult - 1))
  func combo_key(hook) -> String: return ''",rule;formation;combo,"Depth pays — and deep columns cover your own spotlights: the game's central tension, priced.",Tall play risks burying every skill you own; the multiplier taxes your activation economy.,grid-local,x,no,1,,pre-grid catalog
,Symmetrical Show,User-authored: 'ability where poker hands are also considered vertically',A mirrored theatre — the same hand of cards reflected as row and column,Rare,3,Rule card: poker hands are ALSO evaluated on columns (runs stay column-native; hands score both axes).,"class RuleSymmetry extends CardModifierSkill:
  func on_score_col(col : Array[CardData]) -> void:
    var r : Scoring.Result = Scoring.best_hand(col)
    if r.valid():
      game.add_line_score(col_index(col), Scoring.ScoreModel.points(r))
      game.register_combo(combo_key())",rule;combo;formation,Doubles the puzzle space in one sentence — every column becomes a second hand.,Column hands fight column runs for the same five slots; you cannot have both.,grid-local,y+line,no,1,,pre-grid catalog
,The Contrary,"Sacred-clown contrariness (concept only, generic name per the care list)",A rider facing backwards on a forward-galloping horse,Rare,3,"Rule card: while in play, descending runs count as ascending, and the WORST poker hand each row scores instead of the best.","class RuleContrary extends CardModifierSkill:
  func on_compare_ranks(a, b) -> float: return -PipComparator.numeric(a, b)
  func on_score_row(row : Array[CardData]) -> void:
    var r : Scoring.Result = Scoring.worst_hand(row)  # inverts SkillEvalPokerBest
    game.add_line_score(row_index(row), Scoring.ScoreModel.points(r))",rule;combo;random,Junk decks become royalty for one show — the whole value system somersaults.,Your curated deck is suddenly the worst one in the room.,grid-local,x+line,no,1,,pre-grid catalog
,Kayfabe,Pro wrestling's never-broken fiction — protected like a trade secret for a century,A referee winking at the audience while the folding chair swings,Epic,5,"Rule card: while in play, all Gaff/Humbug/fake cards COUNT AS REAL — they score as what they pretend to be. Remove it and everything reverts.","class RuleKayfabe extends CardModifierSkill:
  func on_active() -> void: game.state.kayfabe = true
  func on_deactive() -> void: game.state.kayfabe = false
  # Gaff/Humbug on_score checks state.kayfabe before revealing/deflating",rule;secret;gamble,The fiction as infrastructure — an entire fake deck becomes championship-real.,Your whole payroll is a lie with a single load-bearing card.,grid-local,none,no,1,,pre-grid catalog
,Sword Swallower,"The sword-swallowing column — one perfect descending run, deck to floor",A column of cards swallowed straight down a performer's raised gullet,Epic,4,Secret meld (hidden rule): a single column that is one perfect descending run from board top to floor pays a massive bonus and banks a Knife-suit card.,"class SecretSwordSwallow extends CardModifierSkill:  # rules_deck, hidden
  func on_score_col(col : Array[CardData]) -> void:
    if is_perfect_descending(col) and col.size() >= state.row_count():
      game.add_line_score(col_index(col), SWALLOW_BONUS)
      game.register_combo(combo_key())",rule;secret;formation,Discovering it feels like finding a real trick — and then you build for it on purpose.,A full perfect column is the least flexible formation the board allows.,grid-local,y+line,no,1,,pre-grid catalog
,Dead Man's Hand,"Wild Bill Hickok — aces and eights, Deadwood, 1876","Two pair face-up on a saloon table, one chair knocked over",Legendary,6,"Secret meld (hidden rule): score two pair, Aces over Eights, in one row — morbid jackpot plus a ghost event on the map.","class SecretDeadMansHand extends CardModifierSkill:  # rules_deck, hidden
  func on_score_row(row : Array[CardData]) -> void:
    var r : Scoring.Result = Scoring.best_hand(row)
    if r.archetype == TWO_PAIR and ranks_are(r, [ACE, EIGHT]):
      game.add_line_score(row_index(row), JACKPOT)
      run_state().queue_map_event(&'ghost_of_deadwood')",rule;secret;gamble,A jackpot you half-dread assembling — the table goes quiet when the eights land.,Chasing exact two pairs means declining better hands on purpose.,global,x+line,no,1,,pre-grid catalog
,The Forty-Two,Astley's ring is 42 feet because of horse physics — hide 42 everywhere,The number 42 chalked faintly on the ring floor under the sawdust,Legendary,6,"Secret meld (hidden rule): when a row score plus its column score totals exactly 42, the act's combo gains +3 U.","class SecretFortyTwo extends CardModifierSkill:  # rules_deck, hidden
  func on_after_score() -> void:
    for line : int in state.row_count():
      if state.row_score(line).to_int() + state.col_score(line).to_int() == 42:
        game.register_combo(combo_key() + str(line))  # 3 distinct keys max",rule;secret;combo,Numerology the community will reverse-engineer — the wiki page writes itself.,Steering exact totals in a multiplier game is gloriously impractical.,grid-local,x+y,no,1,,pre-grid catalog
,The Three Rings,The three-ring circus — Barnum and Bailey's split-focus invention,Three complete card rows glowing as three circus rings at once,Legendary,6,Secret meld (hidden rule): score three separate 5-card poker hands (three full rows) in ONE submit → permanently unlock a third-zone rule card for your profile.,"class SecretThreeRings extends CardModifierSkill:  # rules_deck, hidden
  func on_after_score() -> void:
    if full_row_hands_this_act(state) >= 3:
      profile().unlock(&'rule_third_zone')  # profile flag, crosses runs
      game.register_combo(combo_key())",rule;secret;formation;meta,A discovery that permanently changes YOUR copy of the game — the deepest unlock in the design.,Three simultaneous full hands demands a board most decks cannot even hold.,grid-local,line,no,1,remapped: in one Submit becomes in one show.,pre-grid catalog
,The Voladores,"Danza de los Voladores — four flyers, thirteen circles each: 4 x 13 = 52","Four cards descending on ropes from a pole, circling a fifth",Legendary,6,"Secret meld (hidden rule): in one show, score four different columns each containing a 13-rank descent → the deck-as-calendar bonus: bank one full year (52x base) of fame.","class SecretVoladores extends CardModifierSkill:  # rules_deck, hidden
  func on_game_end() -> void:
    if thirteen_descents_this_show(state) >= 4:
      run_state().bank_fame(52 * BASE_FAME)
      profile().unlock(&'calendar_cardback')",rule;secret;formation;meta,"The cosmic solitaire secret — the 52-card deck revealed as a calendar, once a career.",Functionally a lifetime achievement; it will pay out for one player in ten thousand.,global,line+deck,no,1,,pre-grid catalog
,The Yakuza Hand,"Oicho-kabu: 8-9-3 (ya-ku-za), the worthless hand that named the yakuza","Three cards — an 8, a 9, a 3 — fanned defiantly on bare ground",Legendary,6,Secret meld (hidden rule): score a meld of exactly 8-9-3 → the worthless-hand jackpot pays out massively.,"class SecretYakuza extends CardModifierSkill:  # rules_deck, hidden
  func on_score_row(row : Array[CardData]) -> void:
    if ranks_exactly(row, [8, 9, 3]):
      game.add_line_score(row_index(row), WORTHLESS_JACKPOT)
      game.register_combo(combo_key())",rule;secret;gamble,The game rewarding the WORST hand is the best joke a scoring system can tell.,8-9-3 is a garbage meld every other rule punishes you for holding.,grid-local,x+line,no,1,,pre-grid catalog
,The Butterfly Trick,"Ukare no chō — paper butterflies kept alive with a fan, Japan's classic conjuring piece",Two paper butterflies rising from an open fan over the board,Common,1,"Cue: create two rank-1 paper-token cards (any suit) that drift down one chosen column, one row per Next.","class SkillButterfly extends CardModifierSkill:
  func on_cue() -> void:  # NEEDS NEW HOOK: on_cue (shared cue system)
    game.defer(func():
      game.mint_card_at(TypePaper, RANK_ONE, target_col(), 2)
      game.register_combo(combo_key()))",skill;Magician;token;movement,"Living confetti — free bodies for runs and Kecak counts, drifting where you fanned them.",Rank-1 filler can pad a run but dilutes every poker row it lands in.,grid-local,x+y,no,1,,pre-grid catalog
,Mystery Box,"Sideshow blow-off tents — pay first, see after","A crate stamped with question marks, lid straining",Common,1,"On game start, this card becomes a random skill for the rest of the run (deterministic per seed).","class SkillMysteryBox extends CardModifierSkill:
  func on_game_start() -> void:
    var pool : Array[GDScript] = ModsList.skill_pool()  # var not const (typed array)
    data.skill = pool[hash_pick(run_state().world_seed, pool.size())].new()
    GameData.relink_card_backrefs(data)  # relink after modifier swap",skill;Magician;random,The cheapest lottery ticket in the game — sometimes the box has a tiger.,"You budgeted a deck slot for literally anything, including a dud.",grid-local,none,no,1,,pre-grid catalog
,The Egg Bag,"Isaac Fawkes' egg bag, fairground magic since the 1720s","A velvet bag turned inside out, provably empty, obviously not",Uncommon,2,"Cue while spotlit: stash the top discard inside this card. When this card scores, the stashed card pops into the Grand Entrance.","class SkillEggBag extends CardModifierSkill:
  var held : CardData  # holder keeps the CardData itself (weakref rule)
  func on_cue() -> void:  # NEEDS NEW HOOK: on_cue
    game.defer(func(): held = game.take_top_discard())
  func on_score(result) -> void:
    if held: game.defer(func(): game.place_in_entrance(held); held = null)",skill;Magician;deck-manip;discard,Recycling the discard pile through a velvet bag — the reveal always lands.,"Two-step tempo: stash now, cash only when the bag itself scores.",global,deck,no,1,,pre-grid catalog
,Sawing in Half,"P.T. Selbit, 1921 — the golden-age illusion","A card halfway through a glittering box, both halves waving",Uncommon,2,"Cue: split a target card into two cards of half rank (one rounded up, one down), same suit; this card exhausts for the show.","class SkillSawing extends CardModifierSkill:
  func on_cue() -> void:  # NEEDS NEW HOOK: on_cue
    var t : CardData = cue_target()
    game.defer(func():
      game.split_card(t, ceil(t.rank / 2.0), floor(t.rank / 2.0))
      game.state.exhausted_cues.append(data))",skill;Magician;deck-manip;movement,Rank arithmetic as a saw — fabricate the exact run link you were missing.,You destroyed a big card to make two small ones; poker rows hate the surgery.,grid-local,none,no,1,,pre-grid catalog
,Misdirection,Sleight-of-hand fundamentals — the audience watches the wrong hand,A gloved hand pointing left while the right palms a card,Uncommon,2,While spotlit: the topmost covered card in each adjacent column is also treated as spotlit.,"class SkillMisdirection extends CardModifierSkill:
  func spotlight_grants() -> Array[CardData]:  # consulted by is_active scan
    return [top_covered(left_col(data)), top_covered(right_col(data))]",skill;Magician;spotlight,One placement re-lights the board — a spatial aura you steer by walking.,The aura moves when it moves; adjacency is a leash on your best column.,grid-local,h+x,yes,1,,pre-grid catalog
,The Digesting Duck,Vaucanson's 1739 mechanical duck — the digestion was faked with hidden pellets,"A brass duck swallowing a card, the card visibly sliding into a drawer below",Uncommon,2,Consumes cards dropped on it like a Hippo — but secretly stores them; cue to cough any one back into the Entrance.,"class SkillDuck extends CardModifierSkill:
  var stored : Array[CardData] = []  # holder keeps CardData (weakref rule)
  func on_card_dropped_on(dropped) -> void:
    game.defer(func(): stored.append(game.extract_card(dropped)))
  func on_cue() -> void:  # NEEDS NEW HOOK: on_cue
    game.defer(func(): game.place_in_entrance(stored.pop_back()))",skill;Animal Trainer;Magician;deck-manip,"Fake Gluttony with a refund button — eat problems now, spit answers later.",Storage is not scoring: cards in the duck do nothing until you burp them out.,grid-local,none,no,1,,pre-grid catalog
,Pandora's Box,Pandora's box — hope stays inside,An ornate box exhaling a different-colored smoke each dawn,Uncommon,2,On game start becomes a random skill; on game end resets to Pandora's Box (the roll never sticks).,"class SkillPandora extends CardModifierSkill:
  func on_game_start() -> void:
    data.skill = random_skill_hash(run_state(), data)  # deterministic
    GameData.relink_card_backrefs(data)
  func on_game_end() -> void:
    data.skill = SkillPandora.new(); GameData.relink_card_backrefs(data)",skill;Magician;random,A fresh gamble every single show — the box never runs out of surprises.,You can never keep the good roll; the box always closes.,grid-local,none,no,1,,pre-grid catalog
,Metamorphosis,"Houdini and Bess — the substitution trunk, three seconds flat","Two trunks mid-swap, a handcuffed silhouette in each",Rare,3,"Cue: swap this card with any card in the draw deck (seen or unseen), taking its board position.","class SkillMetamorphosis extends CardModifierSkill:
  func on_cue() -> void:  # NEEDS NEW HOOK: on_cue
    var pick : CardData = cue_pick_from_deck()  # unseen unless revealed
    game.defer(func():
      game.swap_board_and_deck(data, pick)
      game.register_combo(combo_key()))",skill;Magician;deck-manip;gamble,A controlled gamble with a body — trade yourself for the unknown.,Unseen swaps are honest coin flips; the trunk does not care what you hoped.,global,deck,no,1,,pre-grid catalog
,The Ambitious Card,Dai Vernon's Ambitious Card fooled Houdini three times in 1922,"A card rising to the top of a squared deck, one corner smugly bent",Rare,3,This card always rises to the top of the draw deck after any shuffle or discard; +points when drawn the same show it was discarded.,"class SkillAmbitious extends CardModifierSkill:
  # StampGlobal-style activation: works from decks
  func on_append() -> void:
    game.defer(func(): game.raise_to_top(data))
  func on_score(result) -> void:
    if discarded_this_show(data): game.add_line_score(row_of(data), AMBITION_PTS)",skill;Magician;deck-manip,It keeps coming back — the deck itself performs the trick at you.,Always on top means always first into whatever the town does to your draws.,global,deck,no,1,,pre-grid catalog
,The Card Index,"Arthur Lloyd, 'the Human Card Index' — any card produced from his pockets on request","A coat flung open, hundreds of indexed pockets fanned with cards",Rare,4,Cue (once per show): search the draw deck for ANY card and put it into the Grand Entrance.,"class SkillCardIndex extends CardModifierSkill:
  func on_cue() -> void:  # NEEDS NEW HOOK: on_cue
    if game.state.index_used: return
    game.state.index_used = true  # per-show, GameData
    var pick : CardData = cue_pick_from_deck_browser()
    game.defer(func(): game.place_in_entrance(pick))",skill;Magician;deck-manip,"The tutor effect, historically literal — consistency in one pocket.","One fetch per show, and fetching is not placing: the combo still has to survive the board.",global,deck,no,1,,pre-grid catalog
,Walking Through the Wall,P.T. Selbit walked through a brick wall in 1914,"A card halfway through a brick wall, bricks politely parting",Rare,3,Cue: move this card THROUGH an occupied slot to the empty slot beyond it (passes through one card).,"class SkillWall extends CardModifierSkill:
  func on_cue() -> void:  # NEEDS NEW HOOK: on_cue
    var beyond : Vector3i = slot_beyond(data, cue_direction())
    if is_empty(beyond):
      game.defer(func(): Board.place_card(game.state, data, beyond))",skill;Magician;movement,Ignores the one law solitaire holds sacred — that cards block cards.,One-slot range; the wall must have an empty far side.,grid-local,cell,no,1,,pre-grid catalog
,Pepper's Ghost,The 1862 angled-glass illusion — still how dead musicians tour,A translucent duplicate of a card shimmering at 45 degrees to its original,Rare,4,"While spotlit: an intangible duplicate of this card appears in the OPPOSITE zone; it scores in melds as if real but cannot be touched, moved, or targeted.","class SkillPeppersGhost extends CardModifierSkill:
  var ghost : CardData
  func on_active() -> void:
    game.defer(func():
      ghost = game.spawn_phantom(data, opposite_zone_slot(data))  # flag: intangible
      GameData.relink_card_backrefs(ghost))
  func on_deactive() -> void:
    game.defer(func(): game.remove_phantom(ghost))",skill;Magician;formation;combo,Scoring in two zones at once with one card — the mirror trick as math.,The ghost dies the moment the original is covered; fragile double-dipping.,grid-local,none,no,1,,pre-grid catalog
,Psycho,Maskelyne's whist-playing automaton at Egyptian Hall,A turbaned clockwork figure laying a card with a soft tick,Rare,3,"Automaton skill: every Next, plays the top card of the draw deck into this card's column automatically.","class SkillPsycho extends CardModifierSkill:
  func on_next() -> void:
    game.defer(func():
      var c : CardData = game.draw_specific(game.state.draw_deck.front())
      Board.move_stack(game.state, c, Board.ColumnEnd.new(1, col_of(data))))",skill;Magician;deck-manip;movement,A second dealer at the table — the board grows while you think.,"It plays WHATEVER is on top, including the card you were saving from exactly this.",global,h+y,yes,1,,pre-grid catalog
,Dedi's Mercy,Dedi of the Westcar Papyrus — reattached the severed heads of geese,"A robed figure rejoining a torn card, seam glowing gold",Rare,4,"Once per show: when one of your cards is destroyed, restore it to the discard pile instead (the head reattaches).","class SkillDedi extends CardModifierSkill:
  func on_mod_triggered(mod) -> void:
    if mod is DestructionEffect and not game.state.dedi_used:
      game.state.dedi_used = true  # per-show, GameData
      mod.convert_to_discard()  # shared negation seam (see Iron Body)
      game.register_combo(combo_key())",skill;Magician;protection;destruction,Consumption engines get a safety net — feed the tiger with a clear conscience.,"Saves to DISCARD, not to hand; and only the first death matters.",global,h+deck,yes,1,,pre-grid catalog
,The Turk,Von Kempelen's 1770 chess automaton — a hidden human inside; Poe helped expose it,A chessboard automaton whose cabinet door hangs one inch open,Rare,4,Automaton whose power is the secret beneath: its rank counts as the rank of the card directly under it in the stack. Remove that card and the Turk stops (rank 0).,"class SkillTurk extends CardModifierSkill:
  func effective_rank() -> int:  # consulted via on_compare_ranks
    var under : CardData = card_below(data)
    return under.rank if under else 0
  func on_compare_ranks(a, b) -> float:
    if a == data: return PipComparator.numeric_of(effective_rank(), b)
    return NAN",skill;Magician;formation;secret,A card powered by its own hidden operator — the stack IS the trick.,"Two slots to run one act, and exposing the bottom card kills the show.",grid-local,h,yes,1,,pre-grid catalog
,The Imitator,Chung Ling Soo vs. Ching Ling Foo — the imitator out-billed the original,"Two identical posters pasted overlapping, the top one slightly gaudier",Rare,3,"Choose a deck card at acquisition: this card is a Gaff copy of it, scoring 150% of the original's base — but only while the original is NOT on the board.","class SkillImitator extends CardModifierSkill:
  var original : CardData
  func on_score(result) -> void:
    if not on_board(original):
      game.add_line_score(row_of(data), 1.5 * base_points(original))
    else: reveal_as_fake(data)  # both on stage: the bit collapses",skill;Magician;gamble;secret,Running the knockoff act while the original tours elsewhere — deliciously shameless.,Draw both together and the imitator deflates on the spot.,global,deck,no,1,,pre-grid catalog
,The Calm Voice,Harry Blackstone Sr. evacuated a burning theater by announcing it as an illusion,A magician mid-bow gesturing the audience calmly toward glowing exits,Rare,4,"Once per run: when a disaster event or boss effect fires, negate it and convert it into a show — gain fame equal to its severity.","class SkillCalmVoice extends CardModifierSkill:
  func on_mod_triggered(mod) -> void:
    if mod.is_disaster and not run_state().calm_used:
      run_state().calm_used = true
      mod.negate()  # shared negation seam
      run_state().bank_fame(mod.severity * CALM_RATE)",skill;Magician;protection;economy,The catastrophe becomes the encore — the coolest save in the catalog.,"One use per run, and you must HAVE him on board when the fire starts.",grid-local,none,no,1,,pre-grid catalog
,Bian Lian,"Sichuan face-changing — masks swapped in an instant, method guarded within families","A performer mid-turn, half the face one mask, half already another",Rare,4,"Cue: instantly swap this card's rank and suit with any adjacent card's. The game never shows how (no animation, no log entry).","class SkillBianLian extends CardModifierSkill:
  func on_cue() -> void:  # NEEDS NEW HOOK: on_cue
    var n : CardData = cue_adjacent_target()
    game.defer(func():
      var r = data.rank; data.rank = n.rank; n.rank = r
      var s = data.suit; data.suit = n.suit; n.suit = s
      game.register_combo(combo_key()))",skill;Magician;Clown;movement;secret,Pip surgery at cue speed — and the concealment is the flavor.,Adjacent only: the mask reaches exactly one card in each direction.,grid-local,x,no,1,,pre-grid catalog
,Frankenstein,"Shelley's creature — assembled from parts, stronger than any donor",Three cards stitched into one tall body with visible thread,Rare,3,"On submit, merges with the card above and below it into one 3-card merged stack (summed rank) that stays in the zone after scoring.","class SkillFrankenstein extends CardModifierSkill:
  func on_after_score() -> void:
    game.defer(func():
      var m : CardData = game.merge_cards([card_above(data), data, card_below(data)])
      m.meta.persist_board_clear = true  # survives the clear
      GameData.relink_card_backrefs(m))",skill;Magician;formation;persistence,A monster that outlives the board wipe — you build next show around what it became.,The donors are gone forever; a bad stitch makes a big dumb card.,grid-local,h,yes,1,remapped: at Submit becomes on cue. Height makes the three-card merge readable at last.,pre-grid catalog
,The Light and Heavy Chest,"Robert-Houdin's electromagnet chest — a child lifts it, a strongman cannot","A small brass-bound chest, one handle gleaming, one handle groaning",Rare,3,"This card's weight flips by mover: YOU can always grab it (light), but board effects and hazards cannot move or discard it (heavy).","class SkillChest extends CardModifierSkill:
  func on_can_grab_stack(stack) -> Variant:
    if stack.head() == data and mover_is_player(): return true
    return null
  func on_discard() -> Variant:
    if not mover_is_player(): return DENY  # cancellable on_discard seam
    return null",skill;Magician;movement;protection,The trick is WHO is lifting — mover-dependent physics is a delightful rules joke.,"It protects itself, not its column; and it never scores extra.",global,h+deck,yes,1,,pre-grid catalog
,Utter Chaos,The chaos clause of the Mystery Box chain,A skill card whose art is repainting itself mid-frame,Rare,3,Becomes a random skill on EVERY Next (deterministic per history hash).,"class SkillUtterChaos extends CardModifierSkill:
  func on_next() -> void:
    data.skill = random_skill_hash(run_state(), game.state.game_history_trimmed)
    GameData.relink_card_backrefs(data)
    game.register_combo(combo_key())  # each new face is a fresh first-activation",skill;Magician;random;combo,A slot machine that pulls its own lever every turn — pure variable-ratio candy.,You cannot plan one turn ahead; chaos giveth mid-combo and taketh mid-combo.,grid-local,none,no,1,,pre-grid catalog
,Grand Vanish,"Copperfield vanished the Statue of Liberty, 1983","An entire card column missing, its silhouette outlined in stage light",Epic,5,"Cue (once per show): hide an entire column — it cannot be seen, targeted, scored, or touched for one turn, then returns with +points on every card ('with interest').","class SkillGrandVanish extends CardModifierSkill:
  func on_cue() -> void:  # NEEDS NEW HOOK: on_cue
    var col : int = cue_target_col()
    game.defer(func(): game.state.vanished[col] = 1)  # turns left, GameData
  func on_next() -> void:
    for col : int in game.state.vanished.keys():
      game.state.vanished.erase(col)
      buff_column(col, INTEREST_PTS)",skill;Magician;protection;formation,Yanking a whole column out of a boss's reach is the biggest dodge in the game.,A vanished column also skips YOUR scoring pass; timing it wrong vanishes your act.,global,x+y,no,1,,pre-grid catalog
,72 Transformations,"Sun Wukong, the Monkey King — Peking opera's trickster acrobat","A staff-wielding monkey mid-shift, seventy-one faint afterimages behind",Epic,6,"Wild skill: may transform (copy any spotlit card's skill) on cue; the game counts transformations across the run — at 72, this card ascends (permanently upgrades to Legendary stats).","class Skill72 extends CardModifierSkill:
  func on_cue() -> void:  # NEEDS NEW HOOK: on_cue
    data.skill = copy_of(cue_target().skill); GameData.relink_card_backrefs(data)
    run_state().wukong_count += 1
    if run_state().wukong_count >= 72: ascend(data)  # profile-permanent",skill;Magician;random;collection;meta,A 72-step collection quest living on one card — the ascension is a career goal.,Each transformation overwrites the last; the count wants variety your run may not offer.,grid-local,none,no,1,,pre-grid catalog
,The Bullet Catch,"The trick that killed Chung Ling Soo, 1918 — magic's most fatal illusion","A card catching a musket ball between painted teeth, smoke still crossing the stage",Legendary,7,When scored in the Spotlight: score 10x rank. 1-in-13 chance (seeded) it is destroyed instead.,"class SkillBulletCatch extends CardModifierSkill:
  func on_score(result) -> void:
    if hash_roll(game.state.game_history_trimmed, data, 13) == 0:
      game.defer(func(): game.destroy_card(data))  # the trick fails
    else:
      game.add_line_score(row_of(data), 10 * data.rank.value)
      game.register_combo(combo_key())",skill;Magician;gamble;destruction,The purest near-miss thrill in the design — players will tell stories about the night it fired.,Twelve gorgeous catches mean nothing to the thirteenth; it WILL eventually die mid-run.,grid-local,none,no,1,,pre-grid catalog
,Tumbler's Poise,"The charge-system exemplar from the notes — one charge, cue or auto-spend","A tumbler frozen in a handstand on one finger, chalk dust hanging",Common,1,1 charge per turn: cue to hop this card one column sideways; an unused charge auto-spends on Next (it tumbles on its own).,"class SkillTumbler extends CardModifierSkill:
  func on_cue() -> void:  # NEEDS NEW HOOK: on_cue; charges on GameData
    if game.state.charges.get(data, 0) > 0: hop(data, cue_direction())
  func on_next() -> void:
    if game.state.charges.get(data, 0) > 0: hop(data, auto_direction(data))
    game.state.charges[data] = 1",skill;Acrobat;charges;movement,The charge system's tutorial card — use it or watch it use itself.,Auto-spend can tumble it OUT of the meld you parked it in.,grid-local,y,no,1,remapped: on Next becomes on_refill - the Entrance refill is the new heartbeat.,pre-grid catalog
,The Acrobat,Adopted from the §14.5 summary list — grab-while-covered,A lithe figure sliding out from under a stack of heavier cards,Uncommon,2,This card can be grabbed even while covered by other cards (the cards above cascade down one slot).,"class SkillAcrobatGrab extends CardModifierSkill:
  # overrides the is_topmost requirement
  func on_can_grab_stack(stack) -> Variant:
    if stack.head() == data: return true  # even if covered
    return null",skill;Acrobat;movement,Rescuing a buried card is the solitaire fantasy — this card rescues itself.,It escapes alone; whatever was stacked above collapses into your problem.,grid-local,h+cell,yes,1,,pre-grid catalog
,Diabolo,"Kongzhu, the Chinese yo-yo — centuries old, strung between two sticks",A spinning diabolo arcing between two card columns on a taut string,Uncommon,2,"Every Next this card alternates between two adjacent columns, granting +points to the top card of each column it leaves.","class SkillDiabolo extends CardModifierSkill:
  func on_next() -> void:
    var from : int = col_of(data)
    game.defer(func():
      buff_top(from, DIABOLO_PTS)
      Board.move_stack(game.state, data, Board.ColumnEnd.new(1, other_col(data))))",skill;Acrobat;movement;combo,A card that commutes — its schedule becomes part of your board clock.,Its column is never stable; runs that include it dissolve every other turn.,grid-local,h+x,yes,1,,pre-grid catalog
,The Leotard,Jules Léotard — invented the flying trapeze AND the garment,A card in a one-piece mid-flight between two swinging bars,Uncommon,2,Cue: move this card and everything above it to the top of any column — legality ignored (the flying trapeze does not ask permission).,"class SkillLeotard extends CardModifierSkill:
  func on_cue() -> void:  # NEEDS NEW HOOK: on_cue
    var dest : int = cue_target_col()
    game.defer(func():
      Board.move_stack(game.state, data, Board.ColumnEnd.new(1, dest), false)
      game.register_combo(combo_key()))  # trigger_mods = false: player-style drop",skill;Acrobat;movement,Stack teleportation — it breaks placement law the way trapeze breaks gravity.,"It carries its whole stack, wanted or not; the landing column eats everything.",grid-local,h+y,yes,1,,pre-grid catalog
,Colleano's Somersault,Con Colleano — first feet-to-feet forward somersault on the tightwire,A wire-walker flipping forward over his own shadow,Uncommon,2,Cue: this card flips OVER the card covering it — they swap positions (the move considered impossible).,"class SkillColleano extends CardModifierSkill:
  # active while covered by exactly one card: needs StampRevealing-style override
  func is_active_override() -> Variant: return covered_by_exactly_one(data)
  func on_cue() -> void:  # NEEDS NEW HOOK: on_cue
    game.defer(func(): game.swap_positions(data, card_above(data)))",skill;Acrobat;movement;spotlight,The buried card that un-buries itself — one flip and the spotlight is yours again.,One card of cover only; a deep burial is still a burial.,grid-local,h,yes,1,,pre-grid catalog
,The Wing Walker,Lillian Boyer and Ormer Locklear — barnstorming's wing-to-wing transfers,A figure stepping between two biplanes made of falling cards,Uncommon,2,"During the Next-phase drop, this card may transfer mid-air from its input column to an adjacent one (choose on cue before Next).","class SkillWingWalker extends CardModifierSkill:
  func on_cue() -> void: game.state.wing_target[data] = cue_direction()
  func on_next() -> void:
    if game.state.wing_target.has(data):
      redirect_drop(data, game.state.wing_target[data])  # inside TypeInput drop
      game.state.wing_target.erase(data)",skill;Acrobat;movement;deck-manip,Mid-air rerouting — the drop phase stops being fate and starts being flying.,You commit before the draw; the plane you jump to may be the wrong one.,grid-local,x+y,no,1,,pre-grid catalog
,Hopak Burst,"Hopak — the Ukrainian squat-kick dance, explosive and competitive",A dancer mid-kick launching a whole stack of cards upward,Uncommon,2,Cue (1 charge/show): jump this card's entire stack one row upward in its column (everything beneath slides up).,"class SkillHopak extends CardModifierSkill:
  func on_cue() -> void:  # NEEDS NEW HOOK: on_cue
    if game.state.charges.get(data, 0) <= 0: return
    game.state.charges[data] -= 1
    game.defer(func(): game.shift_stack_rows(data, -1))",skill;Acrobat;Dancer;movement;formation,Row math on demand — one kick and the Performance Ring boundary moves for you.,One burst per show; the row above must exist to land in.,grid-local,h+x,yes,1,,pre-grid catalog
,The Dzhigit's Pickup,Cossack dzhigitovka — snatching objects off the ground at full gallop,"A rider hanging sideways off a galloping horse, fingertips brushing a card",Uncommon,2,"During Next, snatch ONE falling card as it drops and redirect it to any column (chosen live).","class SkillDzhigit extends CardModifierSkill:
  func on_next() -> void:
    if game.state.pickup_armed:  # armed by cue, one per turn
      var falling : CardData = intercept_next_drop()
      redirect_drop(falling, cue_target_col())
      game.register_combo(combo_key())",skill;Acrobat;movement;deck-manip,Catching the draw mid-fall — the single most cinematic interrupt in the game.,"One catch, chosen blind: you commit to catching before you see what falls.",grid-local,y,no,1,,pre-grid catalog
,Mallakhamb Pole,Mallakhamb — gymnastics wrapped around the wrestler's pole,A polished wooden pole with performers spiraling up its length,Uncommon,2,While spotlit: every card in this card's column gains +points per row of column height when the column scores.,"class SkillMallakhamb extends CardModifierSkill:
  func on_score_col(col : Array[CardData]) -> void:
    game.add_line_score(col_index(col), POLE_PTS * col.size())
    game.register_combo(combo_key())",skill;Acrobat;formation;combo,Makes TALL the strategy — the pole pays you for the game's riskiest shape.,Tall columns bury spotlights; the pole taxes its own activation.,grid-local,h+x,yes,1,,pre-grid catalog
,The Stilt-Walker,Moko jumbies and stilted guardians (concept borrowed generically per the care list),"A card on tall striped stilts, head and shoulders above its stack",Uncommon,2,This card is spotlit even when covered by ONE card (it sees over the head in front).,"class SkillStilts extends CardModifierSkill:
  func is_active_override() -> Variant:
    if covers_above(data) <= 1: return true
    return null",skill;Acrobat;spotlight,Half a Revealing stamp on a skill slot — tall builds get one free floor.,The second card of cover still blinds it.,grid-local,h,yes,1,,pre-grid catalog
,The Handicap,Maria Spelterini crossed Niagara with peach baskets strapped to her feet,"A wire-walker in peach baskets, the falls roaring beneath",Uncommon,2,Cue at show start: voluntarily lock this card's movement for the show (cannot be grabbed); it scores DOUBLE all show.,"class SkillHandicap extends CardModifierSkill:
  func on_cue() -> void: game.state.handicapped.append(data)  # per-show, GameData
  func on_can_grab_stack(stack) -> Variant:
    if game.state.handicapped.has(data) and stack.contains(data): return false
    return null
  func on_score(result) -> void:
    if game.state.handicapped.has(data): game.add_line_score(row_of(data), base_points(data))",skill;Acrobat;gamble;protection,"Betting on your own placement — declare the crossing, then live with the wire.","Doubled and nailed down: if the board shifts, your star cannot.",grid-local,h,yes,1,,pre-grid catalog
,Flagpole Sitter,Shipwreck Kelly — weeks perched on poles above city crowds,A tiny figure atop a flagpole made of one very tall card column,Uncommon,2,Gains +points for each consecutive show it ends as the TOP card of the same column; any move resets the streak.,"class SkillFlagpole extends CardModifierSkill:
  func on_game_end() -> void:
    if is_topmost(data) and col_of(data) == run_state().pole_col.get(data, -1):
      run_state().pole_streak[data] += 1
    else: run_state().pole_streak[data] = 0
    run_state().pole_col[data] = col_of(data)
  func on_score(result): game.add_line_score(row_of(data), SIT_PTS * run_state().pole_streak.get(data, 0))",skill;Acrobat;persistence;formation,A multi-show commitment you can SEE growing — the pole gets taller in your head.,A column you can never rebuild; the streak dies to one good reshuffle.,grid-local,h+y,yes,1,,pre-grid catalog
,Human Cannonball,"Zazel (1877), then the Zacchini dynasty — the launched performer","A figure blasting out of a cannon, trailing a card-shaped smoke ring",Rare,3,Cue: fire the BOTTOM card of any column to the top of any other column.,"class SkillCannonball extends CardModifierSkill:
  func on_cue() -> void:  # NEEDS NEW HOOK: on_cue
    var shot : CardData = bottom_of(cue_source_col())
    game.defer(func():
      Board.move_stack(game.state, shot, Board.ColumnEnd.new(1, cue_target_col()))
      game.register_combo(combo_key()))",skill;Acrobat;movement,Reaching the UNREACHABLE card — the bottom of the stack is the solitaire fantasy.,"The shot card arrives on TOP, covering whatever engine was working there.",grid-local,h+y,yes,1,,pre-grid catalog
,Blondin's Crossing,Charles Blondin crossed Niagara on a rope — once carrying his manager,"A tightrope strung between two board columns, a whole row inching across",Rare,4,"Once per show: shift an ENTIRE row one column left or right, wrapping around the board edge.","class SkillBlondin extends CardModifierSkill:
  func on_cue() -> void:  # NEEDS NEW HOOK: on_cue
    if game.state.blondin_used: return
    game.state.blondin_used = true
    game.defer(func(): game.rotate_row(cue_row(), cue_direction()))  # Board-level op",skill;Acrobat;movement;formation,The biggest single spatial verb in the game — the whole board takes one step.,Every column's run breaks at once; you fix five problems or cause five.,global,x+y,no,1,,pre-grid catalog
,The High Dive,Steel Pier's high-diving horses; Sonora Webster kept diving blind,A card plunging from the board's top edge toward a tiny tank,Rare,3,Cue: drop this card from the top of its column to the bottom; score +points per row fallen.,"class SkillHighDive extends CardModifierSkill:
  func on_cue() -> void:  # NEEDS NEW HOOK: on_cue
    var fall : int = rows_below(data)
    game.defer(func():
      Board.move_stack(game.state, data, Board.ColumnStart.new(1, col_of(data)))
      game.add_line_score(col_of(data), DIVE_PTS * fall)
      game.register_combo(combo_key()))",skill;Acrobat;movement;gamble,Height converts to points on impact — you build the tower just to jump off it.,"It lands at the BOTTOM: buried, dark, and done for the show.",grid-local,h+x,yes,1,,pre-grid catalog
,The Clock Hang,Harold Lloyd dangling from the clock face in Safety Last! (1923),A card hanging off the board's last column by one bent corner,Rare,3,May be placed half-off the board past the last column: while hanging it is double-spotlit (skill fires twice) — but any board-shift effect drops it (discarded).,"class SkillClockHang extends CardModifierSkill:
  func on_can_place_stack(stack, dest) -> Variant:
    if dest.is_edge_overhang() and stack.head() == data: return true
    return null
  func on_mod_triggered(mod) -> void:
    if mod.shifts_board() and is_overhanging(data):
      game.defer(func(): game.discard_card(data))",skill;Acrobat;gamble;spotlight,Living on the ledge — double output while every gust in the design can kill you.,"One Blondin, one hazard, one wobble: the street is a long way down.",global,h+y,yes,1,,pre-grid catalog
,The Backward-Backward,"May Wirth — the only performer to land the blind backward-backward, horse to horse",A rider somersaulting backward off one galloping card onto another,Rare,3,Cue: reverse the run direction of one column for the rest of the show (descending counts as ascending and vice versa).,"class SkillWirth extends CardModifierSkill:
  func on_cue() -> void: game.state.reversed_cols.append(cue_target_col())
  func on_compare_ranks(a, b) -> float:
    if col_of_pip(a) in game.state.reversed_cols: return -PipComparator.numeric(a, b)
    return NAN",skill;Acrobat;movement;combo,Mid-run direction changes rescue columns everyone else writes off.,"One column only, and every FUTURE placement there must obey the flipped law.",grid-local,y,no,1,,pre-grid catalog
,The Contortionist,Mongolian uran nugaralt — the world's great contortion lineage,A performer folded impossibly inside a single card-width outline,Rare,4,"May fold to SHARE one board slot with another card (two cards, one position; both count in melds).","class SkillContortion extends CardModifierSkill:
  func on_can_place_stack(stack, dest) -> Variant:
    if stack.head() == data and not is_half(dest.top()): return true  # co-slot
    return null
  # Scoring: co-slotted pair both enumerate in row/col melds",skill;Acrobat;formation;movement,A genuinely new spatial verb — six cards in a five-card row.,Six-card 'hands' confuse best-hand evaluation; the fold can dilute a flush.,grid-local,h+x,yes,1,,pre-grid catalog
,The Traceur,Parkour and the Yamakasi — the city as apparatus,A runner vaulting across the tops of five card columns without touching down,Rare,3,This card moves only across the TOPS of columns (never enters stacks): cue to run any distance sideways along topmost slots.,"class SkillTraceur extends CardModifierSkill:
  func on_cue() -> void:  # NEEDS NEW HOOK: on_cue
    var dest : int = cue_target_col()
    if all_tops_clear_between(data, dest):
      game.defer(func(): Board.move_stack(game.state, data, Board.OnTop.new(top_of(dest))))",skill;Acrobat;movement,"The board as terrain, not slots — freedom of the rooftops.","Always topmost means always first into hoop, knife, and hazard alike.",grid-local,h,yes,1,,pre-grid catalog
,The Crowd Surf,Stage diving — trust the crowd or eat the floor,A card passed hand-to-hand across a sea of upturned card faces,Rare,3,"Cue: pass this card across the tops of all columns to the far edge, +points per column crossed; if ANY crossed column is empty it drops (discarded).","class SkillCrowdSurf extends CardModifierSkill:
  func on_cue() -> void:  # NEEDS NEW HOOK: on_cue
    for c : int in cols_between(col_of(data), far_edge()):
      if game.state.is_column_empty(c):
        game.defer(func(): game.discard_card(data)); return
    game.add_line_score(row_of(data), SURF_PTS * cols_crossed(data))",skill;Acrobat;gamble;movement,A risk meter drawn in real board state — you can SEE the gap before you dive.,One empty column anywhere on the route is a funeral.,global,y+deck,no,1,,pre-grid catalog
,The Pyramid,The Moroccan tumbling brotherhoods of Sidi Ahmed ou Moussa — 'Arab tumblers' on every golden-age bill,Six figures in a 3-2-1 human pyramid spanning three columns,Rare,4,"Formation meld: when three adjacent columns hold stacks of exactly 3, 2, and 1 cards, the formation scores as a bonus meld (+U).","class SkillPyramid extends CardModifierSkill:
  func on_after_score() -> void:
    for c : int in state.column_count() - 2:
      if heights_are(c, [3, 2, 1]) or heights_are(c, [1, 2, 3]):
        game.add_line_score(c, PYRAMID_PTS)
        game.register_combo(combo_key())",skill;Acrobat;Dancer;formation,Board silhouettes become scoring objects — you sculpt the skyline itself.,Three columns held hostage to a shape that one draw ruins.,grid-local,h+x,yes,1,,pre-grid catalog
,The Triple,The salto mortale — the triple somersault that killed trapezists until Codona mastered it,Three blurred rotations above a net that looks very far away,Epic,5,"If this card completes a run of EXACTLY 3 that was fully assembled this turn, that run scores triple.","class SkillTriple extends CardModifierSkill:
  func on_score_col(col : Array[CardData]) -> void:
    var run : Array[CardData] = run_containing(data, col)
    if run.size() == 3 and assembled_this_turn(run, game.state):
      game.add_line_score(col_index(col), 2 * run_points(run))
      game.register_combo(combo_key())",skill;Acrobat;combo;formation,"Rewards CONSTRUCTING the trick this turn, not owning it — turn-scoped skill expression.","Exactly three, all placed this turn: hesitation or greed both void the bonus.",grid-local,line,no,1,,pre-grid catalog
,The Courier,Andrew Ducrow's 'Courier of St. Petersburg' — standing astride multiple horses,"A rider standing astride two galloping card columns, reins in each hand",Epic,6,"While spotlit, this card straddles TWO adjacent columns — it counts as a member of both columns' melds.","class SkillCourier extends CardModifierSkill:
  func on_score_col(col : Array[CardData]) -> void:
    if col_index(col) == col_of(data) + 1:  # the straddled neighbor
      rescore_with(col, data)  # NEEDS NEW HOOK: meld-membership injection
      game.register_combo(combo_key())",skill;Acrobat;formation;combo,"The single best spatial legendary available — one body, two acts.","Two columns of exposure, and covering him breaks both saddles at once.",grid-local,x+line,no,1,,pre-grid catalog
,Flash Mob,Sudden coordinated performance in public space — assembly as the trick,Fifty cards mid-leap from the Entrance onto the board at once,Epic,5,Cue (once per show): deploy your ENTIRE Grand Entrance onto the board in one action (columns chosen left-to-right automatically).,"class SkillFlashMob extends CardModifierSkill:
  func on_cue() -> void:  # NEEDS NEW HOOK: on_cue
    if game.state.flashmob_used: return
    game.state.flashmob_used = true
    game.defer(func():
      for c : CardData in game.state.upper_cards():
        Board.move_stack(game.state, c, Board.ColumnEnd.new(1, auto_col(c))))",skill;Acrobat;movement;formation,The whole crowd hits the floor at once — tempo as spectacle.,"Automatic placement: the mob lands where it lands, melds be damned.",global,h+x,yes,1,,pre-grid catalog
,The Seven Pyramid,The Flying Wallendas' seven-person pyramid — collapsed in 1962; the family rebuilt and went on,"Seven cards in a trembling three-tier pyramid, wire beneath",Legendary,7,"Formation: a single stack of exactly 7 legally-run cards scores a colossal bonus. If the stack is ever broken by a hazard, rebuild it once for double.","class SkillSevenPyramid extends CardModifierSkill:
  func on_score_col(col : Array[CardData]) -> void:
    var s : Array[CardData] = stack_containing(data)
    if s.size() == 7 and is_run(s):
      var mult : int = 2 if run_state().pyramid_rebuilt else 1
      game.add_line_score(col_index(col), SEVEN_BONUS * mult)
      game.register_combo(combo_key())",skill;Acrobat;formation;persistence,The most famous formation in circus history — and the rebuild clause honors why.,Seven legal cards in one tower is the whole show balanced on one column.,grid-local,h,yes,1,,pre-grid catalog
,The Puszta Five,The csikós of Hungary — standing astride five galloping horses,"A rider standing on five horses abreast, each horse a card column",Legendary,8,Cue (once per show): for one scoring pass this card counts as a member of EVERY column's meld (the Courier's endgame evolution).,"class SkillPuszta extends CardModifierSkill:
  func on_cue() -> void: game.state.puszta_armed = true
  func on_score_col(col : Array[CardData]) -> void:
    if game.state.puszta_armed:
      rescore_with(col, data)  # meld-membership injection seam
      game.register_combo(combo_key() + str(col_index(col)))",skill;Acrobat;formation;combo,One card scoring in five melds at once — the board folds around a single rider.,"One pass per show, and he must survive uncovered until you call it.",global,y+line,no,1,,pre-grid catalog
,Klyaksa,Karandash and his dog Klyaksa ('Inkblot') — the USSR's defining clown duo,A small ink-black dog token trotting beside a clown card,Common,1,Comes with a free rank-1 Dog token card (Animal) that shuffles into your deck and follows this card's column when drawn.,"class SkillKlyaksa extends CardModifierSkill:
  func on_game_start() -> void:
    if not run_state().klyaksa_minted:
      run_state().klyaksa_minted = true
      game.defer(func(): game.mint_card(TypePaper, RANK_ONE, &'dog_token'))
  func on_next() -> void:
    var dog : CardData = find_token(&'dog_token')
    if dog and col_of(dog) != col_of(data): game.defer(func(): recall(dog, col_of(data)))",skill;Animal Trainer;Clown;token,A pet that follows you around the board — pure charm with a body count of zero.,"Two deck slots for one act, and the dog is a rank-1 body.",global,y+deck,no,1,,pre-grid catalog
,Flea Circus,"Victorian flea circuses — real fleas, real harnesses",A magnifying glass revealing a tiny big top on a card's back,Common,1,"When scored, counts as FIVE cards of rank 1 for combo-counting purposes (U and class counts, not points).","class SkillFleaCircus extends CardModifierSkill:
  func on_score(result) -> void:
    for i : int in 5:
      game.register_combo(combo_key() + str(i))  # five distinct keys",skill;Animal Trainer;combo,"Tiny card, huge combo — the joke IS the mechanic.",Zero extra points: it inflates the multiplier and nothing else.,grid-local,none,no,1,,pre-grid catalog
,The Monkey,"Sarumawashi — Japanese street monkey performances, a thousand years old",A capuchin in a tiny vest climbing a column of cards,Uncommon,2,"Spawns a monkey token that climbs its column one row per Next, cueing whatever card it sits on (free cue).","class SkillSarumawashi extends CardModifierSkill:
  func on_next() -> void:
    game.state.monkey_row[data] = (game.state.monkey_row.get(data, 0) + 1) % col_height(data)
    var host : CardData = card_at_row(col_of(data), game.state.monkey_row[data])
    if host.skill and host.skill.has_method(&'on_cue'):
      host.skill.call(&'on_cue')  # shared cue hook",skill;Animal Trainer;charges;movement,"A free finger on the cue button, wandering upward — you build the ladder it climbs.","It cues what it LANDS on, including the card you were saving.",grid-local,h+x,yes,1,,pre-grid catalog
,Liberty Horses,'Liberty' acts — riderless horses forming figures on voice command alone,"White horses wheeling in formation, no riders, one raised whip",Uncommon,2,"On Next, all Animal-class cards in the Grand Entrance rearrange themselves into ascending rank order before dropping.","class SkillLiberty extends CardModifierSkill:
  func on_next() -> void:
    game.defer(func(): game.sort_entrance_group(&'Animal', ASCENDING))
    game.register_combo(combo_key())",skill;Animal Trainer;deck-manip;formation,Auto-sorting is deeply satisfying — the herd dresses its own line.,"Only Animals, only the Entrance: the Ring's chaos is still yours.",grid-local,none,no,1,remapped: on Next becomes on_refill - the Entrance refill is the new heartbeat.,pre-grid catalog
,Hungry Hippo,The hippo card from the original TODO list — implemented then gutted,A cavernous pink yawn beneath two tiny greedy eyes,Uncommon,2,"Consumes cards dropped onto it, adding their rank to its own (cap 13 total); returns everything eaten at show end.","# PARTIAL: SkillHippo exists, on_card_dropped_on gutted — restore:
class SkillHippo extends CardModifierSkill:
  var eaten : Array[CardData] = []  # holder keeps CardData (weakref rule)
  func on_card_dropped_on(dropped) -> void:
    if data.rank.value >= 13: return
    game.defer(func():
      eaten.append(game.extract_card(dropped))
      data.rank.value = min(13, data.rank.value + dropped.rank.value))
  func on_game_end() -> void:
    for c : CardData in eaten: game.return_to_deck(c)",skill;Animal Trainer;destruction;growth,Feeding the hippo is toddler-grade joy with real board consequences.,Everything fed is off the board till show end; cap 13 arrives fast.,grid-local,none,no,1,,pre-grid catalog
,The Learned Pig,"Toby the Sapient Pig — spelled, read minds, told time; Johnson and Byron both remarked",A bespectacled pig tapping a card with one trotter,Uncommon,2,"Once per turn: reveals the description/identity of any facedown, hidden, or unknown card (Gaffs stay smug but their text shows).","class SkillLearnedPig extends CardModifierSkill:
  func on_cue() -> void:  # NEEDS NEW HOOK: on_cue
    if game.state.pig_used: return
    game.state.pig_used = true
    if game.view: game.view.reveal_text(cue_target())  # info only, data untouched",skill;Animal Trainer;info,The counter-intelligence pet — Gaff economies stop working on you.,Pure information: the pig never adds a point.,grid-local,none,no,1,,pre-grid catalog
,Clever Hans,"Clever Hans, the counting horse — actually reading his questioner's body language","A horse tapping a hoof, eyes locked sideways on its neighbor",Uncommon,2,"Appears to calculate: counts as a copy of its highest adjacent neighbor's rank. If it ever has no neighbors, it is revealed as rank 1.","class SkillCleverHans extends CardModifierSkill:
  func on_compare_ranks(a, b) -> float:
    if a != data: return NAN
    var n : CardData = highest_neighbor(data)
    return PipComparator.numeric_of(n.rank if n else RANK_ONE, b)",skill;Animal Trainer;formation;secret,A fraud that works exactly as long as the audience stands close — placement as kayfabe.,Isolate him once and the whole act collapses to a 1.,grid-local,x,no,1,,pre-grid catalog
,The Gentled Beast,Carl Hagenbeck's reward-based training — kindness made the cage obsolete,"A great cat leaning into an open palm, no bars anywhere",Uncommon,2,Alternative to eating: cards dropped on this card are not consumed but BEFRIENDED (returned to the column below it); each friend permanently +1 this card's score bonus.,"class SkillGentled extends CardModifierSkill:
  func on_card_dropped_on(dropped) -> void:
    run_state().gentled_count[data] = run_state().gentled_count.get(data, 0) + 1
    game.defer(func(): Board.move_stack(game.state, dropped, Board.ColumnStart.new(1, col_of(data))))
  func on_score(result) -> void:
    game.add_line_score(row_of(data), GENTLE_PTS * run_state().gentled_count.get(data, 0))",skill;Animal Trainer;growth;protection,"The ethical fork of the eating mechanic — kindness is mechanically superior, on purpose.",Slower than Gluttony and the friends still occupy board slots.,grid-local,h+y,yes,1,,pre-grid catalog
,The Lion Dance,"Chinese lion dance — two performers inside one lion, plucking the greens","A festival lion rearing, two pairs of shoes visible beneath the fringe",Rare,3,"Secretly TWO cards: when destroyed, it splits into two rank-half performers instead of dying. Placing it on a card 'plucks the greens': harvest +points from the card beneath.","class SkillLionDance extends CardModifierSkill:
  func on_mod_triggered(mod) -> void:
    if mod is DestructionEffect and mod.target == data:
      mod.negate()  # shared negation seam
      game.defer(func(): game.split_card(data, half_up(data), half_down(data)))
  func on_stack_cards(stack) -> void:
    if card_below(data): game.add_line_score(row_of(data), GREENS_PTS)",skill;Animal Trainer;Dancer;destruction;secret,The kill shot that becomes two performers taking a bow — the reveal never gets old.,The halves are half-rank bodies; surviving is not the same as thriving.,grid-local,h,yes,1,,pre-grid catalog
,Mabel's Tigers,Mabel Stark — working big cats bare-handed into her seventies,"A woman in white leathers, one glove resting on a tiger's head",Rare,3,"Consumes cards dropped on it like Gluttony — but ONLY prop (skill-less) cards; +1 rank per meal, no cap, permanent.","class SkillMabelsTigers extends CardModifierSkill:
  func on_card_dropped_on(dropped) -> void:
    if dropped.skill: return  # tigers respect feats
    game.defer(func():
      game.destroy_card(dropped)  # permanent: deck thinning
      data.rank.value += 1)",skill;Animal Trainer;destruction;growth,A curated Gluttony that eats your chaff and respects your talent — deck thinning with teeth.,It only ever grows off junk; a lean deck starves the cats.,global,deck,no,1,,pre-grid catalog
,The Unicorn,Menagerie 'unicorns' — a one-horned rhino billed as legend,"A rhinoceros in profile, horn gilded, poster overhead screaming UNICORN",Rare,3,Animal Gaff: scores as a Legendary (5x base) until any inspection effect examines it — then it is revealed (rhino) and scores half forever.,"class SkillUnicorn extends CardModifierSkill:
  func on_score(result) -> void:
    var mult : float = 0.5 if run_state().unicorn_exposed else 5.0
    game.add_line_score(row_of(data), mult * base_points(data))
  func on_mod_triggered(mod) -> void:
    if mod is InspectionEffect and mod.targets(data): run_state().unicorn_exposed = true",skill;Animal Trainer;gamble;secret,Riding the bluff show after show — every Prepared Town is a held breath.,One inspection converts your headliner into a permanent rhino.,grid-local,none,no,1,,pre-grid catalog
,The Lion's Bride,The menagerie's caged-beauty tableaus — beauty seated among the beasts,"A serene figure seated in a cage, a lion's head heavy in her lap",Rare,3,"Scores bonus points every act it shares a column with a consuming Animal card (Tigers, Gluttony, Hippo) without being eaten.","class SkillLionsBride extends CardModifierSkill:
  func on_after_score() -> void:
    if column_has_eater(col_of(data)):
      game.add_line_score(col_of(data), BRIDE_PTS)
      game.register_combo(combo_key())",skill;Animal Trainer;gamble;formation,Points for proximity to your own monsters — the cage door is the thrill.,One careless drop and your bride is hippo food.,grid-local,y,no,1,,pre-grid catalog
,The Ox,Bumba Meu Boi — the pageant ox killed and resurrected amid celebration,"A garlanded ox mid-collapse, confetti already falling",Rare,3,"This card's destruction IS its act: when destroyed, the town celebrates (+fame) and it revives into the deck next show.","class SkillOx extends CardModifierSkill:
  func on_mod_triggered(mod) -> void:
    if mod is DestructionEffect and mod.target == data:
      run_state().bank_fame(OX_FAME)
      run_state().revive_next_show(data)  # re-mint into deck on next game start
      game.register_combo(combo_key())",skill;Animal Trainer;destruction;persistence,Dying on schedule for applause — destruction decks finally get a renewable body.,It WANTS to die: alive on the board it is a vanilla ox.,global,deck,no,1,remapped: on Next becomes on_refill - the Entrance refill is the new heartbeat.,pre-grid catalog
,Jumbo,Barnum's Jumbo — the elephant so famous he became the word for big,"An elephant filling the whole card frame, a top hat tiny on his head",Epic,5,Heavy. Cards cannot be placed on Jumbo; Jumbo can be placed on anything; +points per card beneath him when scored.,"class SkillJumbo extends CardModifierSkill:
  func on_can_place_stack(stack, dest) -> Variant:
    if dest.top() == data: return false  # nothing rides Jumbo
    if stack.head() == data: return true  # Jumbo rides anything
    return null
  func on_score(result) -> void:
    game.add_line_score(row_of(data), JUMBO_PTS * cards_below(data))",skill;Animal Trainer;formation;movement,"A column-capper with WEIGHT — you end a column with him on purpose, forever.",He seals his column shut; whatever is under him is under him for good.,grid-local,h,yes,1,,pre-grid catalog
,Sin of Gluttony,The seven deadly sins by way of the hippo card 'on crack' (the notes' own words),"A vast gilded maw ringed by seven candles, deck cards spiraling in",Epic,6,"No cap, feeds from ANYWHERE (board, Entrance, decks — cue to feed), permanently consumes; rank grows without limit.","class SkillGluttony extends CardModifierSkill:
  func on_cue() -> void:  # NEEDS NEW HOOK: on_cue — feed from any stage
    var meal : CardData = cue_pick_anywhere()
    game.defer(func():
      game.destroy_card(meal)  # permanent, even from decks
      data.rank.value += meal.rank.value)
  func on_card_dropped_on(dropped) -> void: on_cue_feed(dropped)",skill;Animal Trainer;destruction;growth,Unbounded number-go-up powered by cannibalizing your own deck — the purest devil's bargain in the catalog.,Every point of rank is a card that no longer exists; the deck you win with may not survive the winning.,global,none,no,1,,pre-grid catalog
,HONK,The bulb horn — clowning's one-note orchestra,"A red rubber bulb horn, mid-squeeze, sound lines everywhere",Common,1,On cue: makes a honk noise. Unlimited uses. That is the entire card.,"class SkillHonk extends CardModifierSkill:
  func on_cue() -> void:  # NEEDS NEW HOOK: on_cue (shared cue system)
    if game.view: game.view.play_sfx(&'honk')  # data untouched, no state change
  func combo_key(hook) -> String: return ''  # opts out of U — it is a horn",skill;Clown;joke,The tap-mechanic tutorializer that asks nothing and delivers a honk every time.,Occupies a deck slot and a board slot to produce one (1) noise.,grid-local,none,no,1,,pre-grid catalog
,Slapstick,The battacio of commedia dell'arte — the literal slap-stick,Two wooden slats mid-clap across a startled card's face,Common,1,Cue: swap the RANKS of this card and one adjacent card.,"class SkillSlapstick extends CardModifierSkill:
  func on_cue() -> void:  # NEEDS NEW HOOK: on_cue
    var n : CardData = cue_adjacent_target()
    var r = data.rank; data.rank = n.rank; n.rank = r  # field mutation, no board move
    game.register_combo(combo_key())",skill;Clown;movement;combo,"Cheap, tactile, always-useful pip fixing — the whack is the fix.","One swap, adjacent only; it moves numbers, never bodies.",grid-local,x,no,1,,pre-grid catalog
,The Kecak Chorus,"Kecak — a hundred interlocking voices as one orchestra, Bali, 1930s","Dozens of tiny rank-1 cards in concentric rings, arms raised, chanting",Common,1,"When any meld scores, +mult per rank-1 card currently on the board (the chorus chants for every act).","class SkillKecak extends CardModifierSkill:
  func on_score(result) -> void:
    var ones : int = count_rank_on_board(game.state, 1)
    game.add_line_score(row_of(data), KECAK_PTS * ones)
    game.register_combo(combo_key())",skill;Clown;combo;token,Makes an army of worthless 1s into an instrument — mass-commons proudly viable.,A board full of 1s is a board that melds almost nothing on its own.,grid-local,line,no,1,,pre-grid catalog
,Custard Pie,Silent-film and circus pie fights — aim is everything,A custard pie frozen an inch from a dignified face,Uncommon,2,"Cue (throw): target card's suit becomes Balls; if that completes a flush row, +mult immediately.","class SkillCustardPie extends CardModifierSkill:
  func on_cue() -> void:  # NEEDS NEW HOOK: on_cue
    var t : CardData = cue_target()
    t.suit = PipSuitBall.new()  # nominal construction, never index math
    if row_is_flush(row_of(t)): game.add_line_score(row_of(t), PIE_MULT)
    game.register_combo(combo_key())",skill;Clown;combo;prop,Suit-fixing that feels like AIMING — the splat completes the flush.,"One pie, one suit, one direction: Balls or nothing.",grid-local,x+line,no,1,,pre-grid catalog
,Tappable Clown,Adopted from the §14.5 summary list — the 3-tap randomizer,"A wind-up clown with a halo of three segmented lights, one dimmed",Uncommon,2,3 charges per show (halo shows remaining): cue to deterministically re-roll the ranks of all adjacent cards.,"class SkillTapClown extends CardModifierSkill:
  func on_game_start() -> void: game.state.charges[data] = 3
  func on_cue() -> void:  # NEEDS NEW HOOK: on_cue
    if game.state.charges[data] <= 0: return
    game.state.charges[data] -= 1
    for n : CardData in adjacent_cards(data):
      n.rank = hash_rank(game.state.game_history_trimmed, n)  # no RNG",skill;Clown;random;charges,A pocket slot machine with a visible ammo counter — the halo begs to be spent.,"Re-rolls hit EVERY neighbor, including the one that was already perfect.",global,x,no,1,,pre-grid catalog
,The Sunshine Clown,Oleg Popov — the gentle wordless clown beloved across the Cold War divide,A clown in a checked cap holding a sunbeam like a balloon string,Uncommon,2,"While spotlit: removes one debuff/status per turn from the cards directly below it. Only buffs, never gags.","class SkillSunshine extends CardModifierSkill:
  func on_next() -> void:
    for c : CardData in cards_below(data):
      if c.statuses.size() > 0:
        game.defer(func(): c.remove_status(c.statuses.front()))
        game.register_combo(combo_key())
        break  # one heal per turn",skill;Clown;status;protection,A healer in a game of hazards — the kind clown makes debuff towns humane.,"Heals downward only, one per turn; he cannot save himself.",grid-local,none,no,1,,pre-grid catalog
,Mr. Punch,Pulcinella became England's Mr. Punch — 'That's the way to do it!',"A hook-nosed puppet mid-swing, slapstick connecting with a neighbor",Uncommon,2,"Each act, gains points for every adjacent card that gets debuffed or destroyed (gleefully amoral).","class SkillPunch extends CardModifierSkill:
  func on_mod_triggered(mod) -> void:
    if mod.is_hostile and is_adjacent(mod.target, data):
      game.add_line_score(row_of(data), PUNCH_PTS)
      game.register_combo(combo_key())",skill;Clown;destruction;combo,Profiting from the neighborhood's misfortune — the audience laughs anyway.,He needs suffering adjacent to him; a healthy board starves the puppet.,grid-local,x,no,1,remapped: act/Submit timing becomes the Entrance refill. See the post-grid effects CSV for the rewritten wording.,pre-grid catalog
,The Jongleur,"Medieval jongleurs — jugglers, tumblers, singers, news-carriers, all at once","A patched figure juggling a lute, three balls, and a rumor",Uncommon,2,Counts as EVERY class for group effects — but all its class bonuses apply at half value.,"class SkillJongleur extends CardModifierSkill:
  func extra_class_tag() -> StringName: return &'*'  # wildcard tag
  func class_bonus_scale() -> float: return 0.5  # leaders read this scale",skill;Clown;combo,The universal splash card — every leader smiles at him a little.,Master of none is the printed text: half-rate everywhere.,grid-local,none,no,1,,pre-grid catalog
,The One-Man Band,"Cymbals between the knees, harmonica in the rack — everything at once, none of it well","A figure buried in instruments, one drumstick raised hopefully",Uncommon,2,Counts as THREE classes of your choice (chosen at acquisition) at one-third effect each.,"class SkillOneManBand extends CardModifierSkill:
  var tags : Array[StringName] = []  # picked at acquisition, saved on card
  func extra_class_tags() -> Array[StringName]: return tags
  func class_bonus_scale() -> float: return 0.334",skill;Clown;combo,The affectionate anti-specialist — configure your own bad orchestra.,"Three thirds never equal one whole; he pads counts, not power.",grid-local,none,no,1,,pre-grid catalog
,The Comedic Drop,W.C. Fields — the fake fumble got bigger laughs than the trick,"A juggler watching a dropped club bounce, grin spreading",Uncommon,2,Cue: deliberately discard (drop) this card mid-show for a bonus LARGER than scoring it would have paid.,"class SkillComedicDrop extends CardModifierSkill:
  func on_cue() -> void:  # NEEDS NEW HOOK: on_cue
    game.defer(func():
      game.add_line_score(row_of(data), 1.5 * base_points(data))
      game.discard_card(data)
      game.register_combo(combo_key()))",skill;Clown;discard;gamble,Failure as a scored act — dropping the ball ON PURPOSE is the punchline.,It pays once and leaves; the meld it abandoned scores without it.,global,deck,no,1,,pre-grid catalog
,Pierrot,The whitefaced moon-mad lover of French pantomime,A white figure gazing up at a moon that is a pale card,Uncommon,2,Buffs at 'night': +mult on alternating shows (odd-numbered shows of the tour); pines uselessly otherwise.,"class SkillPierrot extends CardModifierSkill:
  func on_score(result) -> void:
    if run_state().shows_played % 2 == 1:
      game.add_line_score(row_of(data), MOON_PTS)
      game.register_combo(combo_key())",skill;Clown;Dancer;gamble,A rhythm the route planner can dance around — schedule your big towns by moonlight.,Half your tour he is scenery.,grid-local,none,no,1,,pre-grid catalog
,Pagliacci,Vesti la giubba — the clown must perform while his heart breaks,"A clown at a mirror, painted smile, real tears",Uncommon,2,The show must go on: +mult while this card carries any debuff or negative status.,"class SkillPagliacci extends CardModifierSkill:
  func on_score(result) -> void:
    if has_negative_status(data):
      game.add_line_score(row_of(data), SORROW_MULT)
      game.register_combo(combo_key())",skill;Clown;status;gamble,Debuffs become fuel — the hazard town just handed you your best act.,You must keep him hurt to keep him great; healing him nerfs him.,grid-local,none,no,1,,pre-grid catalog
,Fool's License,The court jester's license — the one voice permitted to mock the king,A jester bowing to a throne while pickpocketing the crown,Rare,3,While spotlit: choose ONE rule card in the rules deck; its effect is ignored (the fool mocks the law).,"class SkillFoolsLicense extends CardModifierSkill:
  var mocked : CardData  # chosen rule card
  func on_active() -> void: game.state.suppressed_rules.append(mocked)
  func on_deactive() -> void: game.state.suppressed_rules.erase(mocked)
  # run_all_mods skips implementers whose card is in suppressed_rules",skill;Clown;rule;secret,The cleanest possible use of the rule-deck architecture — one card that laughs at one law.,"Cover the fool and the law returns instantly, mid-act if it must.",global,deck,no,1,,pre-grid catalog
,The Vidushaka,"Chakyar koothu — Kerala's temple jester, licensed to mock even kings mid-sermon",A jester whispering in the ear of a statue of the town's founder,Rare,3,Once per tour: reduce the current show's declared goal (or Booking target) by 20% — the fool talks the crowd down.,"class SkillVidushaka extends CardModifierSkill:
  func on_cue() -> void:  # NEEDS NEW HOOK: on_cue
    if run_state().vidushaka_used: return
    run_state().vidushaka_used = true
    game.state.goal = game.state.goal.multiplied(0.8)  # BigNumber op
    game.register_combo(combo_key())",skill;Clown;economy;gamble,An escape valve for the show you overbooked — mockery as mercy.,One heckle per tour; save it wrong and the wall you hit is full height.,grid-local,none,no,1,,pre-grid catalog
,Whiteface & Auguste,"Tom Belling tripped in the Berlin ring, 1869 — the crowd jeered 'August!' and a duo was born",An elegant whiteface pointing left while a rumpled Auguste falls right,Rare,4,"Pair card: cue the Whiteface to issue an order (choose an adjacent card's cue); the Auguste executes it WRONGLY — the effect fires on a different valid target, at 150%.","class SkillWhitefaceAuguste extends CardModifierSkill:
  func on_cue() -> void:  # NEEDS NEW HOOK: on_cue
    var intended : CardData = cue_target()
    var actual : CardData = hash_pick_other(intended, game.state)  # wrong on purpose
    if actual.skill and actual.skill.has_method(&'on_cue'):
      boost_next_trigger(actual, 1.5)
      actual.skill.call(&'on_cue')",skill;Clown;random;combo,Orders executed wrong for a BETTER result — comedy as a targeting system.,"You aim, the game misfires on purpose: 150% of the wrong thing is sometimes 0.",grid-local,x,no,1,,pre-grid catalog
,The Rodeo Clown,"Rodeo bullfighters — comedy as armor, drawing the bull off fallen riders",A barrel-clad clown waving both arms at something enormous off-frame,Rare,3,"When a boss/town effect targets another of your cards, this card redirects the hit to itself (taunt, once per turn).","class SkillRodeoClown extends CardModifierSkill:
  func on_mod_triggered(mod) -> void:
    if mod.is_hostile and mod.target != data and not game.state.rodeo_used_this_turn:
      game.state.rodeo_used_this_turn = true
      mod.retarget(data)  # NEEDS NEW HOOK: hostile retarget seam
      game.register_combo(combo_key())",skill;Clown;protection,A taunt verb wearing a red nose — your glass engine finally has a bodyguard.,He eats every hit he steals; clowns are not durable.,grid-local,none,no,1,,pre-grid catalog
,Grock's Instrument,Grock — musical virtuosity forever defeated by furniture,"A tiny violin on a huge piano lid, both slightly too far away",Rare,3,"This card refuses to score: each act it WOULD score, it instead hops one column away and banks the points. When finally cornered (no legal hop), it scores everything banked at once.","class SkillGrock extends CardModifierSkill:
  func on_score(result) -> void:
    var dest : int = legal_hop(data)
    if dest != -1:
      game.state.grock_bank[data] += base_points(data)
      game.defer(func(): Board.move_stack(game.state, data, Board.ColumnEnd.new(1, dest)))
    else:
      game.add_line_score(row_of(data), game.state.grock_bank.get(data, 0))
      game.register_combo(combo_key())",skill;Clown;movement;gamble,A running gag with compound interest — you spend three turns herding the punchline.,The bank pays only if you CATCH him; an open board is an endless chase.,grid-local,h+y,yes,1,remapped: act/Submit timing becomes the Entrance refill. See the post-grid effects CSV for the rewritten wording.,pre-grid catalog
,Weary Willie,Emmett Kelly's Depression-era tramp — the clown who grew from hard times,A sad-faced tramp clown sweeping the spotlight into a dustpan,Rare,3,Gains +1 rank permanently every time one of your cards is destroyed or a show is failed.,"class SkillWearyWillie extends CardModifierSkill:
  # StampGlobal-style: listens from anywhere
  func on_mod_triggered(mod) -> void:
    if mod is DestructionEffect and mod.target.owner_is_player():
      data.rank.value += 1
  func on_game_end() -> void:
    if not game.won(): data.rank.value += 1",skill;Clown;growth;persistence,Bad runs produce a souvenir — your losses literally accumulate into a performer.,He grows from pain you did not want; a winning streak leaves him tiny.,global,none,no,1,,pre-grid catalog
,Clown Car,"Lou Jacobs' midget-car gag, Ringling, 1950s",A car the size of a shoe with fourteen elbows already out the window,Epic,5,"On Next: draw one extra card into this card's column, +1 more per Clown-class card scored last submit.","class SkillClownCar extends CardModifierSkill:
  func on_next() -> void:
    var extra : int = 1 + game.state.clowns_scored_last_act
    for i : int in extra:
      game.defer(func(): game.draw_card(col_of(data)))
    game.register_combo(combo_key())",skill;Clown;deck-manip;combo,An escalating tempo engine — the board literally overflows with clowns.,Extra draws flood a board that Spotlight rules want SHALLOW; the car does not brake.,grid-local,y,no,1,remapped: on Next becomes on_refill - the Entrance refill is the new heartbeat.,pre-grid catalog
,The Living Statue,Street living statues — paid by the hour for perfect stillness,"A silver-painted figure on a crate, a coin frozen mid-toss before it",Common,1,Gains +points at every show end it was never moved this show; ANY grab resets the bonus to zero.,"class SkillStatue extends CardModifierSkill:
  func on_stack_cards(stack) -> void:
    if stack.contains(data): game.state.statue_moved.append(data)
  func on_score(result) -> void:
    if not game.state.statue_moved.has(data):
      game.add_line_score(row_of(data), STATUE_PTS * run_state().statue_streak.get(data, 0))",skill;Dancer;persistence;formation,Patience literally paid — the card you must consciously NOT touch.,A card you cannot move is a slot you cannot fix.,grid-local,h,yes,1,,pre-grid catalog
,The Charivari,The charivari — the clowns' opening tumbling rush that starts the show,"A dozen tumblers pouring into the ring all at once, hats flying",Uncommon,2,"Turn-1 bonus: if you place 4+ cards into the Ring on the first turn of a show, +mult on the first act's payout.","class SkillCharivari extends CardModifierSkill:
  func on_after_score() -> void:
    if game.state.acts_played == 1 and game.state.turn1_placements >= 4:
      game.add_line_score(0, CHARIVARI_MULT)
      game.register_combo(combo_key())",skill;Dancer;Clown;formation;combo,Rewards the opening FLOOD — turn one becomes a stampede by design.,Dumping four cards fast means placing four cards badly.,grid-local,grid,no,2+,,pre-grid catalog
,Presentation,The user's Presentation card — ascending-order movement pays multiplier,"A conveyor of cards each one rank higher, bowing in sequence",Uncommon,2,"While spotlit: each time you place a card whose rank is HIGHER than the last card you placed, +1 combo (U) for the act.","class SkillPresentation extends CardModifierSkill:
  func on_stack_cards(stack) -> void:
    var placed : CardData = stack.head()
    if placed.rank.value > game.state.last_placed_rank:
      game.register_combo(combo_key() + str(placed.rank.value))
    game.state.last_placed_rank = placed.rank.value",skill;Dancer;combo;movement,Turns your HANDS into a combo meter — the order you play becomes choreography.,Ascending order is a straitjacket when the board wants a king NOW.,grid-local,h,yes,1,,pre-grid catalog
,Spiderweb,The user's Spiderweb card idea — diagonal cross reach,A dew-strung web spanning four diagonal cards from a center spider,Uncommon,2,When scored: +1 point per card diagonal to this card (the X shape around it).,"class SkillSpiderweb extends CardModifierSkill:
  func on_score(result) -> void:
    var diag : int = count_diagonal_neighbors(game.state, data)
    game.add_line_score(row_of(data), WEB_PTS * diag)
    game.register_combo(combo_key())",skill;Dancer;formation,The first card that makes DIAGONALS matter — a new axis appears in your head.,Center placement is contested real estate; corners pay it almost nothing.,grid-local,x,no,1,,pre-grid catalog
,The Tango Pair,"Tango — born dockside in Buenos Aires, perfected in the embrace","Two cards locked cheek to cheek mid-stride, one leg extended",Uncommon,2,"Pair: these two cards must always be adjacent (the free one slides to rejoin on Next); each turn they alternate who leads — only the leader's skill fires, at +50%.","class SkillTango extends CardModifierSkill:
  var partner : CardData
  func on_next() -> void:
    if not is_adjacent(data, partner):
      game.defer(func(): slide_to_adjacent(partner, data))
    game.state.tango_lead[data] = not game.state.tango_lead.get(data, false)",skill;Dancer;formation;movement,Two cards dancing across your board between turns — the embrace is a constraint you love.,"Two slots, one active skill at a time, and the follow drags cover with it.",grid-local,x,no,1,remapped: on Next becomes on_refill - the Entrance refill is the new heartbeat.,pre-grid catalog
,Escaramuza,"Escaramuza — Mexico's women's precision team riding, sidesaddle at full gallop","Eight riders crossing in perfect symmetry, dust in a mandala",Uncommon,2,"Symmetry bonus: when the board's column heights read the same left-to-right as right-to-left at scoring, +mult on the act.","class SkillEscaramuza extends CardModifierSkill:
  func on_after_score() -> void:
    if column_heights(game.state) == column_heights(game.state).reversed():
      game.add_line_score(0, SYMMETRY_MULT)
      game.register_combo(combo_key())",skill;Dancer;formation,You start seeing the board as a mirror — a whole aesthetic becomes a payout.,Symmetry fights greed: the best meld is usually asymmetric.,grid-local,h+x,yes,1,,pre-grid catalog
,Twin Harmony,"Violet and Daisy Hilton — conjoined-twin vaudeville stars, saxophone and jazz","Two performers sharing one silhouette, two saxophones raised",Uncommon,2,"Doubles any combo/multiplier effect on cards adjacent to it (auras, Spangles, chorus counts).","class SkillTwinHarmony extends CardModifierSkill:
  func on_mod_triggered(mod) -> void:
    if mod.is_combo_effect and is_adjacent(mod.data, data):
      mod.retrigger_once()  # echo flag prevents loops (see StampDoubleTrigger)",skill;Dancer;combo,A combo amplifier with an address — placement decides what gets doubled.,Doubling nothing is nothing; she needs neighbors already worth doubling.,grid-local,x,no,1,,pre-grid catalog
,The Odd Couple,John Battersby (the Living Skeleton) married Hannah Perkins (the Fat Lady),A wisp-thin card and an enormous card holding hands on a porch swing,Uncommon,2,The LOWEST and HIGHEST ranked cards in this card's row buff each other (+points each) when the row scores.,"class SkillOddCouple extends CardModifierSkill:
  func on_score_row(row : Array[CardData]) -> void:
    var lo : CardData = lowest_in(row); var hi : CardData = highest_in(row)
    game.add_line_score(row_index(row), COUPLE_PTS * 2)
    game.register_combo(combo_key())",skill;Dancer;formation;combo,"Rewards the row you were told not to build — the 2 and the King, together forever.",A tight midrange row (the poker ideal) pays the couple least.,grid-local,x,no,1,,pre-grid catalog
,The Paired Giants,"Anna Swan and Martin Bates — the giant couple, near fifteen feet together","Two towering cards ducking under the top of the frame, hands linked",Uncommon,2,Pair: each gains +mult while BOTH are anywhere on the board.,"class SkillPairedGiants extends CardModifierSkill:
  var partner : CardData
  func on_score(result) -> void:
    if on_board(partner):
      game.add_line_score(row_of(data), GIANT_MULT)
      game.register_combo(combo_key())",skill;Dancer;formation,The simplest pair payoff in the game — draw them both and feel the room get taller.,Half the pair is half a card; mulligans hate marriages.,global,none,no,1,,pre-grid catalog
,Karagöz & Hacivat,The Turkish shadow-play duo — bickering across a lit screen for 500 years,Two shadow-puppets arguing from opposite sides of a glowing cloth,Rare,3,"Bound pair: each gets +mult while they are in OPPOSITE zones (one in the Entrance, one in the Ring) — they argue best apart.","class SkillKaragoz extends CardModifierSkill:
  var partner : CardData
  func on_score(result) -> void:
    if zone_of(data) != zone_of(partner):
      game.add_line_score(row_of(data), QUARREL_MULT)
      game.register_combo(combo_key())",skill;Dancer;formation;spotlight,"A pair you must keep APART — the anti-Tango, and the Entrance finally matters.",Keeping one upstairs starves your Ring of a body every show.,grid-local,grid,no,2+,,pre-grid catalog
,The Kickline,The Moulin Rouge cancan — scandal as a chorus line,"Five cards kicking in perfect unison, skirts of spades and hearts",Rare,3,"Full-row formation: when all five columns' TOP cards share a suit at scoring, the row above them scores again (the kickline encore).","class SkillKickline extends CardModifierSkill:
  func on_after_score() -> void:
    if all_tops_share_suit(game.state):
      rescore_row(top_row_index(game.state))  # deferred second pass
      game.register_combo(combo_key())",skill;Dancer;formation;combo,"Five tops, one suit, whole line kicks — the board-wide costume check pays off.",Suit-aligning five column TOPS fights every stacking rule in the book.,grid-local,x+line,no,1,,pre-grid catalog
,The Butoh Walker,"Butoh — Japan's post-war dance of darkness, glacially slow, transformative","A white-painted figure mid-step, the floor behind it subtly changed",Rare,3,Moves one slot (any direction) every OTHER turn automatically; every slot it leaves is permanently blessed: +points to the next card scored there.,"class SkillButoh extends CardModifierSkill:
  func on_next() -> void:
    if game.state.turn_count % 2 == 0:
      var from : Vector3i = locate(data)
      game.defer(func():
        Board.move_stack(game.state, data, next_slot(data))
        game.state.slot_marks[from] = BLESSED)",skill;Dancer;movement;growth,A slow tide that consecrates the board behind it — patience made visible.,"You do not steer it, and the blessing lands where IT walked, not where you play.",grid-local,h+cell,yes,1,,pre-grid catalog
,The Dragon Meld,Chinese dragon dance — a whole team animating one long body,A serpentine run of cards arched like a dragon between two poles,Rare,4,"When a run of 4+ scores while this card is in it, the run becomes a DRAGON: next turn it can be relocated as one body (moved anywhere as a unit, once).","class SkillDragon extends CardModifierSkill:
  func on_score_col(col : Array[CardData]) -> void:
    var run : Array[CardData] = run_containing(data, col)
    if run.size() >= 4: game.state.dragon_stack = run  # flagged as movable unit
  func on_can_grab_stack(stack) -> Variant:
    if stack == game.state.dragon_stack: return true
    return null",skill;Dancer;formation;movement,Your best run stops being furniture — the whole dragon walks to a better street.,The dragon exists for one turn; hesitate and it is bricks again.,global,h+line,yes,1,,pre-grid catalog
,The Fadista,Fado and saudade — mourning what is gone as public art,"A shawled singer, eyes closed, ghost-cards drifting past like memory",Rare,3,Scores +N per card destroyed or lost this run — grief as accumulation.,"class SkillFadista extends CardModifierSkill:
  func on_score(result) -> void:
    game.add_line_score(row_of(data), GRIEF_PTS * run_state().cards_lost_count)
    game.register_combo(combo_key())",skill;Dancer;destruction;persistence,Every loss the run inflicted becomes her verse — the saddest scaling curve in the game.,She starts worthless and grows only as your deck shrinks around her.,global,none,no,1,,pre-grid catalog
,The Castell,"Castells of Catalonia — human towers crowned by a child; força, equilibri, valor i seny",A trembling tower of cards with one tiny rank-1 card raising a hand at the top,Epic,5,"Tower formation: a stack of 6+ crowned by your LOWEST-ranked card pays a massive bonus at scoring; if the tower is broken by a hazard first, lose double the bonus.","class SkillCastell extends CardModifierSkill:
  func on_score_col(col : Array[CardData]) -> void:
    var s : Array[CardData] = stack_containing(data)
    if s.size() >= 6 and s.back().rank.value == lowest_rank_in(s):
      game.add_line_score(col_index(col), CASTELL_BONUS)
      game.register_combo(combo_key())",skill;Dancer;Acrobat;formation;gamble,"THE solitaire-stacking fantasy: build the tower, send the smallest card up, hold your breath.",Six cards in one column crowned by your weakest — a hazard magnet with your name on it.,grid-local,h,yes,1,,pre-grid catalog
,Straitjacket,"Houdini's upside-down straitjacket escapes — performed free, in public, for crowds","A buckled canvas jacket straining, one sleeve already loose",Common,1,Starts each show unable to be moved; frees itself (and pays +points) the first time its column scores.,"class SkillStraitjacket extends CardModifierSkill:
  func on_can_grab_stack(stack) -> Variant:
    if stack.contains(data) and not game.state.escaped.has(data): return false
    return null
  func on_score_col(col) -> void:
    if col_index(col) == col_of(data) and not game.state.escaped.has(data):
      game.state.escaped.append(data)
      game.add_line_score(col_index(col), ESCAPE_PTS)
      game.register_combo(combo_key())",skill;Escape Artist;movement;gamble,"A self-solving problem — the escape IS the payoff, every single show.",Until it escapes it is a locked slot exactly where you placed it.,global,h+y,yes,1,,pre-grid catalog
,The Blockhead,Melvin Burkhart's human blockhead — comedy timing over gore,"A grinning performer, hammer raised, nail glinting",Common,1,"Absorbs one Knife prop per show: instead of being scored/hit, bank the knife as flat points.","class SkillBlockhead extends CardModifierSkill:
  func on_prop_passing(prop) -> Variant:
    if prop.kind == KNIFE and not game.state.blockhead_used.has(data):
      game.state.blockhead_used.append(data)
      game.add_line_score(row_of(data), NAIL_PTS)
      game.register_combo(combo_key())
      return NEGATE_PASS
    return null",skill;Escape Artist;prop;protection,Standing in the knife lane on purpose — the flinch you do not make is the act.,One nail per show; the second knife is just a knife.,global,none,no,1,,pre-grid catalog
,The Target Girl,"The impalement arts — the thrower gets billing, the nerve is hers","A poised assistant against a knife-ringed board, one blade still humming",Uncommon,2,"Placed in a Knife-prop row, converts every knife MISS into points (the miss bonus farms itself).","class SkillTargetGirl extends CardModifierSkill:
  func on_prop_passed(prop) -> void:
    if prop.kind == KNIFE and prop.missed(data):
      game.add_line_score(row_of(data), MISS_PTS)
      game.register_combo(combo_key())",skill;Escape Artist;prop;combo,Arguably the real star of the Knives archetype — she makes danger a salary.,"No knives, no paycheck: she is dead weight outside a Knife build.",grid-local,x,no,1,,pre-grid catalog
,Milk Can,Houdini's 'Failure Means a Drowning Death' milk-can escape,"A riveted milk can, lid chained, one card-corner poking from the seam",Uncommon,2,"Cue: place one card from the board inside the can (out of play, safe from everything). Cue again any later turn to retrieve it to the Entrance.","class SkillMilkCan extends CardModifierSkill:
  var held : CardData  # holder keeps the CardData itself (weakref rule)
  func on_cue() -> void:  # NEEDS NEW HOOK: on_cue
    if held: game.defer(func(): game.place_in_entrance(held); held = null)
    else: game.defer(func(): held = game.extract_card(cue_target()))",skill;Escape Artist;protection;deck-manip,A pocket dimension for your combo piece — hold the ace through the storm.,The held card does NOTHING while canned; tempo is the rent.,grid-local,none,no,1,,pre-grid catalog
,The Escape Map,"WWII Bicycle decks hid escape maps for POWs — soak the card, peel it, assemble",A playing card peeling open to reveal an inked river and a border,Uncommon,2,"When discarded (soaked), reveals part of the world map's fog of war — sacrificial cartography.","class SkillEscapeMap extends CardModifierSkill:
  func on_discard() -> void:
    run_state().reveal_fog(FOG_RADIUS)  # map-layer effect
    game.register_combo(combo_key())",skill;Escape Artist;info;discard;meta,A card whose best play is its funeral — you spend a soldier to see the road.,Discarding it is the effect; it never scores a point in its life.,global,deck,no,1,,pre-grid catalog
,The Mime,Marcel Marceau — who used mime to keep children silent while smuggling them across the Alps,"A white-gloved figure, finger to lips, one hand shielding a small stack",Uncommon,2,Silent escort: attaches to a stack; absorbs the first hostile event targeting any card in that stack (reverent flavor text mandatory).,"class SkillMime extends CardModifierSkill:
  func on_mod_triggered(mod) -> void:
    if mod.is_hostile and in_same_stack(mod.target, data) and not game.state.mime_spent.has(data):
      game.state.mime_spent.append(data)
      mod.retarget(data)  # hostile retarget seam (see Rodeo Clown)",skill;Escape Artist;protection,The guardian who says nothing — the history behind it earns the quiet.,"One interception, then he is spent and exposed himself.",grid-local,h,yes,1,,pre-grid catalog
,The Invisible Wall,The mime's constructed nothing,A perfectly ordinary empty column that a strongman cannot enter,Uncommon,2,Cue: block one EMPTY column with nothing — no card may enter or leave it for one turn (hazards included).,"class SkillInvisibleWall extends CardModifierSkill:
  func on_cue() -> void: game.state.walled_col = cue_target_col()
  func on_can_place_stack(stack, dest) -> Variant:
    if dest.column() == game.state.walled_col: return false
    return null
  func on_next() -> void: game.state.walled_col = -1",skill;Escape Artist;protection;movement,Denying a column with mime hands — hazard routing made theatrical.,"It blocks YOUR plays there too, and only empty columns qualify.",grid-local,h+y,yes,1,,pre-grid catalog
,The Double,Yakima Canutt — invented modern stunt craft so stars could seem immortal,"Two identical cards mid-fall, one wearing a slightly better jacket",Uncommon,2,Assign a 'star' card at show start: the first destruction or debuff aimed at the star hits this card instead.,"class SkillStuntDouble extends CardModifierSkill:
  var star : CardData
  func on_mod_triggered(mod) -> void:
    if mod.is_hostile and mod.target == star and not game.state.double_spent.has(data):
      game.state.double_spent.append(data)
      mod.retarget(data)  # hostile retarget seam",skill;Escape Artist;protection,"Your legendary gets a body man — the hit lands, the star walks.","The double dies doing it, and he only guards ONE name on the call sheet.",grid-local,none,no,1,,pre-grid catalog
,Brodie's Leap,"Steve Brodie claimed the Brooklyn Bridge jump, 1886 — famous anyway","A figure mid-leap over a painted bridge, the splash suspiciously dry",Uncommon,2,"Claims a feat: banks fame each show for a stunt that never happened. If ever inspected/exposed (Séance Buster, Prepared Town), lose DOUBLE everything banked.","class SkillBrodie extends CardModifierSkill:
  func on_game_end() -> void:
    run_state().brodie_bank += CLAIM_FAME
    run_state().bank_fame(CLAIM_FAME)
  func on_mod_triggered(mod) -> void:
    if mod is InspectionEffect and mod.targets(data):
      run_state().bank_fame(-2 * run_state().brodie_bank)",skill;Escape Artist;gamble;economy;secret,Free money on a lie that compounds — the exposure sword hangs heavier every show.,The longer it works the more the debunk costs; Prepared Towns are a guillotine.,global,none,no,1,,pre-grid catalog
,Edith's Bayonet,Edith Clifford swallowed a bayonet mounted on a rifle butt for Barnum & Bailey,"A sword-swallower mid-swallow, rifle stock still visible",Rare,3,Cue: swallow one Knives-suit card permanently (destroyed); its rank adds to hers FOREVER.,"class SkillEdith extends CardModifierSkill:
  func on_cue() -> void:  # NEEDS NEW HOOK: on_cue
    var blade : CardData = cue_target()
    if blade.suit is PipSuitKnife:
      game.defer(func():
        game.destroy_card(blade)
        data.rank.value += blade.rank.value)",skill;Escape Artist;destruction;growth,Gluttony's dangerous cousin with a suit restriction and no take-backs.,Every meal is a Knife card your knife build no longer owns.,grid-local,none,no,1,,pre-grid catalog
,The Fire Breather,Vaporized-fuel plumes — the least forgiving skill in the industry,A performer exhaling a rolling orange plume across five cards,Rare,3,Cue: project Burning across this card's ENTIRE row (every card gains the status); this card gains Exhausted.,"class SkillFireBreather extends CardModifierSkill:
  func on_cue() -> void:  # NEEDS NEW HOOK: on_cue
    for c : CardData in row_cards(row_of(data)):
      var st : StatusBurning = StatusBurning.new()  # duplicate per application
      game.defer(func(): c.add_status(st))
    game.defer(func(): data.add_status(StatusExhausted.new()))",skill;Escape Artist;status;prop,A whole row set alight in one breath — the cascade build's ignition switch.,He torches his own act to do it; Exhausted is not a costume.,grid-local,x,no,1,,pre-grid catalog
,The Regurgitator,"Hadji Ali — swallowed water and kerosene, produced them separately, fire finale","A performer producing swallowed items in impossible order, audience recoiling",Rare,3,Cue: swallow up to 3 board cards; produce them later to the Entrance in ANY order (a stack-order laundering machine).,"class SkillRegurgitator extends CardModifierSkill:
  var gullet : Array[CardData] = []  # holder keeps CardData (weakref rule)
  func on_cue() -> void:  # NEEDS NEW HOOK: on_cue
    if cue_mode() == SWALLOW and gullet.size() < 3:
      game.defer(func(): gullet.append(game.extract_card(cue_target())))
    else:
      game.defer(func(): game.place_in_entrance(gullet.pop_at(cue_index())))",skill;Escape Artist;deck-manip;movement,"Order laundering — the sequencing sins of your board, absolved in one gulp.",Three bodies off the board is three bodies not scoring.,grid-local,h,yes,1,,pre-grid catalog
,The Hunger Artist,Giovanni Succi and the fasting fad; Kafka wrote the eulogy,"A gaunt figure in a barred cage, tally marks scratched beside the door",Rare,3,"Gains +N for every consecutive show it stays in the deck UNPLAYED; when finally played and scored, pays the whole fast at once, then resets to zero.","class SkillHungerArtist extends CardModifierSkill:
  # StampGlobal-style: counts shows from inside the deck
  func on_game_end() -> void:
    if not appeared_this_show(data): run_state().fast_days[data] += 1
  func on_score(result) -> void:
    game.add_line_score(row_of(data), FAST_PTS * run_state().fast_days.get(data, 0))
    run_state().fast_days[data] = 0
    game.register_combo(combo_key())",skill;Escape Artist;persistence;gamble,"Patience literally scored — the longer you do not play your card, the louder its debut.","A deck slot doing nothing for shows on end; drawn early, the fast breaks for pennies.",global,deck,no,1,,pre-grid catalog
,The Water Torture Cell,"Houdini's upside-down, ankles-locked immersion escape","A card suspended head-down in a glass tank, three padlocks glowing",Rare,4,Arrives locked under 3 conditions (covered / column unscored / not moved); one unlocks per turn in order; full escape pays a massive bonus.,"class SkillWaterCell extends CardModifierSkill:
  func on_next() -> void:
    var locks : int = game.state.cell_locks.get(data, 3)
    if lock_condition_met(data, locks): game.state.cell_locks[data] = locks - 1
  func on_score(result) -> void:
    if game.state.cell_locks.get(data, 3) == 0:
      game.add_line_score(row_of(data), ESCAPE_JACKPOT)
      game.register_combo(combo_key())",skill;Escape Artist;gamble;formation,A three-turn countdown the whole board bends around — tension you can hear ticking.,Three turns of vulnerability for one payout; a hazard mid-escape drowns the act.,grid-local,h+y,yes,1,,pre-grid catalog
,Buried Alive,Fakir interment endurance; Houdini nearly died failing it in 1926,"A coffin lid closing over a card, one corner of it still confident",Rare,3,Cue: bury a card (removed from the game) for 2 shows; it returns UPGRADED one rarity (seeded chance it does not return at all).,"class SkillBuriedAlive extends CardModifierSkill:
  func on_cue() -> void:  # NEEDS NEW HOOK: on_cue
    var c : CardData = cue_target()
    run_state().bury(c, 2)  # RunState timer; re-mints at +1 rarity on expiry
    if hash_roll(run_state().world_seed, c, 13) == 0:
      run_state().mark_lost(c)  # the grave keeps this one",skill;Escape Artist;gamble;growth,"Send a card to the grave and bet on the resurrection — collection-level payoff, funeral-level stakes.","Two shows without the card, and sometimes the coffin stays shut.",grid-local,h,yes,1,,pre-grid catalog
,The Holdout,The Kepplinger sleeve machine — betrayed to the world by its inventor's friends,A mechanical brass arm easing a card out of a coat sleeve,Rare,4,"Store one card OUTSIDE the game (survives shows). Cue once per run: insert it into any stack at any moment. If a town searches you first, lose it.","class SkillHoldout extends CardModifierSkill:
  var sleeve : CardData  # RunState-held: survives show teardown
  func on_cue() -> void:  # NEEDS NEW HOOK: on_cue
    game.defer(func():
      Board.place_card(game.state, sleeve, cue_slot()); sleeve = null)
  func on_mod_triggered(mod) -> void:
    if mod is SearchEffect and sleeve: run_state().mark_lost(sleeve)",skill;Escape Artist;secret;gamble;deck-manip,"An ace up the sleeve — literally, mechanically, gloriously illegal.",Search towns turn your insurance into a confession.,grid-local,h,yes,1,,pre-grid catalog
,The Kneeling Devil,"Diablos Danzantes de Yare — red devils who dance, then kneel at the church door","A masked red devil kneeling, mask half-lifted, dawn behind",Rare,3,"A negative card (debuffs its column each show) that, if kept in the deck for the FULL tour, converts at the final city into a Legendary blessing card.","class SkillKneelingDevil extends CardModifierSkill:
  func on_game_start() -> void:
    game.defer(func(): column_debuff(col_of(data)))  # the devil dances
  func on_game_end() -> void:
    if run_state().at_final_city and run_state().devil_kept_all_tour(data):
      run_state().transform_card(data, &'legendary_blessing')  # it kneels",skill;Escape Artist;status;persistence;gamble,Carrying a curse the whole tour for one redemption — the longest bet on the map.,"A full tour of self-inflicted debuffs, and dropping it once voids everything.",global,y+deck,no,1,,pre-grid catalog
,Searing Knife,Adopted from the §14.5 summary list — column hazards enable town/boss content,A knife glowing forge-red buried point-down in a card column,Rare,3,"When scored: burns its own column — the column pays 3x this act but is LOCKED (no placement, no grabs) for the next 2 turns.","class SkillSearingKnife extends CardModifierSkill:
  func on_score_col(col : Array[CardData]) -> void:
    if col_index(col) != col_of(data): return
    game.add_line_score(col_index(col), 2 * col_total(col))
    game.state.locked_cols[col_index(col)] = 2  # turns; on_next decrements
  func on_can_place_stack(stack, dest) -> Variant:
    if game.state.locked_cols.get(dest.column(), 0) > 0: return false
    return null",skill;Escape Artist;gamble;formation;hazard,"Scorched-earth economics — triple now, cratered later, and you chose where.",A locked column is a fifth of your board in ashes for two turns.,grid-local,h+y,yes,1,remapped: act/Submit timing becomes the Entrance refill. See the post-grid effects CSV for the rewritten wording.,pre-grid catalog
,The Capoeirista,Capoeira — a martial art disguised as dance by enslaved Afro-Brazilians,"A ginga stance flowing under a berimbau's curve, dust rising in the roda",Rare,3,"Registered as a Dancer; functions as an Escape Artist. In towns that ban combat/danger acts, performs anyway (bans read the registration).","class SkillCapoeirista extends CardModifierSkill:
  func extra_class_tag() -> StringName: return &'Dancer'  # the registration
  func true_class_tag() -> StringName: return &'Escape Artist'
  func on_score(result) -> void:
    if game.town_bans(&'Escape Artist'):
      game.add_line_score(row_of(data), DEFIANCE_PTS)  # scores double under a ban
      game.register_combo(combo_key())",skill;Escape Artist;Dancer;secret,The crown jewel of the disguised-identity family — the ban is the buff.,In friendly towns the disguise is just a smaller stat line.,grid-local,none,no,1,,pre-grid catalog
,The Wall of Death,Motordrome riders on vertical board walls,A motorcyclist horizontal on a wooden cylinder wall of card backs,Rare,3,"Aura: both adjacent columns score +mult, but every card in them takes 1 Exhausted debuff at show end (someone pays for the show).","class SkillWallOfDeath extends CardModifierSkill:
  func on_score_col(col : Array[CardData]) -> void:
    if abs(col_index(col) - col_of(data)) == 1:
      game.add_line_score(col_index(col), WALL_MULT)
  func on_game_end() -> void:
    for c : CardData in adjacent_column_cards(data):
      c.add_status(StatusExhausted.new())  # duplicate per application",skill;Escape Artist;status;formation;gamble,An aura with a bill attached — placement decides who pays it.,The debuffs land on YOUR cards; the wall does not care who was load-bearing.,grid-local,x,no,1,,pre-grid catalog
,The Séance Buster,Late-life Houdini's crusade against fraudulent mediums,A flashlight beam catching cheesecloth ectoplasm mid-drop,Rare,3,Cue: reveal ALL Gaff/Humbug/fake cards on the board (yours and the town's); +points per fake exposed.,"class SkillSeanceBuster extends CardModifierSkill:
  func on_cue() -> void:  # NEEDS NEW HOOK: on_cue
    var fakes : int = 0
    for c : CardData in game.state.board_cards():
      if is_gaff(c): reveal(c); fakes += 1
    game.add_line_score(row_of(data), BUST_PTS * fakes)
    game.register_combo(combo_key())",skill;Escape Artist;info;combo,"Counterplay that makes fakes a real subgame — history's best rivalry, playable.",It exposes YOUR Humbugs too; the flashlight does not check allegiance.,grid-local,none,no,1,,pre-grid catalog
,Bottom Deal,"The card sharp's quiet arts — seconds and bottoms, never seen",A dealer's hand drawing smoothly from the deck's underside,Common,1,"Cue: this turn, draws come from the BOTTOM of the deck instead of the top.","class SkillBottomDeal extends CardModifierSkill:
  func on_cue() -> void:  # NEEDS NEW HOOK: on_cue (shared cue system)
    game.state.deal_from_bottom = true  # TypeInput.on_next consults; resets on Next end
    game.register_combo(combo_key())",skill;Fortune Teller;deck-manip,One flick of the wrist and the Gold you sank comes up early — the deck has two doors now.,"One turn only, and the bottom is usually bottom for a reason.",global,deck,no,1,remapped: on Next becomes on_refill - the Entrance refill is the new heartbeat.,pre-grid catalog
,X-Ray Eyes,Kuda Bux — the blindfolded fire-walker with 'X-ray eyes',"A blindfolded face turned upward, twin glows burning through the cloth",Uncommon,2,"While THIS card is covered (blinded), you can see all facedown and hidden cards on the board and the top 3 deck cards.","class SkillXRay extends CardModifierSkill:
  # inverted activation: needs StampRevealing-style override while covered
  func is_active_override() -> Variant: return is_covered(data)
  func on_active() -> void:
    if game.view: game.view.reveal_hidden_all()  # info only, data untouched",skill;Fortune Teller;info;spotlight,"A card that works best buried — burying becomes a play, not an accident.",Uncover it and the sight goes dark; it never scores meaningfully itself.,global,h+deck,yes,1,,pre-grid catalog
,The Tarot Reading,Carnival cartomancy — and a wink at Balatro's tarots,"Five cards fanned face-down, one fingertip resting on the third",Uncommon,2,Cue (once per show): look at the top 5 cards of the draw deck and reorder them freely.,"class SkillTarot extends CardModifierSkill:
  func on_cue() -> void:  # NEEDS NEW HOOK: on_cue
    if game.state.tarot_used: return
    game.state.tarot_used = true
    game.defer(func(): game.reorder_deck_top(cue_reorder_ui(5)))",skill;Fortune Teller;deck-manip;info,"The scry every deck game needs — and here order IS position, so it is spatially loaded.","Five cards of foresight, once; the sixth card is still fate.",global,deck,no,1,,pre-grid catalog
,The Second Sight,The Zancigs — 'Two Minds with but a Single Thought',"Two performers back to back, one blindfolded, both smiling",Uncommon,2,"Pair: while both cards are on the board, the top card of the draw deck is always revealed.","class SkillSecondSight extends CardModifierSkill:
  var partner : CardData
  func on_active() -> void:
    if on_board(partner) and game.view: game.view.reveal_deck_top(true)
  func on_deactive() -> void:
    if game.view: game.view.reveal_deck_top(false)",skill;Fortune Teller;info,Permanent deck-top vision changes every single Next decision — quiet and beloved.,Two board slots for information that adds zero points directly.,global,deck,no,1,,pre-grid catalog
,Lucky Streak,The '+1 reroll per game; repeats will not repeat' note,"A rabbit's foot on a chain, faintly glowing, slightly smug",Uncommon,2,"Grants +1 reroll per shop visit; and for the rest of any show after it activates, repeated actions never produce identical results (the RNG stream advances).","class SkillLuckyStreak extends CardModifierSkill:
  func on_game_start() -> void:
    run_state().rerolls += 1
    game.state.reroll_stream_advance = true  # forked RNG stream per action",skill;Fortune Teller;meta;random,Anti-frustration made diegetic — the game promises to never repeat the same cruelty twice.,"Luck-smoothing, not power: it improves your worst case only.",global,deck,no,1,remapped: act/Submit timing becomes the Entrance refill. See the post-grid effects CSV for the rewritten wording.,pre-grid catalog
,The Mulligan,The discards essay — 'this should probably be a joker actually',"A dealer's hand sweeping one card off the table, eyebrow raised",Uncommon,2,Allows discarding 1 card from the Grand Entrance per turn (before it drops). Upgradable: further copies add +1 discard each.,"class SkillMulligan extends CardModifierSkill:
  func on_next() -> void:
    game.state.entrance_discards = 1 + copies_in_play(SkillMulligan) - 1
  # GameView: entrance cards gain a discard affordance while quota > 0",skill;Fortune Teller;discard;deck-manip,The gamble-for-a-better-hand loop the discards essay wanted — fun per click.,Every mulligan feeds the discard pile the town may be reading.,global,deck,no,1,,pre-grid catalog
,Madame Zora's Eye,Boardwalk mitt camps and the Zoltar machine lineage,"A neon fortune-teller booth, one glass eye glowing over the deck",Rare,3,The next-drawn card is ALWAYS visible above the deck slot while this card is anywhere in play.,"class SkillZora extends CardModifierSkill:
  # StampGlobal-style activation: works from any stage
  func on_active() -> void:
    if game.view: game.view.pin_next_draw_preview(true)",skill;Fortune Teller;info,"Permanent information changes every plan — quiet, powerful, beloved.",Information compounds only if you act on it; the eye never lifts a finger.,global,cell+deck,no,1,,pre-grid catalog
,The Griot,"West African griots — hereditary praise-singers, the living archive (absorbs the Storyteller card)","A robed singer with a kora, faint gold script streaming behind",Rare,4,"Preserves up to 20% of this show's unspent score into the next show's opening total, and re-triggers ONE effect of your choice from last show at the next show's start.","class SkillGriot extends CardModifierSkill:
  func on_game_end() -> void:
    run_state().carryover = game.state.total.multiplied(0.2)  # BigNumber, capped
    run_state().remembered = pick_effect_ui(game.state.fired_this_show)
  func on_game_start() -> void:
    game.state.total = run_state().carryover
    replay_effect(run_state().remembered)",skill;Fortune Teller;persistence;economy,Memory as an engine — last night's show opens tonight's.,Carryover tempts you to sandbag a won show; the cap exists because of you.,grid-local,none,no,1,,pre-grid catalog
,Wax and Gold,"Azmari sam-enna-warq — lyrics with a surface meaning and a hidden one, both true",A wax seal peeled back to reveal gold leaf lettering beneath,Rare,3,Two rule texts: the visible 'wax' effect (+points when scored in a row meld) and a hidden 'gold' effect discovered only by fulfilling the wax one 5 times (then: +combo every meld).,"class SkillWaxGold extends CardModifierSkill:
  func on_score(result) -> void:
    game.add_line_score(row_of(data), WAX_PTS)
    run_state().wax_count[data] = run_state().wax_count.get(data, 0) + 1
    if run_state().wax_count[data] >= 5: run_state().gold_unlocked.append(data)
    if run_state().gold_unlocked.has(data): game.register_combo(combo_key())",skill;Fortune Teller;secret;growth,Double-meaning as design — the card literally rewards reading it twice.,Five faithful scores before the real card shows up.,grid-local,h+x,yes,1,,pre-grid catalog
,The Rider,Van Halen's brown M&Ms clause — the canary hidden in the contract,"A contract page dense with clauses, one line faintly underlined",Rare,3,"Long rule text hiding ONE small instruction (e.g. 'never place me in column 3'). Obey it all show and this card scores DOUBLE; violate it and it scores zero, silently.","class SkillRider extends CardModifierSkill:
  func on_stack_cards(stack) -> void:
    if violates_rider(data, locate(data)): game.state.rider_broken.append(data)
  func on_score(result) -> void:
    if game.state.rider_broken.has(data): negate_score(result, data)
    else: game.add_line_score(row_of(data), base_points(data))",skill;Fortune Teller;secret;gamble,"An attention test disguised as flavor text — design's best inside joke, playable.",Punishes skimming with silence; you find out at the payout.,grid-local,h+y,yes,1,,pre-grid catalog
,The System,"Derren Brown's guaranteed tipster — every branch filmed, only the winner shown","A wall of race slips, all losers hidden behind one glorious winner",Rare,3,"After each act scores, this card 'predicted' it: +points scaled to the act's combo (retroactive prophecy). Any inspection effect reveals the trick and halves it permanently.","class SkillSystem extends CardModifierSkill:
  func on_after_score() -> void:
    var m : float = 0.5 if run_state().system_exposed else 1.0
    game.add_line_score(0, PROPHECY_PTS * game.state.combo_classes.size() * m)
  func on_mod_triggered(mod) -> void:
    if mod is InspectionEffect and mod.targets(data): run_state().system_exposed = true",skill;Fortune Teller;gamble;combo;secret,It always knew — free money that dares anyone to look behind the curtain.,"Knowledge costs: one Learned Pig, yours or the town's, halves it forever.",grid-local,none,no,1,remapped: act/Submit timing becomes the Entrance refill. See the post-grid effects CSV for the rewritten wording.,pre-grid catalog
,The Spirit Cabinet,"The Davenport brothers — tied inside, instruments played 'by spirits'",A wooden cabinet with instruments floating out of its seams,Rare,3,"While this card is FULLY covered, its whole column's card effects trigger as if spotlit ('the spirits' do it).","class SkillSpiritCabinet extends CardModifierSkill:
  # inverted activation: active only while covered
  func is_active_override() -> Variant: return is_covered(data)
  func spotlight_grants() -> Array[CardData]:
    return column_cards(col_of(data))  # whole column spotlit via the cabinet",skill;Fortune Teller;spotlight;formation,An entire buried column playing itself — the séance is a wiring diagram.,Uncover the cabinet and every 'spirit' in the column goes silent at once.,grid-local,h+y,yes,1,,pre-grid catalog
,The Cliffhanger,P.C. Sorcar's 1956 BBC sawing ran past the cutoff — the nation believed her dead overnight,"A sawing act frozen at the worst possible moment, broadcast static creeping in",Rare,3,"Cue at show end: end the show mid-trick — the next town's goal drops 30% (everyone is talking), but you MUST 'resolve the trick' there: this card must score in that show or lose double the discount as fame.","class SkillCliffhanger extends CardModifierSkill:
  func on_game_end() -> void:
    if game.state.cliffhanger_armed:
      run_state().next_goal_scale = 0.7
      run_state().cliff_debt = pending(data)
  # next show: on_game_end checks data scored, else bank_fame(-2 * discount)",skill;Fortune Teller;gamble;economy,Manufactured suspense with a due date — the tour itself becomes serialized drama.,The resolution is mandatory; failing the payoff show costs more than the discount gave.,grid-local,none,no,1,,pre-grid catalog
,Drumroll,Every circus trick ever — the snare before the catch,"Two drumsticks blurred above a snare, spotlight tightening",Common,1,The LAST meld scored each act gets +mult (the finish lands harder).,"class SkillDrumroll extends CardModifierSkill:
  var last_meld : Scoring.Result
  func on_score(meld) -> void: last_meld = meld            # track
  func on_after_score() -> void:
    game.add_line_score(last_meld.line, DRUMROLL_MULT)     # boost the closer
    game.register_combo(combo_key())",skill;Special Effects;combo,Trigger order matters again — you save the best for last on purpose.,Only the final meld; a scattered act wastes the snare.,grid-local,line,no,1,remapped: act/Submit timing becomes the Entrance refill. See the post-grid effects CSV for the rewritten wording.,pre-grid catalog
,The Sparkler,Handheld fireworks — the pocket-sized spectacle,A single sparkler fizzing gold over one card corner,Common,1,"When this card scores, bank +10 flat points to its COLUMN score (a small firework).","class SkillSparkler extends CardModifierSkill:
  func on_score(result) -> void:
    game.add_line_score(col_of(data), SPARK_PTS)  # column gutter: multiplied by row axis
    game.register_combo(combo_key())",skill;Special Effects;combo,"The first taste of the col-points economy — small, bright, reliable.",Ten points is ten points; it never scales.,grid-local,x+y,no,1,,pre-grid catalog
,Sliced Bread,The user's Sliced Bread card — the best thing since,"A loaf of cards mid-slice, one same-suit slice glowing deeper in",Uncommon,2,"On submission: if a same-suit card sits lower in this card's stack, gain a point per card between them (look-ahead scan).","class SkillSlicedBread extends CardModifierSkill:
  func on_score(result) -> void:
    var gap : int = distance_to_same_suit_below(data)  # -1 if none
    if gap > 0:
      game.add_line_score(col_of(data), BREAD_PTS * gap)
      game.register_combo(combo_key())",skill;Special Effects;formation;combo,Pays you for the sandwich you built — stack archaeology as scoring.,Wants same-suit spacing that stacking rules actively forbid.,grid-local,h,yes,1,,pre-grid catalog
,Poker Crown,The user's card — 'this card and the 4 above it score as a poker hand',A five-card crown assembling above one proud card,Uncommon,2,"When scored: this card and the 4 cards directly above it in its column are ALSO evaluated as a poker hand (a vertical hand, once).","class SkillPokerCrown extends CardModifierSkill:
  func on_score(result) -> void:
    var five : Array[CardData] = data_and_four_above(data)
    var r : Scoring.Result = Scoring.best_hand(five)
    if r.valid():
      game.add_line_score(col_of(data), Scoring.ScoreModel.points(r))
      game.register_combo(combo_key())",skill;Special Effects;formation;combo,A private Symmetrical Show — one column learns to play poker.,Needs 4 real cards stacked above it: coverage IS the cost.,grid-local,h+y,yes,1,,pre-grid catalog
,Column Poker,The user's card — every 5 cards per column scores as a poker hand,"A column ruled into five-card bands, each band a fanned hand",Uncommon,2,While spotlit: every full 5-card band of this card's column is evaluated as a poker hand at scoring.,"class SkillColumnPoker extends CardModifierSkill:
  func on_score_col(col : Array[CardData]) -> void:
    if col_index(col) != col_of(data): return
    for band : Array[CardData] in bands_of_five(col):
      var r : Scoring.Result = Scoring.best_hand(band)
      if r.valid(): game.add_line_score(col_index(col), Scoring.ScoreModel.points(r))
    game.register_combo(combo_key())",skill;Special Effects;formation;combo,Tall columns become poker ladders — depth finally speaks the row's language.,Ten cards deep to double-dip; the spotlight economy pays for every floor.,grid-local,y+line,no,1,,pre-grid catalog
,The Calliope,The steam calliope — heard miles before the circus arrived,"Brass pipes venting steam, each whistle a different suit color",Uncommon,2,+1 combo (U) for every DIFFERENT class that scored this act.,"class SkillCalliope extends CardModifierSkill:
  func on_after_score() -> void:
    for tag : StringName in classes_scored_this_act(game.state):
      game.register_combo(combo_key() + String(tag))",skill;Special Effects;combo,Directly pays the rainbow board — the anti-hyperfocus card the optimization essay asked for.,A tight one-archetype deck hears one whistle.,grid-local,none,no,1,remapped: act/Submit timing becomes the Entrance refill. See the post-grid effects CSV for the rewritten wording.,pre-grid catalog
,The Kite,Wau bulan — Malaysia's singing moon-kites,A crescent kite trailing a humming string up out of the board frame,Uncommon,2,"Cue: launch a card above the board (out of play, singing). Choose the turn it returns: it lands with +rank equal to turns aloft (max 3).","class SkillKite extends CardModifierSkill:
  var aloft : CardData  # holder keeps CardData (weakref rule)
  func on_cue() -> void:  # NEEDS NEW HOOK: on_cue
    game.defer(func(): aloft = game.extract_card(cue_target()))
  func on_next() -> void:
    game.state.kite_turns += 1
    if game.state.kite_turns == chosen_return():
      aloft.rank.value += min(3, game.state.kite_turns)
      game.defer(func(): game.place_in_entrance(aloft))",skill;Special Effects;growth;deck-manip,A card that literally gains value hanging in the sky — patience with a string on it.,Aloft is absent: the wind holds your card while the show needs it.,grid-local,none,no,1,,pre-grid catalog
,The Steelpan,"Trinidad — drums banned, so oil barrels became a symphony",A shining oil-drum pan hammered full of card pips,Uncommon,2,Cue (once per show): permanently convert one prop (skill-less) card into an instrument card: it gains this skill — +points when its row melds.,"class SkillSteelpan extends CardModifierSkill:
  func on_cue() -> void:  # NEEDS NEW HOOK: on_cue
    if game.state.steelpan_used: return
    game.state.steelpan_used = true
    var junk : CardData = cue_target()
    if junk.skill == null:
      junk.skill = SkillPanNote.new()  # small row-meld bonus skill
      GameData.relink_card_backrefs(junk)",skill;Special Effects;growth;token,"The most triumphant member of the ban-workaround family — trash becomes orchestra, permanently.","One conversion per show, and the note it grants is a small one.",global,x+line,no,1,,pre-grid catalog
,The Boot Code,Gumboot dance — miners forbidden to speak invented a slap-and-stamp language,"A line of gumboots mid-stamp, rhythm lines passing boot to boot",Rare,3,"Passes a buff down its row card-to-card by rhythm WITHOUT triggering (invisible to effects that count or punish triggers, e.g. Patience, trigger-tax bosses).","class SkillBootCode extends CardModifierSkill:
  func on_after_score() -> void:
    for c : CardData in row_cards(row_of(data)):
      silent_buff(c, BOOT_PTS)  # bypasses _note_mod_fired: no on_mod_triggered
    game.register_combo(combo_key())  # the CODE registers once; the passes never do",skill;Special Effects;secret;combo,Untraceable value under trigger-hostile rules — forbidden language as tech.,Silent buffs also skip your own trigger-payoff engines (Brass Check hears nothing).,grid-local,x,no,1,,pre-grid catalog
,The Fanchant,K-pop fanchants — the crowd answering the stage in synchronized script,An audience of card backs shouting a glowing call-and-response bar,Rare,3,"After all scoring resolves, each meld that raised U this act ECHOES: pays again at 25% (the crowd answers).","class SkillFanchant extends CardModifierSkill:
  func on_after_score() -> void:
    for meld : Scoring.Result in game.state.melds_this_act:
      if meld.raised_combo:
        game.add_line_score(meld.line, meld.points * 0.25)
    game.register_combo(combo_key())",skill;Special Effects;combo,"Everything good you did, the crowd does back — variety pays twice.",Echoes only U-raising melds: dumping duplicates earns silence.,grid-local,line,no,1,remapped: act/Submit timing becomes the Entrance refill. See the post-grid effects CSV for the rewritten wording.,pre-grid catalog
,Avalanche,The user's Avalanche card — the board attacks the scoreboard,A wall of cards crashing down onto a giant painted score counter,Rare,3,"After scoring, all cards on the board 'attack the scoreboard': reduce the show's GOAL by the number of cards on board.","class SkillAvalanche extends CardModifierSkill:
  func on_after_score() -> void:
    var n : int = game.state.board_cards().size()
    game.state.goal = game.state.goal.minus(n * AVALANCHE_RATE)  # BigNumber
    game.register_combo(combo_key())",skill;Special Effects;economy;combo,Attacking the requirement instead of the score — the goalpost finally bleeds.,"Scales with board SIZE, so it fights every clear-the-board scoring instinct.",grid-local,none,no,1,,pre-grid catalog
,The Ninot,"Las Fallas — a year building the sculpture, one night burning it; one figure pardoned","A magnificent papier-mâché figure of a card, torch approaching",Rare,3,"Event-granted: invest points into this card each show (cue: bank any amount of the act's score). At the final city, burn it: pays triple everything invested. Public vote (seeded) may pardon it — it survives to next run.","class SkillNinot extends CardModifierSkill:
  func on_cue() -> void: run_state().ninot_bank += cue_amount()
  func on_game_end() -> void:
    if run_state().at_final_city:
      run_state().bank_fame(3 * run_state().ninot_bank)
      if hash_roll(run_state().world_seed, data, 20) == 0:
        profile().pardoned_ninot = true  # crosses runs",skill;Special Effects;economy;persistence;event-granted,Build-to-burn across a whole tour — the finale is a bonfire you fed all season.,Every point banked is a point not scoring shows NOW.,global,none,no,1,,pre-grid catalog
,The Drone Swarm,Drone light shows — thousands of drones drawing on the night sky,A constellation of pinpoint lights sketching a card formation in darkness,Epic,5,"Cue (once per show): re-project any formation bonus you have ALREADY scored this run (Pyramid, Castell, Kickline...) — it pays again now, without the cards.","class SkillDroneSwarm extends CardModifierSkill:
  func on_cue() -> void:  # NEEDS NEW HOOK: on_cue
    if game.state.swarm_used: return
    game.state.swarm_used = true
    var f : StringName = pick_from(run_state().formations_scored)
    game.add_line_score(0, formation_payout(f))
    game.register_combo(combo_key())",skill;Special Effects;formation;combo,"The Firework suit's modern evolution — your greatest hits, replayed in lights.",It can only replay what you already earned; an empty highlight reel projects nothing.,global,none,no,1,,pre-grid catalog
,Grand Spec,The 'spec' — the whole company's opening spectacle parade,"Every performer of the show crossing the ring at once, banners high",Epic,5,"If ALL columns scored a meld this act, double the act's combo multiplier.","class SkillGrandSpec extends CardModifierSkill:
  func on_after_score() -> void:
    if all_columns_scored(game.state):
      game.state.combo_bonus_mult = 2.0  # applied in apply_act_score
      game.register_combo(combo_key())",skill;Special Effects;formation;combo,"The perfect-show fantasy button — five columns, one parade, double everything.",One silent column and the parade never happens.,grid-local,line,no,1,remapped: act/Submit timing becomes the Entrance refill. See the post-grid effects CSV for the rewritten wording.,pre-grid catalog
,Duende,Lorca's duende — when performance stops being technique and becomes possession,"A dancer mid-move, the whole frame dark except one impossible spotlight",Legendary,7,"Emergent state, never directly cued: when an act scores 5+ distinct combo classes AND every meld this act raised U, this card transcends — the act's payout triples, the screen dims to one spotlight.","class SkillDuende extends CardModifierSkill:
  func on_after_score() -> void:
    if game.state.combo_classes.size() >= 5 and all_melds_raised_u(game.state):
      game.state.combo_bonus_mult = 3.0
      if game.view: game.view.duende_moment()  # the one un-buyable animation
      game.register_combo(combo_key())",skill;Special Effects;combo;secret,"Never purchasable, only summoned — the run where it fires becomes the run you talk about.",Perfect variety under pressure; chasing duende deliberately is how you miss it.,grid-local,line,no,1,remapped: act/Submit timing becomes the Entrance refill. See the post-grid effects CSV for the rewritten wording.,pre-grid catalog
,Peanut Pitch,Peanut butchers working the grandstand aisles,A paper sack of peanuts arcing over three rows of card heads,Common,1,"Cue (3 charges per show): +points to any ONE card, thrown from anywhere on the board.","class SkillPeanutPitch extends CardModifierSkill:
  func on_game_start() -> void: game.state.charges[data] = 3
  func on_cue() -> void:  # NEEDS NEW HOOK: on_cue
    if game.state.charges[data] <= 0: return
    game.state.charges[data] -= 1
    buff_card(cue_target(), PEANUT_PTS)
    game.register_combo(combo_key())",skill;Concessions;charges,"The charge system's tutorial card — three throws, anywhere, always useful.",Small numbers thrice; it fixes nothing structural.,global,none,no,1,,pre-grid catalog
,Fairy Floss,"Cotton candy — co-invented by a dentist, William Morrison, 1897",A pink cloud of floss half-wrapping the neighboring cards,Common,1,When scored: sweeten all adjacent cards — +1 rank for the rest of the show (the dentist thanks you).,"class SkillFairyFloss extends CardModifierSkill:
  func on_score(result) -> void:
    for n : CardData in adjacent_cards(data):
      var st : StatusSweetened = StatusSweetened.new()  # +1 rank, expires on_game_end
      game.defer(func(): n.add_status(st))
    game.register_combo(combo_key())",skill;Concessions;status;formation,Adjacency buffs turn placement into frosting — and the dentist fact belongs in the flavor text.,Rank +1 can BREAK a planned pair or run as easily as it helps.,grid-local,x,no,1,,pre-grid catalog
,Pink Lemonade,Circus legend: red tights washed in the lemonade barrel — and it sold better,A suspiciously pink glass raised in a toast beside a flame,Common,1,When a Flames card and a Concessions card score in the same row: +bonus points and draw 1 card.,"class SkillPinkLemonade extends CardModifierSkill:
  func on_score_row(row : Array[CardData]) -> void:
    if row_has_suit(row, PipSuitFire) and row_has_class(row, &'Concessions'):
      game.add_line_score(row_index(row), LEMONADE_PTS)
      game.defer(func(): game.draw_card(col_of(data)))
      game.register_combo(combo_key())",skill;Concessions;combo,Teaches cross-class rows early — the 'aha' card of the first hour.,Needs two specific ingredients in one row; no accident pays it.,grid-local,x,no,1,,pre-grid catalog
,Popcorn Cascade,Concession-stand physics — one kernel is never one kernel,A popcorn box erupting in slow motion over a scoring column,Uncommon,2,"Whenever a column of 4+ cards scores, draw 1 card (the pop feeds the crowd feeds the pop).","class SkillPopcorn extends CardModifierSkill:
  func on_score_col(col : Array[CardData]) -> void:
    if col.size() >= 4:
      game.defer(func(): game.draw_card(col_index(col)))
      game.register_combo(combo_key())",skill;Concessions;deck-manip;combo,Card advantage bolted to tall play — the draw engine that wants towers.,Tall columns bury spotlights; the popcorn does not care.,grid-local,y,no,1,,pre-grid catalog
,The Grease Joint,Circus cookhouse slang — where the lot actually eats,"A sizzling flat-top grill, one card-shaped burger flipping",Uncommon,2,"At show start: feed the BOTTOM card of the draw deck to the discard, then draw 1 (deck-bottom filtering no other slot touches).","class SkillGreaseJoint extends CardModifierSkill:
  func on_game_start() -> void:
    game.defer(func():
      game.discard_from_deck_bottom()
      game.draw_card(col_of(data)))
    game.register_combo(combo_key())",skill;Concessions;deck-manip;discard,Quietly eats the card you were never going to reach anyway.,Blind filtering: someday the bottom card was your Final Act closer.,global,h+cell,yes,1,,pre-grid catalog
,The Candy Butcher,Aisle vendors — 'candy butchers' worked the stands mid-show,A tray-strapped vendor flipping a Ticket Stub like a coin,Uncommon,2,"Whenever a full 5-card row meld scores, mint one Ticket Stub to the deck (sales spike at the big moments).","class SkillCandyButcher extends CardModifierSkill:
  func on_score_row(row : Array[CardData]) -> void:
    if row.size() >= 5 and Scoring.best_hand(row).valid():
      game.defer(func(): game.mint_card(TypeTicketStub))
      game.register_combo(combo_key())",skill;Concessions;economy;token,The economy that pays YOU for playing well — commerce rides the applause.,Stubs are shop-only value and deck dilution until spent.,global,x+line,no,1,,pre-grid catalog
,Cheat Day,The user's Cheat Day card — win-fast rewards as card effects,A gilded calendar page marked with a fork and knife,Uncommon,2,If the show is won with cards still in the draw deck: every card remaining in the deck gains +1 rank permanently.,"class SkillCheatDay extends CardModifierSkill:
  func on_game_end() -> void:
    if game.won() and game.state.draw_deck.size() > 0:
      for c : CardData in game.state.draw_deck:
        c.rank.value += 1
      game.register_combo(combo_key())",skill;Concessions;growth;economy,Winning FAST finally pays — the leftover deck comes back stronger next town.,"Rewards ending early, which fights every squeeze-the-board instinct you have.",global,deck,no,1,,pre-grid catalog
,Meal Call,"The cookhouse flag — when it flew, the lot ate","A flag rising over a steaming mess tent, cards queuing with trays",Uncommon,2,Once per show (cue): every card on the board heals one debuff/status (the day's heartbeat).,"class SkillMealCall extends CardModifierSkill:
  func on_cue() -> void:  # NEEDS NEW HOOK: on_cue
    if game.state.meal_called: return
    game.state.meal_called = true
    for c : CardData in game.state.board_cards():
      if has_negative_status(c):
        game.defer(func(): c.remove_status(first_negative(c)))
    game.register_combo(combo_key())",skill;Concessions;status;protection,A whole-board deep breath — hazard towns lose their sting for one flag.,"One meal per show, and Pagliacci decks resent the kindness.",global,none,no,1,,pre-grid catalog
,The Incubator,Dr. Couney's Coney Island incubator sideshow funded care hospitals refused — thousands of children saved,"A gentle glass cabinet glowing warm, tiny cards sleeping inside",Rare,3,"Exhibited healing: cards COVERED by this card recover — each turn covered, remove one debuff and restore 1 lost rank ('on display' is the cure).","class SkillIncubator extends CardModifierSkill:
  func on_next() -> void:
    for c : CardData in cards_below(data):
      if has_negative_status(c): game.defer(func(): c.remove_status(first_negative(c)))
      elif c.rank.value < c.rank.original: c.rank.value += 1
      game.register_combo(combo_key())",skill;Concessions;status;protection;growth,"The best true story in the whole compendium — a sideshow that heals, and covering becomes kindness.",It must sit ON the patients: the healer blocks their spotlight while they mend.,grid-local,h,yes,1,,pre-grid catalog
,The Tailor's Dummy,Wardrobe department stock — the dress form that wears everything,A headless dress form wearing two magnificent stamped sashes,Common,1,Prop card (no skill possible): can hold TWO stamps.,"class TypeTailorsDummy extends CardModifierType:
  func stamp_capacity() -> int: return 2
  func skill_capacity() -> int: return 0  # a dummy performs nothing",skill;Costume Designer;collection,A cheap body for your best two stamps — the wardrobe build's load-bearing mannequin.,"Two stamps on a card that can never act; support squared, output zero.",grid-local,none,no,1,,pre-grid catalog
,The Costume Fitting,Wardrobe mistresses of the great shows — everyone fitted before curtain,"A tape measure curling around a card mid-fitting, pins hovering",Common,1,On show start: this card copies the stamp of one adjacent card for the duration of the show.,"class SkillFitting extends CardModifierSkill:
  func on_game_start() -> void:
    var n : CardData = highest_neighbor(data)
    if n and n.stamp:
      data.stamp = n.stamp.duplicate()  # expires: cleared in on_game_end
      GameData.relink_card_backrefs(data)",skill;Costume Designer;collection,"Borrowed finery — one good stamp quietly becomes two, every show.","Copies whatever is adjacent at curtain, not what you WISH was adjacent.",grid-local,x,no,1,,pre-grid catalog
,Hikinuki,Kabuki hikinuki — costumes ripped away in one motion mid-dance,A costume tearing away mid-spin to reveal a different color beneath,Uncommon,2,On scoring: swap this card's stamp with any stamp held in reserve (the quick-change happens in the applause).,"class SkillHikinuki extends CardModifierSkill:
  func on_score(result) -> void:
    var reserve : CardModifierStamp = run_state().stamp_reserve.pop_front()
    if reserve:
      run_state().stamp_reserve.push_back(data.stamp)
      data.stamp = reserve; GameData.relink_card_backrefs(data)
      game.register_combo(combo_key())",skill;Costume Designer;collection;combo,Mid-show stamp rotation — one card wears the whole wardrobe across three acts.,Needs a stamp reserve stocked in advance; a bare closet quick-changes into nothing.,grid-local,none,no,1,,pre-grid catalog
,The Wardrobe Trunk,The great touring trunks — a season's costumes in one box,"A steamer trunk exploding with sashes, seals, and one escaping hat",Uncommon,2,Holds one stamp in reserve. Cue: apply the reserved stamp to any spotlit card (permanent); the trunk then refills at the next shop.,"class SkillWardrobeTrunk extends CardModifierSkill:
  var reserve : CardModifierStamp
  func on_cue() -> void:  # NEEDS NEW HOOK: on_cue
    var t : CardData = cue_target()
    if reserve and t.stamp == null:
      t.stamp = reserve; reserve = null
      GameData.relink_card_backrefs(t)",skill;Costume Designer;collection;economy,Stamps become a deployable resource — the trunk decides who dresses up tonight.,"One stamp in the pipe, refill gated behind shops.",global,deck,no,1,,pre-grid catalog
,Hanafuda Reskin,Hanafuda — every gambling ban spawned a new disguised deck; Nintendo was founded to print them,A card mid-transformation from pips to painted flowers,Rare,3,"Ban evasion: when a town outlaws a suit, all your cards of that suit RESKIN (count as the suit of the adjacent card) for that show.","class SkillHanafuda extends CardModifierSkill:
  func on_game_start() -> void:
    var banned : PipSuit = game.town_banned_suit()
    if banned:
      for c : CardData in game.state.all_player_cards():
        if same_class(c.suit, banned): game.state.reskinned.append(c)
  # PipComparator: reskinned cards answer suit checks as their neighbor's suit",skill;Costume Designer;secret;protection,"The ban-evasion family's founding legend — the law changes, the deck redraws itself.","Only suit bans, only that show; and reskinned suits fire no props.",grid-local,x,no,1,,pre-grid catalog
,The Mask Maker,Venetian mascherari — the guild that made anonymity wearable,"A workbench of half-finished masks, one turned toward the viewer",Rare,3,Cue (once per show): apply a Masked status to any card — its identity/rarity is hidden from inspections and towns until it scores twice.,"class SkillMaskMaker extends CardModifierSkill:
  func on_cue() -> void:  # NEEDS NEW HOOK: on_cue
    if game.state.mask_used: return
    game.state.mask_used = true
    var st : StatusMasked = StatusMasked.new()  # duplicate per application
    game.defer(func(): cue_target().add_status(st))",skill;Costume Designer;secret;protection,"On-demand anonymity — the Bauta stamp as a service, aimed where the inspector looks.",Two scores and the mask slips; timing the reveal is on you.,global,none,no,1,,pre-grid catalog
,Gold Card,"The user's gold cards — heavy tokens, cards as currency","A thick gold-leafed card, edges worn from changing hands",Common,1,Money token (Producer-minted): full trade value at shops; TypeHeavy — always sinks to the deck bottom; scores 0 in melds.,"# token card: TypeHeavy + no skill; minted by effects, spent at shops
# construction site (any minting effect):
var gold : CardData = CardData.new()
gold.type = TypeHeavy.new()
gold.rank = RULES_GOLD  # trade value read by shop layer
GameData.relink_card_backrefs(gold)",skill;Producer;economy;token,Money that takes up physical deck space — wealth literally weighs your draws down.,Every coin is a dead draw; hoarders drown in their own treasury.,global,deck,no,1,,pre-grid catalog
,The Cheap Pop,"'It's great to be here in [YOUR TOWN]!' — instant applause, every night",A performer arms wide before a banner reading the current town's name,Common,1,"When scored: +small bonus fame in EVERY town (it names the town; the crowd always cheers). Universally decent, never great — the design lesson in card form.","class SkillCheapPop extends CardModifierSkill:
  func on_score(result) -> void:
    game.add_line_score(row_of(data), CHEAP_POP_PTS)  # small, town-independent
    game.register_combo(combo_key())",skill;Producer;economy,"It always works, everywhere, forever — the comfort-food card.",The ceiling IS the floor; no town ever pays it extra.,grid-local,none,no,1,,pre-grid catalog
,Common,The user's rarity-chain — Common doubles Rare chances,A plain grey card holding open a velvet door slightly too grand for it,Common,1,While in your deck: chances of Rare cards appearing in packs/shops are doubled.,"class SkillChainCommon extends CardModifierSkill:
  # StampGlobal-style: active from the deck; map/booster layer reads it
  func on_get_possible_boosters(pool) -> void:
    pool.scale_rarity_weight(RARITY_RARE, 2.0)",skill;Producer;economy;meta,The ladder's first rung — a common whose whole job is summoning better company.,A dead card in every show; it only ever works between them.,global,deck,no,1,,pre-grid catalog
,The Hat Line,'If you liked the show...' — the busker's ask is a craft of its own,An upturned hat mid-toss catching a glittering arc of coins,Uncommon,2,At show end (cue): convert the act's leftover combo (unused U above the payout) into Gold tokens instead of nothing.,"class SkillHatLine extends CardModifierSkill:
  func on_game_end() -> void:
    var leftover : int = game.state.combo_classes.size() - COMBO_SPENT_FLOOR
    if leftover > 0:
      game.defer(func(): game.mint_card(TypeHeavy, RULES_GOLD, leftover))
      game.register_combo(combo_key())",skill;Producer;economy;combo,Nothing goes to waste — showmanship that overflows becomes rent money.,Minted gold is deck weight; the hat feeds the same greed it monetizes.,grid-local,x,no,1,,pre-grid catalog
,Exchange Voucher,The user's Exchange Voucher — origin of 'all buttons should be cards',An official-looking voucher with a dotted line and one waiting scissors,Uncommon,2,Usable from the DECK (global): cue to swap this card with any card on screen — positions exchanged exactly.,"class SkillVoucher extends CardModifierSkill:
  # StampGlobal-style activation: cueable from inside the deck
  func on_cue() -> void:  # NEEDS NEW HOOK: on_cue
    var t : CardData = cue_target()
    game.defer(func():
      game.swap_positions_any_stage(data, t)
      game.register_combo(combo_key())",skill;Producer;movement;deck-manip,A teleporter disguised as paperwork — and the ancestor of every button-as-card idea.,"The voucher takes the swapped card's place: your problem changes address, not size.",global,deck,no,1,,pre-grid catalog
,The Egress,Barnum's 'This Way to the Egress' — the exit sold as an exhibit,An ornate sign pointing grandly at a plain door,Uncommon,2,Cue: send any card on the board straight to the discard; gain 1 Ticket Stub (the crowd follows the sign).,"class SkillEgress extends CardModifierSkill:
  func on_cue() -> void:  # NEEDS NEW HOOK: on_cue
    game.defer(func():
      game.discard_card(cue_target())
      game.mint_card(TypeTicketStub))
    game.register_combo(combo_key())",skill;Producer;discard;economy,Targeted removal plus a punchline that lands every single time it is used.,Discarding your own performer for pocket change is usually exactly that.,global,line+deck,no,1,,pre-grid catalog
,First of May,'First of May' — circus slang for a first-season rookie,"A bright-eyed young card with a bindle, name written in wet ink",Uncommon,2,"Event-granted rookie: a random Common with a hidden growth condition — if it scores 10 times across the run, it upgrades permanently to its Rare version.","class SkillFirstOfMay extends CardModifierSkill:
  func on_score(result) -> void:
    run_state().rookie_scores[data] = run_state().rookie_scores.get(data, 0) + 1
    if run_state().rookie_scores[data] >= 10:
      run_state().transform_card(data, rare_version_of(data))",skill;Producer;growth;event-granted,Watching the rookie earn the upgrade is a whole season of sports movie in one card.,Ten scores is a real investment in a card that starts Common.,grid-local,none,no,1,,pre-grid catalog
,Humbug,'The Prince of Humbugs' — Barnum's own proud title; the Fiji Mermaid,"A magnificent silhouette on a poster; below it, a small dried fish in a case",Rare,3,"While COVERED: counts as a copy of the most valuable card in its row. When spotlit (uncovered): revealed as junk — rank 2, scores base only.","class SkillHumbug extends CardModifierSkill:
  # inverted activation: the act only works unseen
  func is_active_override() -> Variant: return is_covered(data)
  func on_score_row(row : Array[CardData]) -> void:
    if is_covered(data):
      score_as_copy(data, most_valuable_in(row))
      game.register_combo(combo_key())",skill;Producer;secret;gamble,A card you WANT buried — inverts spotlight and gets a laugh at every reveal.,One careless uncovering converts your star into a dried fish.,grid-local,h+x,yes,1,,pre-grid catalog
,White Elephant,The Barnum–Forepaugh White Elephant War of 1884 — Forepaugh's was painted,"A pale elephant wearing a price tag, both magnificent and ruinous",Rare,3,"Huge points when scored; but each show it stays in your deck, it eats 1 Gold token (or 1 rank of your richest card if you have none).","class SkillWhiteElephant extends CardModifierSkill:
  func on_score(result) -> void:
    game.add_line_score(row_of(data), ELEPHANT_PTS)
    game.register_combo(combo_key())
  func on_game_end() -> void:
    if not scored_this_show(data):
      game.defer(func(): game.consume_gold_or_rank(1))",skill;Producer;economy;gamble;event-granted,'When do I finally dump it' is a real decision every single town.,"A cost-over-time bomb: hesitation compounds, and selling it admits defeat.",global,deck,no,1,,pre-grid catalog
,The Advance Campaign,Barnum pre-sold Jenny Lind to a nation that had never heard her sing,"A wall of posters for a show that has not arrived, crowd already queuing",Rare,3,Cue before a show (map layer): spend N Gold tokens; that show's fame payout is multiplied by 1 + N/10 (hype as investment).,"class SkillAdvanceCampaign extends CardModifierSkill:
  func on_cue() -> void:  # map-layer cue, pre-show
    var n : int = cue_gold_amount()
    run_state().spend_gold(n)
    run_state().next_fame_mult = 1.0 + n / 10.0",skill;Producer;economy;gamble,"Buying your own hype and then having to live up to it — the Barnum loop, playable.",Spent gold is gone whether or not the show delivers.,global,none,no,1,,pre-grid catalog
,The Sponsorship,Red Bull Stratos — the patron's logo on every frame of the miracle,A magnificent leap framed entirely inside a corporate logo border,Rare,3,A patron funds the tour: gain 2 Gold tokens every show start — but ad stamps occupy one stamp slot on your two highest cards (fame tax: -10% payouts).,"class SkillSponsorship extends CardModifierSkill:
  func on_game_start() -> void:
    game.defer(func(): game.mint_card(TypeHeavy, RULES_GOLD, 2))
    apply_ad_stamps(two_highest_cards(run_state()))  # StampAdvert: blocks the slot
    run_state().fame_scale = 0.9",skill;Producer;economy;persistence,Guaranteed income with a visible cost stitched onto your best performers.,The logo eats real stamp slots and skims every payout; leaving the deal mid-tour is not offered.,grid-local,cell,no,1,,pre-grid catalog
,The Dubplate,Jamaican soundclash — exclusive dubplates no rival sound system can own,"An acetate disc cut with YOUR name, still warm from the lathe",Rare,4,Event-forged exclusive: a custom card created for THIS save file only (you name it; its skill is assembled from two effects you scored most this run).,"class SkillDubplate extends CardModifierSkill:
  func forge(profile_seed : int) -> void:  # event node, once per profile
    var a : GDScript = most_fired_effect(run_state(), 0)
    var b : GDScript = most_fired_effect(run_state(), 1)
    data.skill = ComposedSkill.new(a, b)  # NEEDS NEW SYSTEM: skill composition
    profile().dubplates.append(data)",skill;Producer;collection;event-granted;secret,A card that exists nowhere else on Earth — your run history pressed into acetate.,"It is forged from what you ALREADY do most: power, yes; surprise, never.",global,none,no,1,,pre-grid catalog
,Rare,The user's rarity-chain — Rare doubles Epic chances,"A silvered card holding open a gilt door, posture improving",Rare,3,While in your deck: chances of Epic cards appearing in packs/shops are doubled.,"class SkillChainRare extends CardModifierSkill:
  func on_get_possible_boosters(pool) -> void:
    pool.scale_rarity_weight(RARITY_EPIC, 2.0)",skill;Producer;economy;meta,"Rung two of the ladder — the collection habit, compounding.",Another show-dead card; the chain is a tax the meta layer collects.,global,deck,no,1,,pre-grid catalog
,Press Bribery,The user's Press Bribery / Memory Wipe card,"A newspaper editor pocketing an envelope, tomorrow's headline already kind",Epic,5,"Extra life: on failing a city, keep touring as if you won (once). If still unspent at the final city, it converts to an automatic win there instead.","class SkillPressBribery extends CardModifierSkill:
  func on_game_end() -> void:
    if not game.won() and not run_state().bribe_spent:
      run_state().bribe_spent = true
      game.override_outcome(WIN_FAKED)  # fame banks 0; tour continues
    elif run_state().at_final_city and not run_state().bribe_spent:
      game.override_outcome(WIN)",skill;Producer;protection;gamble;meta,An extra life you might deliberately never use — the save-it-for-the-end tension is exquisite.,Held too long it insures shows you would have won anyway; spent early it is gone at the wall.,grid-local,none,no,1,,pre-grid catalog
,The Red Wagon,The red wagon — the circus office and ticket wagon: where the money lives,"A scarlet wagon with a barred window, gold light leaking through the slats",Epic,6,While spotlit: all Gold token cards in your DECK count as wildcards toward every column run (the treasury performs).,"class SkillRedWagon extends CardModifierSkill:
  func on_compare_ranks(a, b) -> float:
    if is_gold_token(card_of(a)) and in_deck(card_of(a)):
      return 0.0  # gold answers any run adjacency while the Wagon is lit
    return NAN",skill;Producer;economy;combo,THE pivot card — a money-hoarding build wakes up one morning as a scoring build.,Everything hinges on one spotlit card; cover the wagon and your wealth is just weight again.,global,y+deck,no,1,,pre-grid catalog
,Epic,The user's rarity-chain — Epic doubles Legendary chances,A gilt card bowing before a door made entirely of light,Epic,5,While in your deck: chances of Legendary cards appearing in packs/shops are doubled.,"class SkillChainEpic extends CardModifierSkill:
  func on_get_possible_boosters(pool) -> void:
    pool.scale_rarity_weight(RARITY_LEGENDARY, 2.0)",skill;Producer;economy;meta,The last rung before the top of the ladder — anticipation as a card.,"Three deck slots (the full chain) buy odds, never certainty.",global,deck,no,1,,pre-grid catalog
,Eye of God,The user's god-cycle — true vision,"An immense calm eye opening above the board, decks rendered as glass",Legendary,8,"See EVERYTHING: all decks (draw order included), the hidden rules deck, and the true descriptions of every card (Gaffs, Humbugs, Riders exposed).","class SkillEyeOfGod extends CardModifierSkill:
  # StampGlobal-style activation
  func on_active() -> void:
    if game.view:
      game.view.reveal_all_decks(true)
      game.view.reveal_rules_deck(true)
      game.view.true_descriptions(true)",skill;god-cycle;info;secret,"Total information — the game with the curtain torn away is a different, colder, wonderful game.",It changes no card and adds no point; omniscience still has to play the board.,global,deck,no,1,,pre-grid catalog
,Hand of God,The user's god-cycle — the moving hand,"A colossal gentle hand descending, one fingertip on a single card",Legendary,8,"Cue: move any card to ANY location on the board (legality ignored), or reorder the cards inside any deck.","class SkillHandOfGod extends CardModifierSkill:
  func on_cue() -> void:  # NEEDS NEW HOOK: on_cue
    if cue_mode() == BOARD:
      game.defer(func(): Board.place_card(game.state, cue_target(), cue_slot()))
    else:
      game.defer(func(): game.reorder_deck(cue_deck(), cue_order()))
    game.register_combo(combo_key())",skill;god-cycle;movement;deck-manip,Absolute spatial authority — every locked board opens to the Hand.,"One cue per activation and it fixes placement, not points.",global,deck,no,1,,pre-grid catalog
,Foot of God,The user's god-cycle — the switching foot,"A vast bare foot poised above the board, one card already trading places with it",Legendary,8,"Cue: this card switches locations with ANY card on screen — board, Entrance, decks, anywhere.","class SkillFootOfGod extends CardModifierSkill:
  # StampGlobal-style activation: switches even from inside a deck
  func on_cue() -> void:  # NEEDS NEW HOOK: on_cue
    game.defer(func():
      game.swap_positions_any_stage(data, cue_target())
      game.register_combo(combo_key())",skill;god-cycle;movement,The teleporting deity — position stops being fate anywhere on screen.,"It moves ITSELF, not others: divine mobility, mortal statline.",global,deck,no,1,,pre-grid catalog
,The Pawn,The user's chess cards — the pawn's march,"A carved pawn edging up a column of cards, shadow longer than it is",Common,1,"Freakshow (chess): if stacked under a card, swaps upward with it on Next (2 slots if bottommost). If placed diagonally-adjacent upward onto a card, CAPTURES: replaces it (the card is discarded).","class SkillChessPawn extends CardModifierSkill:
  func on_next() -> void:
    var above : CardData = card_above(data)
    if above:
      var steps : int = 2 if is_bottom(data) else 1
      game.defer(func(): game.swap_upward(data, steps))
  func on_card_dropped_on(dropped) -> void:
    if was_diagonal_up(dropped, data):
      game.defer(func(): game.capture(data, dropped))  # discard + take place",skill;freakshow;movement;destruction,A card with a gait — it walks your column while you play the rest of the board.,"Slow, single-minded, and its capture discards YOUR card too if you misread the diagonal.",global,h+x,yes,1,remapped: on Next becomes on_refill - the Entrance refill is the new heartbeat.,pre-grid catalog
,The Knight,The user's chess cards — pieces stack by chess law,"A knight piece mid-leap over two stacked cards, mane of card slivers",Uncommon,2,"Freakshow (chess): may be placed onto any card an L-shape away (2+1), discarding and replacing it (capture). Ignores stacking legality.","class SkillChessKnight extends CardModifierSkill:
  func on_can_place_stack(stack, dest) -> Variant:
    if stack.head() == data and is_L_from(locate(data), dest.coord()): return true
    return null
  func on_card_dropped_on(dropped) -> void:
    game.defer(func(): game.capture(data, dropped))",skill;freakshow;movement;destruction,The only piece that jumps — covered cards stop being safe from you.,Every landing kills the card you land on; the L rarely points where you wish.,global,h+deck,yes,1,,pre-grid catalog
,The Bishop,The user's chess cards,A mitred piece sliding along a glowing diagonal of card corners,Uncommon,2,"Freakshow (chess): may be placed onto any card along an open diagonal, capturing it. Blocked by occupied slots between.","class SkillChessBishop extends CardModifierSkill:
  func on_can_place_stack(stack, dest) -> Variant:
    if stack.head() == data and clear_diagonal(locate(data), dest.coord()): return true
    return null
  func on_card_dropped_on(dropped) -> void:
    game.defer(func(): game.capture(data, dropped))",skill;freakshow;movement;destruction,Long-range diagonal threat turns the whole board into sightlines.,Diagonals clog fast on a five-wide board; a full board blinds it.,global,h+x,yes,1,,pre-grid catalog
,The Rook,The user's chess cards,"A tower piece grinding straight down a column, dust of pips rising",Rare,3,"Freakshow (chess): may be placed onto any card along its open row or column, capturing it.","class SkillChessRook extends CardModifierSkill:
  func on_can_place_stack(stack, dest) -> Variant:
    if stack.head() == data and clear_orthogonal(locate(data), dest.coord()): return true
    return null
  func on_card_dropped_on(dropped) -> void:
    game.defer(func(): game.capture(data, dropped))",skill;freakshow;movement;destruction,Straight-line dominance — the file you leave open is the file it owns.,Every capture is also a discard from your own board economy.,grid-local,h+x,yes,1,,pre-grid catalog
,The Queen,The user's chess cards,A crowned piece radiating open lines in eight directions,Rare,4,"Freakshow (chess): may be placed onto any card along any open line or diagonal, capturing it.","class SkillChessQueen extends CardModifierSkill:
  func on_can_place_stack(stack, dest) -> Variant:
    if stack.head() == data and clear_any_line(locate(data), dest.coord()): return true
    return null
  func on_card_dropped_on(dropped) -> void:
    game.defer(func(): game.capture(data, dropped))",skill;freakshow;movement;destruction,The board's apex predator — nowhere uncovered is out of reach.,She eats your OWN cards to move; an all-powerful piece with a body count you pay for.,grid-local,h+x,yes,1,,pre-grid catalog
,The King,"The user's chess cards — the swap-only King, ton of points if captured","A king piece shuffling one square sideways, crown slightly too heavy",Epic,5,Freakshow (chess): moves like a king but only SWAPS (never captures); auto-steps out of 'check' (any chess card's capture line) whenever you act. If a chess card ever captures him: the captor gains a TON of points and +1 rank (hippo-style cap on captures).,"class SkillChessKing extends CardModifierSkill:
  func on_stack_cards(stack) -> void:  # any player action settles
    if in_check(data): game.defer(func(): game.swap_positions(data, safest_neighbor(data)))
  func on_captured(captor : CardData) -> void:  # via capture pipeline
    game.add_line_score(row_of(captor), REGICIDE_PTS)
    captor.rank.value = min(13, captor.rank.value + 1)",skill;freakshow;movement;gamble;secret,A live chess puzzle inside solitaire — hunting your own King with your own pieces is the alt-win-con toy the notes wanted.,He dodges every time you act; the regicide payout demands a real two-piece mate.,grid-local,h+x,yes,1,,pre-grid catalog
,The Prompter,"The prompter's box — the whisperer sunk into the stage floor, feeding lines","A head poking from a floor hatch, script open, lips mid-whisper",Common,1,While spotlit: choose one card anywhere in this card's column — that card's modifiers are ACTIVE regardless of covering (its lines are fed from the box).,"# SEAM: activation is a per-card question (is_active) — this makes it a GRAPH.
class SkillPrompter extends CardModifierSkill:
  var client : CardData  # chosen on placement
  func spotlight_grants() -> Array[CardData]:
    return [client] if col_of(client) == col_of(data) else []
  # CardModifier.is_active must consult every active card's spotlight_grants —
  # activation becomes a query over OTHER modifiers, not a local property",skill;meta-effect;spotlight,Activation stops being a property and becomes a relationship — the first card whose text is about another card's text.,The client is only lit while the Prompter is; one cover breaks two cards.,global,y,no,1,,pre-grid catalog
,The Metronome,Maelzel's metronome — the tempo machine whose maker also toured the Turk,"A brass metronome ticking over the board, every halo pulsing in time",Common,1,"All charge-based effects on your cards get +1 maximum charge (the shared charge system, tuned faster).","# SEAM: charges are ONE shared system on GameData (the notes demanded this) —
# so one card can retune every consumer of it at once.
class SkillMetronome extends CardModifierSkill:
  func on_active() -> void: game.state.charge_cap_bonus = 1
  func on_deactive() -> void: game.state.charge_cap_bonus = 0
  # every charge grantor reads: base_charges(card) + state.charge_cap_bonus",skill;meta-effect;charges,"One tick of the metronome and every Peanut Pitch, Tap Clown, and Tumbler in the deck plays a longer bar.","Worthless in a deck with no charge cards — it modifies a system, not a board.",grid-local,none,no,1,,pre-grid catalog
,The Cue Card,"Stagehands' cue cards — the act does what the card says, when the card says",A stagehand holding up an enormous card that just says NOW,Common,1,"Cue: manually fire one adjacent card's on_trigger hook, exactly as if the game had triggered it (attribution, combo credit and stamps included).","# SEAM: hooks are duck-typed methods — nothing stops a mod INVOKING another
# mod's hook; the contract question is attribution (_note_mod_fired).
class SkillCueCard extends CardModifierSkill:
  func on_cue() -> void:  # NEEDS NEW HOOK: on_cue
    var t : CardData = cue_adjacent_target()
    if t.skill and t.skill.has_method(&'on_trigger'):
      game.invoke_mod(t.skill, &'on_trigger')  # routes through run_all_mods
      # so StampDoubleTrigger echoes it and U registers for T's key, not ours",skill;meta-effect;combo;charges,Any card with a trigger becomes a button — the dispatch system itself is now a player verb.,It spends your cue to fire someone else's act; a deck of passives has no buttons to press.,grid-local,x,no,1,,pre-grid catalog
,Extra Point,The original deck5 tester card — the first skill Solatro ever ran,A single glowing +10 chalked on a slate beside the ring,Common,1,Gain extra points on score (currently +10 total).,"# IMPLEMENTED: the deck5 tester skill
class SkillExtraPoint extends CardModifierSkill:
  func on_score(result) -> void:
    game.add_line_score(row_of(data), 10)
    game.register_combo(combo_key())",skill;meta-effect;combo,The baseline every other effect is measured against — the catalog's control group.,Ten flat points never scale; it exists to be outgrown.,grid-local,none,no,1,,pre-grid catalog
,Echoing Trigger,The canyon echo — every showman's second house,"A shout leaving a mouth twice, the second copy slightly translucent",Uncommon,2,ALL triggers on the board repeat once (once per card per scoring pass) — a global echo on the event bus.,"# IMPLEMENTED — the global cousin of StampDoubleTrigger
class SkillEchoingTrigger extends CardModifierSkill:
  func on_mod_triggered(mod) -> void:
    if not mod.is_echo and not game.state.echoed_this_pass.has(mod.data):
      game.state.echoed_this_pass.append(mod.data)  # per-pass ledger, GameData
      mod.retrigger_once()  # echo flag prevents infinite regress
  # SEAM: on_mod_triggered listening to ALL mods = effects observing effects",skill;meta-effect;combo,"Every effect in your deck fires twice — the whole engine, doubled by one card.",It echoes hazard triggers and dud triggers with the same enthusiasm.,grid-local,none,no,1,,pre-grid catalog
,The Dragoman,The touring company's dragoman — the interpreter every foreign engagement hired,"An interpreter standing between two cards, translating gestures mid-air",Uncommon,2,Choose a card: its on_score effects ALSO fire when it is discarded (its act translated into a language the discard pile understands).,"# SEAM: hooks are just method names — remapping needs a DECORATOR that
# forwards one event as another. NEEDS NEW SYSTEM: modifier proxy/decorator.
class ProxyRemap extends CardModifier:
  var inner : CardModifier
  var map : Dictionary  # {&'on_discard': &'on_score'}
  func _get(hook): return inner  # has_method must answer for mapped hooks
  func on_discard() -> void: inner.call(map[&'on_discard'], fake_result())
# Dragoman wraps target.skill = ProxyRemap.new(target.skill, map); relink!",skill;meta-effect;discard;deck-manip,Hook remapping as a player verb — the event bus grows a translation layer.,A translated effect fires with a synthetic context; some scores read as gibberish in exile.,global,h+deck,yes,1,,pre-grid catalog
,The Contagion,"The wave — one pair of hands, then the whole grandstand",A ripple of color passing seat to seat through a crowd of card backs,Uncommon,2,"Each Next, every status on this card's neighbors copies one card further outward (statuses spread by adjacency, merge-by-class capping the counts).","# SEAM: statuses must duplicate() at EVERY application and merge by class —
# mass propagation is the stress test of both rules at once.
class SkillContagion extends CardModifierSkill:
  func on_next() -> void:
    for n : CardData in adjacent_cards(data):
      for st : CardModifierStatus in n.statuses:
        for far : CardData in adjacent_cards(n):
          game.defer(func(): far.add_status(st.duplicate()))  # merge-by-class dedupes",skill;meta-effect;status;formation,Your Burning cascade stops needing fire cards — the board becomes its own weather system.,It spreads Exhausted and Muddy exactly as happily as it spreads your buffs.,grid-local,x,no,1,,pre-grid catalog
,The Alchemist,"Medicine-show transmutation — lead into gold, nightly, allegedly",A robed vendor pouring one glowing status vial into a differently glowing one,Uncommon,2,"Cue: transmute ALL statuses of one class on a target card into another class, count preserved (Burning into Juggling, Exhausted into Sweetened...).","# SEAM: status identity is the class itself (merge-by-class) — conversion
# means destroy-and-remint, never in-place mutation.
class SkillAlchemist extends CardModifierSkill:
  func on_cue() -> void:  # NEEDS NEW HOOK: on_cue
    var t : CardData = cue_target()
    var n : int = t.status_count(cue_from_class())
    game.defer(func():
      t.remove_status_class(cue_from_class())
      t.add_status(cue_to_class().new().with_count(n)))  # fresh instance, relinked",skill;meta-effect;status,Status classes become a currency with an exchange window — debuff decks learn alchemy.,Transmutation is symmetric: fumble the direction and you just gilded a curse.,grid-local,none,no,1,,pre-grid catalog
,The Net,The safety net — the invention that turned death acts into repeatable art,"A taut rope net catching a cannonball prop mid-arc, re-tensioning to throw",Uncommon,2,Once per act: catch a ballistic prop (Ball/Fire) mid-flight and re-aim it at any card in the same column (the mancala targets were a suggestion).,"# SEAM: §4d sanctions mid-flight re-routing — prop.set_route from any hook.
class SkillNet extends CardModifierSkill:
  func on_prop_passing(prop) -> Variant:
    if prop.is_ballistic and not game.state.net_used:
      game.state.net_used = true
      prop.set_route(route_to(cue_or_hash_target(data)))  # never touch at/route raw
      return NEGATE_PASS  # this pass negated; the re-aimed pass is the real one
    return null",skill;meta-effect;prop;movement,Prop trajectories stop being physics and start being negotiable — the catch IS the act.,"One catch per act, same column only; the net does not reach across the ring.",grid-local,y,no,1,remapped: act/Submit timing becomes the Entrance refill. See the post-grid effects CSV for the rewritten wording.,pre-grid catalog
,The Prop Master,The theatre property master — nothing flies that the prop table did not issue,"A backstage table of hoops, knives, balls and flames, all labeled, one extra of each",Uncommon,2,"Every PropSpawner your suits produce gets +1 remaining (one extra prop per volley, every volley).","# SEAM: spawn plans are DATA (PropSpawner) built before run_props — a hook
# that edits the plan pre-flight makes the whole prop economy moddable.
# NEEDS NEW HOOK: on_spawn_plan(spawners) before Game.run_props
class SkillPropMaster extends CardModifierSkill:
  func on_spawn_plan(spawners : Array[PropSpawner]) -> void:
    for s : PropSpawner in spawners:
      s.remaining += 1  # factory stays PURE; the plan is what mutates",skill;meta-effect;prop;combo,Every suit in the deck quietly fires heavier — a whole archetype tuned by one hire.,Plus-one props also means plus-one chaos in every act you did not plan.,grid-local,none,no,1,,pre-grid catalog
,The Exchange Rate,"World's-fair money changers — every currency, a spread on each",A teller's window where combo sparks trade against stacks of flat points,Uncommon,2,"At act end (cue): convert unused combo — each U above 3 — into flat points at a fixed rate, or pay points to pre-register +1 U for the NEXT act.","# SEAM: U is data on GameData (combo_classes) — so it is tradeable.
class SkillExchange extends CardModifierSkill:
  func on_after_score() -> void:
    if cue_mode() == SELL:
      var extra : int = max(0, game.state.combo_classes.size() - 3)
      game.add_line_score(0, RATE * extra)
    else:
      game.state.combo_carry += 1  # next act: register_combo('carried:'+str(i))",skill;meta-effect;combo;economy,The multiplier becomes a market — sandbagging and banking U is a whole new axis of play.,Every conversion is a spread paid; the teller always wins a little.,grid-local,none,no,1,,pre-grid catalog
,The Stage Manager,"The SM's prompt book — the show runs in the order the book says, not the script","A clipboard opened over the rules deck, tabs being reordered mid-performance",Uncommon,2,"Cue (once per show): reorder the rules deck — changing which rule answers FIRST for grabs, placement, and scoring disputes.","# SEAM: first-implementer-wins precedence 'depends on board order' (§8 sharp
# edge) — this card makes that landmine a deliberate player control.
class SkillStageManager extends CardModifierSkill:
  func on_cue() -> void:  # NEEDS NEW HOOK: on_cue
    if game.state.sm_used: return
    game.state.sm_used = true
    game.reorder_rules_deck(cue_order_ui())  # Game deck fn; bump revision
    # implementer cache keys on [state id, revision] — reorder invalidates it",skill;meta-effect;rule;info,Dispatch precedence — the deepest invisible system in the engine — handed to the player as a clipboard.,Reordering laws you do not fully understand is exactly as dangerous as it sounds.,global,deck,no,1,,pre-grid catalog
,The Critic,One review from Shaw could close a show overnight,"A monocled figure in the front row, pen scratching, acts wilting in its shadow",Rare,3,"After each act: the effect that triggered MOST is silenced for the next act (overexposed); any effect that triggered exactly once scores a bonus now (fresh, the critic approves).","# SEAM: effect-frequency introspection — the dispatch layer keeps a ledger.
class SkillCritic extends CardModifierSkill:
  func on_mod_triggered(mod) -> void:
    game.state.trigger_tally[mod.combo_key('')] += 1  # per-act ledger, GameData
  func on_after_score() -> void:
    game.state.silenced_next_act = argmax(game.state.trigger_tally)
    for key : String in keys_with_count(game.state.trigger_tally, 1):
      game.add_line_score(0, FRESH_PTS)",skill;meta-effect;combo;gamble,"The engine deck's natural predator and the variety deck's best friend — a review, every act.","Your best engine gets benched at its peak, by your own hire.",grid-local,none,no,1,remapped: act/Submit timing becomes the Entrance refill. See the post-grid effects CSV for the rewritten wording.,pre-grid catalog
,The Conductor,Merle Evans — Ringling's bandmaster for fifty years; the band followed HIS eyes,"A bandmaster's baton frozen at the top of the beat, every card watching it",Rare,4,"All your on_next effects are HELD each turn and fire together at Submit instead, in an order you choose (the band comes in on the downbeat).","# SEAM: hook TIMING as a modifier concern — a deferred-dispatch queue.
# NEEDS NEW SYSTEM: hook scheduler (capture instead of dispatch, flush later)
class SkillConductor extends CardModifierSkill:
  func on_active() -> void: game.state.hold_hooks = [&'on_next']
  func on_run_scorer() -> void:
    for held : HeldCall in player_order_ui(game.state.held_calls):
      game.invoke_mod(held.mod, held.hook)  # flushed at the downbeat
    game.state.held_calls.clear()",skill;meta-effect;combo;deck-manip,Retiming an entire hook class turns tempo itself into a build — draw engines learn syncopation.,A held on_next is a draw you did NOT get this turn; the downbeat had better be worth it.,grid-local,line,no,1,remapped: act/Submit timing becomes the Entrance refill. See the post-grid effects CSV for the rewritten wording.,pre-grid catalog
,The Rigger,Circus riggers — the unseen crew who decide what flies and what falls,"Two harnesses crossed backstage, each act now wearing the other's ropes",Rare,4,"Cue: swap the WIRING of two cards — each card's skill now answers the other card's events (A's skill fires on B's scores, B's on A's).","# SEAM: a modifier's data backref IS its event identity — cross-wiring means
# two proxies whose forwarded calls carry the other card's context.
class SkillRigger extends CardModifierSkill:
  func on_cue() -> void:  # NEEDS NEW HOOK: on_cue
    var a : CardData = cue_target_a(); var b : CardData = cue_target_b()
    a.skill = ProxyRemap.crosswire(a.skill, b)  # decorator system (Dragoman)
    b.skill = ProxyRemap.crosswire(b.skill, a)
    GameData.relink_card_backrefs(a); GameData.relink_card_backrefs(b)
    game.state.revision += 1  # implementer cache must rebuild",skill;meta-effect;combo;secret,A buried card's payoff wired to a spotlit card's trigger — topology surgery on the effect graph.,Crossed wires stay crossed; untangling mid-show is not a service the crew offers.,global,none,no,1,,pre-grid catalog
,The Lobbyist,"The lobbyists who legalized Sunday shows, state by state",A smiling agent walking a law out of the courthouse under one arm,Rare,4,"Extract ONE rule card from the rules deck into your play deck: its rule stops applying, and it gains random pips (rule cards always carried them for exactly this day).","# SEAM: the draft's own clause — rule cards have hidden random suit/rank 'in
# case player extracts them'. Extraction = rules-deck round trip + layout re-parse.
class SkillLobbyist extends CardModifierSkill:
  func on_cue() -> void:  # NEEDS NEW HOOK: on_cue
    var law : CardData = cue_pick_rules_deck()
    game.defer(func():
      game.move_rules_to_deck(law)      # Game deck fn: stage RULES -> DRAW
      law.suit = PipSuit.STANDARD[hash_pick(run_state().world_seed, 4)].new()
      GameData.relink_card_backrefs(law)
      game.reparse_board_layout())      # a stolen ZoneAdder = one column gone",skill;meta-effect;rule;deck-manip;gamble,"Stealing a LAW and shuffling it into your deck as a playable card — the Baba-Is-You promise, kept.",Pocket the grab-legality law and enjoy anarchy; pocket a ZoneAdder and your board is four columns wide.,global,y+deck,no,1,,pre-grid catalog
,The Amendment,Sideshow banners repainted overnight — the show the sign promises changes by dawn,"A quill signing a stamp onto a glowing law card, wax still soft",Rare,4,Attach any stamp you own to a RULE card in the rules deck (Double Trigger on the Cascade Scorer runs the whole scoring pass twice...).,"# SEAM: rule cards are ordinary CardData — the stamp slot was always there.
# The stress: stamps now dispatch on ENGINE hooks (on_run_scorer et al.).
class SkillAmendment extends CardModifierSkill:
  func on_cue() -> void:  # NEEDS NEW HOOK: on_cue
    var law : CardData = cue_pick_rules_deck()
    law.stamp = cue_pick_owned_stamp().duplicate()
    GameData.relink_card_backrefs(law)
    game.state.revision += 1
    # engine rules opt OUT of U (combo_key '') — the stamp must inherit that
    # opt-out or a doubled scorer would register combo as a 'mod effect'",skill;meta-effect;rule;collection,"Stamping the laws themselves — the modifier system eating its own tail, gloriously.",Double Trigger on the wrong law doubles hazards as faithfully as scorers.,global,cell+deck,no,1,,pre-grid catalog
,The Loophole,"Barnum's contracts — read twice, they always said something else","A magnifying glass over a hazard's rule text, one clause glowing in reverse",Rare,3,"Choose one active town/boss hazard: its effect INVERTS to benefit you for this show (the snub pays double, the tax refunds, the hook feeds).","# SEAM: result-transform middleware — run_all_mods results become interceptable.
# NEEDS NEW SYSTEM: hook-result middleware chain (wrap, invert, veto)
class SkillLoophole extends CardModifierSkill:
  var target_hazard : CardModifier
  func on_active() -> void:
    game.add_middleware(target_hazard, func(hook, result):
      return invert_result(hook, result))  # NEGATE_PASS->pass, deny->allow, -x->+x
  func on_deactive() -> void: game.remove_middleware(target_hazard)",skill;meta-effect;rule;hazard;gamble,Hazard towns become buff towns for the deck that reads the fine print — lawyering as an archetype.,Inversion is literal: a hazard with no output inverts into nothing.,grid-local,none,no,1,,pre-grid catalog
,The Apprentice,"The magician's apprentice — sworn to watch, forbidden to ask","A wide-eyed novice card, hands copying a gesture happening elsewhere",Rare,3,"Blank skill. Each show, it permanently LEARNS the first effect it observes firing (hook and behavior copied); holds up to three learned effects.","# SEAM: skills as composable fragments. NEEDS NEW SYSTEM: skill composition
# (shared with the Dubplate) — a ComposedSkill holding N hook implementations.
class SkillApprentice extends CardModifierSkill:
  var learned : ComposedSkill = ComposedSkill.new()
  func on_mod_triggered(mod) -> void:
    if not game.state.observed_this_show and mod.data != data:
      game.state.observed_this_show = true
      learned.absorb(mod)  # clones the fired hook's implementation, max 3
      data.skill = learned; GameData.relink_card_backrefs(data)",skill;meta-effect;growth;collection,A card whose final text is written by YOUR run — every copy in the world ends up different.,"It learns the FIRST thing it sees, including the mistake you fired by accident.",global,none,no,1,,pre-grid catalog
,The Accountant,The red wagon's bookkeeper — the man who decided what the show had earned,"A green eyeshade bent over two ledgers, points flowing from one to the other",Rare,3,At payout (before R x C multiplies): shift up to 20% of the larger axis total onto the smaller. Costs 2 U to invoke (the books must balance somewhere).,"# SEAM: apply_act_score interposition — the payout formula grows a pre-hook.
# NEEDS NEW HOOK: on_apply_act_score(row_total, col_total) -> adjusted pair
class SkillAccountant extends CardModifierSkill:
  func on_apply_act_score(r : BigNumber, c : BigNumber) -> Array[BigNumber]:
    if game.state.combo_classes.size() < 2: return [r, c]
    game.spend_combo(2)  # U is spendable (Exchange Rate precedent)
    return equalize_toward_mean(r, c, 0.2)  # balanced axes maximize R*C",skill;meta-effect;combo;economy,A lopsided board audited into a bigger product — multiplication finally hires staff.,"Two U per audit, and a board with one dead axis is beyond accounting.",grid-local,none,no,1,,pre-grid catalog
,The Groundhog,Groundhog Day (1993) — the day that repeats until you get it right,"The same act performed twice, the second time with everyone slightly wiser",Rare,4,"Cue (once per show): replay the PREVIOUS act's entire effect sequence against the CURRENT board — same effects, same order, targets resolved fresh.","# SEAM: deterministic Submit/Next is load-bearing (pending-action replay) —
# an act event log already all but exists. NEEDS NEW SYSTEM: act event log
# capture + re-fire (the replay infra promoted to a player verb).
class SkillGroundhog extends CardModifierSkill:
  func on_cue() -> void:
    for entry : LogEntry in game.state.last_act_log:
      game.invoke_mod(entry.mod, entry.hook)  # fresh targets, same sequence
    game.register_combo(combo_key())",skill;meta-effect;combo;gamble,"Yesterday's perfect act, performed again on today's board — déjà vu as a finisher.",The sequence is frozen; replayed onto the wrong board it is a beautiful irrelevance.,global,none,no,1,remapped: act/Submit timing becomes the Entrance refill. See the post-grid effects CSV for the rewritten wording.,pre-grid catalog
,The Rewinder,"The nickelodeon's hand-cranked rewinder — the past, sold by the foot",A film crank spooling glowing frames of earlier turns into a furnace,Rare,3,Cue: burn your OLDEST undo snapshots — +points per snapshot destroyed (max 5 per act). Those moments become unreachable.,"# SEAM: save_history is data (Array[GameData], capped, persisted) — burning it
# stresses the undo contract AND the anti-cheat save (history ships with the run).
class SkillRewinder extends CardModifierSkill:
  func on_cue() -> void:  # NEEDS NEW HOOK: on_cue
    var n : int = min(5, game.save_history.size() - 1)  # never burn the present
    for i : int in n: game.save_history.pop_front()
    game.add_line_score(row_of(data), REWIND_PTS * n)
    RunManager.request_save()  # the shrunken history must persist (no resurrect)",skill;meta-effect;economy;gamble,"Selling your own safety net for points — regret, securitized.",Every point is an undo you may desperately want three turns from now.,grid-local,none,no,1,remapped: act/Submit timing becomes the Entrance refill. See the post-grid effects CSV for the rewritten wording.,pre-grid catalog
,The Surveyor,The 24-hour man — chalk arrows on fence posts deciding where tomorrow lands,"A surveyor's transit aimed down a column, chalk arrow pointing at the FLOOR",Rare,3,While spotlit: YOUR drops resolve to the BOTTOM of the target column (ColumnStart) instead of on top — cards slide in beneath the stack.,"# SEAM: Board's RESOLVE phase — anchors are engine vocabulary (OnTop /
# ColumnStart / ColumnEnd); a mod overriding resolution makes anchors moddable.
# NEEDS NEW HOOK: on_resolve_anchor(request) -> anchor override
class SkillSurveyor extends CardModifierSkill:
  func on_resolve_anchor(req : MoveRequest) -> Variant:
    if req.is_player_drop:
      return Board.ColumnStart.new(req.dest_x, req.dest_col)
    return null  # automated moves keep their own anchors",skill;meta-effect;movement;formation,Placing UNDER stacks inverts every burial instinct in the game — foundations become a choice.,"Bottom-dropped cards are instantly covered: dark, safe, and silent.",grid-local,h+y,yes,1,,pre-grid catalog
,The Ghost Writer,"S.W. Erdnase — card handling's bible, author never identified",A pen writing on a blank card in a hand nobody recognizes,Rare,3,Each show start: writes a temporary skill onto one blank/prop card — a copy of one effect that fired last show. The ink fades at show end.,"# SEAM: temporary modifiers with a lifecycle — composition-lite plus cleanup.
class SkillGhostWriter extends CardModifierSkill:
  func on_game_start() -> void:
    var host : CardData = pick_prop_card(game.state)
    host.skill = clone_effect(run_state().last_show_log.front())
    host.meta.temp_skill = true; GameData.relink_card_backrefs(host)
  func on_game_end() -> void:
    for c : CardData in cards_with_meta(&'temp_skill'):
      c.skill = null  # the ink fades; no relink needed for null",skill;meta-effect;token;growth,Your chaff wakes up each morning with yesterday's best line ghostwritten onto it.,"The ghost writes what FIRED, not what mattered; sometimes the ink is a honk.",global,none,no,1,,pre-grid catalog
,The Dramaturg,"The dramaturg — the theatre's structural editor, invisible and decisive","A red pen striking through a card's fine print, writing a longer clause",Epic,5,"Rewrite one card's combo identity: each of its triggers registers a FRESH combo key this act (it counts toward U every time, not just first activation).","# SEAM: combo identity is data (combo_key -> string; U dedupes on it) —
# making the key generative turns the U economy itself moddable.
class SkillDramaturg extends CardModifierSkill:
  var edited : CardData
  func on_mod_triggered(mod) -> void:
    if mod.data == edited:
      game.register_combo(mod.combo_key('') + ':' + str(game.state.trigger_serial))
      game.state.trigger_serial += 1
  # the duplicate_class_scale lever (delta) exists for exactly this abuse",skill;meta-effect;combo;gamble,U-farming unlocked on one chosen engine — the multiplier curve bends where you point.,This is the card the delta lever was built to punish; expect the errata.,grid-local,none,no,1,remapped: act/Submit timing becomes the Entrance refill. See the post-grid effects CSV for the rewritten wording.,pre-grid catalog
,The Time Signature,"The Rite of Spring premiere, 1913 — the rhythm that started a riot",A conductor's score where the bar line falls between two pages,Epic,6,"Splits the Submit: ROWS score at submit as normal; COLUMNS score at the START of the next turn, against whatever the board looks like then. U persists across the split.","# SEAM: act atomicity. Submit is one deterministic span (pending-action
# replay + undo cancel + fame banking all assume it). Splitting it means:
# NEEDS NEW SYSTEM: split-act resolution — a persisted half-act marker
class SkillTimeSignature extends CardModifierSkill:
  func on_run_scorer() -> void:
    score_all_rows(game.state)
    game.state.pending_half_act = true  # survives save/quit like pending_action
  func on_next() -> void:
    if game.state.pending_half_act:
      score_all_cols(game.state); game.state.pending_half_act = false
      game.apply_act_score()",skill;meta-effect;combo;formation;gamble,One turn to REARRANGE between the row pass and the column pass — the act becomes a two-move puzzle.,"Everything that assumed acts are atomic (undo, replay, banking) must now hold its breath with you.",grid-local,none,no,1,remapped: act/Submit timing becomes the Entrance refill. See the post-grid effects CSV for the rewritten wording.,pre-grid catalog
,The Fourth Wall,Pantomime's sacred contract — 'HE'S BEHIND YOU!' and the actor hears it,"A card mid-scoring turning to face the audience, hand extended through the frame",Epic,6,"Once per act, DURING scoring resolution: the show pauses and you may make ONE grab/place before resolution continues (the audience shouts, and this time the act listens).","# SEAM: B10 — no board mutation inside run_all_mods, live iteration. This card
# is the sanctioned exception: a SAFEPOINT between the row pass and col pass
# where the dispatch walk is NOT live. NEEDS NEW HOOK: resolution safepoint.
class SkillFourthWall extends CardModifierSkill:
  func on_score_safepoint() -> void:  # fires between passes, outside the walk
    if game.state.wall_broken: return
    game.state.wall_broken = true
    await game.accept_one_player_move()  # full Board.move_stack, revision bump
    # the col pass now walks the MUTATED board — legal, because no walk is live",skill;meta-effect;movement;gamble,Editing the board in the middle of its own scoring — the one move that makes spectators of every other card game.,"One move, mid-avalanche, on a clock: the audience shouts wrong sometimes.",grid-local,h+x,yes,1,remapped: act/Submit timing becomes the Entrance refill. See the post-grid effects CSV for the rewritten wording.,pre-grid catalog
,The Marionette,Royal de Luxe — building-sized marionettes walked by teams of operators,Eleven strings descending from above the frame into one prop's shoulders,Epic,5,Take direct control of one prop this act: it moves ONE slot per tick in the direction you steer (your inputs recorded into history — the replay steers identically).,"# SEAM: props are autonomous and replay-deterministic — player steering must
# enter the SAME history stream that pending-action replay consumes.
class SkillMarionette extends CardModifierSkill:
  func on_spawn_plan(spawners : Array[PropSpawner]) -> void:
    spawners.front().modifiers.append(PropPlayerSteered.new())
class PropPlayerSteered extends PropModifier:
  func on_pass_card(prop, card) -> void:
    var dir : int = game.next_recorded_input()  # live: read player; replay: read log
    prop.set_route(step_route(prop, dir))",skill;meta-effect;prop;movement,"Flying the knife yourself, slot by slot — the prop layer's autonomy handed to your hands.",A human-steered prop is exactly as accurate as the human; the mancala walk never missed.,grid-local,cell,no,1,remapped: act/Submit timing becomes the Entrance refill. See the post-grid effects CSV for the rewritten wording.,pre-grid catalog
,The Convention,The game laws are called Conventions — and conventions can be amended,A gavel striking; a brand-new law card materializing in the hidden deck,Legendary,8,Enact ONE new law from a fixed slate of three (e.g. runs may wrap King-to-Ace; 4-card poker hands score; discards feed 10% of rank as points) — it becomes a rule card in the rules deck for the rest of the run.,"# SEAM: minting RULE cards at runtime — bounded templates, not freeform
# (the freeform rule-editor was vetoed as scope creep; a slate is the demoted form)
class SkillConvention extends CardModifierSkill:
  func on_cue() -> void:  # NEEDS NEW HOOK: on_cue
    var law : CardData = CardData.new()
    law.skill = CONVENTION_SLATE[cue_pick(3)].new()  # var slate : Array[GDScript]
    law.suit = PipSuit.random_standard(); law.rank = hash_rank(run_state().world_seed, law)
    GameData.relink_card_backrefs(law)
    game.defer(func(): game.add_to_rules_deck(law))  # permanent for the run",skill;meta-effect;rule;meta,"Writing law into the hidden deck yourself — the rule-deck architecture's promise, delivered inside its veto.",A run-long law with no repeal clause; the wrong convention governs YOU hardest.,global,line+deck,no,1,,pre-grid catalog
,The Repertoire,"Repertory companies — a different play every night, same troupe","One card fanning into three overlapping versions of itself, one lit at a time",Legendary,8,Holds THREE skills in one slot; the active one rotates each act (cue to rotate early). The other two sleep.,"# SEAM: CardData has ONE skill slot — multi-skill needs a container modifier
# that swaps the live skill in and out, with relink + cache invalidation each time.
class SkillRepertoire extends CardModifierSkill:
  var plays : Array[CardModifierSkill] = []  # size 3; holder keeps them alive
  func on_after_score() -> void: rotate()
  func on_cue() -> void: rotate()  # NEEDS NEW HOOK: on_cue
  func rotate() -> void:
    plays.push_back(data.skill); data.skill = plays.pop_front()
    GameData.relink_card_backrefs(data)
    game.state.revision += 1  # implementer cache must re-key
    game.register_combo(data.skill.combo_key(''))  # each face is a fresh U",skill;meta-effect;collection;combo,"Three acts in one body, one deck slot — the modifier slot system bent double.","Only one face is ever awake, and the rotation schedule waits for no meld.",grid-local,cell,no,1,remapped: act/Submit timing becomes the Entrance refill. See the post-grid effects CSV for the rewritten wording.,pre-grid catalog
,The Ringmaster,The user's leader template — the master of ceremonies,"A top-hatted figure mid-flourish, whip curled like a signature",Epic,6,Leader: no suit or rank; starts the game in the Grand Entrance; always grabbable; placeable anywhere uncovered; REMAINS on board after submission. Optional flavor debuff: fear of fire/knives (cannot be placed on Flames/Knives cards).,"class TypeLeader extends CardModifierType:  # the leader chassis
  func on_game_start() -> void:
    game.defer(func(): game.place_in_entrance(data))
  func survives_submit() -> bool: return true  # skipped by board clear
class SkillRingmaster extends CardModifierSkill:
  func on_can_grab_stack(stack) -> Variant:
    return true if stack.head() == data else null
  func on_can_place_stack(stack, dest) -> Variant:
    if stack.head() == data and dest.is_uncovered(): return true
    return null",leader;movement,The one performer who never leaves the stage — continuity in a game of board wipes.,"No pips means no melds: he conducts, he never scores.",global,h,yes,1,remapped: act/Submit timing becomes the Entrance refill. See the post-grid effects CSV for the rewritten wording.,pre-grid catalog
,The Equestrian,"Philip Astley, 1768 — the founder of the modern circus and its 42-foot ring",A rider standing on cantering horseback inside a chalked circle,Epic,6,Leader (Ringmaster archetype): melds scored entirely within the First Ring (rows 1–5) get +mult — he standardized the ring for a reason.,"class SkillAstley extends CardModifierSkill:  # + TypeLeader chassis
  func on_score_row(row : Array[CardData]) -> void:
    if row_index(row) < 5:
      game.add_line_score(row_index(row), RING_MULT)
      game.register_combo(combo_key())",leader;formation;combo,Rewards tight shallow boards — the founder's discipline as a build identity.,Anti-synergy with every deep-ring and tall-column payoff in the catalog.,grid-local,x+grid,no,2+,,pre-grid catalog
,The Showman,"P.T. Barnum — museums, hoaxes, and the Greatest Show on Earth",A beaming impresario gesturing at something that may not exist,Epic,6,Leader (Producer): shops offer +1 extra card; all Gaff/Humbug/fake cards cost nothing to acquire.,"class SkillBarnum extends CardModifierSkill:  # + TypeLeader chassis
  # map/shop layer reads leader perks:
  func shop_extra_offers() -> int: return 1
  func price_scale(card : CardData) -> float:
    return 0.0 if is_gaff(card) else 1.0",leader;economy;secret,Free fakes forever — the Humbug economy gets its patron saint.,A deck of free lies is one Prepared Town from bankruptcy.,global,deck,no,1,,pre-grid catalog
,Joey Grimaldi,Joseph Grimaldi — Regency London's superstar clown,A whiteface clown taking a pratfall that is secretly perfect geometry,Epic,6,"Leader (Clown): once per turn, a free Slapstick — swap the ranks of any two adjacent cards without spending a cue.","class SkillGrimaldi extends CardModifierSkill:  # + TypeLeader chassis
  func on_next() -> void: game.state.free_slapstick = true
  # GameView: while free_slapstick, adjacent-pair rank swap costs nothing",leader;Clown;movement;combo,A free pip fix every single turn — the board never quite stays broken.,"One swap, adjacent only; he tidies, he does not transform.",grid-local,x,no,1,,pre-grid catalog
,The Escapologist,"Harry Houdini — no lock held him, including the game's",A figure shrugging out of chains that are still deciding they are locked,Epic,6,Leader (Escape Artist): your free undo becomes 2 per turn; all debuffs on your cards expire one show sooner.,"class SkillHoudini extends CardModifierSkill:  # + TypeLeader chassis
  func on_next() -> void: game.state.free_undos = 2
  func on_game_end() -> void:
    for c : CardData in run_state().deck_cards():
      tick_status_expiry(c, 1)  # extra expiry tick",leader;protection;meta,Permission to experiment squared — the take-back leader for players who think with their hands.,He adds zero points; his whole kingdom is mistakes unmade.,grid-local,none,no,1,,pre-grid catalog
,The Tiger Queen,"Mabel Stark — the great tiger trainer, working cats into her seventies","A small woman in white leathers dwarfed by, and dwarfing, five tigers",Epic,6,Leader (Animal Trainer): consumption effects have NO cap (Hippo's 13 limit removed; Tigers/Gluttony rank gains unbounded).,"class SkillStark extends CardModifierSkill:  # + TypeLeader chassis
  func on_active() -> void: game.state.consumption_uncapped = true
  # eater skills consult state.consumption_uncapped before cap checks",leader;destruction;growth,Uncapped appetite — the eating archetype's ceiling simply removed.,The deck-devouring downside is also uncapped; she brakes for no one.,grid-local,none,no,1,,pre-grid catalog
,The Sibyl,The midway mitt-camp tradition — Madame Zora's lineage,A veiled reader behind a crystal ball in which tiny cards swim,Epic,6,Leader (Fortune Teller): the top of the draw deck is always revealed; the first reroll at every shop is free.,"class SkillSibyl extends CardModifierSkill:  # + TypeLeader chassis
  func on_active() -> void:
    if game.view: game.view.reveal_deck_top(true)
  func shop_free_rerolls() -> int: return 1",leader;info;economy,Permanent foresight plus shop grease — the information build's quiet monarch.,"All map and knowledge, no board presence whatsoever.",global,deck,no,1,,pre-grid catalog
,The Cannon King,Ildebrando Zacchini — the human-cannonball dynasty's patriarch,A mustachioed engineer patting an enormous cannon like a pet,Epic,6,Leader (Special Effects): Fireworks-suit cards may score from the Grand Entrance (launched without ever entering the Ring).,"class SkillZacchini extends CardModifierSkill:  # + TypeLeader chassis
  func on_run_scorer() -> void:
    for c : CardData in game.state.upper_cards():
      if c.suit is PipSuitFirework:
        game.add_line_score(col_of(c), c.rank.value * CANNON_RATE)
        game.register_combo(combo_key())",leader;prop;combo,Scoring from the waiting room — the Entrance becomes an artillery battery.,"Only Fireworks, the suit you can barely acquire; the cannon is picky about ammunition.",grid-local,grid,no,2+,,pre-grid catalog
,The Sweet Tooth,William Morrison — the dentist who co-invented cotton candy,A kindly dentist holding a pink cloud bigger than his head,Epic,6,Leader (Concessions): all +rank buffs your effects grant are PERMANENT instead of per-show.,"class SkillMorrison extends CardModifierSkill:  # + TypeLeader chassis
  func on_active() -> void: game.state.buffs_permanent = true
  # buff-granting skills consult state.buffs_permanent when applying",leader;growth;status,Every sweetening compounds forever — the deck slowly candies itself into a monster.,Slow exponential: early shows he is the weakest leader on the road.,grid-local,none,no,1,,pre-grid catalog
,The Costumier,The wardrobe mistresses who ran the great shows from behind a curtain,A pincushion-armed figure fitting a card for its second sash,Epic,6,Leader (Costume Designer): all your cards may hold 2 stamps.,"class SkillCostumier extends CardModifierSkill:  # + TypeLeader chassis
  func on_active() -> void: game.state.stamp_capacity_bonus = 1
  # stamp application consults capacity bonus",leader;collection,Doubles the entire stamp system's ceiling in one line of text.,Twice the slots is twice the stamps you must actually FIND and pay for.,grid-local,none,no,1,,pre-grid catalog
,The Sharpshooter,Annie Oakley — shot holes through playing cards; free tickets still bear her name,"A rifle resting across a saddle, a playing card downrange with five holes",Epic,6,Leader (precision/formation): choose a rank at each show start; cards of that rank score DOUBLE this show.,"class SkillOakley extends CardModifierSkill:  # + TypeLeader chassis
  func on_game_start() -> void:
    game.state.called_rank = pick_rank_ui()
  func on_score(result) -> void:
    for c : CardData in result.cards:
      if c.rank.value == game.state.called_rank:
        game.add_line_score(result.line, base_points(c))",leader;combo;gamble,Calling your shot every show — deck construction becomes marksmanship.,A called rank that never gets drawn is a blank round.,global,none,no,1,,pre-grid catalog
,The Satirist,Vladimir Durov — exiled from cities for mocking officials via trained pigs,A dignified trainer beside a pig wearing a mayor's sash,Epic,6,"Leader (Animal Trainer/heel): shows earn +25% fame, but each town's SNUB/hazard is 1 tier harsher (satire has consequences).","class SkillDurov extends CardModifierSkill:  # + TypeLeader chassis
  func on_active() -> void:
    run_state().fame_scale = 1.25
    run_state().hazard_tier_bonus = 1",leader;economy;gamble,The heel run — being profitably hated is a whole second way to tour.,You sharpened every knife the map will throw at you.,grid-local,none,no,1,,pre-grid catalog
,The Juggler King,"Enrico Rastelli — the god of jugglers, dead at 34, records still argued","A juggler at the apex of ten simultaneous arcs, utterly calm",Epic,6,Leader (Balls archetype): Balls-suit cards can be kept 'aloft' — re-scored each act — as long as at least one Balls card scores every submit.,"class SkillRastelli extends CardModifierSkill:  # + TypeLeader chassis
  func on_after_score() -> void:
    if balls_scored_this_act(game.state) == 0:
      game.state.aloft.clear()  # the pattern drops
    else:
      for c : CardData in game.state.aloft: rescore_card(c)",leader;prop;combo;persistence,The juggle that must not stop — a streak mechanic living on your board.,One act without a Balls score and every plate hits the floor at once.,grid-local,none,no,1,remapped: act/Submit timing becomes the Entrance refill. See the post-grid effects CSV for the rewritten wording.,pre-grid catalog
,The Conjuror,"Shōkyokusai Tenkatsu — Meiji Japan's superstar magician, who ran her own troupe",A magician in a hakama producing a pigeon from a folded fan,Epic,6,"Leader (Magician): once per turn, produce a rank-1 token card of any suit into the Entrance (the troupe never runs out of doves).","class SkillTenkatsu extends CardModifierSkill:  # + TypeLeader chassis
  func on_next() -> void:
    game.defer(func(): game.mint_card_in_entrance(TypePaper, RANK_ONE, pick_suit_ui()))",leader;token;deck-manip,"An endless gentle stream of bodies — glue, chaff, chorus, and prop-bait on demand.",Rank-1 confetti dilutes every poker row it drifts into.,grid-local,none,no,1,,pre-grid catalog
,The Engineer,The Great Farini — Niagara crosser turned impresario who DESIGNED Zazel's cannon,A frock-coated figure at a drafting table covered in launch trajectories,Epic,6,Leader (Special Effects): danger acts (gamble-tagged cards) cost 1 less to acquire and their destruction odds are halved (he builds the safety in).,"class SkillFarini extends CardModifierSkill:  # + TypeLeader chassis
  func price_scale(card : CardData) -> float:
    return 0.75 if card.has_tag(&'gamble') else 1.0
  func on_active() -> void: game.state.danger_odds_scale = 0.5",leader;gamble;economy,Makes the whole daredevil catalog half as lethal — suddenly you CAN run three Bullet Catches.,"He mitigates variance, never adds power; a safe deck gains nothing.",grid-local,none,no,1,,pre-grid catalog
,The Aerialist,"Lillian Leitzel — Ringling's biggest star; died in a rigging failure, 1931","A tiny figure spinning one-armed high above a dark ring, rosin dust falling",Legendary,7,Leader (Acrobat): re-scores the topmost meld once per submit (her endless planges). GLASS-FRAGILE: destroyed permanently if her column ever fails to score.,"class SkillLeitzel extends CardModifierSkill:  # + TypeLeader chassis
  func on_after_score() -> void:
    rescore_meld(topmost_meld(game.state))
    if column_score_of(col_of(data)).is_zero():
      game.defer(func(): game.destroy_card(data))  # the rigging fails",leader;combo;gamble,"The strongest leader in the game, one silent column from gone — the fragility IS the history, honored.","Permanent death, mid-tour, by YOUR placement mistake; no other card asks this much care.",grid-local,h+y,yes,1,remapped: act/Submit timing becomes the Entrance refill. See the post-grid effects CSV for the rewritten wording.,pre-grid catalog
,The Dalang,Wayang kulit — one person voicing every character all night long,"A silhouetted puppeteer, dozens of card-shadows fanned in one raised hand",Legendary,8,"Leader: while in play, YOU choose the trigger order of all card effects each scoring pass (dispatch order becomes player-controlled).","class SkillDalang extends CardModifierSkill:  # + TypeLeader chassis
  func on_run_scorer() -> void:
    game.state.dispatch_order = player_order_ui(implementers())
  # run_all_mods consults state.dispatch_order instead of board order
  # NEEDS NEW HOOK: ordered dispatch override",leader;info;combo,The player becomes the voice of everything — first-implementer-wins is finally YOURS.,Total control means total responsibility: bad sequencing has no one left to blame.,grid-local,none,no,1,,pre-grid catalog
,The Panorama,Panoramas and cycloramas — the pre-cinema immersive picture halls,A folded paper strip opening into a painted horizon of the whole map,Common,1,"Consumable (map): reveals the silhouette of the entire world map — every node's TYPE (show/booster/boss), none of its contents.","# consumable pipeline (NEW SYSTEM: map-layer use, not a Game hook)
class ConsumablePanorama extends BoosterTemplate:
  func use() -> void:
    run_state().reveal_map_silhouette()  # node kinds only",consumable;info;meta,One glance and the whole tour has a shape — planning becomes possible.,"Shapes, not contents: it tells you where, never what.",global,none,no,1,,pre-grid catalog
,The Mitt Camp Reading,Midway palmistry booths — and a seeded RNG makes the prophecy HONEST,"An upturned palm, one card pressed into it, the reader mid-sentence",Common,1,"Consumable: pay 1 Gold; receive one TRUE fact about the next 3 nodes (seeded, so the prophecy cannot lie).","class ConsumableMittCamp extends BoosterTemplate:
  func use() -> void:
    run_state().spend_gold(1)
    show_fact(derive_fact(run_state().world_seed, run_state().current_node_id))",consumable;info;gamble,Fortune-telling that is mechanically honest is funnier than fortune-telling that lies.,"One fact, chosen by the seed — true and useless are not exclusive.",grid-local,none,no,1,,pre-grid catalog
,The Raree Box,"Peep shows — an itinerant's box of wonders, a coin a look","A wooden box with one brass eyehole, faint glow inside",Common,1,Consumable: pay 1 Gold; peek at the next 5 cards of the draw deck (order shown).,"class ConsumableRareeBox extends BoosterTemplate:
  func use() -> void:
    run_state().spend_gold(1)
    if view: view.peek_deck(5)",consumable;info;deck-manip,A coin for certainty — the cheapest good decision on sale.,Knowledge of a bad draw is still a bad draw.,global,deck,no,1,,pre-grid catalog
,Snake Oil,"Clark Stanley, 'The Rattlesnake King' — the literal origin of the term",An ornate tonic bottle whose label promises everything,Common,1,Consumable: a cheap buff (+3 rank to one card this show) that is SOMETIMES (seeded 1-in-4) plain water — nothing happens.,"class ConsumableSnakeOil extends BoosterTemplate:
  func use(target : CardData) -> void:
    if hash_roll(run_state().world_seed, target, 4) == 0: return  # water
    var st : StatusTonic = StatusTonic.new()  # +3 rank, expires end of show
    target.add_status(st)",consumable;gamble;status,"The variable-ratio buff — three doses work, and the fourth is the joke.","A quarter of your money buys nothing, exactly as history promised.",grid-local,none,no,1,,pre-grid catalog
,The Showbag,Sideshow alley at the Australian Royal Shows — the showbag institution,"A striped paper bag spilling commons, one wrapped sweet on top",Common,1,"Consumable pack: 4 random Common cards, one guaranteed 'sweet' (a Concessions-class card).","class BoosterShowbag extends BoosterTemplate:
  func on_get_possible_cards() -> Array[CardData]:
    var out : Array[CardData] = roll_commons(3)
    out.append(roll_class_common(&'Concessions'))
    return out",consumable;economy,"Cheap, cheerful, and someone always wants the sweet.","Four commons is four commons; volume, not quality.",grid-local,none,no,1,,pre-grid catalog
,The Ouija Board,Patented 1891 — the parlor talking board that became an industry,"A planchette resting on YES, nobody visibly touching it",Uncommon,2,"Consumable (3 charges): ask the deck one yes/no question per show ('Is card X in the top 10?', 'Does the next node's pack contain a stamp?') — answered truthfully from the seed.","class ConsumableOuija extends BoosterTemplate:
  func use(question : Query) -> void:
    show_answer(evaluate_query(question, run_state()))  # deterministic truth",consumable;info;secret,Interrogating your own deck through a haunted UI — information as a séance.,Yes/no granularity: the spirits do not elaborate.,global,deck,no,1,,pre-grid catalog
,Spirit Photo,"William Mumler's double-exposure ghosts — tried for fraud, beloved anyway",A tintype where a translucent second card hovers behind the sitter,Uncommon,2,"Consumable: capture a ghost copy of any card you own — the copy plays for ONE show (intangible, scores at half), then fades from the plate.","class ConsumableSpiritPhoto extends BoosterTemplate:
  func use(target : CardData) -> void:
    var ghost : CardData = target.duplicate_deep()
    GameData.relink_card_backrefs(ghost)  # relink after every deep copy
    ghost.meta.phantom = true; ghost.meta.expires_shows = 1
    run_state().add_temp_card(ghost)",consumable;gamble;token,"Your best card, twice, for one night only — the double exposure is the fantasy.",Half-strength and gone by morning; sentimentality is not a build.,grid-local,none,no,1,,pre-grid catalog
,The Patch,The circus 'patch' — the legal adjuster who smoothed things with officials,"A rumpled man shaking hands with a sheriff, other hand behind his back",Uncommon,2,Consumable: cancel ONE town penalty/hazard rule card before the show starts (it never enters the rules deck).,"class ConsumablePatch extends BoosterTemplate:
  func use() -> void:
    run_state().suppress_next_hazard = true  # MapNodeRoles consults on show launch",consumable;protection;hazard,Bureaucratic counterplay — you fix the town before the town happens.,"One hazard, pre-show, blind: you patch what you GUESS is coming.",global,deck,no,1,,pre-grid catalog
,Chindon'ya,Japan's costumed street bands hired to advertise shops — walking hype,A three-piece costumed band parading past a ticket booth,Uncommon,2,Consumable: the NEXT town's fame requirement drops 15% (they warmed the crowd up before you arrived).,"class ConsumableChindonya extends BoosterTemplate:
  func use() -> void:
    run_state().next_goal_scale = 0.85",consumable;economy,Buying a softer landing — route planning gets a shock absorber.,Fifteen percent of a goal you might have cleared anyway.,grid-local,none,no,1,,pre-grid catalog
,Hype Poster,"The user's Hype mechanic — double the requirement, better the goodies",A poster promising THE IMPOSSIBLE in letters taller than the acts,Uncommon,2,"Consumable: voluntarily DOUBLE the next show's fame requirement; its rewards (pack quality, rarity odds) scale up two tiers.","class ConsumableHype extends BoosterTemplate:
  func use() -> void:
    run_state().next_goal_scale = 2.0
    run_state().next_reward_tier_bonus = 2",consumable;gamble;economy,"Self-selected difficulty with a poster's swagger — declare big, then be big.",You wrote the check in ink; the deck still has to cash it.,grid-local,none,no,1,,pre-grid catalog
,The Advance Man,"Billposters traveled weeks ahead of the show, marking the route",A man with a paste bucket disappearing up a road of fog,Uncommon,2,"Consumable: reveal all fog-of-war nodes within 2 edges of your position, including their contents.","class ConsumableAdvanceMan extends BoosterTemplate:
  func use() -> void:
    run_state().reveal_fog_radius(2, true)  # true: contents too",consumable;info;meta,Two edges of certainty in a fogged tour — the scout earns his wage.,Local knowledge only; the far road stays dark.,grid-local,none,no,1,,pre-grid catalog
,Paper the House,Giving away free tickets to look popular — 'papering' the house,A full grandstand where every third hand holds the same free ticket,Rare,3,Consumable: auto-pass one town's fame check — but gain ZERO fame and zero rewards from it (the house was paper).,"class ConsumablePaper extends BoosterTemplate:
  func use() -> void:
    run_state().auto_pass_next_show = true  # record_win banks nothing",consumable;protection;economy,"The perfect skip button WITH a cost — dignity spent, tour preserved.",A papered show pays nothing forward; the goal curve does not slow down with you.,grid-local,none,no,1,,pre-grid catalog
,The Rat Sheet,Circuses printed attack-posters slandering the rival ahead,"A lurid poster denouncing a rival show, ink still venomous",Rare,3,"Consumable: raise the next Rival Show's difficulty for BOTH of you; if you both would pass, you also steal 25% of its fame payout.","class ConsumableRatSheet extends BoosterTemplate:
  func use() -> void:
    run_state().rival_difficulty_scale = 1.3
    run_state().rival_steal = 0.25",consumable;gamble;economy,Mudslinging as an investment — you poisoned the well you both drink from.,You raised your own wall too; the slander can beat you both.,grid-local,none,no,1,,pre-grid catalog
,The Cooler,The cold deck — swapping a stacked deck into the game,"A second deck sliding from a sleeve, indistinguishable and perfect",Rare,4,Consumable (once per run): replace your remaining draw deck with a perfectly ordered copy (you choose the order).,"class ConsumableCooler extends BoosterTemplate:
  func use(order : Array[CardData]) -> void:
    game.state.draw_deck = order  # via Game deck function; bump revision
    game.state.revision += 1",consumable;deck-manip;secret,Once per run you get to feel like a criminal — and the deck deals exactly your dream.,"One use, and a perfectly ordered deck still cannot fix a bad board.",global,deck,no,1,,pre-grid catalog
,The Claque,Paris opera's professional applauders — applause packages and blackmail,"Six identical men in one row, clapping in perfect unison, eyes cold",Rare,3,"Consumable: guaranteed minimum fame this show (the floor rises to 60% of goal)... but the claque demands 1 Gold at EVERY subsequent show, forever.","class ConsumableClaque extends BoosterTemplate:
  func use() -> void:
    run_state().fame_floor_next = 0.6
    run_state().claque_hired = true  # on_game_start: spend_gold(1) or fame penalty",consumable;economy;gamble,"A protection racket you invited in — and the minute you stop paying, they boo.",The subscription outlives the benefit by the whole rest of the tour.,grid-local,none,no,1,,pre-grid catalog
,Genie's Wish,The user's Genie scenario — make a wish,A brass lamp exhaling a card-shaped wish,Rare,4,"Consumable: choose any card in your deck; create a full copy of it in your hand (Entrance) for this show, permanent in deck after.","class ConsumableGenie extends BoosterTemplate:
  func use(target : CardData) -> void:
    var copy : CardData = target.duplicate_deep()
    GameData.relink_card_backrefs(copy)  # relink after every deep copy
    run_state().add_to_deck(copy)
    game.place_in_entrance(copy)",consumable;deck-manip;collection,Doubling your best card is the wish everyone makes first — and it is exactly as good as it sounds.,Copy inflation: the second Bullet Catch also carries the second 1-in-13.,global,line+deck,no,1,,pre-grid catalog
,The Discoverie,"Reginald Scot, 1584 — exposing conjuring to save accused witches; James I burned it",A heavy banned book open to a woodcut of the cups and balls,Rare,3,"Consumable (book, 3 readings): reveal every Gaff/fake in play (yours, the shop's, the town's). BANNED in pious towns — using it there is a crime event.","class ConsumableDiscoverie extends BoosterTemplate:
  func use() -> void:
    for c : CardData in all_visible_cards():
      if is_gaff(c): reveal(c)
    if game.town_tag() == &'pious': run_state().queue_map_event(&'book_burning')",consumable;info;secret,Exposure as mercy — the book that saves you from every mermaid on the midway.,"Three readings, and in the wrong town the book costs more than the lie.",global,deck,no,1,,pre-grid catalog
,The Tower,"The Major Arcana — trionfi, the trumps that predate the mystique","A lightning-struck tower of cards, two figures falling gracefully",Epic,5,Consumable (Major Arcana): destroy an entire column — every card in it — and score half their summed base as flat points.,"class ConsumableTower extends BoosterTemplate:
  func use(col : int) -> void:
    var pts : int = column_base_sum(col) / 2
    for c : CardData in column_cards(col): game.destroy_card(c)
    game.add_line_score(col, pts)",consumable;destruction;gamble,The board's biggest single explosion — sometimes the stuck column just has to go.,"Your cards, your points, half price, gone forever.",grid-local,y,no,1,,pre-grid catalog
,The Wheel,The Major Arcana — Fortune's wheel,"A carnival wheel whose slots are ranks, mid-spin",Epic,5,Consumable (Major Arcana): re-roll the ranks of every card in one row (seeded).,"class ConsumableWheel extends BoosterTemplate:
  func use(row : int) -> void:
    for c : CardData in row_cards(row):
      c.rank = hash_rank(run_state().world_seed, c)",consumable;random;gamble,Spinning five fates at once — the whole row holds its breath with you.,Fortune's wheel does not take requests.,grid-local,x,no,1,,pre-grid catalog
,The Hanged Man,The Major Arcana — the inverted man who sees differently,"A stack of cards serenely upside down, halo at the bottom",Epic,5,Consumable (Major Arcana): flip the ORDER of one entire stack (bottom becomes top).,"class ConsumableHangedMan extends BoosterTemplate:
  func use(stack_head : CardData) -> void:
    game.reverse_stack(stack_head)  # Board-level op; bump revision",consumable;movement;formation,"The buried engine surfaces, the dead weight sinks — one inversion, whole new column.",Everything flips: the good card rises AND the shield you built above it drowns.,grid-local,h,yes,1,,pre-grid catalog
,The Guest Star,"Sitting Bull toured one season with the Wild West, on his own terms","A legendary silhouette stepping off a train, luggage carried by awe",Epic,6,"Consumable (event-granted): a random Legendary card joins your deck for exactly 3 shows, then departs — kept permanently if a hidden condition is met during its stay.","class ConsumableGuestStar extends BoosterTemplate:
  func use() -> void:
    var star : CardData = roll_legendary(run_state())
    star.meta.expires_shows = 3
    star.meta.keep_condition = hidden_condition(star)  # e.g. scores 5 times
    run_state().add_temp_card(star)",consumable;collection;gamble;event-granted,"Three shows with a legend — and maybe, if you are worthy, forever.",Building around a card that is already packing its bags.,global,deck,no,1,,pre-grid catalog
,Golden Buzzer,"The Golden Buzzer — one press, straight through, confetti","A huge gold button mid-slam, confetti frozen at the top of its arc",Legendary,7,"Consumable (once per run): skip one town's requirement ENTIRELY — instant win, full rewards, confetti.","class ConsumableBuzzer extends BoosterTemplate:
  func use() -> void:
    run_state().auto_pass_next_show = true
    run_state().full_rewards_on_pass = true
    if view: view.confetti()",consumable;protection;meta,"Rare, unearned-feeling, delightful — exactly one free miracle per tour.","Spent on a show you could have won, it is the most expensive confetti alive.",grid-local,none,no,1,,pre-grid catalog
,Deus ex Machina,"The Greek crane god — criticized as a cheat for 2,400 years, still hired",A golden crane arm lowering a serene figure into a collapsing finale,Legendary,8,"Consumable (once per run): when a show is LOST, it is instead won at exactly goal (the god descends; the plot resolves). Deliberately feels like cheating.","class ConsumableDeusEx extends BoosterTemplate:
  func use() -> void:  # usable at the loss screen
    game.state.total = game.state.goal
    game.override_outcome(WIN)",consumable;protection;meta,"The most honest name in the catalog — a cheat, labeled as a cheat, priced as a cheat.","It saves one night, teaches nothing, and the next wall is taller.",grid-local,none,no,1,,pre-grid catalog
,The Major Arcana,The trionfi — trumps were a GAME for 300 years before the mystics arrived; Pamela Colman Smith drew the deck everyone knows and died uncredited,"Twenty-two cards fanned in an arc, each glowing a different discipline",Legendary,9,Consumable SERIES: 22 unique one-shot consumables (Tower/Wheel/Hanged Man ship first; the rest follow) — collect all 22 across runs for a profile reward honoring the Uncredited Artist.,"class ArcanaSeries extends BoosterTemplate:
  # each Arcana is one BoosterTemplate subclass; this row tracks the SERIES
  func on_collected(id : int) -> void:
    profile().arcana_found.append(id)
    if profile().arcana_found.size() == 22:
      profile().unlock(&'uncredited_artist_card')",consumable;collection;secret;meta,Long-term chase content with a real ghost at the end — the artist finally credited.,A collection spanning many runs; no single copy wins you anything tonight.,grid-local,x,no,1,,pre-grid catalog
,The Designated Loser,"The Washington Generals — 13,000 losses; their 1971 win made children cry",A cheerful opposing troupe already rehearsing their bow,Common,0,Town hazard (morale node): a 'boss' show with a trivial goal you always beat... with a hidden 1-in-1000 (seeded) chance the Generals WIN — the goal silently triples mid-show.,"class HazardGenerals extends CardModifierSkill:  # temp rules_deck card, self-destructs
  func on_game_start() -> void:
    if hash_roll(run_state().world_seed, self, 1000) == 0:
      game.state.goal = game.state.goal.multiplied(3.0)  # the 1971 game
  func on_game_end() -> void: game.defer(func(): game.destroy_card(data))",hazard;gamble;secret,"A guaranteed win that is not QUITE guaranteed — and the day it happens, the story is legendary.",The one-in-a-thousand run that loses a freebie will not find it funny.,grid-local,none,no,1,,pre-grid catalog
,Lot Lice,'Lot lice' — townsfolk who watched the setup for free,"A row of spectators leaning on the fence, wallets conspicuously closed",Common,0,Town hazard: your FIRST submit each show scores 0 fame (they already watched for free).,"class HazardLotLice extends CardModifierSkill:  # temp rules_deck card
  func on_after_score() -> void:
    if game.state.acts_played == 1:
      game.state.act_payout = BigNumber.zero()  # first act voided
  func on_game_end() -> void: game.defer(func(): game.destroy_card(data))",hazard;economy,Compresses the show into two real acts — pacing pressure with a slang lesson.,Effectively lose a third of the show; front-loaded decks suffer most.,global,none,no,1,remapped: act/Submit timing becomes the Entrance refill. See the post-grid effects CSV for the rewritten wording.,pre-grid catalog
,Mud Show,'Mud show' — small circuses slogging unpaved roads between towns,"Wagon wheels sunk to the axle, performers pushing in costume",Common,0,Town hazard: movement tax — every stack pickup this show costs 1 discard from the deck top.,"class HazardMudShow extends CardModifierSkill:  # temp rules_deck card
  func on_can_grab_stack(stack) -> Variant:
    game.defer(func(): game.discard_from_deck_top())  # the toll
    return null  # legality unchanged; the mud just takes its cut",hazard;movement;economy,Every rearrangement has a price tag — suddenly you play like a chess master.,Fidgety players bleed their deck into the mud.,global,h+deck,yes,1,,pre-grid catalog
,Knifetown's Snub,The user's Knifetown — unimpressed by knife scoring,"A town square of crossed arms, every local wearing a knife",Uncommon,0,Town hazard: Knives-suit effects score nothing here (they have seen knives).,"class HazardKnifetown extends CardModifierSkill:  # temp rules_deck card
  func on_prop_passing(prop) -> Variant:
    if prop.kind == KNIFE: return NEGATE_PASS  # knives fly, pay zero
    return null",hazard;prop,"The boss-blind resilience test, suit by suit — hyperfocus meets its bill.",A knife-heavy deck plays this town half-blind.,grid-local,none,no,1,,pre-grid catalog
,Hooptown's Snub,The user's Hooptown,"A town where every doorway, window, and dog collar is already a hoop",Uncommon,0,Town hazard: Hoops-suit effects score nothing here.,"class HazardHooptown extends CardModifierSkill:  # temp rules_deck card
  func on_prop_passing(prop) -> Variant:
    if prop.kind == HOOP: return NEGATE_PASS
    return null",hazard;prop,"Same test, different church — the map keeps every archetype honest.",Talent-sweep builds lose their engine at the gate.,grid-local,none,no,1,,pre-grid catalog
,Juggletown's Snub,The user's Juggletown,A juggling town — even the babies keep three rattles aloft,Uncommon,0,"Town hazard: Balls-suit effects score nothing here (Juggling statuses still apply, but pay 0).","class HazardJuggletown extends CardModifierSkill:  # temp rules_deck card
  func on_prop_passing(prop) -> Variant:
    if prop.kind == BALL: return NEGATE_PASS
    return null",hazard;prop;status,The setup suit gets snubbed — your deferred-value engine idles for one town.,Juggling seeded here pays out only if you survive to the NEXT town.,grid-local,none,no,1,,pre-grid catalog
,Firetown's Snub,The user's Firetown,"A town of smiths and chimneys, politely bored by flame",Uncommon,0,Town hazard: Flames-suit effects score nothing here; Burning statuses do not multiply.,"class HazardFiretown extends CardModifierSkill:  # temp rules_deck card
  func on_prop_passing(prop) -> Variant:
    if prop.kind == FIRE: return NEGATE_PASS
    return null",hazard;prop;status,The cascade build's cold shower — one town where fire is just warm.,Burning stacks built here are pure wasted setup.,grid-local,none,no,1,,pre-grid catalog
,Temperance Town,Dry towns on the historical circus routes,"A banner across Main Street: NO SPIRITS, NO SWEETS, NO NONSENSE",Uncommon,0,Town hazard: Concessions-class cards disabled; shop prices doubled here.,"class HazardTemperance extends CardModifierSkill:  # temp rules_deck card
  func on_active() -> void:
    game.state.disabled_class = &'Concessions'
    run_state().shop_price_scale = 2.0",hazard;economy,A class ban that makes route planning matter — the sweet decks detour.,Concessions decks lose healers AND face gouged prices in one stop.,global,deck,no,1,,pre-grid catalog
,The Fire Marshal,Post-1944 Hartford fire regulations reshaped tenting forever,A stern inspector holding a clipboard between a torch and a tent,Uncommon,0,Town hazard: Flames-suit cards cannot score; any Flames card in your DECK is treated as Wax type this show.,"class HazardMarshal extends CardModifierSkill:  # temp rules_deck card
  func on_game_start() -> void:
    for c : CardData in run_state().deck_cards():
      if c.suit is PipSuitFire: game.state.waxed.append(c)  # treated-as, reverts",hazard;prop;status,Regulation as a boss — the fire deck meets the one authority it cannot burn.,Harsher than a snub: your fire cards actively melt here.,global,deck,no,1,,pre-grid catalog
,John Robinson,'John Robinson' — the backstage code for CUT THE SHOW SHORT,"A stage manager drawing a finger across his throat, gently",Uncommon,0,Elite hazard: shortened show — 2 submits instead of 3 (the goal does not shrink).,"class HazardRobinson extends CardModifierSkill:  # temp rules_deck card
  func on_game_start() -> void:
    game.state.max_submits = 2  # MAX_SUBMITS override for this show",hazard;economy,One act stolen — every setup line in your deck gets audited for speed.,"Slow-build engines (Hunger Artist, Fireworks ramps) simply do not fit in two acts.",grid-local,none,no,1,remapped: act/Submit timing becomes the Entrance refill. See the post-grid effects CSV for the rewritten wording.,pre-grid catalog
,The Hook,Amateur night's shepherd's crook — bad acts yanked mid-bow,"A long crook emerging from stage left, already curled around an ankle",Uncommon,0,"Town hazard: after each submit, your lowest-ranked board card is yanked (discarded) unless it scored that act.","class HazardHook extends CardModifierSkill:  # temp rules_deck card
  func on_after_score() -> void:
    var weakest : CardData = lowest_unscored_on_board(game.state)
    if weakest: game.defer(func(): game.discard_card(weakest))",hazard;discard,Every act must earn its slot — the crook keeps the whole roster honest.,"Glue cards (Blanks, tokens) get eaten exactly because they never score.",global,deck,no,1,remapped: act/Submit timing becomes the Entrance refill. See the post-grid effects CSV for the rewritten wording.,pre-grid catalog
,Blowdown,Tent blowdowns — the traveling show's most feared weather,"Canvas mid-collapse, ropes snapping, one lantern still lit",Rare,0,"Weather boss: at show start and each Next, a random (seeded) Grand Entrance card is discarded. The show must go on.","class HazardBlowdown extends CardModifierSkill:  # temp rules_deck card
  func on_next() -> void:
    var victim : CardData = hash_pick_entrance(game.state)
    if victim: game.defer(func(): game.discard_card(victim))",hazard;discard;random,The storm forces triage every single turn — protective stamps finally headline.,Random loss punishes thin decks brutally; the Vine and Digital become gospel.,global,deck,no,1,,pre-grid catalog
,Hey Rube!,'Hey Rube!' — the rallying cry when the circus fought the town,"A brawl boiling at the tent flap, one performer mid-haymaker",Rare,0,"Boss: each submit, the rightmost column is ATTACKED — every card there gets Exhausted unless a Stuntsman/Strongman (Escape Artist class) stands in it.","class HazardHeyRube extends CardModifierSkill:  # temp rules_deck card
  func on_after_score() -> void:
    var col : int = state.column_count() - 1
    if not column_has_class(col, &'Escape Artist'):
      for c : CardData in column_cards(col):
        c.add_status(StatusExhausted.new())  # duplicate per application",hazard;status;formation,A geographic threat with a garrison mechanic — you post guards like a real lot boss.,One column is conscripted all show; your Escape Artists become furniture.,grid-local,x+y,no,1,remapped: act/Submit timing becomes the Entrance refill. See the post-grid effects CSV for the rewritten wording.,pre-grid catalog
,Railroad Jump,The brutal overnight railroad jumps of the golden age,"A train receding into dark, one card left standing on the platform",Rare,0,Route hazard (map edge): traveling this long edge costs one card from your deck — left on the platform (removed for the run).,"class HazardRailJump extends CardModifierSkill:  # map-layer edge effect
  func on_travel(edge) -> void:
    var left : CardData = player_pick_or_hash(run_state())
    run_state().remove_from_deck(left)",hazard;destruction;meta,The route itself takes a toll — geography becomes a body count.,Forced attrition; the long shortcut is never free.,global,x+deck,no,1,,pre-grid catalog
,The Volcano,The user's volcano note — performing near lava has consequences,A distant crater glow; the board's bottom row shimmering with heat,Rare,0,Terrain boss: the bottom row of the Ring is LAVA — any card ending a turn there takes Burning and loses 1 rank per turn.,"class HazardVolcano extends CardModifierSkill:  # temp rules_deck card
  func on_next() -> void:
    for c : CardData in row_cards(bottom_row(game.state)):
      c.add_status(StatusBurning.new())
      c.rank.value = max(1, c.rank.value - 1)",hazard;status;formation,The floor is literally lava — every column plans its own escape ladder.,Deep columns must build UP fast or cook from below.,grid-local,x+grid,no,2+,,pre-grid catalog
,The Gong,The Gong Show — failure as the entertainment,"An enormous brass gong, mallet already in motion, crowd delighted",Rare,0,Town hazard: any submit scoring under a floor (25% of goal) ends the show IMMEDIATELY — the crowd loves the gong more than the acts.,"class HazardGong extends CardModifierSkill:  # temp rules_deck card
  func on_after_score() -> void:
    if game.state.act_payout.less_than(game.state.goal.multiplied(0.25)):
      game.defer(func(): game.end_show_now(LOSS_GONGED))",hazard;gamble,"No sandbagging, no warm-up acts — every submit must clear the bar or the mallet falls.","Setup acts (banking, seeding statuses) are exactly what gets gonged.",grid-local,none,no,1,remapped: act/Submit timing becomes the Entrance refill. See the post-grid effects CSV for the rewritten wording.,pre-grid catalog
,The Prepared Town,"Johnny Carson, ex-magician, controlled the props himself — nothing bent for Geller that night",A town square where every surface has been dusted for fingerprints,Rare,0,Boss: pre-inspects everything — all Gaff/Humbug/fake/Masked cards are revealed and disabled for this show.,"class HazardPrepared extends CardModifierSkill:  # temp rules_deck card
  func on_game_start() -> void:
    for c : CardData in run_state().deck_cards():
      if is_gaff(c): reveal(c); game.state.disabled_cards.append(c)",hazard;info;secret,The anti-fake audit every bluff deck fears — the town that did its homework.,An honest deck walks through untouched; a Humbug deck arrives unemployed.,grid-local,none,no,1,,pre-grid catalog
,The Loggione,La Scala's gallery — connoisseurs who have booed the world's best off stage,"A high balcony of opera glasses, all trained, none impressed",Rare,0,Town hazard: Common cards score NOTHING here; Legendary cards score TRIPLE (the connoisseurs only rise for greatness).,"class HazardLoggione extends CardModifierSkill:  # temp rules_deck card
  func on_score(result) -> void:
    for c : CardData in result.cards:
      if rarity_of(c) == RARITY_COMMON: negate_card_score(result, c)
      elif rarity_of(c) == RARITY_LEGENDARY: game.add_line_score(result.line, 2 * base_points(c))",hazard;economy,"The anti-Kecak town — for one night, your deck's ceiling matters more than its floor.",Commons-swarm decks meet a wall of folded arms.,grid-local,none,no,1,,pre-grid catalog
,Hall of Mirrors,The funhouse — distortion as delight,A boss board reflected wrong: familiar cards with unfamiliar smiles,Epic,0,Boss: the show duplicates your board's reflection with FAKE copies of your cards (Gaffs) interleaved into rows — they score 0 and you must play around them.,"class HazardMirrors extends CardModifierSkill:  # temp rules_deck card
  func on_game_start() -> void:
    for c : CardData in game.state.board_cards():
      var fake : CardData = c.duplicate_deep()
      GameData.relink_card_backrefs(fake)  # relink after deep copy
      fake.meta.gaff = true
      game.defer(func(): Board.place_card(game.state, fake, mirror_slot(c)))",hazard;secret;formation,"Fighting funhouse copies of your own deck — the boss is literally you, warped.",Board space chokes fast; every meld must dodge your own reflections.,grid-local,none,no,1,,pre-grid catalog
,The Falling Wall,"Buster Keaton, Steamboat Bill Jr. — the façade falls, the window saves him","A house wall mid-fall, one open window aligned with one calm card",Epic,0,Boss attack (telegraphed one turn ahead): destroys an ENTIRE column except one exact row slot — stand your card in the window.,"class HazardFallingWall extends CardModifierSkill:  # temp rules_deck card
  func on_next() -> void:
    if game.state.wall_telegraph.is_empty():
      game.state.wall_telegraph = hash_pick_window(game.state)  # shown to player
    else:
      var w : Vector3i = game.state.wall_telegraph
      for c : CardData in column_cards(w.y):
        if locate(c).z != w.z: game.defer(func(): game.destroy_card(c))
      game.state.wall_telegraph = Vector3i.MIN",hazard;destruction;formation,"The purest spatial-skill moment available — one turn to find the window, then the wall speaks.",One column will be rubble; the question is only what stands in the frame.,grid-local,x+y,no,1,,pre-grid catalog
,The Rival Show,"Circus wars — Barnum vs. Forepaugh, Ringling vs. everyone",Two big tops glaring at each other across one small town,Epic,0,Recurring boss: a rival plays your town first — the goal arrives pre-raised 30%; BEAT it and steal one card from the rival's themed deck.,"class HazardRival extends CardModifierSkill:  # temp rules_deck card
  func on_game_start() -> void:
    game.state.goal = game.state.goal.multiplied(1.3)
  func on_game_end() -> void:
    if game.won():
      run_state().offer_cards(rival_deck_sample(3), 1)  # pick one, keep it",hazard;economy;collection,Losing to them stings; ROBBING them afterwards is the whole revenge fantasy.,The pre-raised goal lands whether or not your deck was ready for a war.,global,deck,no,1,,pre-grid catalog
,The Anarchist,Rejected as a player card (silencing the rule deck breaks everything) — reborn as the boss it always was,A grinning figure holding a lit match beside the rules deck,Epic,0,"Boss: each submit, ONE of your beneficial rule cards (Free Undo, Soundcheck, your added rules) is disabled for the rest of the show, in the order the Anarchist prefers.","class HazardAnarchist extends CardModifierSkill:  # temp rules_deck card
  func on_after_score() -> void:
    var target : CardData = next_player_rule(game.state)  # hash-ordered
    if target: game.state.suppressed_rules.append(target)",hazard;rule;secret,Your infrastructure crumbling one law at a time — the rule deck finally under siege.,By act three the game you built is not the game you are playing.,grid-local,none,no,1,"vetoed by DESIGN_RECOMMENDATIONS 1: silencing the rule deck breaks the system everything runs on. Keep it as a blind, not a player card.",pre-grid catalog
,The Marathon,Depression-era dance marathons — endurance ground into spectacle,Exhausted couples still swaying under a WEEK 3 banner,Epic,0,"Boss gauntlet: a 3-show run where the board does NOT fully reset between shows (cards, statuses, and lava stay) and goals stack cumulatively.","class HazardMarathon extends CardModifierSkill:  # temp rules_deck card, 3-show TTL
  func on_game_end() -> void:
    if run_state().marathon_shows_left > 0:
      run_state().carry_board = game.state.duplicate_state()  # relink on restore!
      run_state().marathon_shows_left -= 1",hazard;persistence;formation,Consequences that survive the night — a three-show story your board tells in scars.,Every mistake compounds for three shows; there is no clean morning.,global,h+x,yes,1,,pre-grid catalog
,The Balance,"Barong vs. Rangda, Bali — the battle that neither side ever wins","A lion-spirit and a witch mid-eternal-clash, scales hanging level between them",Legendary,0,"Final-tier boss: CANNOT be beaten by score — win by ending the show with row total and column total within 10% of each other (balance, not victory).","class HazardBalance extends CardModifierSkill:  # temp rules_deck card
  func on_game_end() -> void:
    var r : BigNumber = game.state.row_total(); var c : BigNumber = game.state.col_total()
    var ratio : float = r.divided_by(c).to_float()
    game.override_outcome(WIN if abs(1.0 - ratio) <= 0.1 else LOSS)",hazard;formation;combo;secret,"The alt-win-con the design notes kept searching for — a boss that judges harmony, not size.",Every number-go-up instinct you trained all run is suddenly the enemy.,grid-local,x+y,no,1,,pre-grid catalog
,Face cards count ten,,,Common,1,"An optional rank rule where every face card counts as 10 for any summing meld - cribbage fifteens, the 20-30 row objective, the 31 count.",hook: on_score,rank;count,Only matters once a summing meld exists; ships with The Fifteen and the rank-sum blinds.,,grid-local,none,no,1,carried,draft:25
,Fifteens,,,Uncommon,2,"Any set of cards in one scored line summing to exactly 15 banks a flat bonus, once per distinct set.",hook: on_score,meld;cribbage,Cribbage's engine. Explicitly demoted from a default rule to an ability by a later draft line.,,grid-local,line,no,1,carried,draft:30
,Thirty-ones,,,Uncommon,2,Any set of cards in one scored line summing to exactly 31 banks a larger flat bonus.,hook: on_score,meld;cribbage,The blackjack-adjacent sibling of fifteens; rarer because 31 is harder to reach in five cards.,,grid-local,line,no,1,carried,draft:31
,Pair meld,,,Common,1,Two cards of equal rank in a scored line. The floor of the poker table and the unit the pair-count blinds count.,hook: on_score,meld;poker,Already implemented by the poker evaluator; listed so blind objectives have a name to cite.,,grid-local,line,no,1,carried,draft:32
,Triple meld,,,Common,1,Three of a kind in a scored line.,hook: on_score,meld;poker,Implemented.,,grid-local,line,no,1,carried,draft:33
,Quad meld,,,Uncommon,2,Four of a kind in a scored line - in a five-card line this leaves exactly one odd card.,hook: on_score,meld;poker,Implemented. The mahjong hands reuse this shape across a whole grid.,,grid-local,line,no,1,carried,draft:34
,Run meld,,,Common,1,A consecutive rank sequence of three to seven cards. Lengths above five only exist on a long row spanning grids.,hook: on_score,meld;poker,The long-row rule is what makes runs longer than five reachable at all.,,grid-local,line,no,2+,carried,draft:35
,Booking the next entrance,,,Rare,3,"Clicking a card on the map sends it to the top of the deck, so it is the first Entrance card of the next show.",hook: map,deck-manip;map,Lets the map shape the opening hand - a planning tool rather than a power spike.,,global,deck,no,1,carried,draft:64
,Double Trigger stamp,,,Uncommon,2,This card's effects trigger twice.,hook: on_trigger,stamp;combo,Implemented as StampDoubleTrigger. The workhorse stamp.,,grid-local,none,no,1,implemented,draft:71-72
,Revealing stamp,,,Uncommon,2,Triggers even while covered by cards above it in its stack.,hook: on_trigger,stamp;spotlight,Implemented as StampRevealing. Height stacking is exactly what makes it valuable now.,,grid-local,h,yes,1,implemented,draft:73
,Deck trigger stamp,,,Rare,3,This card's skill fires while it is still in the draw deck; the trigger animates above the deck slot so it is visible.,hook: on_anything,stamp;deck-manip,Global by definition - a card in the deck belongs to no grid.,,global,deck,no,1,carried,draft:74
,Brass Check stamp,,,Uncommon,2,"On trigger, mint one Gold card onto the top of the deck.",hook: on_trigger,stamp;economy,The money-on-trigger seal with a circus name. Global because it writes to the deck.,,global,deck,no,1,carried,draft:75
,Heavy type,,,Common,1,Sinks to the bottom of the deck on every shuffle.,hook: on_game_start,type;deck-manip,Implemented as TypeHeavy.,,global,deck,no,1,implemented,draft:78-79
,Light type,,,Common,1,Rises to the top of the deck on every shuffle - the reliable-draw counterpart to Heavy.,hook: on_game_start,type;deck-manip,Trivially the mirror of TypeHeavy and worth printing for that reason.,,global,deck,no,1,carried,draft:80
,Elemental types,,,Uncommon,2,"Earth sits at the bottom, Air at the top, Water moves one position per shuffle, Fire burns itself out of the deck after a set number of shows.",hook: on_game_start,type;deck-manip,Four deck-position behaviours from one visual family; Fire overlaps Glass deliberately.,,global,deck,no,1,carried,draft:81
,Elemental movement types,,,Uncommon,2,"Card materials with custom stack behaviour - one always floats to the top of its stack, one always sinks to the bottom of it.",hook: on_stack_cards,type;movement,Height turns the old deck-position gimmick into a board-position one.,,grid-local,h,yes,1,revived,draft:102
,Vertical poker hands,,,Rare,3,"Grants columns the poker reading in addition to their run reading, so one column can score twice.",hook: on_score,rule;scoring,"A rules card, not a default. It doubles a column's value and is priced for it.",,grid-local,y,no,1,carried,draft:114
,Poker Hand of the Four Above,,,Rare,3,"When this card scores, it and the four cards above it in its stack are also scored as a poker hand.",hook: on_score,combo;poker,"The card that most wants height to exist. Dead on a flat board, excellent on a tall one.",,grid-local,h,yes,1,revived,draft:157-158
,Every Fifth Card,,,Uncommon,2,Every five cards down a column are read as an extra poker hand.,hook: on_score,combo;poker,Long-column play; only reachable once a grid is stacked above height four.,,grid-local,y,no,1,revived,draft:159
,Guaranteed early draw,,,Uncommon,2,Cards acquired this show are guaranteed to appear in the first Entrance refills of the next show.,hook: on_game_start,deck-manip;economy,Solves the bought-it-never-saw-it problem that makes shops feel bad.,,global,deck,no,1,carried,draft:180
,Null card,,,Common,1,"Occupies a cell and highlights on hover, but has no rank or suit and scores nothing.",hook: on_card_placed,type;formation,Spatial filler that teaches that position is not points. Also the enemy of the empty-tile blind objective.,,grid-local,cell,no,1,carried,draft:186
,Hidden trigger,,,Uncommon,2,Fires while covered.,hook: on_trigger,stamp;spotlight,Shipped as StampRevealing.,,grid-local,h,yes,1,implemented,draft:217
,First hand only,,,Rare,3,Only the first poker hand scored in a line counts; later ones are ignored.,hook: on_score,rule;scoring,"A restriction card, priced as a downside that another card pays you to run.",,grid-local,line,no,1,carried,draft:221-222
,Any card may be placed here,,,Uncommon,2,This card accepts any card on top of it regardless of stacking legality.,hook: on_can_place_stack,rule;stacking,The stacking rules are modifiable by design; this is the simplest possible proof of it.,,grid-local,cell,no,1,carried,draft:223-224
,Moving elemental types,,,Rare,3,Card materials that relocate themselves on the board between placements rather than in the deck.,hook: on_board_mutated,type;movement,The grid gives this a coordinate to move along at last.,,grid-local,x,no,1,revived,draft:227
,Self-upgrading cards,,,Rare,3,A card that permanently becomes a stronger version of itself once a condition is met during the run.,hook: on_after_score,growth;meta,"The draft asks whether this differs from an effect at all - it does not, except in presentation, which is the point.",,grid-local,none,no,1,carried,draft:242-243
,Wild pip,,,Rare,3,Its own pip class that remembers the last pip it copied and behaves as that until it recopies.,hook: on_board_mutated,rank;copy,Tracking the previous pip inside itself is what makes it deterministic across an undo.,,grid-local,cell,no,1,carried,draft:260
,Chameleon pip,,,Rare,3,"Chooses itself at random from the pips already present in its own row, its own column, or the whole grid.",hook: on_board_mutated,rank;copy,Grid-local by construction - the sample set is the grid. Needs a re-roll rule pinned so undo is stable.,,grid-local,line,no,1,carried,draft:261
,Label type,,,Uncommon,2,A rule card carrying this type announces its effect on the board even while the rule deck is invisible.,hook: on_game_start,type;info,"Baba-is-you legibility. Without it, hidden rules read as bugs.",,global,none,no,1,carried,draft:304
,Linked trigger card,,,Rare,3,"Cue this card to force the card it is stacked with to trigger, whatever that card's own condition is.",hook: on_trigger,combo;charges,"Turns conditional effects into on-demand ones, which is powerful enough to want a charge limit.",,grid-local,h,yes,1,carried,draft:328
,Leader cards,,,Legendary,8,Starts the show already on the board or in the Entrance and does not leave when a line scores.,hook: on_game_start,leader;identity,The deck's face. Its survival rule is the only thing that makes it structurally different.,,grid-local,cell,no,1,carried,draft:440
,First Act type,,,Uncommon,2,Appears alone in the Entrance before any other card is drawn.,hook: on_refill,type;order,Guaranteed opener. Turns one card into a plan.,,global,deck,no,1,carried,draft:464
,Second Act type,,,Uncommon,2,Appears alone once half the deck has been drawn.,hook: on_refill,type;order,A midpoint pivot the player can build toward.,,global,deck,no,1,carried,draft:465
,Final Act type,,,Rare,3,Appears alone after every other card has been drawn.,hook: on_refill,type;order,The closer. Pairs with any end-of-show payout effect.,,global,deck,no,1,carried,draft:466
,Fireworks suit,,,Rare,3,"A firework rises up its column and banks points into the column directly, scaled by its rank.",hook: on_score,suit;scoring,Shipped as PipSuitFirework. The only suit that scores without a prop interaction.,,grid-local,y,no,1,implemented,draft:484
,Electric suit,,,Rare,3,"Buffs cards connected to it in an unbroken chain, following adjacency through height as well as across the grid.",hook: on_score,suit;combo,The suit that most wants the fourth coordinate. Chain length is its rank equivalent.,,grid-local,x,yes,1,carried,draft:490
,Reroll grants irreversibility,,,Uncommon,2,"Grants an extra reroll, and for the rest of the show a repeated action never gives the same result twice.",hook: on_game_start,meta-effect;gamble,A drawback that is also a fantasy - the show cannot be rehearsed.,,global,none,no,1,carried,draft:515
,Pandora Box,,,Rare,3,At show start becomes a random skill; at show end reverts to Pandora Box.,hook: on_game_start,random;meta-effect,"Same card with the reset stated, so it never becomes permanently good or permanently dead.",,grid-local,cell,no,1,carried,draft:556
,Global rule type,,,Rare,3,"A card type whose skill is always in the global spotlight, which is what makes a rule card a rule card.",hook: on_game_start,type;rule,"Makes rule cards ordinary cards with one type, so a player can eventually hold one.",,global,none,no,1,carried,draft:576
,Homing types,,,Uncommon,2,Types that return a card to a named deck when something happens to it.,hook: on_discard,type;deck-manip,The mechanism behind consumables that come back and blinds that expire.,,global,deck,no,1,carried,draft:577
,Storyteller,,,Rare,3,Preserves a portion of this show's score into the next one.,hook: on_game_end,persistence;score,The clean way to make a lost show still worth playing out.,,global,none,no,1,carried,draft:596
,Entrance mulligan card,,,Uncommon,2,"Cue to mulligan the Entrance, drawing a fresh set into the empty slots.",hook: on_trigger,entrance;deck-manip,"The card version of the free discard, and the reason the discard need not be free.",,global,x,no,1,carried,draft:612
,Rooted cards,,,Uncommon,2,"A card that resists being moved by effects, its own or anyone's.",hook: on_can_grab_stack,type;protection,Rosin in the recommendations. Commitment in exchange for a bonus.,,grid-local,cell,no,1,carried,draft:623
,Maximum Effort stamp,,,Rare,3,"Doubles this card's points when it scores, then refuses to refresh unless the card sits out the next show entirely.",hook: on_score,stamp;gamble,Glass-like risk with a rest mechanic rather than a destruction one.,,grid-local,cell,no,1,carried,draft:663
,Presentation card,,,Uncommon,2,Moving cards in ascending rank order during one turn grants a multiplier.,hook: on_board_mutated,formation;movement,"Rewards the order of play rather than the final board, which nothing else does.",,grid-local,x,no,1,carried,draft:714
,Chess pawn,,,Uncommon,2,Swaps with the card directly above it; from the bottom of a stack it may swap two up; a diagonal move upward captures.,hook: on_trigger,movement;formation,The clearest use of height as a chess rank. Capture must swap rather than delete or one piece eats a grid.,,grid-local,h,yes,1,carried,draft:724-725
,Chess pieces,,,Rare,3,"Other pieces may move to any cell their chess movement allows, swapping with whatever is there.",hook: on_trigger,movement;formation,"Swap not capture, so the board's card count is preserved and the piece cannot run away with the show.",,grid-local,x,yes,1,carried,draft:726
,Chess king,,,Epic,5,"Moves one cell in any direction, never captures, and automatically flees any cell a chess card threatens; enormous points if it is ever captured.",hook: on_board_mutated,movement;protection,"An alternate win condition in card form, and the piece that makes the others tactical.",,grid-local,x,no,1,carried,draft:727
,Digital type,,,Uncommon,2,Cannot be discarded off the board once placed.,hook: on_discard,type;protection,"Anti-removal. Turns a good placement into a permanent one, for better and worse.",,grid-local,cell,no,1,carried,draft:733
,Clown patience,,,Uncommon,2,Each distinct clown card on the board raises maximum patience by one; a full set can spend a move for free.,hook: on_card_placed,collection;resource,"The autochess set bonus, arriving before autochess was named as the source.",,grid-local,cell,no,1,carried,draft:737
,Rock-paper-scissors suits,,,Rare,3,A card may only be placed on another if its suit would not lose the matchup; ties resolve by higher rank.,hook: on_can_place_stack,suit;stacking,"An elemental cycle would be the natural flavour. It rewrites placement legality wholesale, so it is a rule card.",,grid-local,cell,no,1,carried,draft:810-812
,Negative ranks,,,Rare,3,"Ranks below zero, drawn under an inverting shader; props scoring a negative card subtract points but still add combo.",hook: on_score,rank;gamble,"Trades points for multiplier, which is a real decision rather than a strict downside.",,grid-local,cell,no,1,carried,draft:821
,Dragon suits,,,Rare,3,"Non-standard suits stand in for dragons, which implies more than three ranked suits and more than three dragons.",hook: on_score,suit;mahjong,"Winds are rejected in the draft as too directional - though the grid now has directions, so they are worth revisiting.",,grid-local,line,no,1,carried,draft:842
,Mini hands,,,Uncommon,2,"A hand is one triplet plus a pair, scaling upward with each extra triplet, rather than a full fourteen-tile hand.",hook: on_score,meld;mahjong,Sized to a five-card line. Four triplets and a pair is a whole-grid objective instead.,,grid-local,line,no,1,carried,draft:843
,Mahjong discard,,,Uncommon,2,Discard any card in a grid that belongs to no meld - a card with no connection to anything in its column.,hook: on_trigger,discard;movement,"The half-the-fun-is-discarding note, made spatial. Only fires on genuinely dead cards.",,grid-local,cell,no,1,carried,draft:845
,Mystery Clock,,,Rare,3,A card with no visible mechanism that nonetheless announces when the next scoring line will complete.,hook: on_board_mutated,info;time,"Robert-Houdin's glass clock. Information as a card, which the game has too little of.",,grid-local,cell,no,1,carried,draft:880
,Singing Lesson,,,Uncommon,2,Teaches an adjacent card one of its own triggers for the rest of the show.,hook: on_card_placed,buff;combo,Copying a trigger rather than an effect keeps it from being a strict upgrade.,,grid-local,x,no,1,carried,draft:881
,Marvelous Orange Tree,,,Epic,5,"Grows over successive refills - budding, flowering, then fruiting a card into its own column.",hook: on_refill,growth;creation,Robert-Houdin's masterpiece. A card that pays out only if you protect its column for the whole show.,,grid-local,y,no,1,carried,draft:882
,Pastrycook of Palais-Royal,,,Rare,3,Cue to order a card by name from the discard; it is delivered to the Entrance next refill.,hook: on_trigger,creation;economy,The automaton that fetched pastries on request. Targeted recursion with a delay.,,grid-local,cell,no,1,carried,draft:883
,Ethereal Suspension,,,Rare,3,The card above this one floats - it neither blocks the spotlight nor counts toward stack height.,hook: on_stack_cards,movement;protection,"Robert-Houdin's levitation, and a direct counter to the cost of building tall.",,grid-local,h,yes,1,carried,draft:884
,Endless Bag,,,Rare,3,Cue to pull a random basic card out of nowhere into the Entrance; never runs out.,hook: on_trigger,creation;economy,Infinite chaff is a real resource in a game where placement is the constraint.,,global,deck,no,1,carried,draft:888
,Eating Contest,,,Uncommon,2,Consumes every card in its own stack at show end and scores their combined rank.,hook: on_game_end,destruction;growth,A stack-capper that pays for building tall and then dismantles it.,,grid-local,cell,yes,1,carried,draft:889
,Dog of 113 Tricks,,,Epic,5,"Each time a distinct effect fires anywhere this show, this card gains a permanent point, up to 113.",hook: on_trigger,combo;meta-effect,Rewards a rainbow board over a whole run rather than a whole line.,,grid-local,cell,no,1,carried,draft:890
,Free Pigs,,,Uncommon,2,Gives a random card away to the audience - remove it from the deck and gain two tokens.,hook: on_trigger,economy;creation,Barnum's giveaways. A thinning effect that pays instead of costing.,,global,deck,no,1,carried,draft:891
,Ventriloquist,,,Rare,3,"An adjacent card's skill triggers as though it were this card's, from this card's position.",hook: on_trigger,meta-effect;copy,Relocating a trigger is a placement puzzle disguised as a copy effect.,,grid-local,x,no,1,carried,draft:892
,Spirit Medium,,,Rare,3,"Cards stack themselves - at each refill, one loose card moves to a legal stack on its own.",hook: on_refill,movement;secret,"Auto-moving cards give the board a life of its own, which is unnerving in the right way.",,grid-local,h,yes,1,carried,draft:893
,Teleport Boxes,,,Rare,3,"Cue to swap the contents of two cells, in any grids.",hook: on_trigger,movement;formation,The cross-grid swap. Its whole value comes from there being more than one grid.,,grid-local,x,no,2+,carried,draft:894
,Levitation,,,Uncommon,2,"Cue to raise this card one height level, leaving a gap beneath it that the next placement fills.",hook: on_trigger,movement,A verb only the fourth coordinate could support.,,grid-local,h,yes,1,carried,draft:895
,Fake props,,,Common,1,"A set-piece card that looks like a real card until it is scored, then reveals itself as worthless.",hook: on_score,type;secret,The Gaff. Its value is entirely in what an opponent or a blind believes about it.,,grid-local,cell,no,1,carried,draft:897
,Golden Witch,,,Epic,5,Spawns Gold cards onto the board through the show; every one of them detonates at show end.,hook: on_refill,economy;destruction,Free money with a timer - the board fills with wealth you must spend before it goes off.,,grid-local,cell,no,1,carried,draft:901
,Narrative cards,,,Legendary,8,"Protagonist and villain cards that play out a story across the board, scoring when their scenes complete in order.",hook: on_card_placed,narrative;formation,"The quest-shaped effect. Expensive to author, memorable when it lands.",,grid-local,x,no,1,carried,draft:902
,Poltergeist,,,Rare,3,"Vanishes an object - removes a card's suit, or repaints it to another suit already on the board.",hook: on_trigger,movement;pip,The colour-changing half is the useful half; the vanishing half is the Clown class's job.,,grid-local,cell,no,1,carried,draft:906
,Crystal Ball,,,Rare,3,"Reveals the next several cards of the deck, as though the answers had been researched in advance.",hook: on_trigger,info;deck-manip,The mitt-camp research gag makes the information feel earned rather than magical.,,global,deck,no,1,carried,draft:907
,Self-Help Books,,,Uncommon,2,Sell copies between shows - gain tokens scaled to how much fame the last show earned.,hook: on_game_end,economy,Turns a good show into money without touching the score axis.,,global,deck,no,1,carried,draft:908
,Snake Charmer,,,Uncommon,2,Cards in this column drift one cell toward this card at each refill.,hook: on_refill,movement;formation,"Slow gravity, which lets a player set up a formation over several refills.",,grid-local,y,no,1,carried,draft:909
,Disappearing Birdcage,,,Uncommon,2,"Cue to remove this card and a neighbour from the board, returning both to the deck.",hook: on_trigger,creation;destruction,"A reset button for a bad placement, which the one-way grid badly needs.",,grid-local,cell,no,1,carried,draft:913
,The Vanishing Chair,,,Rare,3,At the end of each refill this card vanishes and reappears in a different empty cell of its grid.,hook: on_refill,movement;protection,"Unpredictable but grid-local, so it never leaves the plan you built it into.",,grid-local,cell,no,1,carried,draft:914
,Multiplying Balls,,,Rare,3,"When a Balls card scores in this column, add a copy of it to the Entrance.",hook: on_score,creation;suit,"The suit-specific engine card, and the reason to commit a grid to one suit.",,grid-local,y,no,1,carried,draft:915
,Expanding Dice,,,Uncommon,2,"Grows a rank each time a line containing it scores, without limit.",hook: on_score,growth;rank,"Simple, visible growth. The cap is how long you can protect the cell.",,grid-local,cell,no,1,carried,draft:916
,Nested Boxes,,,Epic,5,"Scores once for each card beneath it in its stack, each time multiplying rather than adding.",hook: on_score,combo;h,"The card that most rewards a tall stack, and therefore the one that most needs a cost.",,grid-local,h,yes,1,carried,draft:919
,Self-Playing Instrument,,,Rare,3,Triggers itself once per refill without being cued.,hook: on_refill,meta-effect;charges,Automation as a card. It makes charges accumulate rather than expire.,,grid-local,cell,no,1,carried,draft:920
,Floating Head,,,Rare,3,"This card's skill detaches and floats over its grid, staying spotlit wherever it is buried.",hook: on_spotlight,movement;spotlight,"The theatrical version of the always-active stamp, with the art to justify it.",,grid-local,h,yes,1,carried,draft:921
,The Band,,,Uncommon,2,Scores extra for every distinct class present in its own line.,hook: on_score,combo;class,The rainbow reward at line scale rather than board scale.,,grid-local,line,no,1,carried,draft:922
,Velocipede,,,Uncommon,2,"Cue to roll this card along its row until it hits an occupied cell, scoring each empty cell it crosses.",hook: on_trigger,movement,"Movement that pays for empty space, which nothing else does.",,grid-local,x,no,1,carried,draft:925
,Noah's Ark Box,,,Epic,5,"Cue to pour out a flood of animal-class cards into the deck, one per Animal Trainer card already owned.",hook: on_trigger,creation;class,"Scales with commitment, which is the right shape for a legendary payoff.",,global,deck,no,1,carried,draft:931
,Sleight of Hand,,,Rare,3,"Cards moved by effects sometimes land one cell off on purpose, and this card profits when they do.",hook: on_board_mutated,movement;secret,"Deliberate imprecision as a mechanic - risky, funny, and only viable with an undo.",,grid-local,x,no,1,carried,draft:937
,Bricks from Hats,,,Uncommon,2,Cue to convert this card's stamp into a token card placed in an empty cell.,hook: on_trigger,creation;stamp,"Turns equipment back into material, which gives stamps a floor value.",,grid-local,cell,no,1,carried,draft:940
,Roast to Live Chicken,,,Rare,3,Cue to bring one card back from the discard as a fresh copy at full rank.,hook: on_trigger,creation;deck-manip,Recursion with a transformation attached so it never feels like a plain undo.,,global,deck,no,1,carried,draft:941
,Blindfold Knife Throw,,,Epic,5,Cue to name a rank; a knife destroys one random card in the row and scores hugely if it was that rank.,hook: on_trigger,gamble;destruction,Called-shot gambling. The showmanship is in naming it out loud before the throw.,,grid-local,x,no,1,carried,draft:942
,The Shuffle,,,Epic,5,"Flips every card in a grid face down, randomises their positions, then reveals the topmost of each stack.",hook: on_trigger,movement;gamble,"Total spatial reset. Terrifying, occasionally exactly what a stuck board needs.",,grid-local,grid,yes,1,carried,draft:943
,Planted Props,,,Rare,3,"Cue to plant a card at a chosen depth in the draw deck, to be produced at exactly the right moment.",hook: on_trigger,deck-manip;secret,Prepping hours in advance is the actual trick; the card is just bookkeeping for it.,,global,deck,no,1,carried,draft:946
,Fake Book Cover,,,Uncommon,2,This card displays another card's name and art until it scores.,hook: on_score,stamp;secret,"Misdirection as a stamp, and the mechanical partner of the Gaff.",,grid-local,cell,no,1,carried,draft:947
,Linking Rings,,,Rare,3,Cards of the Hoops suit in the same row across separate grids count as one continuous line.,hook: on_score,formation;combo,The long-row rule as a card. Directly rewards playing several grids at once.,,grid-local,x,no,2+,carried,draft:950
,Straitjacket over Spikes,,,Rare,3,Starts immobilised over a hazard; frees itself and pays double if its line scores before the show ends.,hook: on_score,protection;gamble,The escape is the payoff. A self-solving problem with a deadline.,,grid-local,cell,no,1,carried,draft:951
,Niagara Crate,,,Epic,5,"Cue to seal this card and everything above it; the stack is out of play until the next refill, then returns intact.",hook: on_trigger,protection;movement,Protects a built stack from a hazard at the cost of a refill's scoring.,,grid-local,h,yes,1,carried,draft:952
,Tornado of Fire,,,Epic,5,"Cue to set a column alight - every card in it gains Burning, and any card placed there this show gains it too.",hook: on_trigger,hazard;suit,Turns a column into a commitment. Pairs with anything that pays for Burning.,,grid-local,y,no,1,carried,draft:953
,Prince of the Air,,,Legendary,8,Leader whose cards may always move upward through a stack regardless of stacking rules.,hook: on_game_start,leader;movement,The Acrobat leader. Height is its whole identity.,,grid-local,h,yes,1,carried,draft:957
,King of Cards,,,Legendary,8,Leader who may look at and reorder the top of the deck every refill.,hook: on_game_start,leader;deck-manip,The Fortune Teller leader. Information rather than power.,,global,deck,no,1,carried,draft:958
,Lockpicking,,,Uncommon,2,"Cue to free any one immobilised or restricted card, including one restricted by a blind.",hook: on_trigger,protection;rule,"The counterplay card blinds need to exist for. Without it, restriction blinds are pure tax.",,grid-local,cell,no,1,carried,draft:959
,Vanishing Elephant,,,Legendary,8,Cue to remove the entire contents of one cell's stack from play; score for every card removed.,hook: on_trigger,destruction;h,"The largest single removal in the game, which is exactly what makes it a headline act.",,grid-local,grid,yes,1,carried,draft:963
,Water Torture Cell,,,Epic,5,"Cue to start a three-refill timer; if this card's line has not scored by then, it is destroyed - if it has, it scores triple.",hook: on_refill,gamble;time,A deadline the player sets themselves. Tension without randomness.,,grid-local,cell,no,1,carried,draft:964
,Walking Through Walls,,,Epic,5,"This card may be placed into an occupied cell, pushing its occupant into the neighbouring grid's matching cell.",hook: on_can_place_stack,movement;formation,"The clearest cross-grid verb, and it needs the row alignment rule to be legible at all.",,grid-local,x,no,2+,carried,draft:965
,Rising Cards,,,Uncommon,2,Named cards rise out of the deck on their own and arrive in the Entrance at the next refill.,hook: on_refill,deck-manip;creation,"The classic effect, and a clean tutor.",,global,deck,no,1,carried,draft:968
,Disembodied Princess,,,Rare,3,Only the top half of this card is ever covered - it stays spotlit no matter how tall its stack grows.,hook: on_spotlight,spotlight;h,"The illusion and the mechanic are the same picture, which is the ideal for this game.",,grid-local,h,yes,1,carried,draft:969
,Floating Ball,,,Uncommon,2,"Cue to send a hoop prop around a Balls card to prove it is unsupported, scoring both.",hook: on_trigger,suit;prop,A two-suit combo card that reads as an actual trick.,,grid-local,y,no,1,carried,draft:970
,Fake Blood,,,Rare,3,"Appears to destroy an adjacent card; it is only hidden and returns next refill, scoring for the fright.",hook: on_trigger,gamble;secret,Payoff for the audience believing something went wrong - the risk essay in one card.,,grid-local,cell,no,1,carried,draft:971
,Indian Rope Trick,,,Epic,5,"Cue to raise a column of cards into a new stack in a single cell, climbing them all upward.",hook: on_trigger,movement;h,"Converts spread into height, which is a whole strategy pivot in one action.",,grid-local,h,yes,1,carried,draft:974
,Tire Trick,,,Rare,3,"Cue to dismantle a stack, hiding its cards; rebuilding the stack later returns them all.",hook: on_trigger,movement;protection,Storage that reads as a trick. Pairs with any hazard that targets a stack.,,grid-local,h,yes,1,carried,draft:975
,Everlasting Flame,,,Rare,3,"Burning applied by this card is not removed by anything, including effects that clear statuses.",hook: on_score,status;suit,"The counter to status removal, and a reason to keep a Flames build honest.",,grid-local,cell,no,1,carried,draft:978
,Human Card Index,,,Legendary,8,"Cue to name any rank and suit; if that card exists anywhere in your collections, it arrives in the Entrance.",hook: on_trigger,deck-manip;info,"The perfect tutor, and the historical act is exactly this - over forty pockets and hundreds of items.",,global,deck,no,1,carried,draft:981-982
,Bullfight,,,Rare,3,"A charging prop crosses the row; cards that dodge score, cards that do not are destroyed.",hook: on_score,hazard;gamble,A prop that can lose you cards is the risk-reward shape hazards should have.,,grid-local,x,no,1,carried,draft:985
,The Sawing,,,Uncommon,2,"Cue to split a card into two cards of half its rank, same suit, placed in adjacent cells.",hook: on_trigger,creation;rank,Rank arithmetic as a tool - fabricate a run on demand.,,grid-local,cell,no,1,carried,draft:986
,The Expert at the Card Table,,,Legendary,8,Signed by an author nobody can identify; collecting every card bearing the signature unlocks something never explained.,hook: on_game_start,secret;deck-manip,"The Erdnase cipher. One field on a card, and the community does the rest.",,global,deck,no,1,carried,draft:987
,Signed Card,,,Rare,3,"When this card leaves the board, the next card created anywhere is this exact card instead.",hook: on_discard,stamp;persistence,"Identity that survives destruction, which no other effect provides.",,global,deck,no,1,carried,draft:988
,Cups and Balls,,,Common,1,Cue to shuffle the positions of three adjacent face-down cards.,hook: on_trigger,movement;secret,"The oldest trick recorded, and a fine cheap tutorial for the hidden-card rules.",,grid-local,x,no,1,carried,draft:992
,Mentalist,,,Rare,3,"Cue to predict a future board state; if it comes true this show, score enormously.",hook: on_board_mutated,info;gamble,"Rewards reading the deck and the grid together, which nothing else asks for.",,global,deck,no,1,carried,draft:1003
,Turning Back Time,,,Epic,5,"Cue to undo the last placement without spending an undo, framed as covering an accident.",hook: on_trigger,undo;protection,Undo as a card is powerful precisely because the grid commits placements.,,global,none,no,1,carried,draft:1005
,Funambulist,,,Rare,3,"Crosses its row one cell per refill; if it reaches the far end it scores hugely, and any disturbance drops it.",hook: on_refill,movement;gamble,Rope walking as a multi-turn commitment the opponent - or a blind - can interrupt.,,grid-local,x,no,1,carried,draft:1011
,Slack Rope,,,Uncommon,2,"This card may be placed between two occupied cells, shifting both outward.",hook: on_can_place_stack,movement;formation,"Mountebanks walked slack ropes. An insertion verb, which the grid otherwise lacks.",,grid-local,x,no,1,carried,draft:1012
,Endurance feats,,,Rare,3,"Coal walking, boiling oil, fire swallowing - cards that score for surviving a hazard they were placed into deliberately.",hook: on_card_placed,gamble;status,The template for any card that wants a blind to exist.,,grid-local,cell,no,1,carried,draft:1014
,Animal novelty,,,Common,1,"Upright dogs, costumed monkeys, dancing turkeys - low-rarity Animal Trainer cards that score for adjacency to their trainer.",hook: on_score,class;formation,The common tier of a class needs cheap adjacency cards like these.,,grid-local,x,no,1,carried,draft:1015
,Costumed Acrobat,,,Uncommon,2,An Acrobat dressed as a beast counts as an Animal card as well as an Acrobat.,hook: on_score,class;copy,Class splashing with a historical excuse. The Greasepaint stamp generalises it.,,grid-local,cell,no,1,carried,draft:1016
,Trained Bear,,,Uncommon,2,Eats the card directly above it at each refill and gains its rank.,hook: on_refill,stacking;destruction,"Height gives the bear a queue to work through, which paces it naturally.",,grid-local,h,yes,1,carried,draft:1017
,Puppet,,,Uncommon,2,Copies the skill of the card to its left for as long as that card remains in play.,hook: on_board_mutated,copy;meta-effect,Puppetry as a copy effect with a visible string - the dependency is the drama.,,grid-local,x,no,1,carried,draft:1018
,Potion Seller,,,Common,1,Cue to sell a card from the deck for tokens; the buyer is never seen again.,hook: on_trigger,economy;consumable,Saltimbanque economics. A thinning outlet inside a show rather than at a shop.,,global,deck,no,1,carried,draft:1019
,Pickpocket,,,Uncommon,2,"If this card ends the show without ever scoring, it adds a stolen card to the deck.",hook: on_game_end,economy;deck-manip,"Rewards not playing a card, which almost nothing else does.",,global,deck,no,1,carried,draft:1020
,Head in the Lion's Mouth,,,Epic,5,"Place adjacent to an Animal card to score triple; if that Animal is ever destroyed, this card is too.",hook: on_score,gamble;class,Risk stated as a dependency rather than as a dice roll.,,grid-local,cell,no,1,carried,draft:1022
,Military Riders,,,Common,1,"Scores extra when in a row with two or more cards of its own class, standing in formation.",hook: on_score,formation;class,"The plainest class-count card, and the tutorial for the autochess rule.",,grid-local,x,no,1,carried,draft:1032
,Playing Dead,,,Uncommon,2,This card is skipped by every destructive effect while it is face down.,hook: on_board_mutated,protection;secret,Protection that costs the card its own scoring while it hides.,,grid-local,cell,no,1,carried,draft:1033
,Automaton and magnet,,,Rare,3,Cue to pull the nearest card of a chosen suit one cell toward this one.,hook: on_trigger,movement;secret,"Mechanical attraction as a targeted move, with the magnet as the honest explanation.",,grid-local,x,no,1,carried,draft:1035
,Long Hair,,,Uncommon,2,Hangs from the card above it - counts as part of the stack above rather than below when a line is read.,hook: on_score,movement;h,"Iron-jaw-by-hair, and a genuinely odd geometry effect.",,grid-local,y,no,1,carried,draft:1036
,Leaping the Horse,,,Rare,3,"Cue to jump this card back and forth over a neighbour, scoring once per crossing, until it fails.",hook: on_trigger,movement;combo,Forty crossings without stopping is the record; the card should tempt the player to push one more.,,grid-local,x,no,1,carried,draft:1038
,Standing Split,,,Rare,3,"Scores double while it is the only card in its column, and nothing at all once it is not.",hook: on_score,formation;gamble,"A card that wants an empty column, which fights every other incentive.",,grid-local,y,no,1,carried,draft:1039
,Eight-Horse Platform,,,Epic,5,Scores once per card in its row that is directly supporting it - every card below in the same column counts.,hook: on_score,formation;combo,"Reads the board in two axes at once, which is the grid's signature shape.",,grid-local,x,no,1,carried,draft:1041
,Catching Oranges,,,Uncommon,2,"Cue to catch the next prop that would pass this card, scoring it instead of letting it continue.",hook: on_trigger,combo;prop,Prop interception - a defensive verb in a system that had only offence.,,grid-local,x,no,1,carried,draft:1042
,Juggling Variety,,,Uncommon,2,"Scores once per distinct object type juggled in its column - fruit, bottles, glasses, hoops.",hook: on_score,suit;combo,A per-column variety reward to sit beside the per-line one.,,grid-local,y,no,1,carried,draft:1043
,Human Pyramid,,,Epic,5,"Scores for a stack whose ranks strictly decrease upward, once per card in the stack.",hook: on_score,formation;h,The formation card the fourth coordinate exists for.,,grid-local,h,yes,1,carried,draft:1044
,Hippodrama,,,Rare,3,"Animal cards may take the leading role - while this is in play, Animal cards count as performers for every class check.",hook: on_score,class;narrative,Horses treated as actors with billing. A class-wide unlock in one card.,,grid-local,x,no,1,carried,draft:1047
,The Drunk Spectator,,,Rare,3,Enters as an ordinary basic card and reveals itself as a performer after it has scored once.,hook: on_after_score,secret;creation,"The oldest gag in the ring, and a genuinely good surprise the second time you see it.",,global,x,no,1,carried,draft:1048
,Carried Talent,,,Rare,3,"A talent card stacked on another talent card scores extra, scaling with how many talents are beneath it.",hook: on_score,formation;h,Tricks performed atop other performers. The most direct height reward in the notes.,,grid-local,h,yes,1,carried,draft:1054
,Iron Jaw,,,Epic,5,Supports the entire stack above it - cards above cannot be destroyed or moved while this card holds.,hook: on_stack_cards,h;protection,Holding weight between the teeth. Anchors a tall stack against hazards.,,grid-local,h,yes,1,carried,draft:1058
,Lion Act,,,Rare,3,"Lions form pedestals, seesaws and bicycles - scores for each distinct formation shape completed in its row.",hook: on_score,class;formation,"A card that reads shapes, which the diagonal bucket makes possible.",,grid-local,x,no,1,carried,draft:1065
,Ballet of Elephants,,,Legendary,8,Scores for every Animal card in the grid that shares its row or column with a Dancer card.,hook: on_score,formation;class,Fifty ballerinas on fifty elephants. A whole-grid formation payoff.,,grid-local,x,no,1,carried,draft:1069
,Clown Fire House,,,Rare,3,"When a column burns, clown cards rush in - each Clown in the grid scores and clears one Burning stack.",hook: on_score,class;hazard,The slapstick skit as counterplay to the game's own fire.,,grid-local,y,no,1,carried,draft:1070
,Concessions vendors,,,Common,1,"Peanut, candy, popcorn, balloon and lemonade sellers - common cards that pay tokens when adjacent cards score.",hook: on_score,class;economy,"The common tier of the Concessions class, and the economy's trickle.",,grid-local,x,no,1,carried,draft:1072
,Jungle Cats,,,Uncommon,2,Panthers and leopards - an Animal card that destroys an adjacent card if no Animal Trainer shares its line.,hook: on_card_placed,class;hazard,"An animal that needs handling, which makes the trainer cards matter.",,grid-local,x,no,1,carried,draft:1074
,Flaming Cauldron,,,Epic,5,"Cue to dive this card down its whole column, destroying it and scoring for every Burning card it passes.",hook: on_trigger,gamble;suit,A finisher that spends the card and the column together.,,grid-local,y,no,1,carried,draft:1076
,Automaton Procession,,,Rare,3,"Mechanical gymnasts and trapezists parade across a row at each refill, triggering each card they pass.",hook: on_refill,formation;movement,A prop that walks the row on a schedule rather than on a score.,,grid-local,x,no,1,carried,draft:1078
,Niagara Crossing,,,Legendary,8,"Cue to walk this card across every grid in one move, scoring for each cell it crosses and falling if any is occupied.",hook: on_trigger,movement;gamble,"A thousand feet of cable, and the longest single move the board allows.",,grid-local,x,no,2+,carried,draft:1082
,Balance Pole,,,Uncommon,2,The card this is attached to cannot fail a risk check.,hook: on_trigger,stamp;protection,"The insurance stamp for every gamble card, and the thing a blind should be able to remove.",,grid-local,cell,no,1,carried,draft:1083
,Trapeze Chain,,,Epic,5,"Requires a catcher and a returner - three cards in a row, each triggering the next, scoring more per link.",hook: on_score,combo;formation,The trapeze act's real structure as a three-card combo.,,grid-local,x,no,1,carried,draft:1084
,Deliberate Wobble,,,Rare,3,"Cue to fake a mistake - lose points now, and score triple if this card's line completes anyway.",hook: on_trigger,gamble;combo,The risk essay's thesis card. Performers wobbled on purpose because the gasp was the act.,,grid-local,cell,no,1,carried,draft:1087
,The Web,,,Rare,3,Dangling ropes - cue to hang a card from the top of its column down to the first empty cell.,hook: on_trigger,formation;movement,"Aerial ballet as a placement verb, and a use for empty cells low in a column.",,grid-local,y,no,1,carried,draft:1088-1089
,The Plange,,,Legendary,8,Repeats its own trigger as many times as you dare; each repeat after the first risks an injury stack.,hook: on_trigger,combo;gamble,"Leitzel's one-arm planges, which dislocated her shoulder every performance. Push-your-luck with a real cost.",,grid-local,cell,no,1,carried,draft:1090-1091
,The Low Wire,,,Uncommon,2,"Only seven feet up but twice as long - moves two cells along its row instead of one, but never changes height.",hook: on_trigger,movement;formation,A cheap movement card that trades the fourth coordinate away for reach.,,grid-local,x,no,1,carried,draft:1093
,Forward Somersault,,,Rare,3,Moves upward through its stack blind - the destination is not shown until the move resolves.,hook: on_trigger,movement;gamble,"Harder than backwards because the wire cannot be seen. Risk from information, not dice.",,grid-local,h,yes,1,carried,draft:1094
,Human Pyramid on the Wire,,,Legendary,8,"Scores for a stack of seven or more, and collapses the whole stack if any card in it is removed.",hook: on_score,formation;h,Seven men on one wire. The largest formation payoff with the largest fragility.,,grid-local,h,yes,1,carried,draft:1095
,Wire Bicycle,,,Rare,3,Carries the card above it along the row as it moves.,hook: on_trigger,movement;prop,Transporting a passenger is a distinct verb from moving alone.,,grid-local,x,no,1,carried,draft:1096
,The Fake Leg,,,Uncommon,2,A card wearing this ignores one restriction placed on it by a blind.,hook: on_game_start,stamp;protection,Wire walking after an amputation. Counterplay stated as equipment.,,grid-local,cell,no,1,carried,draft:1096
,Slipped Straps,,,Rare,3,"Cue to drop this card to the bottom of its stack, scoring for each card it falls past.",hook: on_trigger,gamble;h,The faked free fall. A downward verb on a board that otherwise only builds upward.,,grid-local,h,yes,1,carried,draft:1097
,Twenty Tigers,,,Legendary,8,"Scores for every Animal card in the grid, and gives this card an injury stack for each one.",hook: on_score,class;gamble,Wounds flaunted rather than hidden - the scar is the credential.,,grid-local,grid,no,1,carried,draft:1100
,Menagerie,,,Rare,3,Scores for each distinct Animal card you have ever owned this run.,hook: on_score,collection;class,The oddity collection as a long-run reward.,,global,deck,no,1,carried,draft:1101
,Elephants,,,Legendary,8,Only affordable to a wealthy troupe - costs upkeep in tokens every show it stays in the deck.,hook: on_game_start,type;economy,Historically true and mechanically sound: the best cards should cost rent.,,global,deck,no,1,carried,draft:1102
,Lion Pyramid,,,Epic,5,"Scores for a stack made entirely of Animal cards, scaling with its height.",hook: on_score,formation;class,The class-specific height formation.,,grid-local,h,yes,1,carried,draft:1103
,Fake Blood Spectacle,,,Uncommon,2,"Appears to be destroyed when a hazard hits it; it returns at the next refill, and the fright scores.",hook: on_refill,gamble;secret,"The gorier the better, historically. A survivable destruction is more exciting than a real one.",,grid-local,cell,no,1,carried,draft:1104
,Enraged Beast,,,Rare,3,"Grows more dangerous each refill until an Animal Trainer card is placed in its line, then scores everything it built.",hook: on_refill,class;hazard,Manufactured rage subdued by mastery - a threat that becomes a payoff.,,grid-local,x,no,1,carried,draft:1105
,Lamb in the Lion Cage,,,Rare,3,"A rank-1 card placed beside an Animal card cannot be destroyed, and both score.",hook: on_card_placed,protection;class,Peace as the trick. A defensive card that pays.,,grid-local,x,no,1,carried,draft:1106
,Peaceful Menagerie,,,Epic,5,"If no card was destroyed this show, every Animal card scores double at the end.",hook: on_game_end,class;combo,"The pacifist run condition, and a real strategic fork.",,grid-local,grid,no,1,carried,draft:1107
,Animal Tricks,,,Common,1,"Globes, tightropes, bicycles and seesaws - common Animal cards that each move one specific way.",hook: on_trigger,class;movement,"The common tier of movement, one verb per card.",,grid-local,x,no,1,carried,draft:1108
,The Animal King,,,Legendary,8,Leader whose Animal cards never gain injury stacks and never turn on their trainer.,hook: on_game_start,leader;class,The Animal Trainer leader.,,grid-local,cell,no,1,carried,draft:1109
,Wrestling the Tiger,,,Epic,5,"Cue to fight an adjacent Animal card - the higher rank wins, the loser is destroyed, the winner scores both ranks.",hook: on_trigger,gamble;class,"A duel inside a solitaire game, which is a genuinely novel verb.",,grid-local,cell,no,1,carried,draft:1110
,Tarzan,,,Rare,3,"Swings across the row from Animal card to Animal card, scoring at each.",hook: on_trigger,movement;class,"Movement that requires a prepared path, which makes the setup the play.",,grid-local,x,no,1,carried,draft:1111
,Colour-themed clowns,,,Uncommon,2,Whiteface clowns keyed to colour - each changes a neighbour's suit to its own.,hook: on_card_placed,class;pip,"The Clown class's core verb, split across a colour-coded set.",,grid-local,cell,no,1,carried,draft:1133
,Clown as any character,,,Rare,3,"A Clown card may count as any class for one check per refill, since clowns caricature everyone.",hook: on_score,class;copy,Class wildcarding with a strong historical justification.,,grid-local,cell,no,1,carried,draft:1134
,Clown Parody,,,Uncommon,2,Copies the effect of a card in the same row and scores half of what it scored.,hook: on_score,class;copy,Clowns spoofed the rope walkers and the riders. Copying is the class's other verb.,,grid-local,x,no,1,carried,draft:1137
,Speaking Clown,,,Common,1,"Announces the next scoring line aloud, revealing what would complete it.",hook: on_board_mutated,class;info,"Information as banter. Cheap, and it teaches the game.",,grid-local,cell,no,1,carried,draft:1138
,Auguste and Whiteface,,,Rare,3,The Auguste scores when it fails; the Whiteface scores when it succeeds; together in a row both always score.,hook: on_score,class;combo,"The defeated clown and the aspiring one, and a two-card engine that always fires.",,grid-local,x,no,1,carried,draft:1139-1140
,Dan Rice,,,Legendary,8,"Leader whose Clown cards may cue twice per refill, talking, singing and dancing through the show.",hook: on_game_start,leader;class,"The Clown leader, and the historical superstar clown of American circus.",,grid-local,cell,no,1,carried,draft:1141
,Grock,,,Epic,5,"Copies the last effect that triggered anywhere on the board, whatever it was.",hook: on_trigger,class;copy,"The funniest clown in the world, and an infinitely mobile effect to match the face.",,grid-local,cell,no,1,carried,draft:1144
,Transgressive Clown,,,Epic,5,"While in play, one rule card in the rule deck is suspended.",hook: on_game_start,class;rule,Jesters upset the rules of everyday life. The most dangerous card family in the game.,,grid-local,grid,no,1,carried,draft:1147
,The Shortchanging Clown,,,Rare,3,Pays out tokens now and takes more back at the end of the show.,hook: on_game_end,class;economy,"Krusty, the clown who shortchanges the rube. A loan with a face.",,grid-local,cell,no,1,carried,draft:1148
,Cannon Chain,,,Epic,5,"A card fired into a cell containing another cannon is fired again from there, chaining across grids.",hook: on_trigger,movement;combo,Explicitly asked for in the newest draft; the cross-grid chain is the payoff.,,grid-local,x,no,2+,carried,draft:1151
,The Great Fall,,,Rare,3,"Cue to drop this card from the top of its stack to the board, scoring for the height it fell.",hook: on_trigger,movement;gamble,Falling as an act in itself. The mirror of every upward verb.,,grid-local,h,yes,1,carried,draft:1152
,Cannon Woman,,,Rare,3,Cue to fire this card to the matching cell of an adjacent grid.,hook: on_trigger,movement;class,"The clean single-hop cross-grid move, cheaper than the chain.",,grid-local,x,no,2+,carried,draft:1153
,Hair Hang,,,Rare,3,"While hanging beneath another card, this card may still be cued, and scores for the cards above it.",hook: on_trigger,h;combo,Hanging by braided hair while juggling - an act performed from underneath.,,grid-local,h,yes,1,carried,draft:1154
,Strongman Feats,,,Uncommon,2,Supports any number of cards above it without the stack becoming unstable.,hook: on_stack_cards,h;protection,Granite on the torso. The enabler for very tall stacks.,,grid-local,h,yes,1,carried,draft:1155
,Risley Act,,,Epic,5,Juggles the cards above it - at each refill their order is reversed.,hook: on_refill,h;movement,Foot juggling of people. Reordering a stack without dismantling it is a rare verb.,,grid-local,h,yes,1,carried,draft:1156
,India-Rubber Man,,,Rare,3,May be placed in any cell regardless of any placement restriction.,hook: on_can_place_stack,movement;formation,Elastic and incomprehensible. The universal answer to restriction blinds.,,grid-local,cell,no,1,carried,draft:1160
,Ladder Violinist,,,Uncommon,2,"Moves up and down its column each refill, triggering the card it lands on.",hook: on_refill,movement;combo,"Two acts at once, which is the joke and the mechanic.",,grid-local,y,no,1,carried,draft:1161
,Human Corkscrew,,,Rare,3,Cue to move this card through an occupied cell to the empty cell beyond it.,hook: on_trigger,movement;h,Going through the keyhole. Passing through occupation is a genuinely new movement rule.,,grid-local,cell,no,1,carried,draft:1162
,Fun House Mirror,,,Rare,3,"Distorts adjacent effects - each neighbour's effect fires at double or half strength, chosen at placement.",hook: on_card_placed,meta-effect;copy,The meta-effect card that the draft itself proposes in the same line.,,grid-local,x,no,1,carried,draft:1168
,Human Cigarette Factory,,,Uncommon,2,Produces one token card per refill using nothing but itself.,hook: on_refill,creation;charges,"A self-sufficient generator, priced low because tokens are cheap.",,grid-local,cell,no,1,carried,draft:1169
,Roller Skating,,,Common,1,Cue to slide this card one cell along its row into an empty cell.,hook: on_trigger,movement,"The cheapest movement card in the game, and the one that teaches the verb.",,grid-local,x,no,1,carried,draft:1170
,Merci,,,Rare,3,"One free illegal move per show, from the solitaire tradition of a single permitted cheat.",hook: on_trigger,movement;protection,"A named, historical, once-per-show escape hatch. Perfect as a starting-deck card.",,grid-local,cell,no,1,carried,draft:1192
,Accordion combining,,,Rare,3,"Cards three apart in a row, or directly adjacent, may be merged if they match by rank or suit.",hook: on_trigger,formation;combo,"Accordion solitaire's whole game, as one card. The three-apart rule is the interesting half.",,grid-local,x,no,1,carried,draft:1193-1198
,Cross-grid bounce,,,Rare,3,"Effects that throw a card into another grid, or swap two cards between grids.",hook: on_trigger,movement;grid,The card family the third coordinate exists to serve.,,grid-local,x,no,2+,carried,draft:1266
,Whole-grid mahjong hands,,,Rare,3,"A grid scores if its five rows, or its five columns, contain four triplets and a pair between them.",hook: on_score,meld;mahjong,A meld read across a grid rather than a line - the special bucket's natural home.,,grid-local,grid,no,1,carried,draft:1279
,Poker Shuffle,,,Legendary,8,"Cue to rearrange any cards already placed, before the grid is full.",hook: on_trigger,movement;formation,"Explicitly game-breaking - it makes a perfect grid inevitable. Print it once, price it as a legendary.",,grid-local,grid,no,1,carried,draft:1284
,Snap match,,,Common,1,"When a card is placed matching the rank of the last card placed, both score.",hook: on_card_placed,combo;rank,"Snap, Slapjack and War in one line - reward for consecutive placements matching.",,grid-local,x,no,1,carried,draft:1304-1308
,Go Fish tutor,,,Uncommon,2,Cue to name a rank you already hold; every copy of it in the deck comes to the Entrance.,hook: on_trigger,deck-manip;rank,"Go Fish's ask, and the requirement to already hold one keeps it honest.",,global,deck,no,1,carried,draft:1309-1312
,Old Maid,,,Uncommon,2,A card that cannot be discarded normally and penalises you for holding it at show end; pairs it off to be rid of it.,hook: on_game_end,type;hazard,"A hot-potato card, which the deck economy currently has no example of.",,global,deck,no,1,carried,draft:1317-1318
,Steal a meld,,,Rare,3,"Cue to add a card to a line that has already scored, rescoring the whole line.",hook: on_trigger,combo;grid,"500 Rummy's out-of-turn steal. Rescoring is the strongest verb in the game, so charge for it.",,grid-local,line,no,2+,carried,draft:1332-1334
,Wild stand-ins,,,Uncommon,2,A named low rank stands in for any card in a meld.,hook: on_score,rank;copy,"Canasta's twos. Simple, and it makes low ranks worth keeping.",,grid-local,cell,no,1,carried,draft:1337-1338
,Pinochle melds,,,Uncommon,2,"Marriages of king and queen, the pinochle pairing, and sets of four - melds that care about specific cards, not shapes.",hook: on_score,meld;pinochle,A different kind of meld: named cards rather than patterns.,,grid-local,line,no,1,carried,draft:1382-1384
,Adjacency melds,,,Uncommon,2,A marriage that requires the two cards to be exactly adjacent rather than merely in the same line.,hook: on_score,meld;formation,"Adjacency is a stronger constraint than line membership, and the grid makes it readable.",,grid-local,x,no,1,carried,draft:1385
,Priest and Clown marriage,,,Rare,3,A themed adjacency meld between two specific classes.,hook: on_score,meld;class,Named melds give the class system something to aim at beyond counting.,,grid-local,x,no,1,carried,draft:1385
,Twenty-one,,,Uncommon,2,A line whose ranks total exactly twenty-one scores hugely; over twenty-one scores nothing.,hook: on_score,meld;blackjack,"Blackjack's bust rule as a line meld. Simple, tense and instantly understood.",,grid-local,line,no,1,carried,draft:1406-1407
,Tetromino melds,,,Rare,3,"Score for cards forming tetromino shapes, matched by suit or rank.",hook: on_score,meld;formation,"A shape meld that is neither row, column nor diagonal - the special bucket earns its keep.",,grid-local,x,no,1,carried,draft:1416-1417
,Extreme rank values,,,Rare,3,"Ranks with bespoke point values - an ace worth one or eleven, a ten worth minus ten, a king worth ninety-nine.",hook: on_score,rank;score,The 31/99 family. Rank stops being a position and becomes a payout.,,grid-local,cell,no,1,carried,draft:1428-1429
,Loaned cards,,,Uncommon,2,"A temporary card that lasts a few shows and then leaves, or costs to keep.",hook: on_game_end,type;economy,Game of Life's loans. Rentals give the shop a cheap tier.,,global,deck,no,1,carried,draft:1430-1431
,Sets of three,,,Uncommon,2,"Any three matching cards in a grid may be cashed for an escalating effect, such as a rank increase.",hook: on_trigger,meld;formation,Risk's card sets. Escalation is what makes them worth saving for.,,grid-local,grid,no,1,carried,draft:1432-1433
,Sudoku bonus,,,Epic,5,A grid whose ranks never repeat in any row or column scores an enormous bonus.,hook: on_score,meld;formation,"A whole-grid objective that fights every other incentive in the game, which is why it pays so much.",,grid-local,grid,no,1,carried,draft:1434-1435
,Hopping cards,,,Uncommon,2,Cue to hop this card over an adjacent occupied cell into the empty one beyond.,hook: on_trigger,movement,Checkers. The frog card the draft names.,,grid-local,x,no,1,carried,draft:1438-1439
,Decoder,,,Rare,3,"Sets a secret rank and suit; each placement reports whether it was wrong, right value in the wrong place, or exact.",hook: on_card_placed,info;objective,Wordle in a grid. The first line to guess it correctly wins the bonus.,,grid-local,cell,no,1,carried,draft:1440-1441
,Neighbour typing,,,Uncommon,2,Scores based on the types of the cards immediately left and right of it.,hook: on_score,formation;combo,Three Ring Circus's core. The cheapest possible adjacency effect.,,grid-local,x,no,1,carried,draft:1445
,Cannon into cannon,,,Epic,5,"A card fired into a cell holding another cannon is fired again, chaining launches across grids until it lands somewhere empty.",hook: on_trigger,movement;combo,"The explicit ask. The chain is the fun, and cross-grid alignment is what makes it readable.",,grid-local,x,no,2+,carried,draft:1456
,Piston,,,Rare,3,"Cue to push the entire row or column of cards one cell along, shunting whatever is at the end into the next grid.",hook: on_trigger,movement;formation,Redstone-style pushing. The first effect that moves many cards with one verb.,,grid-local,x,no,1,carried,draft:1456
,Observer,,,Uncommon,2,"Fires whenever the card it faces changes - placed on, scored, moved or destroyed.",hook: on_board_mutated,meta-effect;combo,The trigger-on-neighbour-change primitive every chain machine needs.,,grid-local,x,no,1,carried,draft:1456
,Sticky piston,,,Rare,3,Pushes a line of cards and pulls them back at the next refill.,hook: on_refill,movement;formation,"Reversible movement, which makes a temporary formation possible.",,grid-local,x,no,1,carried,draft:1456
,Lion,,,Uncommon,2,"Always counts as a king, whatever its printed rank.",hook: on_score,rank;class,A rank override with a face. Makes any card a face card for meld purposes.,,grid-local,cell,no,1,carried,draft:1463
,Shy Clown,,,Uncommon,2,"May be returned to an empty Entrance slot, but only while the Entrance is attached to the grid it stands in.",hook: on_trigger,class;movement,"The first card to make Entrance attachment mechanically visible, which is a genuinely new hook.",,grid-local,cell,no,1,carried,draft:1469
,Sandwich,,,Uncommon,2,"When this card scores, gain a point for every card between it and the nearest same-suit card further down its stack.",hook: on_score,combo;h,Renamed Sliced Bread in the draft. Height is what makes it visible.,,grid-local,h,yes,1,carried,random:2-6
,Selection Sort,,,Uncommon,2,Moves up one place in its stack whenever the card above it has a lower rank.,hook: on_board_mutated,movement;h,A stack that sorts itself over several refills. Deeply satisfying to watch.,,grid-local,h,yes,1,carried,random:2-7
,More Poker,,,Rare,3,Poker hands score double.,hook: on_score,scoring;poker,"The plainest amplifier in the game, and the one every costing model should be calibrated against.",,grid-local,line,no,1,carried,random:2-8
,Spaceship,,,Rare,3,"May be placed in the void - outside any grid, where it still counts for cross-grid lines.",hook: on_can_place_stack,placement;rule,The void is now a real place: the gap between grids. This card lives in it.,,grid-local,cell,no,1,carried,random:2-9
,Self-Placing Card,,,Rare,3,"While in the deck, if a legal empty cell ever exists, this card moves itself there.",hook: on_board_mutated,deck-manip;movement,"A card that plays itself, which is unsettling in exactly the right way.",,global,deck,no,1,carried,random:2-10
,Recycler,,,Uncommon,2,"On score, put two random cards from the discard back into the deck; Exhaust cards do not return.",hook: on_score,discard;deck-manip,"Anti-thinning, which is a real cost in an economy that pays in cards.",,global,deck,no,1,carried,random:2-11
,Egg,,,Uncommon,2,"When this card scores, it becomes a completely different random card of higher rank.",hook: on_score,random;growth,"A card that is worth more after you use it, which nothing else does.",,grid-local,cell,no,1,carried,random:2-12
,Champion,,,Rare,3,Cards of the same rank directly above or below this card in its stack are discarded.,hook: on_stack_cards,destruction;rank,"Anti-pair, which fights the pair objectives directly. Good tension.",,grid-local,h,yes,1,carried,random:2-13
,All In,,,Epic,5,"On the next score, double the total - and double the fame the next show demands.",hook: on_score,gamble;score,"Borrowing against the future, which is the Hype wager as a card.",,global,none,no,1,carried,random:2-15
,Deja Vu,,,Rare,3,"Remembers the cell it was placed in; the next time that cell is empty, it returns there from anywhere.",hook: on_board_mutated,movement;persistence,A card with a home. The grid gives it a coordinate to remember at last.,,grid-local,cell,no,1,revived,random:2-16
,Rabbit,,,Uncommon,2,"If this card is grabbed, it bolts to the furthest orthogonal cell instead.",hook: on_can_grab_stack,movement;joke,"Comic, and a genuine obstacle - you have to plan around a card that will not be caught.",,grid-local,x,no,1,carried,random:2-18
,Trap,,,Rare,3,"Creates an extra empty cell; the next card placed there goes underneath this card instead, and the extra cell disappears.",hook: on_can_place_stack,placement;h,"Insertion beneath, which the upward stack makes strange and useful.",,grid-local,h,yes,1,carried,random:3-7
,Goalpost,,,Rare,3,"Enhances a random viable meld type, chosen fresh each show.",hook: on_game_start,scoring;random,The trending-meld idea as a card rather than a rule.,,grid-local,line,no,1,carried,random:3-8
,Distancing,,,Rare,3,"Hovers at the top of its stack without blocking the card beneath it, and cannot be clicked.",hook: on_spotlight,spotlight;h,"The Ghost Light stamp's ancestor, and it may count as its own row.",,grid-local,h,yes,1,carried,random:3-9
,Pot of Greed,,,Uncommon,2,"When this card is alone in its grid's row, discard it and draw two.",hook: on_board_mutated,creation;deck-manip,"Conditional on isolation, which the empty-tile objective loves and everything else hates.",,grid-local,cell,no,1,carried,random:3-10
,Rewrite,,,Epic,5,Remembers the cards beneath it when placed; at show end it replaces that many cards below it with fresh draws.,hook: on_game_end,creation;h,"A delayed board rewrite. Expensive to reason about, which is why it is Epic.",,grid-local,h,yes,1,carried,random:3-13
,Paintbrush,,,Uncommon,2,Cards this one is placed on take its suit.,hook: on_card_placed,pip;h,"The Clown class's suit fixer, applied downward through a stack.",,grid-local,h,yes,1,carried,random:3-14
,The One Ring,,,Legendary,8,You always know exactly where this card is; destroy it permanently and win the show outright.,hook: on_discard,secret;win,An alternate win condition that the destruction family has to work for.,,global,deck,no,1,carried,random:3-18
,No Part of Any Hand,,,Uncommon,2,"If this card is in no scoring hand at all, it pays a large flat bonus.",hook: on_after_score,scoring;formation,"The anti-meld card, and the empty-chair objective's best friend.",,grid-local,line,no,1,carried,random:4-6
,Parasite,,,Rare,3,Attaches to the next card placed on top of it; at show end it replaces its host entirely.,hook: on_stack_cards,destruction;h,"Slow theft. The host is visible the whole time, which makes it a decision.",,grid-local,h,yes,1,carried,random:4-7
,Cheering Team,,,Uncommon,2,Every scored card sharing this card's suit pays extra.,hook: on_score,combo;suit,The mono-suit reward that balances the rainbow rewards.,,grid-local,line,no,1,carried,random:4-8
,Open House,,,Uncommon,2,"Any card may be stacked on this one, regardless of the stacking rules.",hook: on_can_place_stack,rule;stacking,Already in the draft's TODO list. The simplest rule-bending card there is.,,grid-local,cell,no,1,carried,random:4-9
,Future Sight,,,Rare,3,See the next five cards of the deck at all times.,hook: on_refill,info;deck-manip,"Information equal to one whole Entrance ahead. Quiet, and enormously strong.",,global,deck,no,1,carried,random:4-10
,Snake,,,Rare,3,"Consumes lower-ranked cards beneath it in its stack, leaving a temporary body card of the same rank behind.",hook: on_stack_cards,destruction;h,"Eats downward and leaves a trail, so the stack keeps its height.",,grid-local,h,yes,1,carried,random:4-13
,Sniper,,,Uncommon,2,"At each refill, lower the rank of the last card you interacted with by one; at rank one it is discarded.",hook: on_refill,rank;destruction,"A slow, aimed decline. The targeting rule makes it a real decision.",,grid-local,cell,no,1,carried,random:4-14
,Jenga,,,Epic,5,Clicking a card that is not on top moves it to the top of the next smallest stack and leaves a gap; clicking a top card does nothing.,hook: on_can_grab_stack,movement;h,"A whole minigame inside one card, and it only works because stacks have heights to compare.",,grid-local,h,yes,1,carried,random:4-18
,Stowaway,,,Uncommon,2,"After scoring, moves itself to a free cell if one is open.",hook: on_after_score,movement,"Survives its own scoring, which is a leader's privilege made common.",,grid-local,cell,no,1,carried,random:5-7
,Combo Memory,,,Rare,3,"During scoring, each card gains temporary points equal to the hand it scored in.",hook: on_score,scoring;combo,"Compounds with everything, so it belongs at Rare or higher.",,grid-local,line,no,1,carried,random:5-8
,Connect Four,,,Uncommon,2,"Four of a suit in a line, including diagonals, scores as its own meld.",hook: on_score,meld;formation,A four-length diagonal meld the special bucket can hold.,,grid-local,x,no,1,carried,random:5-18
,Point Per Trigger,,,Common,1,"Whenever any card triggers an effect, gain a point.",hook: on_trigger,scoring;combo,"The floor of the effects-as-points economy, and a good common.",,grid-local,line,no,1,carried,random:6-6
,Tunneler,,,Uncommon,2,A single card placed on this one sinks to the bottom of the stack instead.,hook: on_stack_cards,movement;h,"Placement that goes the wrong way, which is disorienting and useful.",,grid-local,h,yes,1,carried,random:6-7
,Noble Family,,,Uncommon,2,Each scored face card raises the value of the next scored face card.,hook: on_score,combo;rank,"Escalation within one show, and a reason to hold face cards back.",,grid-local,line,no,1,carried,random:6-8
,Fishing,,,Rare,3,Place this card over the deck to open a fishing minigame that pulls a card out of it.,hook: on_trigger,deck-manip;minigame,The one minigame small enough to survive the deferral of minigames.,,global,deck,no,1,carried,random:6-18
,Turntable,,,Epic,5,Cue to flip an entire grid vertically.,hook: on_trigger,movement;formation,"One action, twenty-five cards moved. The largest single rearrangement available.",,grid-local,grid,no,1,carried,random:7-7
,Blackjack Meld,,,Uncommon,2,A line totalling exactly twenty-one scores as its own meld.,hook: on_score,meld;blackjack,Already deployed as a blind objective; also a fine printed meld.,,grid-local,line,no,1,carried,random:7-6
,Earth type,,,Common,1,Stays at the bottom of the deck.,hook: on_game_start,type;deck-manip,One of the four elemental deck-position types.,,global,deck,no,1,carried,random:2-3
,Air type,,,Common,1,Stays at the top of the deck.,hook: on_game_start,type;deck-manip,One of the four elemental deck-position types.,,global,deck,no,1,carried,random:3-3
,Water type,,,Common,1,Moves one position down the deck each refill.,hook: on_game_start,type;deck-manip,"Remapped from the drop-down version, which is superseded in the catalog.",,global,deck,no,1,revived,random:4-3
,Fire type,,,Common,1,Moves one position up the deck each refill.,hook: on_game_start,type;deck-manip,The fourth elemental deck-position type.,,global,deck,no,1,carried,random:5-3
,Money suit,,,Rare,3,Gold cards act as money at shops and are worth their full trade value.,hook: shop,suit;economy,Shipped as the Gold type after the owner's ruling that it works better as a type than a suit.,,global,deck,no,1,implemented,random:6-3
,The Joey rank,,,Common,1,Jacks become Joeys and count as Clown-class cards.,hook: on_score,rank;class,"Vetoed in the catalog - a rank that is always eleven is boring, and the Joey should be a clown token with a real effect.",,grid-local,line,no,1,vetoed,recs:99
,The Ringmistress rank,,,Common,1,Queens become Ringmistresses and count as Producer-class cards.,hook: on_score,rank;class,Vetoed in the catalog; the historical reference can be recycled onto a real card.,,grid-local,line,no,1,vetoed,recs:100
,The Impresario rank,,,Common,1,"Kings become Impresarios, count as Producer cards and add trade value at shops.",hook: on_score,rank;economy,Vetoed in the catalog; the reference can be recycled.,,grid-local,line,no,1,vetoed,recs:101
,The Headliner rank,,,Uncommon,2,"Aces count high or low in runs, decided in your favour at evaluation.",hook: on_score,rank;meld,"Vetoed as a rank rename, but the high-or-low duality is a real spatial decision worth keeping on some card.",,grid-local,line,no,1,vetoed,recs:102
,Harlequin pip,,,Rare,3,"Counts as two suits at once for every comparison, meld and suit effect, firing both props.",hook: on_score,rank;suit,"Vetoed by the owner as boring. The multi-suit stub in the comparator remains, so the mechanism survives the veto.",,grid-local,line,no,1,vetoed,recs:103
,The Gaff,,,Rare,3,"Shows a fixed rank and suit until it scores, then reveals its true random value.",hook: on_score,rank;secret,"Sideshow slang for a faked exhibit. The reveal is the payoff, and the Prepared Town blind is its counter.",,grid-local,cell,no,1,carried,recs:104
,Half-step rank,,,Common,1,Rank five and a half - stacks between five and six but never melds.,hook: on_can_place_stack,rank;stacking,"Owner note - it makes more sense as a hat than as a rank. Same effect, different slot.",,grid-local,h,yes,1,carried,recs:105
,The Fifteen rank,,,Uncommon,2,Also melds with any neighbours whose ranks sum to fifteen with it.,hook: on_score,rank;cribbage,"Made into a talent rather than a rank, per the owner. It is the demoted cribbage rule given a home.",,grid-local,x,no,1,carried,recs:106
,Roman numeral rank,,,Uncommon,2,Cosmetic rank skin that melds normally.,hook: on_score,rank;cosmetic,"Accepted. Circus Maximus is where the word circus comes from, so the skin is on-theme.",,grid-local,none,no,1,carried,recs:107
,The Blank rank,,,Common,1,"No rank, no suit - stacks on anything, anything stacks on it, and it scores nothing.",hook: on_can_place_stack,rank;stacking,Accepted. Free spatial glue that teaches position is not points.,,grid-local,cell,no,1,carried,recs:108
,Canvas type,,,Common,1,"The sturdy default for circus-born cards, an upgrade of Paper.",hook: on_game_start,type;material,Establishes a material progression rather than a single default.,,global,deck,no,1,carried,recs:118
,Sawdust type,,,Uncommon,2,"When discarded, leaves a marker on its cell; the next card placed there scores extra.",hook: on_discard,type;cell,"Makes discarding spatial, which the discard-engine essay needs.",,grid-local,cell,no,1,carried,recs:119
,Rosin type,,,Uncommon,2,"Sticky - cards placed on it can never be picked up again, but score deeper into the ring bands.",hook: on_can_grab_stack,type;protection,"The cards-that-resist-being-moved note, given a reason to exist: commitment for reward.",,grid-local,cell,no,1,carried,recs:120
,Tintype type,,,Rare,3,"On acquisition, permanently copies the pips of the card it was made from.",hook: shop,type;copy,Duplication with lineage. Collectors will chase photographs of photographs.,,global,deck,no,1,carried,recs:121
,Lithograph type,,,Rare,3,"While in the Entrance rather than in a grid, this card broadcasts its skill globally.",hook: on_refill,type;spotlight,"A card that wants not to be played, which inverts the whole game's incentive. The Entrance is row -1, so this still works exactly as written.",,global,x,no,1,carried,recs:122
,Glass type,,,Uncommon,2,Double points when scored; shatters after three scores.,hook: on_score,type;gamble,"Balatro-proven risk and reward, and the timer creates a last-show-for-this-card moment.",,grid-local,cell,no,1,carried,recs:123
,Wax type,,,Uncommon,2,Melts near Flames - loses rank each show it shares a column with a Flames card.,hook: on_game_end,type;hazard,"Anti-synergy as flavour, and the waxworks really did burn down twice.",,grid-local,y,no,1,carried,recs:124
,Ticket Stub type,,,Common,1,Spent as currency at shops for a discount; worthless in the Ring.,hook: shop,type;economy,Gives cards-as-currency a small denomination.,,global,deck,no,1,carried,recs:125
,Flash type,,,Rare,3,"Scores triple, but only the first time it would score in a show.",hook: on_score,type;timing,Juggling slang for throwing every prop once. Rewards choreographing when a card enters scoring.,,grid-local,line,no,1,carried,recs:126
,Spangle stamp,,,Common,1,Adds to the combo when this card is part of any meld.,hook: on_score,stamp;combo,The common-tier workhorse every build wants.,,grid-local,line,no,1,carried,recs:136
,Greasepaint stamp,,,Uncommon,2,This card counts as a Clown in addition to its own class.,hook: on_score,stamp;class,The class-splashing enabler every tribal system needs.,,grid-local,cell,no,1,carried,recs:137
,Top Billing stamp,,,Uncommon,2,This card always scores first within its meld.,hook: on_score,stamp;order,Trigger order is invisible depth; this stamp makes it player-facing.,,grid-local,line,no,1,carried,recs:138
,Understudy stamp,,,Uncommon,2,"If the card above it in the stack is destroyed or consumed, this card copies its skill.",hook: on_stack_cards,stamp;copy,Turns destruction effects into setup plays. The flip made above the correct direction.,,grid-local,h,yes,1,carried,recs:139
,Lloyd's Policy stamp,,,Rare,3,"The first time this card would be destroyed or debuffed, prevent it.",hook: on_anything,stamp;protection,"Insurance against the game's own debuff system, and performers really did insure body parts.",,grid-local,cell,no,1,carried,recs:140
,Ghost Light stamp,,,Rare,3,Does not block the spotlight of cards beneath it.,hook: on_spotlight,stamp;spotlight,The counterweight the ring-depth tension needs - build tall without killing your engines.,,grid-local,h,yes,1,carried,recs:141
,The Encore stamp,,,Uncommon,2,"If this card's skill triggered this show, it has a chance to trigger once more at show end.",hook: on_game_end,stamp;gamble,The end-of-show lottery tick.,,grid-local,cell,no,1,carried,recs:142
,Contract Ink stamp,,,Rare,3,"Pays extra per show it is played, and leaves the deck if benched two shows running.",hook: on_game_end,stamp;economy,"Anti-autopilot pressure, and performers really did jump between rival shows.",,global,deck,no,1,carried,recs:143
,Wall of Death,,,Rare,3,"Adjacent columns gain a multiplier, and cards in them take an Exhaust debuff each show.",hook: on_score,scoring;hazard,"An aura with a cost, where placement decides who pays it.",,grid-local,y,no,1,carried,recs:204
,The Seance Buster,,,Rare,3,"Reveals every Gaff, Humbug and disguised card on the board and scores per fake revealed.",hook: on_trigger,secret;info,Counterplay that makes fakes a real subgame. Houdini against the mediums is history's best rivalry.,,grid-local,grid,no,1,carried,recs:205
,The Erdnase Cipher,,,Legendary,8,An author signature that appears on random cards across many runs; collecting and scoring all of them unlocks something never explained.,hook: on_game_start,secret;collection,Erdnase wrote card handling's bible in 1902 and his identity is still unknown. Never explain it.,,global,deck,no,1,carried,recs:307-310
,The Forty-Two Foot Ring,,,Rare,3,A secret meld that fires when a grid's row and column scores total exactly forty-two.,hook: on_score,secret;meld,Astley's ring is forty-two feet because of horse physics. Hide the number everywhere.,,grid-local,grid,no,1,carried,recs:311-312
,The Sword Swallower meld,,,Rare,3,A column that is one perfect descending run from top to bottom.,hook: on_score,secret;meld,A secret meld the player can stumble into and then chase deliberately.,,grid-local,y,no,1,carried,recs:313-315
,The Joey leader,,,Legendary,8,Leader granting one free Slapstick - a swap of two adjacent ranks - every refill.,hook: on_refill,leader;class,"Joseph Grimaldi, Regency London's superstar clown and the reason clowns are still called Joeys.",,grid-local,x,no,1,carried,recs:243
,Beni Hasan jugglers,,,Common,1,"The oldest depiction of juggling, from an Egyptian tomb around 1994 BCE - the origin card for the Balls suit.",hook: on_score,prop;suit,The suit already ships; this is its provenance.,,grid-local,line,no,1,carried,refs:27-33
,Dedi,,,Rare,3,"The magician of the Westcar Papyrus, who reattached severed heads - a card that restores a destroyed card to the board intact.",hook: on_trigger,creation;destruction,Restoration is rarer than destruction and should stay that way.,,grid-local,cell,no,1,carried,refs:34
,Acetabularii,,,Common,1,Rome's cups-and-balls performers - shuffle the positions of face-down cards.,hook: on_trigger,movement;secret,The oldest continuously performed trick on Earth.,,grid-local,x,no,1,carried,refs:35
,Bull-leaping,,,Rare,3,Minoan acrobats vaulting a charging bull - move over a hazard card and score for surviving it.,hook: on_trigger,movement;gamble,"Around 1500 BCE, and the earliest recorded danger act.",,grid-local,x,no,1,carried,refs:36
,Funambulus,,,Uncommon,2,"The Latin for rope-walker, still the technical term - the wire-crossing card's proper name.",hook: on_trigger,movement;naming,Petauristarii were the acrobats; funambulus the rope-walker.,,grid-local,x,no,1,carried,refs:41
,Sword Swallowing origin,,,Rare,3,"Ascetic demonstrations of bodily control from India, by tradition around 2000 BCE - swallow the card above you.",hook: on_trigger,h;destruction,The provenance for the Sword Swallower card.,,grid-local,h,yes,1,carried,refs:43
,Jongleurs,,,Common,1,Itinerant do-everything performers - a card that counts as three different classes at once but scores less in each.,hook: on_score,class;combo,"The medieval generalist, and the argument that variety predates specialisation.",,grid-local,line,no,1,carried,refs:45-49
,The Fool's License,,,Rare,3,"The one performer permitted to mock the king - while in play, one restriction from the blind is ignored.",hook: on_game_start,rule;class,"Truth wrapped in folly, and the cleanest counterplay card in the file.",,grid-local,grid,no,1,carried,refs:50
,The Marotte,,,Uncommon,2,The jester's sceptre topped with a miniature of his own head - this card carries a miniature copy of its own skill that triggers separately.,hook: on_trigger,stamp;copy,A stamp that duplicates rather than modifies.,,grid-local,cell,no,1,carried,refs:51
,Mr Punch,,,Rare,3,"The hook-nosed Neapolitan puppet who became England's Punch - destroys an adjacent card and scores, every time, without consequence.",hook: on_trigger,class;destruction,That is the way to do it. A card that gets away with it is genuinely funny.,,grid-local,x,no,1,carried,refs:55
,Till Eulenspiegel,,,Rare,3,The prankster who takes every instruction maliciously literally - this card fulfils the letter of a blind's objective in the least useful way and still scores.,hook: on_score,rule;joke,"A card built on rules-lawyering, which the rule deck makes possible.",,grid-local,cell,no,1,carried,refs:56
,Mountebanks,,,Common,1,Renaissance stage-medicine sellers - cue to sell a card whose effect is not what was advertised.,hook: on_trigger,economy;consumable,"The ancestors of the medicine show, and of the Potion Seller card.",,global,deck,no,1,carried,refs:59
,The Conjurer,,,Rare,3,Bosch's painting of a cups-and-balls show where an accomplice picks the absorbed spectator's pocket - this card steals while an adjacent card holds attention.,hook: on_score,secret;economy,A two-card combo painted in 1502.,,grid-local,x,no,1,carried,refs:62
,The Discoverie of Witchcraft,,,Rare,3,Reginald Scot exposed conjuring methods in 1584 to save accused witches from execution - reveal every hidden card on the board.,hook: on_trigger,info;secret,Exposure as mercy. Better history than any invented flavour.,,grid-local,grid,no,1,carried,refs:63
,The Courier of St Petersburg,,,Epic,5,"Ducrow's signature act, standing astride multiple horses at once - this card occupies two adjacent cells and scores in both lines.",hook: on_score,movement;formation,"A card that straddles two columns, which is a genuinely new geometry.",,grid-local,x,no,2+,carried,refs:73
,Pablo Fanque,,,Legendary,8,"The first Black British circus proprietor, whose 1843 poster the Beatles lifted verbatim for Mr Kite.",hook: on_game_start,leader;naming,A leader whose poster is his signature - the billing itself is the effect.,,global,none,no,1,carried,refs:74
,Lord George Sanger,,,Uncommon,2,The showman who awarded himself a peerage in answer to Buffalo Bill's Honourable - this card promotes itself a rarity tier and charges accordingly.,hook: shop,economy;joke,Self-conferred status as a mechanic.,,global,none,no,1,carried,refs:75
,Carl Hagenbeck,,,Legendary,8,"Revolutionised animal acts with reward-based gentling instead of fear, and invented the cageless enclosure - a leader whose Animal cards never need a trainer adjacent.",hook: on_game_start,leader;class,"The humane alternative, and historically the more successful one.",,grid-local,cell,no,1,carried,refs:76
,The Seven-Person Pyramid,,,Legendary,8,"The Wallendas' seven-person pyramid, and its 1962 collapse - a stack of seven that scores enormously and falls entirely if any card is removed.",hook: on_score,formation;h,"The most famous formation in circus history, with its failure mode included.",,grid-local,h,yes,1,carried,refs:80
,Con Colleano,,,Epic,5,"The Wizard of the Wire, first to land a feet-to-feet forward somersault on the tightwire.",hook: on_trigger,movement;gamble,The forward somersault card's historical anchor.,,grid-local,x,no,1,carried,refs:81
,Bird Millman,,,Rare,3,The Ziegfeld-era wire dancer - a Dancer-class card that moves along a row while scoring formations.,hook: on_trigger,class;movement,Naming source for the wire-dancer card.,,grid-local,x,no,1,carried,refs:82
,Gargantua,,,Epic,5,"Ringling's acid-scarred gorilla, whose forced grin was billed as ferocity - a card whose printed threat is entirely marketing and whose real effect is gentle.",hook: on_score,class;secret,Marketing genius and animal cruelty in the same act. Handle the framing carefully.,,grid-local,cell,no,1,carried,refs:83
,Chang and Eng Bunker,,,Rare,3,"The original conjoined twins, who toured on their own terms and became successful businessmen - two cards that must be placed adjacent and score as one.",hook: on_score,formation;economy,"They controlled their own billing, which is the part worth telling.",,grid-local,x,no,1,carried,refs:84
,Anna Swan and Martin Bates,,,Rare,3,The giantess and the giant who married - two cards that score for their combined height in a stack.,hook: on_score,formation;h,Nearly fifteen feet together.,,grid-local,h,yes,1,carried,refs:85
,Johnny Eck,,,Rare,3,"The Amazing Half-Boy - performer, artist and illusion-builder with his twin. A card that occupies only the upper half of a cell, leaving room beneath.",hook: on_can_place_stack,h;movement,Half a cell is a new placement geometry.,,grid-local,h,yes,1,carried,refs:86
,Prince Randian,,,Rare,3,"The Human Torso, who rolled and lit cigarettes with his lips across forty-five years - a card that produces a token every refill using nothing.",hook: on_refill,charges;class,The Human Cigarette Factory's real name.,,grid-local,cell,no,1,carried,refs:87
,Violet and Daisy Hilton,,,Rare,3,Conjoined-twin vaudeville stars with saxophone and jazz - this card doubles an adjacent card's trigger when both score together.,hook: on_score,combo;formation,Twin harmony as a mechanic.,,grid-local,x,no,1,carried,refs:88
,Betty Broadbent,,,Rare,3,The tattooed lady - five hundred and sixty-five tattoos across forty years. The Illustrated card holds several stamps at once.,hook: on_score,stamp;collection,"The multi-stamp card, with a real body behind it.",,grid-local,cell,no,1,carried,refs:90
,The Living Skeleton and the Fat Lady,,,Uncommon,2,"Battersby and Perkins, the sideshow's beloved odd couple - two cards whose ranks average when they are adjacent.",hook: on_score,formation;rank,Averaging is a verb nothing else in the game has.,,grid-local,x,no,1,carried,refs:91
,Zip the Pinhead,,,Legendary,8,Sixty years performing a mystery Barnum never explained - a card whose effect is never written on it and never told.,hook: on_score,secret;persistence,The purest secret card the game could print.,,grid-local,cell,no,1,carried,refs:92
,The Durov Dynasty,,,Legendary,8,Animal-trainer clowns famed for kindness-based training and political satire.,hook: on_game_start,leader;class,"A leader who is both Clown and Animal Trainer, which no other card is.",,grid-local,cell,no,1,carried,refs:97-101
,Oleg Popov,,,Rare,3,"The Sunshine Clown, gentle and wordless, beloved across the Cold War divide - a card that removes one negative status from every card in its grid.",hook: on_refill,class;buff,"Kindness as a mechanic, which the game has too little of.",,grid-local,grid,no,1,carried,refs:103
,Yuri Nikulin,,,Legendary,8,The clown so beloved he became a film star and ran the Moscow circus.,hook: on_game_start,leader;class,A Clown leader whose signature is fame rather than mischief.,,grid-local,cell,no,1,carried,refs:104
,Karandash,,,Rare,3,"The Pencil, the USSR's defining clown, with his dog Klyaksa - the Inkblot. A card that draws a permanent mark on a cell.",hook: on_trigger,class;creation,A clown who leaves marks on the board is a good fit for the cell-modifier family.,,grid-local,x,no,1,carried,refs:105
,Dzhigitovka,,,Epic,5,Cossack trick riding - hanging off the saddle at full gallop to pick objects off the ground. This card collects a card from a cell it passes without stopping.,hook: on_trigger,movement;class,Movement plus collection in one verb.,,grid-local,x,no,1,carried,refs:107
,Hoop Diving and Chair Stacking,,,Rare,3,"Precision diving through towers of hoops, and chairs balanced to the ceiling - a card that scores for the height of the stack it dives through.",hook: on_score,h;formation,The Chinese source for both the hoop suit and the height coordinate.,,grid-local,h,yes,1,carried,refs:115
,Lion Dance,,,Rare,3,"Two performers inside one lion, pole-jumping in the southern style - two cards that move as one unit.",hook: on_trigger,formation;class,"Paired movement, which is distinct from paired scoring.",,grid-local,x,no,1,carried,refs:117
,Sun Wukong,,,Legendary,8,"The Monkey King's seventy-two transformations - a card that becomes any other card on the board, once per refill.",hook: on_refill,copy;class,"The acrobat role of Chinese opera, and the best copy card available.",,grid-local,cell,no,1,carried,refs:120
,You Meng,,,Rare,3,"The jester of Chu, who impersonated a dead minister so movingly the king restored his family's fortune - a card that copies a card removed from play.",hook: on_trigger,copy;narrative,"Impersonation as advocacy, around 600 BCE.",,grid-local,cell,no,1,carried,refs:121
,Hard Qigong,,,Rare,3,Iron-head and spear-against-throat demonstrations - a card that cannot be destroyed while it is spotlit.,hook: on_spotlight,protection;gamble,Conditioning as armour.,,grid-local,cell,no,1,carried,refs:122
,Money-Suited Cards,,,Rare,3,"Early Chinese decks used currency as suits - coins, strings of coins, myriads.",hook: shop,suit;economy,"The historical precedent for the Gold suit, and the reason it works.",,global,deck,no,1,carried,refs:125
,Daikagura,,,Rare,3,Lion dance and juggling as a Shinto blessing - juggling as literal purification. This card clears every negative status from the line it scores in.,hook: on_score,suit;buff,"Sacred juggling, which recasts the Balls suit entirely.",,grid-local,line,no,1,carried,refs:132
,Kyokugoma,,,Uncommon,2,Edo virtuoso top-spinning; Matsui Gensui toured the West in the 1860s. A spinning card that keeps its effect alive for several refills.,hook: on_refill,movement;prop,A timed effect with a visible spin-down.,,grid-local,cell,no,1,carried,refs:133
,Shokyokusai Tenkatsu,,,Legendary,8,"The superstar female magician of Meiji and Taisho Japan, who ran her own troupe.",hook: on_game_start,leader;class,The Magician leader.,,global,deck,no,1,carried,refs:135
,Karakuri Ningyo,,,Rare,3,Edo clockwork automata - the tea-serving doll that trundles to a guest and waits. A card type that moves itself to a target and stops.,hook: on_refill,type;movement,"Self-moving cards with a destination, not a direction.",,grid-local,x,no,1,carried,refs:136
,Bunraku,,,Epic,5,"Three visible operators animating one puppet, with total audience buy-in - three cards that jointly control a fourth.",hook: on_score,formation;combo,A four-card formation that nothing else in the game resembles.,,grid-local,x,no,1,carried,refs:137
,Sarumawashi,,,Uncommon,2,"Street monkey-trainer performances, a thousand years old - a token that climbs the stack and returns.",hook: on_refill,movement;token,A token with a route rather than a target.,,grid-local,h,yes,1,carried,refs:145
,Mallakhamb,,,Rare,3,"The wrestler's pole - gymnastics performed wrapped around a wooden pole, which makes the column itself the apparatus.",hook: on_score,h;formation,The clearest historical argument that a column is a piece of equipment.,,grid-local,y,no,1,carried,refs:147-151
,The Great Indian Rope Trick,,,Legendary,8,"The most famous trick that probably never existed, largely a newspaper invention of 1890 - a card whose effect is only described, never seen.",hook: on_score,secret;h,A legendary whose whole point is that nobody can prove it happened.,,grid-local,h,yes,1,carried,refs:152
,The Basket Trick,,,Rare,3,A performer vanishes into a basket run through with swords and reappears unharmed in the crowd - a card removed from play that returns to a different cell.,hook: on_refill,protection;movement,"Removal and return, with the swords as the reason it reads as risk.",,grid-local,cell,no,1,carried,refs:153
,The Mango Seed,,,Rare,3,A seed grows into a fruiting tree in minutes under a cloth - a rank-one card that grows while covered.,hook: on_stack_cards,growth;h,An anti-spotlight card that wants to be buried.,,grid-local,h,yes,1,carried,refs:154
,P C Sorcar,,,Legendary,8,"India's great showman-magician, whose 1956 BBC sawing ran past the broadcast cutoff and left a nation believing it had watched a death.",hook: on_trigger,gamble;narrative,"A card whose effect resolves one refill later than expected, on purpose.",,grid-local,cell,no,1,carried,refs:156
,Snake Charming,,,Uncommon,2,"The been and the swaying cobra, which responds to motion rather than to music - a card that pulls another along its column by moving.",hook: on_board_mutated,movement;class,"The correction is the good detail: it follows the instrument, not the tune.",,grid-local,y,no,1,carried,refs:157
,Vidushaka,,,Rare,3,"The Sanskrit-drama jester and Kerala's temple jester-narrator, licensed to mock anyone present.",hook: on_game_start,rule;class,"Another entry in the fool's-licence family, from a different tradition.",,grid-local,grid,no,1,carried,refs:162
,Bed of Nails,,,Uncommon,2,"Ascetic endurance turned spectacle - fire walking and beds of nails recur across Greece, Fiji and India.",hook: on_stack_cards,protection;h,"A card that takes weight without breaking, which the tall-stack family needs.",,grid-local,h,yes,1,carried,refs:163
,Uran Nugaralt,,,Epic,5,"Mongolian contortion, a national art with the world's most celebrated lineage - a card that fits into any cell shape a blind imposes.",hook: on_can_place_stack,movement;formation,The India-Rubber Man's better-sourced sibling.,,grid-local,cell,no,1,carried,refs:165-169
,Rifa'i Demonstrations,,,Rare,3,Skewers and blades passed through flesh without visible harm - faith as proof.,hook: on_trigger,protection;gamble,A protection card whose flavour is conviction rather than equipment.,,grid-local,cell,no,1,carried,refs:172
,Moroccan Acrobats,,,Rare,3,"The Tazeroualt tumbling brotherhood, whose human pyramids and banquine throws toured the world.",hook: on_score,formation;h,The pyramid formation with a specific lineage.,,grid-local,h,yes,1,carried,refs:173
,The Gali-Gali Men,,,Uncommon,2,Egyptian street cups-and-balls masters famed for producing live baby chicks - a card that creates a token wherever it moves.,hook: on_trigger,creation;prop,Production rather than transformation.,,grid-local,cell,no,1,carried,refs:174
,Karagoz and Hacivat,,,Uncommon,2,"The Turkish shadow-play duo - the earthy trickster and the pompous scholar, bickering for five centuries. Two cards that score more when adjacent and argue when apart.",hook: on_score,formation;combo,A pair whose whole value is the pairing.,,grid-local,x,no,1,carried,refs:175
,Zurkhaneh,,,Rare,3,The House of Strength - ritual club-swinging and drumming in an ancient athletic brotherhood.,hook: on_stack_cards,h;protection,"The Strongman family, sourced to a living tradition.",,grid-local,h,yes,1,carried,refs:176
,Darvoz Rope-Walkers,,,Rare,3,Central Asian high-rope dynasties performing at festivals for centuries.,hook: on_trigger,movement;formation,A wire card that crosses between grids rather than within one.,,grid-local,x,no,2+,carried,refs:177
,Griots,,,Epic,5,West African hereditary praise-singers and living archives - a card that remembers everything the run has done and scores for it.,hook: on_game_end,info;persistence,"Memory as a mechanic, and the only card that reads the whole run's history.",,global,deck,no,1,carried,refs:179-183
,Moko Jumbies,,,Rare,3,Carnival stilt-walking guardians who see over evil - a card that sees and protects the whole column beneath it.,hook: on_spotlight,h;protection,Guardianship with a height requirement.,,grid-local,h,yes,1,carried,refs:186
,Danza de los Voladores,,,Epic,5,"Four flyers descend a thirty-metre pole on ropes, circling thirteen times each - a card that descends its stack scoring once per level.",hook: on_trigger,h;formation,"Thirteen circles times four is the solar year, which is a meld waiting to be printed.",,grid-local,h,yes,1,carried,refs:189-193
,Aztec Antipodism,,,Rare,3,"Foot-jugglers spinning logs, documented in 1528 and taken to the court of Charles V - a card that supports and spins the card above it.",hook: on_stack_cards,h;movement,The Risley act's older name and better provenance.,,grid-local,h,yes,1,carried,refs:194
,Rodeo Clown,,,Rare,3,The clown whose real job is drawing the bull away from fallen riders - this card redirects a hazard onto itself.,hook: on_board_mutated,protection;class,The protection family's clearest single card.,,grid-local,x,no,1,carried,refs:198
,Congress of Rough Riders,,,Epic,5,"Buffalo Bill's touring mega-show mixed cowboys, Cossacks and cavalry from everywhere - a card that scores for the number of distinct classes on the whole board.",hook: on_score,combo;class,"The rainbow reward at board scale, and the historical original of the variety show.",,grid-local,line,no,1,carried,refs:199
,The Rattlesnake King,,,Uncommon,2,"Clark Stanley's snake oil, which contained no snake oil - a card sold at a shop whose printed effect is not its real one.",hook: shop,economy;secret,"The medicine show, and the origin of a phrase.",,global,deck,no,1,carried,refs:201
,Wing Walkers,,,Epic,5,Barnstormers and wing-walkers of the 1920s - a card that transfers between grids while both are in motion.,hook: on_trigger,movement;gamble,"A mid-flight transfer, which is the most dangerous move in the file and should score like it.",,grid-local,x,no,2+,carried,refs:205
,Annie Edson Taylor,,,Rare,3,"A sixty-three-year-old teacher, first over Niagara in a barrel, who saw almost no money from it.",hook: on_trigger,gamble;protection,A card that survives an enormous risk and is paid almost nothing - which is worth printing honestly.,,grid-local,cell,no,1,carried,refs:206
,The Great Farini,,,Legendary,8,The Niagara rope-crosser who became an impresario and designed the human-cannonball apparatus.,hook: on_game_start,leader;creation,A leader who builds the props other cards use.,,grid-local,x,no,1,carried,refs:207
,Steve Brodie,,,Rare,3,"Claimed, probably falsely, to have jumped off the Brooklyn Bridge, and became famous anyway - a card that scores for a feat it never performs, unless it is inspected.",hook: on_score,secret;economy,"Fame from an unverified claim, which is the Gaff family's purest case.",,grid-local,cell,no,1,carried,refs:208
,High-Diving Horses,,,Epic,5,"The Steel Pier act, whose rider Sonora Webster continued after being blinded.",hook: on_trigger,h;class,An Animal card that dives the full height of its stack.,,grid-local,h,yes,1,carried,refs:209
,Capoeira,,,Epic,5,"A martial art disguised as dance by enslaved Afro-Brazilians - the roda circle, the berimbau, and a fight the authorities could not see.",hook: on_trigger,movement;secret,The ban-workaround family's founding card. Treat the history with weight.,,grid-local,x,no,1,carried,refs:214-218
,Bumba Meu Boi,,,Rare,3,The folk pageant beneath Parintins - the prize ox is killed and resurrected amid celebration.,hook: on_discard,creation;narrative,"A card that must die to pay out, and comes back.",,grid-local,cell,no,1,carried,refs:221
,Tango,,,Rare,3,"Born in dockside courtyards and brothels, then conquered Paris - the embrace, the lead and the follow.",hook: on_board_mutated,formation;movement,"Two cards that move as a pair, one leading and one following.",,grid-local,x,no,1,carried,refs:227
,Frevo,,,Uncommon,2,Carnival music so frenetic that dancers invented the passo - acrobatics steadied by a tiny umbrella.,hook: on_trigger,movement;prop,A prop that permits a move otherwise illegal. The umbrella is the enabler.,,grid-local,x,no,1,carried,refs:228
,May Wirth,,,Legendary,8,"The Australian equestrienne called the greatest ever, and the only performer landing a backward-backward somersault between horses.",hook: on_trigger,movement;class,A movement card whose whole claim is that only one person ever did it.,,grid-local,x,no,1,carried,refs:239
,Haka and Kapa Haka,,,Rare,3,"The challenge dance, performed at welcomes, funerals and tests, and the competitive group form.",hook: on_score,formation;class,A whole-line card performed in unison. Treat the reference respectfully.,,grid-local,line,no,1,carried,refs:246
,Siva Afi,,,Rare,3,The Samoan fire-knife dance - the ailao war dance armed with a machete wrapped in burning towels.,hook: on_score,suit;prop,"Knives and Flames in one card, which is the dual-suit idea with a real source.",,grid-local,x,no,1,carried,refs:247
,Naghol,,,Epic,5,"Pentecost Island land diving - men dive from thirty-metre towers with vines tied to their ankles, calculated to stop just short.",hook: on_trigger,h;gamble,"The Vine stamp: survive a fall from any height, exactly once.",,grid-local,h,yes,1,carried,refs:248
,Jultagi,,,Rare,3,Korean tightrope walking with stand-up comedy - the walker jokes mid-wire and works the crowd.,hook: on_trigger,movement;class,"An Acrobat card that is also a Clown card, and better for it.",,grid-local,x,no,1,carried,refs:258
,Talchum,,,Rare,3,"Korean masked satire mocking aristocrats and monks, with licence to insult the powerful.",hook: on_game_start,rule;class,"Another fool's-licence card, from a tradition where the licence was explicit.",,grid-local,grid,no,1,carried,refs:259
,Sangmo,,,Uncommon,2,Pungmul drummers spinning long ribbons from swivel-hats while drumming and leaping.,hook: on_trigger,movement;prop,A prop that traces a path over several cells while its card stays put.,,grid-local,x,no,1,carried,refs:260
,Reog Ponorogo,,,Epic,5,A dancer carries a fifty-kilogram lion-peacock mask gripped in his teeth.,hook: on_stack_cards,h;protection,The Iron Jaw card with the heaviest documented load.,,grid-local,h,yes,1,carried,refs:262
,Kuda Lumping,,,Rare,3,"Javanese trance horse-dancers on woven bamboo horses, who in trance eat glass.",hook: on_trigger,status;gamble,A status that grants immunity and costs control.,,grid-local,cell,no,1,carried,refs:263
,Kecak,,,Epic,5,"The monkey chant - a hundred bare-chested men as a single interlocking voice-orchestra, devised in the 1930s.",hook: on_score,formation;combo,A line where every card contributes one interlocking part and none scores alone.,,grid-local,line,no,1,carried,refs:265
,Water Puppetry,,,Rare,3,Vietnamese puppets dance on a pond while the puppeteers stand waist-deep behind a screen.,hook: on_spotlight,h;spotlight,Hidden but active - the anti-spotlight family with the prettiest staging.,,grid-local,h,yes,1,carried,refs:266
,Likay,,,Uncommon,2,"Glitter-drenched improvised Thai folk theatre, where audiences pin money on performers mid-scene.",hook: on_score,economy;juice,Tips arriving during the act rather than after it.,,grid-local,cell,no,1,carried,refs:268
,Wau Bulan,,,Uncommon,2,Malaysian giant moon-kites with hummers that sing in the wind.,hook: on_score,prop;movement,A prop that stays aloft over a column and hums until it lands.,,grid-local,y,no,1,carried,refs:272
,Steelpan,,,Epic,5,"When drums were banned, Trinidadians hammered melody out of oil barrels and invented an instrument.",hook: on_game_start,creation;secret,The ban-workaround family's best outcome - a restriction that produces something new.,,global,deck,no,1,carried,refs:282
,Dubplate,,,Rare,3,"Jamaican sound systems battle for crowds, and the ammunition is the dubplate - an exclusive cut nobody else has.",hook: shop,economy;secret,"A card that exists in one copy in one run, and is worth more for it.",,global,deck,no,1,carried,refs:285
,Rara,,,Uncommon,2,Haitian Lenten street processions with bamboo vaksin trumpets - bands walk for miles gathering crowds.,hook: on_board_mutated,movement;combo,A card that collects other cards as it travels a row.,,grid-local,x,no,1,carried,refs:286
,Castells,,,Legendary,8,"Catalan human towers up to ten levels, crowned by the enxaneta - a small child who climbs to the very top and raises a hand.",hook: on_score,h;formation,The crown rule is the mechanic: the smallest card must top the tower for it to count.,,grid-local,h,yes,1,carried,refs:291-295
,Las Fallas,,,Epic,5,"Valencian neighbourhoods spend a year building enormous satirical sculptures and then burn every one, except a single pardoned ninot.",hook: on_game_end,destruction;growth,"Build-to-burn, with one survivor chosen by vote. Investment that pays out on destruction.",,grid-local,grid,no,1,carried,refs:296
,Recortadores,,,Rare,3,Spanish bull-leaping - dodging and vaulting the bull with no harm done to it.,hook: on_trigger,movement;gamble,"The Minoan act, still performed, and the humane version of the Bullfight card.",,grid-local,x,no,1,carried,refs:297
,The Costaleros,,,Rare,3,Monumental Holy Week floats carried through cities by hidden bearers sweating underneath.,hook: on_stack_cards,h;formation,Covered cards add their rank to the card they carry - the anti-spotlight family's best mechanic.,,grid-local,h,yes,1,carried,refs:299
,Fado,,,Rare,3,"Portuguese song as performed longing - mourning what is gone, as public art.",hook: on_game_end,persistence;narrative,A card that scores for what the run has lost rather than for what it holds.,,global,deck,no,1,carried,refs:300
,Czech Marionettes,,,Rare,3,"Under occupation, puppets kept the Czech language and its satire alive when people could not speak.",hook: on_game_start,secret;rule,"The ban-workaround family, again, and its most literal case.",,global,deck,no,1,carried,refs:303
,Hopak,,,Uncommon,2,"The Ukrainian squat-kick acrobatic dance - explosive, competitive and showy.",hook: on_trigger,movement;h,A burst move that launches a card upward one level.,,grid-local,h,yes,1,carried,refs:306
,The Bauta,,,Rare,3,The Venetian mask that let all classes mingle anonymously - nobles gambled beside servants.,hook: on_score,stamp;secret,"A stamp that hides a card's rarity, which several blinds care about.",,grid-local,cell,no,1,carried,refs:308
,Gumboot Dance,,,Rare,3,South African miners forbidden to speak invented a slap-and-stamp boot code.,hook: on_score,secret;combo,A card that communicates with others in its line while an effect silences them.,,grid-local,line,no,1,carried,refs:311-315
,Azmari,,,Rare,3,Ethiopian wandering minstrels famed for wax and gold - lyrics with a surface meaning and a hidden one.,hook: on_score,secret;info,A card whose printed text says one thing and whose real effect is the other.,,grid-local,cell,no,1,carried,refs:316
,Sogo Bo,,,Rare,3,Malian puppet-masquerade festivals of animal spirits on the Niger - whole ecosystems danced.,hook: on_trigger,creation;class,A card that spawns a set of Animal tokens that interact with each other.,,grid-local,x,no,1,carried,refs:317
,Ajaraaq,,,Uncommon,2,Inuit string figures - story-patterns woven between the hands.,hook: on_score,formation;narrative,A card that scores for the shape the board makes rather than for its values.,,grid-local,x,no,1,carried,refs:321
,Flyer and Catcher,,,Epic,5,"The trapeze duet - one throws, one catches, and trust is the art form.",hook: on_score,formation;combo,Two cards where one launches and the other must be in position to receive.,,grid-local,x,no,1,carried,refs:332
,Iron Jaw and Hair Hang,,,Rare,3,"Aerialists suspended by their teeth, or by braided hair in the Chinese tradition.",hook: on_stack_cards,h;protection,"Two support cards from one act, differing in what they can carry.",,grid-local,h,yes,1,carried,refs:333
,The Aerial Family,,,Uncommon,2,"Cloud swing, corde lisse, Spanish web and silks - the rope-and-fabric family.",hook: on_trigger,movement;prop,Four movement cards distinguished by how far and how controllably they descend.,,grid-local,y,no,1,carried,refs:334
,Philippe Petit,,,Legendary,8,"The illegal 1974 wire-walk between the Twin Towers, prepared in secret for years.",hook: on_trigger,movement;secret,A cross-grid walk that must be set up over several refills before it can be taken.,,grid-local,x,no,2+,carried,refs:335
,Karl Wallenda,,,Legendary,8,"The patriarch who walked until seventy-three and died on the wire - being on the wire is life, the rest is waiting.",hook: on_game_start,leader;gamble,"A leader who cannot stop performing, and is penalised for a refill spent idle.",,grid-local,x,no,1,carried,refs:336
,Maria Spelterini,,,Epic,5,Crossed Niagara on a wire in 1876 with peach baskets strapped to her feet.,hook: on_trigger,movement;gamble,A movement card with a self-imposed handicap that multiplies the payout.,,grid-local,x,no,1,carried,refs:337
,Enrico Rastelli,,,Legendary,8,"The god of jugglers, who trained obsessively and died at thirty-four, and whose records are still argued about.",hook: on_game_start,leader;suit,"The Balls-suit leader, whose signature is sheer count.",,grid-local,line,no,1,carried,refs:339-343
,Paul Cinquevalli,,,Rare,3,The Victorian greatest juggler - billiard balls and everyday objects handled with elegance.,hook: on_score,suit;prop,A card that treats any adjacent card as a prop it can juggle.,,grid-local,cell,no,1,carried,refs:344
,Gentleman Jugglers,,,Uncommon,2,"Kara and the immaculate evening-dress school - hats, canes and cigars, the everyday made impossible.",hook: on_score,suit;prop,Props drawn from ordinary cards rather than from the suit.,,grid-local,x,no,1,carried,refs:345
,W C Fields,,,Rare,3,The vaudeville tramp juggler whose fake mistakes got bigger laughs than his tricks.,hook: on_trigger,gamble;joke,The Deliberate Wobble card's American source.,,grid-local,cell,no,1,carried,refs:346
,Kris Kremo,,,Rare,3,Cigar-box virtuosity - three boxes and decades of variations.,hook: on_trigger,h;movement,Rearrange three cards in a stack in a single action.,,grid-local,h,yes,1,carried,refs:347
,The Manipulation Family,,,Common,1,"Devil sticks, poi and staff - the object-manipulation family across cultures, poi from Maori tradition.",hook: on_score,prop;suit,"Three common prop cards, with the poi entry carrying its provenance.",,grid-local,cell,no,1,carried,refs:350
,Louis Cyr's Backlift,,,Epic,5,The Canadian who back-lifted a platform of eighteen men - this card scores for every card resting above it.,hook: on_score,h;formation,The purest anti-spotlight card: it wants to be buried under as much as possible.,,grid-local,h,yes,1,carried,refs:357
,Katie Sandwina,,,Rare,3,Bent iron bars and lifted her husband overhead nightly for decades - carries one card without it counting as covering.,hook: on_stack_cards,h;protection,Support that does not block the spotlight.,,grid-local,h,yes,1,carried,refs:359
,The Mighty Atom,,,Rare,3,"A five-foot-four strongman who bit through nails, restrained aircraft and broke chains with his chest.",hook: on_score,rank;protection,A low-rank card that behaves as a high one for every strength check.,,grid-local,cell,no,1,carried,refs:360
,Hadji Ali,,,Epic,5,"The regurgitation act - swallowed water and kerosene and fountained them separately, extinguishing and reigniting a fire.",hook: on_trigger,suit;prop,A card that stores two effects and releases them in either order.,,grid-local,y,no,1,carried,refs:366
,The Mirror Shot,,,Rare,3,"Sharpshooters firing over the shoulder using a mirror, as Oakley and Topperwein did.",hook: on_trigger,info;gamble,A card that targets by reflection - the cell mirrored across the grid's centre.,,grid-local,x,no,1,carried,refs:374
,Buried Alive reference,,,Rare,3,"The fakir tradition and Houdini's last stunts - interment endurance, which Houdini nearly died failing.",hook: on_game_end,h;gamble,"The Buried Alive card's source, with the failure included.",,grid-local,h,yes,1,carried,refs:376
,The Escape Chain,,,Epic,5,"The Water Torture Cell - upside down, ankles locked, and a series of restraints that must be undone in order.",hook: on_refill,protection;timing,"Several restrictions removed one per refill, which is a quest inside one card.",,grid-local,cell,no,1,carried,refs:377
,Fire Acts,,,Rare,3,"Fire eating, fire breathing and full-body burns - vaporised-fuel plumes and stunt burns, the least forgiving discipline there is.",hook: on_score,suit;gamble,The Flames suit's most dangerous tier.,,grid-local,y,no,1,carried,refs:378
,Edith Clifford,,,Epic,5,Swallowed a bayonet mounted on a rifle butt while the band played.,hook: on_trigger,h;destruction,The Sword Swallower card's specific and astonishing source.,,grid-local,h,yes,1,carried,refs:379
,The Globe of Death,,,Epic,5,Motorcyclists riding vertical walls and mesh spheres - a card that circles its column continuously without leaving it.,hook: on_refill,movement;formation,"Centrifugal movement, which is a loop rather than a path.",,grid-local,y,no,1,carried,refs:380
,Zazel,,,Rare,3,"The first human cannonball, 1877, and the Zacchini family who made it a dynasty with compressed air and faked smoke.",hook: on_trigger,movement;prop,"The Human Cannonball card's source, including the fact that the explosion was theatre.",,grid-local,x,no,2+,carried,refs:381
,Human Blockhead,,,Common,1,"Melvin Burkhart hammering a nail into his nasal cavity, with comedy timing rather than gore.",hook: on_trigger,joke;destruction,A cheap card whose delivery is the whole act.,,grid-local,cell,no,1,carried,refs:382
,Grock reference,,,Epic,5,"The Swiss king of clowns, whose musical virtuosity was perpetually defeated by furniture.",hook: on_trigger,class;copy,Provenance for the Grock card.,,grid-local,cell,no,1,carried,refs:391
,Isaac Fawkes,,,Rare,3,The 1720s fairground conjurer who died rich on the egg bag and the blooming apple tree.,hook: on_trigger,creation;economy,A card that produces cards indefinitely and made its owner wealthy - the economy engine with a face.,,global,deck,no,1,carried,refs:410
,Matthew Buchinger,,,Legendary,8,"Born without hands or legs; a virtuoso magician, marksman and micrographic calligrapher who hid psalms inside the curls of his own portrait.",hook: on_score,secret;art,"A card with a secret written into its art, discoverable only by looking closely.",,grid-local,cell,no,1,carried,refs:411
,Robert-Houdin,,,Legendary,8,"The watchmaker who invented modern magic - evening dress instead of robes, mechanical marvels, and the whole grammar of the stage.",hook: on_game_start,leader;class,"The Magician leader, and the clockwork theme's origin.",,grid-local,cell,no,1,carried,refs:412
,The Great Wizard of the North,,,Rare,3,"John Henry Anderson, a pioneer of publicity, ruined three times by theatre fires and rebuilding each time.",hook: on_game_end,economy;gamble,A card that returns stronger after each run it loses.,,global,none,no,1,carried,refs:414
,Adelaide Herrmann,,,Legendary,8,"The great Herrmann died mid-tour and Adelaide took over the show, performing for decades after.",hook: on_game_end,leader;persistence,"A leader who inherits - when your leader is lost, this one takes the run over.",,global,none,no,1,carried,refs:417
,Harry Blackstone Sr,,,Epic,5,The vanishing birdcage and the floating lightbulb - and the night he calmly evacuated a burning theatre by pretending it was part of the act.,hook: on_game_end,protection;narrative,A card that turns a disaster into a performance and scores for it.,,grid-local,grid,no,1,carried,refs:420
,Cardini,,,Epic,5,"Endless fans of cards materialising at the fingertips of a bemused, tipsy gentleman.",hook: on_refill,creation;class,A card that produces another card every refill and appears surprised each time.,,grid-local,x,no,1,carried,refs:421
,The Zancigs,,,Rare,3,Two Minds with but a Single Thought - a husband-and-wife second-sight code act.,hook: on_score,info;combo,Two cards in different grids that share information and score together.,,grid-local,x,no,2+,carried,refs:424
,Arthur Lloyd,,,Legendary,8,"The Human Card Index, who could produce any requested card or document from his forty pockets.",hook: on_trigger,deck-manip;info,"The perfect tutor, already drafted from the game notes and confirmed here.",,global,deck,no,1,carried,refs:425
,P T Selbit,,,Rare,3,"Invented sawing a woman in half in 1921, and walking through a wall.",hook: on_trigger,creation;movement,Provenance for two cards the draft already names.,,grid-local,cell,no,1,carried,refs:426
,Channing Pollock,,,Rare,3,The elegant dove worker who made bird production high art.,hook: on_score,creation;class,A card that produces an Animal token each time it scores.,,grid-local,x,no,1,carried,refs:428
,Vanishing the Statue,,,Legendary,8,Copperfield vanished the Statue of Liberty in 1983 - the largest illusion ever staged.,hook: on_trigger,destruction;secret,"Remove an entire grid from view for one refill, and bring it back untouched.",,grid-local,grid,no,2+,carried,refs:430
,Ricky Jay,,,Legendary,8,"Card-throwing lethality, fifty-two assistants, and the scholarship of forgotten performers.",hook: on_trigger,destruction;prop,"A card thrown as a weapon along a row, which is the knife suit with a deck instead.",,grid-local,x,no,1,carried,refs:432
,The Fox Sisters,,,Rare,3,"Spiritualism was born in 1848 from two girls cracking their toe joints, and Margaret confessed forty years later.",hook: on_score,secret;narrative,"A card whose enormous effect is revealed as a trick, and stops working once exposed.",,grid-local,cell,no,1,carried,refs:435-439
,Spirit Photography,,,Rare,3,"Mumler's double-exposure ghosts, and cheesecloth ectoplasm - a card that shows a faint copy of a card removed from play.",hook: on_score,copy;secret,"Fakery that produces something genuinely useful, which is the Gaff family's best form.",,grid-local,cell,no,1,carried,refs:441
,Waxworks,,,Uncommon,2,"Madame Tussaud's death-mask realism as touring spectacle, and the Chamber of Horrors.",hook: on_game_end,type;hazard,"The Wax type, sourced - it melts near Flames because wax does.",,grid-local,y,no,1,carried,refs:460
,Zoltar,,,Uncommon,2,Coin-op prophecy cabinets of the penny arcade.,hook: shop,info;consumable,A machine that sells you one prediction per show.,,global,deck,no,1,carried,refs:461
,The Ace of Spades,,,Rare,3,"English decks paid duty through an ornate official ace, and forging it was a hanging offence.",hook: shop,stamp;economy,"A stamp that proves a card is legitimate, and a Forged Ace that pretends.",,global,deck,no,1,carried,refs:473
,The Joker,,,Rare,3,"Born as Euchre's Best Bower, the deck's newest card, later adopted by magicians and printers as a signature.",hook: on_score,rank;copy,"The wild rank, with its actual history rather than its assumed one.",,grid-local,line,no,1,carried,refs:474
,George Devol,,,Legendary,8,"The Mississippi riverboat sharp of Forty Years a Gambler, who head-butted opponents like a battering ram.",hook: on_game_start,leader;gamble,A Gambler leader whose signature is that losses cost less.,,global,deck,no,1,carried,refs:483
,Poker Alice,,,Legendary,8,The frontier's famous female dealers - Poker Alice and Madame Moustache.,hook: on_game_start,leader;gamble,A Gambler leader for a gambling-focused deck.,,global,deck,no,1,carried,refs:485
,Escape Map Decks,,,Legendary,8,The US Playing Card Company hid escape maps inside cards sent to prisoner-of-war camps in the Second World War.,hook: on_trigger,secret;map,"A card that reveals a hidden route on the map when peeled apart, once.",,global,deck,no,1,carried,refs:489
,The Mitt Camp,,,Uncommon,2,"Palmistry, tasseography and phrenology - the midway's pseudo-sciences.",hook: map,info;class,"Fortune Teller class flavour, with the honest note that none of it worked.",,global,none,no,1,carried,refs:491-497
,The Brass Ring,,,Rare,3,"Carousel riders grabbed at a brass ring for a free ride, an idea born from cavalry lance training.",hook: on_trigger,movement;economy,Reach out from a moving card to claim a bonus - the origin of grabbing the brass ring.,,grid-local,x,no,1,carried,refs:499
,The 24-Hour Man,,,Uncommon,2,The advance agent marking tomorrow's route on poles and fences.,hook: map,map;info,Reveals the next node's blind a show early.,,global,none,no,1,carried,refs:514
,The Greek Chorus,,,Rare,3,"The ensemble that watches, comments and warns - inside the story and outside it.",hook: on_score,info;combo,A card that scores for what other cards do without ever acting itself.,,grid-local,line,no,1,carried,refs:538
,Thalia and Melpomene,,,Rare,3,"The comedy and tragedy masks, worn as one symbol.",hook: on_score,copy;narrative,"A card with two effects, one for a winning board and one for a losing one.",,grid-local,cell,no,1,carried,refs:539
,The Prima Donna,,,Epic,5,The diva whose demands reorganise the whole company - the strongest card scores double and every other card scores less.,hook: on_score,scoring;restriction,A card that is worth building around and painful to build around.,,grid-local,grid,no,1,carried,refs:543
,The Encore Exit,,,Rare,3,"Leave the stage, be called back, return bigger - voluntarily discard this card to have it return next refill at double value.",hook: on_discard,timing;score,The encore as a mechanic rather than as a chance.,,grid-local,cell,no,1,carried,refs:547
,He's Behind You,,,Uncommon,2,British panto's sacred contract - the crowd screams warnings the performer pretends not to hear.,hook: on_board_mutated,info;class,A card that is warned about an incoming hazard and may choose to ignore it.,,grid-local,x,no,1,carried,refs:549
,The Heel Turn,,,Epic,5,The beloved hero's betrayal - the loudest story wrestling tells.,hook: on_score,narrative;class,A card that flips alignment mid-run and rewrites its own effect.,,grid-local,cell,no,1,carried,refs:564
,The Jobber,,,Common,1,The designated losers - the Washington Generals lost over thirteen thousand games to the Globetrotters.,hook: on_score,economy;class,"A card whose job is to lose, and which pays the card that beats it.",,grid-local,cell,no,1,carried,refs:567
,The Blind Spot,,,Rare,3,The folding chair behind the referee's back - cheating as choreography.,hook: on_trigger,secret;rule,A card that may break one rule while a specific other card is not looking.,,grid-local,x,no,1,carried,refs:569
,The Manager,,,Uncommon,2,The talker who carries the silent monster's story - this card cues the card beside it.,hook: on_trigger,meta-effect;class,"Delegated activation, which the charge system already supports.",,grid-local,x,no,1,carried,refs:570
,Brown M and Ms,,,Rare,3,Van Halen's rider clause existed to test whether venues had actually read the safety requirements.,hook: on_game_start,info;protection,A card that detects whether a blind was read - and warns you if it was not.,,global,none,no,1,carried,refs:581
,The Pose,,,Rare,3,"Voguing - battle dance built from magazine poses, frozen glamour as combat.",hook: on_trigger,formation;combo,Hold a formation for a refill to score it again.,,grid-local,cell,no,1,carried,refs:598
,Butoh,,,Rare,3,"The post-war dance of darkness - white-painted, glacially slow, transformative.",hook: on_refill,status;narrative,A card that changes by one small degree every refill and is unrecognisable by the end.,,grid-local,cell,no,1,carried,refs:602
,Marcel Marceau,,,Legendary,8,"Bip, the world's mime - and before that a Resistance member who used mime to keep hidden children silent as he led them to safety.",hook: on_board_mutated,protection;narrative,A card that escorts other cards safely past a hazard. One of the five stories worth full flavour text.,,grid-local,x,no,1,carried,refs:609
,Edgar Bergen,,,Rare,3,"A ventriloquist who became the number one act on radio - a skill rendered pointless by the medium, and a star anyway.",hook: on_score,joke;copy,A card whose stated advantage does not apply and which scores regardless.,,global,none,no,1,carried,refs:611
,The Throw,,,Rare,3,Making the voice live somewhere else - cue a card's effect to resolve at a different cell.,hook: on_trigger,movement;meta-effect,Relocating an effect without relocating its card.,,grid-local,x,no,2+,carried,refs:612
,The Nantes Giants,,,Legendary,8,Building-sized marionettes walked through cities by teams of Lilliputians on ropes.,hook: on_refill,movement;formation,A card so large it occupies several cells and is moved by the cards around it.,,grid-local,grid,no,2+,carried,refs:613
,The Statue,,,Uncommon,2,The street performer who scores by not moving - this card gains points for every refill it is untouched.,hook: on_refill,persistence;score,The counterweight to a board that rewards constant action.,,grid-local,cell,no,1,carried,refs:616
,The Stunt Double,,,Rare,3,"Yakima Canutt invented modern stunt craft, including the Ben-Hur chariot race, so that stars could survive their own films.",hook: on_board_mutated,protection;copy,A card that takes a destructive effect in another card's place.,,grid-local,x,no,1,carried,refs:626
,Guy Laliberte,,,Legendary,8,A fire-breathing stilt-walker busking in Quebec who built the world's biggest circus and then bought a seat on a rocket.,hook: on_game_start,leader;economy,"The busker-to-space progression arc, as a leader whose scaling never stops.",,global,none,no,1,carried,refs:640
,David Blaine,,,Epic,5,"Buried alive, frozen in ice, forty-four days fasting in a box over the Thames - the hunger artist with a live feed.",hook: on_refill,persistence;gamble,An endurance card that scores for refills survived doing nothing.,,grid-local,cell,no,1,carried,refs:642
,Controlled Props,,,Rare,3,"Carson, an ex-magician briefed by Randi, supplied his own props and the spoon-bending did not happen.",hook: on_card_placed,protection;info,A card that neutralises a deception card by insisting on its own conditions.,,grid-local,cell,no,1,carried,refs:645
,Shin Lim,,,Legendary,8,Close-up card magic - just cards - winning the biggest talent show on television.,hook: on_score,class;score,"A card with no props, no class synergies and an enormous ceiling.",,grid-local,cell,no,1,carried,refs:646
,The Golden Buzzer,,,Rare,3,"One judge's press sends an act straight through, with confetti falling.",hook: map,map;consumable,Skip a node and take its reward.,,global,none,no,1,carried,refs:647
,The Vocaloid,,,Legendary,8,A synthetic idol whose songs are written by thousands of fans - a performer made of the audience.,hook: on_game_start,creation;collection,A card whose effect is assembled from every other card you own.,,global,deck,no,1,carried,refs:651
,The Flash Mob,,,Rare,3,Sudden coordinated performance in public space - assembly is the trick.,hook: on_trigger,formation;creation,Several token cards appear at once in a formation and vanish after one refill.,,grid-local,grid,no,1,carried,refs:655
,The 900,,,Epic,5,"Two and a half rotations, which took eleven public failures first.",hook: on_trigger,gamble;persistence,"A card that must fail several times before it can succeed, and remembers how many.",,grid-local,cell,no,1,carried,refs:657
,Competitive Cheer,,,Rare,3,Basket tosses and human pyramids under judging panels.,hook: on_score,h;formation,"The castell mechanic, judged - the formation must be held to be scored.",,grid-local,h,yes,1,carried,refs:658
,Drone Swarm,,,Epic,5,"Thousands of drones replacing fireworks, drawing pictures on the night sky.",hook: on_score,formation;prop,Props that arrange themselves into a shape above the whole board.,,grid-local,grid,no,2+,carried,refs:659
,Love is in the Bin,,,Epic,5,"The painting that shredded itself the moment it was auctioned, and doubled in value.",hook: shop,destruction;economy,The Shredder card - self-destructs when sold and pays double for it.,,global,deck,no,1,carried,refs:666
,Competitive Eating,,,Rare,3,Technique doubled the hot-dog record overnight - spectacle sport from pure method.,hook: on_card_dropped_on,destruction;growth,A consumption card that gets faster the more it eats.,,grid-local,cell,yes,1,carried,refs:670
,Scare Acting,,,Uncommon,2,"A seasonal profession built on timing, safety and the art of the near-touch.",hook: on_board_mutated,timing;class,"A card that threatens an adjacent card without ever destroying it, and scores for the fright.",,grid-local,x,no,1,carried,refs:673
,Found-Object Percussion,,,Rare,3,Blue Man Group and Stomp - junk becomes the orchestra.,hook: on_score,prop;combo,A card that turns every prop card in its line into a scoring instrument.,,grid-local,line,no,1,carried,refs:674-680
,Avalanche filed,,,Epic,5,"After scoring, every card on the board attacks the scoreboard, reducing the goal by the number of cards.",hook: on_game_end,scoring;destruction,"The prototype for every goal-manipulating effect, and still the only one.",,grid-local,board,yes,1,carried,doc:195-199
