name,kind,scope,axis,height,grids,rarity,groups,effect,trigger,note,source,status
Soltāro,Meta,global,none,no,1,-,identity;title,The show is named Soltāro - solitaire plus Balatro plus the Latin for sun. The title card is itself a card in the menu troupe wagon.,menu,Keep one canonical spelling with the macron; the ASCII fallback Solatro is the project folder name only.,draft:1,carried
The Greatest Deck on Earth,Meta,global,none,no,1,-,identity;title;flavor,"Alternate show billings the marquee cycles through - Cardaganza, Circustaire, Showitaire, Patience-mania. The marquee picks one per run as the tour's poster.",on_game_start,Free flavor variety; the Barnum habit of stuffing titles into a circus name is authentic and already in the references.,draft:2,carried
Void Symphony cue,Audio,global,none,no,1,-,audio;reference,"Reference track for the between-shows map theme - sparse, patient, no percussion until a node is entered.",map,"Reference only, never shipped audio.",draft:3-5,carried
Neon Nightlife cue,Audio,global,none,no,1,-,audio;reference,"Reference track for the show itself - the midway at night, driving and warm.",on_game_start,Reference only. Pairs with the warm-foreground palette rule.,draft:6,carried
Balatro-with-solitaire pillar,Meta,global,none,no,1,-,identity;pillar,"The founding compression - Balatro's joker economy on a solitaire board. The grid overhaul keeps it: poker hands are still the meld vocabulary, effects are still the engine.",design,Survives the grid pivot untouched; it is the reason poker hands stayed when the tableau went.,draft:7,carried
Zachtronics and Hempuli study,Meta,global,none,no,1,-,reference;solitaire,Study set for solitaire variants that carry a rules twist rather than a card twist - the Zachtronics collection and Hempuli's solitaire mystery.,design,"Both are rules-deck arguments: change one rule, get a new game. That is what the rule deck is for.",draft:8,carried
Deck-click drop-down,Rule,grid-local,y,no,1,-,superseded;entrance,Every click of the deck dropped a new row of cards into the board and spent a round.,on_next,"SUPERSEDED by the grid - cards are placed by hand, nothing drops, and the Next button is gone.",draft:13,superseded
Free-space score slot,Rule,grid-local,cell,no,1,-,revived;cell,The old score slot doubled as free parking between deck clicks. Revived as a grid cell that a blind or rule card marks reserved - it holds one card out of scoring until released.,on_card_placed,"Revived by the grid, not carried: a reserved cell is a cell that scores nothing until the rule card frees it.",draft:14,revived
Entrance mulligan,Rule,global,none,no,1,-,entrance;discard,Click cards in the Entrance and press discard to throw them back; the Entrance refills from the deck in random slot order.,on_refill,The discard-as-engine essay's core ask. Costs a limited resource so it is not free filtering.,draft:17,carried
Entrance reorder,Rule,global,x,no,1,-,entrance;order,"Drag cards within the Entrance to change which column each one starts nearest. Order is information, not power.",on_refill,Cheap comfort that becomes strategy once effects care which Entrance slot a card sat in.,draft:18,carried
Balatro chassis,Meta,global,none,no,1,-,reference;economy,"Jokers, consumables, shops, blinds and vouchers are taken as proven shapes and reskinned rather than reinvented.",design,The explicit instruction not to redesign solved problems. Blinds are the newest import.,draft:21,carried
Starting decks,Deck,global,deck,no,1,-,deck;identity,"Each starting deck sets the initial card list AND the rule cards the run begins with, so a deck is a ruleset as much as a card list.",on_game_start,The rule deck makes this nearly free - a deck is a different rules deck.,draft:22,carried
Face cards count ten,Rank,grid-local,none,no,1,Common,rank;count,"An optional rank rule where every face card counts as 10 for any summing meld - cribbage fifteens, the 20-30 row objective, the 31 count.",on_score,Only matters once a summing meld exists; ships with The Fifteen and the rank-sum blinds.,draft:25,carried
Fifteens,Meld,grid-local,line,no,1,Uncommon,meld;cribbage,"Any set of cards in one scored line summing to exactly 15 banks a flat bonus, once per distinct set.",on_score,Cribbage's engine. Explicitly demoted from a default rule to an ability by a later draft line.,draft:30,carried
Thirty-ones,Meld,grid-local,line,no,1,Uncommon,meld;cribbage,Any set of cards in one scored line summing to exactly 31 banks a larger flat bonus.,on_score,The blackjack-adjacent sibling of fifteens; rarer because 31 is harder to reach in five cards.,draft:31,carried
Pair meld,Meld,grid-local,line,no,1,Common,meld;poker,Two cards of equal rank in a scored line. The floor of the poker table and the unit the pair-count blinds count.,on_score,Already implemented by the poker evaluator; listed so blind objectives have a name to cite.,draft:32,carried
Triple meld,Meld,grid-local,line,no,1,Common,meld;poker,Three of a kind in a scored line.,on_score,Implemented.,draft:33,carried
Quad meld,Meld,grid-local,line,no,1,Uncommon,meld;poker,Four of a kind in a scored line - in a five-card line this leaves exactly one odd card.,on_score,Implemented. The mahjong hands reuse this shape across a whole grid.,draft:34,carried
Run meld,Meld,grid-local,line,no,2+,Common,meld;poker,A consecutive rank sequence of three to seven cards. Lengths above five only exist on a long row spanning grids.,on_score,The long-row rule is what makes runs longer than five reachable at all.,draft:35,carried
Magic deck,Deck,global,deck,no,1,-,deck;variant,Every suit is an element and lines score as spells - a completed line of matching elements fires a spell instead of a poker hand.,on_score,A rules-deck swap of the meld evaluator; the cleanest proof the rule deck earns its keep.,draft:38,carried
Survivor deck,Deck,global,deck,no,1,-,deck;variant,"Suits become supplies - food, water, blade, shelter - and a line scores by how balanced its supply mix is, punishing flushes.",on_score,The anti-flush deck. Pairs with the no-flush blind objective.,draft:39,carried
Number cards then face cards,Map,global,none,no,1,-,map;progress,"The tour's first half is number-ranked nodes; face-ranked nodes only open once the numbers are cleared, and they are the bosses.",map,"Deadman Wonderland's stage gate, and a clean way to make face cards mean something on the map.",draft:46,carried
Card-marked map nodes,Map,global,none,no,1,-,map;node,"Every map location is a single card - its suit is the kind of encounter, its rank the difficulty.",map,Already how the worldgen graph wants to be labelled; the card IS the node data.,draft:47-48,carried
Minesweeper reveal map,Map,global,none,no,1,-,map;reveal,The whole tour starts face down. You may only enter a node adjacent to one already revealed; entering reveals its neighbours.,map,"Fog of war the player clears by playing, not by buying vision.",draft:49,carried
Sevens are shops,Map,global,none,no,1,-,map;economy,"Every rank-7 node on the map is a trading hall, so the player can read the map's economy at a glance.",map,Rank-as-node-type; makes the map legible without inventing icons.,draft:50,carried
Rank probability rings,Map,global,none,no,1,-,map;generation,"The map generates as concentric rings of rank probability - higher ranks cluster toward the centre, so distance from the middle reads as danger.",map,Fits the worldgen graph bake and gives the route a shape to plan against.,draft:51,carried
Revealed cards act,Rule,grid-local,cell,no,1,-,spotlight;rule,Any card whose face is visible runs its effects; a face-down card runs nothing until something reveals it.,on_board_mutated,The blind that starts a face-down card on the board depends on this rule existing.,draft:56,carried
Grab from anywhere,Rule,grid-local,cell,yes,1,-,movement;rule,A stack may be lifted from any cell; an illegal stack may only be returned where it came from or sent to the Entrance.,on_can_grab_stack,"In the grid game placement is one-way by default, so this is an effect-granted verb rather than a rule.",draft:59,revived
Booking the next entrance,Skill,global,deck,no,1,Rare,deck-manip;map,"Clicking a card on the map sends it to the top of the deck, so it is the first Entrance card of the next show.",map,Lets the map shape the opening hand - a planning tool rather than a power spike.,draft:64,carried
Cards are currency,Economy,global,deck,no,1,-,economy;shop,There is no gold. A card's price is paid in cards drawn at random from your deck to the value of the price.,shop,The thinning pressure IS the economy. Keeps the deck honest without a separate cut-a-card service.,draft:65,carried
Gold card,Type,global,deck,no,1,Common,type;economy;token,Heavy denomination card - always sinks to the bottom of the deck after a shuffle and is only useful at a shop.,on_game_start,Implemented as TypeHeavy plus a token. Dead weight in the Ring is the price of being money.,draft:66,carried
Frankenstein,Skill,grid-local,h,yes,1,Rare,combo;destruction,Cue - merge this card with the cards directly above and below it into one three-rank card that keeps every stamp; the merged card stays in its cell.,on_trigger,Height makes this readable at last: the merge is visibly three storeys collapsing into one.,draft:67;random:2-17,revived
Sliced Bread,Skill,grid-local,h,yes,1,Uncommon,combo;count,"When this card scores, gain a point for every card between it and the nearest same-suit card further down its stack.",on_score,Reads perfectly on a vertical stack; on the old tableau it was invisible.,draft:68,revived
Double Trigger stamp,Stamp,grid-local,none,no,1,Uncommon,stamp;combo,This card's effects trigger twice.,on_trigger,Implemented as StampDoubleTrigger. The workhorse stamp.,draft:71-72;random:2-0,implemented
Revealing stamp,Stamp,grid-local,h,yes,1,Uncommon,stamp;spotlight,Triggers even while covered by cards above it in its stack.,on_trigger,Implemented as StampRevealing. Height stacking is exactly what makes it valuable now.,draft:73;random:3-0,implemented
Deck trigger stamp,Stamp,global,deck,no,1,Rare,stamp;deck-manip,This card's skill fires while it is still in the draw deck; the trigger animates above the deck slot so it is visible.,on_anything,Global by definition - a card in the deck belongs to no grid.,draft:74;random:4-0,carried
Brass Check stamp,Stamp,global,deck,no,1,Uncommon,stamp;economy,"On trigger, mint one Gold card onto the top of the deck.",on_trigger,The money-on-trigger seal with a circus name. Global because it writes to the deck.,draft:75;random:5-0,carried
Heavy type,Type,global,deck,no,1,Common,type;deck-manip,Sinks to the bottom of the deck on every shuffle.,on_game_start,Implemented as TypeHeavy.,draft:78-79,implemented
Light type,Type,global,deck,no,1,Common,type;deck-manip,Rises to the top of the deck on every shuffle - the reliable-draw counterpart to Heavy.,on_game_start,Trivially the mirror of TypeHeavy and worth printing for that reason.,draft:80,carried
Elemental types,Type,global,deck,no,1,Uncommon,type;deck-manip,"Earth sits at the bottom, Air at the top, Water moves one position per shuffle, Fire burns itself out of the deck after a set number of shows.",on_game_start,Four deck-position behaviours from one visual family; Fire overlaps Glass deliberately.,draft:81,carried
Whole-board submission,Rule,grid-local,board,yes,1,-,superseded;scoring,"The entire board was evaluated once, when the player pressed submit.",on_game_end,"SUPERSEDED - lines score the instant they complete, and End now only fires hooks.",draft:86-87,superseded
Row-wide poker hands,Rule,grid-local,x,no,1,-,scoring;poker,"A five-wide board is exactly a poker hand wide, which is why rows score as poker and columns as runs.",on_score,The load-bearing coincidence the whole design rests on.,draft:90,carried
Legal stacks only,Rule,grid-local,h,yes,1,-,stacking;rule,"A stack may only be lifted if it is internally legal; the rule lives on the topmost card's suit, not in the engine.",on_can_grab_stack,Implemented through the pip comparator. Height stacking reuses it unchanged.,draft:93,carried
Fifteens are an ability,Rule,grid-local,line,no,1,-,ruling;meld,Summing melds are too hard to see to be a default rule - they exist only when a card or rule card grants them.,design,Owner ruling. It is why The Fifteen is a rank and not a scoring default.,draft:96,carried
Rows poker columns runs,Rule,grid-local,x,no,1,-,scoring;ruling,"Horizontal lines score as poker hands, vertical lines as runs. The two axes score differently on purpose.",on_score,The identity of the two score gutters. Diagonals and height lines inherit the row reading.,draft:99,carried
Elemental movement types,Type,grid-local,h,yes,1,Uncommon,type;movement,"Card materials with custom stack behaviour - one always floats to the top of its stack, one always sinks to the bottom of it.",on_stack_cards,Height turns the old deck-position gimmick into a board-position one.,draft:102,revived
Show end conditions,Rule,global,none,no,1,-,rule;flow,"A show ends when the deck runs out, when the fame goal is met, or when the player presses End.",on_game_end,"End is now pressable at any time, which makes the deck-out case rare but not impossible.",draft:105,carried
Submit clears the board,Rule,grid-local,board,yes,1,-,superseded;flow,"Submitting scored everything and swept the board, with the Entrance dropping down into the empty space.",on_next,"SUPERSEDED - no sweep, no drop. A grid fills once and stays filled for the show.",draft:108,superseded
Ascending or descending stacks,Rule,grid-local,h,yes,1,-,stacking;rule,"The default stacking rule is adjacent rank and different suit, in either direction.",on_can_place_stack,Implemented in the pip comparator; unchanged by the flip except that stacks now grow upward.,draft:111,carried
Vertical poker hands,Skill,grid-local,y,no,1,Rare,rule;scoring,"Grants columns the poker reading in addition to their run reading, so one column can score twice.",on_score,"A rules card, not a default. It doubles a column's value and is priced for it.",draft:114,carried
Cards fall on their own,Rule,grid-local,y,no,1,-,superseded;entrance,Cards descended into the board automatically and could not be dragged there.,on_next,"SUPERSEDED - placement is entirely by hand now, which is the whole point of the overhaul.",draft:117,superseded
Top-down evaluation order,Rule,grid-local,y,no,1,-,scoring;order,Scoring walked the board a row at a time from the top so poker hands resolved before runs.,on_score,"Mostly superseded: a line scores when it completes, so the player now chooses the order.",draft:120-121,superseded
Rows times columns,Rule,grid-local,x,no,1,-,scoring;economy,The two axes multiply rather than add.,on_after_score,"Survives as the three-bucket product - row term times column term times special term, positive terms only.",draft:124,carried
Board state is an array,Rule,grid-local,grid,yes,1,-,architecture,"The board is data, not nodes - a flat cell array with a coordinate, never a scene-tree walk.",design,Now GridData with a four-component coordinate. The reason the geometry can be pure arithmetic.,draft:127,implemented
Trigger dispatch order,Rule,global,deck,no,2+,-,order;architecture,"Effects fire in one fixed order - field, deck top-down, then board left-to-right top-down including the Entrance, then discard newest first.",on_anything,Now walks every grid in turn. The iterator's order is a contract the tests pin.,draft:130,carried
Simultaneous lane scoring,Rule,grid-local,x,no,1,-,superseded;scoring,"All five lanes of a row were scored at once, returning the set of scored cards for the effect loop.",on_score,"Superseded in timing, kept in shape - a completed line still returns one section of cards.",draft:135-136,superseded
Elevated card list,Rule,grid-local,h,yes,1,-,scoring;vfx,Scoring returns the list of cards that should visibly rise.,on_after_score,"Still true, and the rise is now a spring up the stack rather than a hop.",draft:137,carried
Hop and shake on trigger,FX,grid-local,cell,no,1,-,vfx;juice,"Triggered cards hop and shake, and the triggering card is shown in the preview so the player can see what fired.",on_trigger,Implemented. The spring lift replaced the hop on the grid because cards now hang from their bottom edge.,draft:140,implemented
Triangle draft map,Map,global,none,no,1,-,superseded;map,Choosing one of three cards moved the player up a tier and permanently closed the other lanes.,map,"SUPERSEDED by the tour graph, which the worldgen addon already renders.",draft:145-147,superseded
Boss phases as terrain,Map,global,none,no,1,-,map;boss,"Every few tiers is a boss node, drawn as terrain rather than as a card.",map,Survives into the tour as the city-versus-town distinction.,draft:148-149,carried
Tilted viewport map,View,global,none,no,1,-,view;render,Render the 2D map to a viewport and tilt it for a cheap 3D table look.,map,"Cheap, and the picture-wall camera already does the equivalent trick.",draft:150,carried
Axis-marked score labels,View,grid-local,x,yes,1,-,hud;score,Row scores and column scores are visually distinguished so the player can read which axis paid.,on_after_score,"Now solved by position instead of punctuation - rows in the left gutter, columns below, specials to the right.",draft:153-154,carried
Poker Hand of the Four Above,Skill,grid-local,h,yes,1,Rare,combo;poker,"When this card scores, it and the four cards above it in its stack are also scored as a poker hand.",on_score,"The card that most wants height to exist. Dead on a flat board, excellent on a tall one.",draft:157-158;random:3-6,revived
Every Fifth Card,Skill,grid-local,y,no,1,Uncommon,combo;poker,Every five cards down a column are read as an extra poker hand.,on_score,Long-column play; only reachable once a grid is stacked above height four.,draft:159,revived
Spiderweb,Skill,grid-local,x,no,1,Uncommon,formation;combo,Scores one point per card diagonally adjacent to it and again per card orthogonally adjacent - a cross laid over an X.,on_score,The purest placement card in the notes and the reason diagonals got their own bucket.,draft:160;random:5-6,carried
Skill taxonomy,Meta,global,none,no,1,-,taxonomy;design,"Skills are classified by verb - score, reposition, amplify, rewrite rules, manipulate the deck, cull, alter other skills, persist, spawn minigames, create temporary cards, cost something.",design,The classification the catalog's groups column encodes. Any new skill should land in one of these.,draft:163;random:1-5,carried
Score verbs,Meta,global,line,no,1,-,taxonomy;scoring,"New ways to score - new melds, new geometries, new buckets.",design,The largest and most inflationary family; the three-bucket product is what keeps it bounded.,draft:164;random:1-6,carried
Reposition verbs,Meta,grid-local,x,yes,2+,-,taxonomy;movement,"Ways to move cards after placement - swap, slide, launch, wrap, cross grids.",design,"The grid made this family enormous, because a coordinate now means something.",draft:165;random:1-7,carried
Amplify verbs,Meta,grid-local,line,no,1,-,taxonomy;scoring,Ways to increase the points existing cards already produce.,design,Multiplicative effects need the tightest costing; they compound with everything.,draft:166;random:1-8,carried
Rule-change verbs,Meta,global,none,no,1,-,taxonomy;rule,"Cards that edit the rule deck itself - stacking legality, meld legality, placement legality.",design,The most powerful family and the reason the rule deck is hidden by default.,draft:167;random:1-9,carried
Deck-manipulation verbs,Meta,global,deck,no,1,-,taxonomy;deck-manip,"Ways to see, order, fetch or plant cards in the draw deck.",design,Information is power in a game where placement is committed.,draft:168;random:1-10,carried
Cull verbs,Meta,global,deck,no,1,-,taxonomy;destruction,Ways to remove cards you no longer want from the deck.,design,Thinning is the economy's other half; the shop pays in cards for exactly this reason.,draft:169;random:1-13,carried
Meta-effect verbs,Meta,global,none,no,1,-,taxonomy;meta-effect,Cards that change how other skills work rather than doing anything themselves.,design,"Echoing Trigger is the shipped example. They multiply testing cost, so keep them few.",draft:170;random:1-14,carried
Persistence verbs,Meta,global,none,no,1,-,taxonomy;persistence,Effects that survive into the next show.,design,Carried by RunState rather than GameData; the boundary is the save format's.,draft:171;random:1-16,carried
Minigame verbs,Meta,global,none,no,1,-,taxonomy;event,Cards that open a small self-contained game inside the show.,design,Deferred by the recommendations as system multiplication; the event nodes host them instead.,draft:172;random:1-18,carried
Temporary-card verbs,Meta,global,deck,no,1,-,taxonomy;token,Cards that create cards which do not survive the show.,design,The mirror-deck blind is the biggest single user of this family.,draft:173;random:1-17,carried
Priced-card verbs,Meta,global,none,no,1,-,taxonomy;gamble,Cards whose power is paid for with an ongoing cost rather than a purchase price.,design,White Elephant is the archetype. The blind weights borrow the same idea.,draft:174;random:1-15,carried
Dot-art star flow,FX,global,none,no,1,-,background;vfx,Background of drifting dot-art starfield behind the picture wall.,background,Cheap parallax that does not compete with card art; the warm-foreground rule keeps it cold.,draft:177,carried
Guaranteed early draw,Skill,global,deck,no,1,Uncommon,deck-manip;economy,Cards acquired this show are guaranteed to appear in the first Entrance refills of the next show.,on_game_start,Solves the bought-it-never-saw-it problem that makes shops feel bad.,draft:180,carried
Score swirl,FX,grid-local,board,yes,1,-,vfx;score,At show end the board's cards swirl up and dissolve into the score numerals as they tally.,on_game_end,"The end-of-show payoff moment, now that scoring itself is spread across the whole show.",draft:183,carried
Null card,Type,grid-local,cell,no,1,Common,type;formation,"Occupies a cell and highlights on hover, but has no rank or suit and scores nothing.",on_card_placed,Spatial filler that teaches that position is not points. Also the enemy of the empty-tile blind objective.,draft:186,carried
2D graphics study,Meta,global,none,no,1,-,reference;art,"Reference talk on 2D game graphics, kept as art-direction source.",design,Reference only.,draft:189,carried
Prototype checklist,Meta,global,none,no,1,-,todo;shipped,"The original prototype list - menu, settings, map, match-to-match flow, escalating goal, deck viewer, deck maker, saving.",design,Almost entirely shipped; kept as the record of what the first milestone was.,draft:192-193,implemented
Balatro-shaped settings,Meta,global,none,no,1,-,todo;ui,Menu and settings modelled on Balatro's until there is a reason to differ.,menu,Shipped.,draft:194-196,implemented
Star-wars card scroll,FX,global,none,no,1,-,ui;pack,"Card choices scroll away downward as they are picked, spawning more above.",shop,The pack-opening presentation; still unbuilt and still wanted.,draft:197-199,carried
Match-to-map return,Rule,global,none,no,1,-,flow;map,Finishing a show returns to the map with the run state intact.,on_game_end,Shipped through RunManager.,draft:200-201,implemented
Escalating goal,Rule,global,none,no,1,-,flow;difficulty,Each show raises the fame needed to clear the next.,on_game_start,Shipped. The goal-curve refit is still open as its own phase.,draft:202-203,implemented
BigNumber scores,Rule,global,none,no,1,-,architecture;score,"Scores exceed 64-bit range, so every score container is a mantissa-exponent BigNumber.",on_score,"Shipped, and invisible to duplicate_deep - every score container needs a hand-written copy.",draft:204-205,implemented
Deck viewer,View,global,deck,no,1,-,ui;deck,"Hovering the deck opens a viewer that builds card visuals lazily as you scroll, so a huge deck never loads at once.",deck,"Shipped, including the lazy build.",draft:206-209,implemented
Future-card preview,View,global,deck,no,1,-,ui;deck,Show the next cards to be drawn above the Entrance slots rather than inside the deck viewer.,on_refill,Still wanted; the Entrance is the right place because that is where the decision is made.,draft:210,carried
Deck viewer sorter,View,global,deck,no,1,-,ui;deck,"Sort the deck viewer by rank, suit, class or trigger.",deck,The trigger sort is the one that matters - it answers what will fire from the deck.,draft:211,carried
Deck maker,View,global,deck,no,1,-,tooling;deck,"A deck editor for building test decks, later exposed as a prestige unlock.",design,Shipped as a tool; the player-facing unlock is still meta-layer work.,draft:212-213,implemented
Saving,Rule,global,none,no,1,-,architecture;save,The run and the show both survive being closed mid-play.,on_game_end,Shipped. The grid's score buckets pack into parallel float and int arrays to do it.,draft:214,implemented
Visible-to-trigger,Rule,grid-local,h,yes,1,-,spotlight;rule,A skill fires only while its card is unblocked - the Spotlight.,on_spotlight,Shipped. Height stacking made covering a real decision instead of an accident.,draft:215-216,implemented
Hidden trigger,Stamp,grid-local,h,yes,1,Uncommon,stamp;spotlight,Fires while covered.,on_trigger,Shipped as StampRevealing.,draft:217,implemented
Deck trigger display,View,global,deck,no,1,-,ui;deck,A card triggering from inside the deck animates above the deck slot so the player can see it happen.,on_trigger,"Without this, deck triggers are invisible and read as bugs.",draft:218-220,carried
First hand only,Skill,grid-local,line,no,1,Rare,rule;scoring,Only the first poker hand scored in a line counts; later ones are ignored.,on_score,"A restriction card, priced as a downside that another card pays you to run.",draft:221-222,carried
Any card may be placed here,Skill,grid-local,cell,no,1,Uncommon,rule;stacking,This card accepts any card on top of it regardless of stacking legality.,on_can_place_stack,The stacking rules are modifiable by design; this is the simplest possible proof of it.,draft:223-224,carried
Hungry Hippo,Skill,grid-local,cell,yes,1,Uncommon,destruction;growth,"Consumes any card dropped onto it and adds that card's rank to its own, up to a cap.",on_card_dropped_on,Shipped as SkillHungryHippo. The cap is what keeps it from eating a whole grid.,draft:225-226;random:2-14,implemented
Moving elemental types,Type,grid-local,x,no,1,Rare,type;movement,Card materials that relocate themselves on the board between placements rather than in the deck.,on_board_mutated,The grid gives this a coordinate to move along at last.,draft:227,revived
Ring banding,View,grid-local,y,no,1,-,view;ring,Every fifth row is drawn in a warmer band so depth is readable at a glance.,design,Ties the visual to the performance-ring scoring bands.,draft:230,carried
Depth multiplier,Rule,grid-local,h,yes,1,-,scoring;ring,"Points increase with the layer they are scored on - the higher the line, the larger the band multiplier.",on_score,"The reward for stacking upward, and the counterweight to covering your own skills.",draft:231,carried
Only first poker hand,Rule,grid-local,line,no,1,-,scoring;rule,A line scores only its single best hand.,on_score,"Shipped as SkillEvalPokerBest - it is the default evaluator, not a variant.",draft:232,implemented
Score from deck and discard,Rule,global,deck,no,1,-,scoring;rule,"Scoring also considers cards in the deck and the discard, not only the board.",on_score,"A rules card. Global by definition, and one reason effect scope had to become explicit.",draft:233,carried
Every card on the map,Map,global,none,no,1,-,map;collection,Every card in the game appears somewhere on the tour map as an obtainable node.,map,Turns the map into the collection screen; strong pull for the completion loop.,draft:234,carried
Quests,Meta,global,none,no,1,-,deferred;meta,"Per-run objectives in the TFT sense, granting rewards mid-run.",design,Deferred by the recommendations as system multiplication - the blind objectives absorbed the idea.,draft:241,carried
Self-upgrading cards,Skill,grid-local,none,no,1,Rare,growth;meta,A card that permanently becomes a stronger version of itself once a condition is met during the run.,on_after_score,"The draft asks whether this differs from an effect at all - it does not, except in presentation, which is the point.",draft:242-243,carried
Pip comparator,Rule,grid-local,cell,no,1,-,architecture;stacking,"One resolver class decides every pip-versus-pip interaction, gathering allow and deny votes into a whitelist and a blacklist.",on_can_place_stack,Shipped as PipComparator. A deny beats an allow.,draft:248,implemented
Pip visual classes,Rule,global,none,no,1,-,architecture;art,"Each pip owns its visuals as well as its rules, so a new suit is one class.",design,Shipped. Adding a suit is genuinely one file.,draft:249,implemented
Stacking by resolver,Rule,grid-local,cell,no,1,-,architecture;stacking,The comparator decides stacking legality by collecting every allow and every deny across the board; one deny beats every allow.,on_can_place_stack,Shipped. The blacklist-wins rule is what makes restriction cards reliable.,draft:252-253,implemented
Pips carry their own scoring,Rule,grid-local,line,no,1,-,architecture;scoring,"A pip class may add static scoring methods of its own, so a new suit can bring a new meld with it rather than editing the evaluator.",on_score,The extension point that keeps the evaluator from growing a branch per suit.,draft:256-258,carried
Pip effects are always live,Rule,grid-local,cell,no,1,-,ruling;spotlight,A pip's effect is permanently active and is not gated by the Spotlight; only skills are.,on_anything,Owner ruling. It is why suit props fire from covered cards but skills do not.,draft:259,carried
Wild pip,Rank,grid-local,cell,no,1,Rare,rank;copy,Its own pip class that remembers the last pip it copied and behaves as that until it recopies.,on_board_mutated,Tracking the previous pip inside itself is what makes it deterministic across an undo.,draft:260,carried
Chameleon pip,Rank,grid-local,line,no,1,Rare,rank;copy,"Chooses itself at random from the pips already present in its own row, its own column, or the whole grid.",on_board_mutated,Grid-local by construction - the sample set is the grid. Needs a re-roll rule pinned so undo is stable.,draft:261,carried
Cycling pip visuals,FX,grid-local,cell,no,1,-,vfx;rank,"A wild pip animates through the faces it could be, settling on the one it currently is.",on_board_mutated,"The visual has to update on every board revision, which is why it rides the revision counter.",draft:262,carried
Stacking first pips later,Meta,global,none,no,1,-,design;ruling,Get the stacking and scoring resolver right before designing exotic pips; the resolver is what makes exotic pips cheap.,design,Vindicated - the comparator shipped first and every pip since has been one file.,draft:263,carried
Deterministic randomness,Rule,global,none,no,1,-,architecture;determinism,"Every random draw comes from a seeded stream the engine cannot perturb, so a replay reproduces exactly.",on_game_start,"Non-negotiable for undo, resume and seed sharing. Seed offsets must themselves be seeded.",draft:266,carried
Show-all-actives button,View,grid-local,h,yes,1,-,ui;spotlight,A half-open eye button that opens fully and pushes covering cards aside so every active card's art is visible.,design,Disabled while a stack is held. The alternative - glow only - is cheaper and may be enough.,draft:269-271,carried
Compress-board button,View,grid-local,board,yes,1,-,ui;readability,"Collapses the whole board into a flavourless sheet - pips and skill names only, dimmed when inactive - so a tall board can be read at a glance.",design,The tall-stack readability answer. Picking up a stack in this mode lifts a stiff column.,draft:272,carried
Exchange Voucher,Skill,global,deck,no,1,Rare,consumable;deck-manip,Usable from inside the deck - swap it with any card currently on screen.,on_anything,"Global, and one of the few cards that acts while undrawn.",draft:275,carried
Every button is a card,Rule,global,none,no,1,-,diegetic;ui,"Shop rerolls, End, and every other button are themselves cards played on a board.",design,The strongest diegetic idea in the notes and the one with the largest UI cost.,draft:276,carried
Right-click to cue,Rule,grid-local,cell,no,1,-,ui;charges,Cueing a card is a right click; cued cards carry a glowing border that clears when the last charge is spent.,on_trigger,"Rotation is unavailable in a grid cell, so the border does the work a tap rotation would.",draft:279,carried
No node parenting,Rule,grid-local,h,yes,1,-,architecture;view,Cards are not scene-tree children of the cards below them; the stack is data and the view derives position from it.,design,"Shipped, and it is why a stack can spring, ease and reveal without fighting inherited transforms.",draft:282,implemented
Sin of Gluttony,Skill,global,deck,no,1,Legendary,destruction;growth,"Uncapped Hungry Hippo - feeds from anywhere including the deck and the discard, and never returns what it eats.",on_card_dropped_on,"Global because it reaches into the deck. The uncapped rank is the whole card, so it must cost accordingly.",draft:285,carried
Uniqueness multiplier,Rule,grid-local,line,no,1,-,scoring;combo,"The multiplier rises by one for every distinct effect triggered, not for every trigger.",on_trigger,Shipped as the combo class set. It is the anti-hyperfocus lever the whole economy leans on.,draft:288,carried
Static texture table,Rule,global,none,no,1,-,architecture;art,One static class holds every sheet and its frame layout so art lookups never go through the filesystem twice.,design,Shipped.,draft:291,implemented
The Rule Deck,Rule,global,none,no,1,-,architecture;rule,"A deck the player cannot see that holds one card per default rule - stacking, scoring, zone creation, grid allotment.",on_game_start,Shipped and load-bearing. Changing the game is changing its cards.,draft:294-296,implemented
Default stacking card,Rule,grid-local,cell,no,1,-,rule;stacking,The rule card that defines legal stacking. Remove it and nothing may be stacked at all.,on_can_place_stack,Shipped.,draft:297,implemented
Default scoring card,Rule,grid-local,line,no,1,-,rule;scoring,The rule card that defines which melds score. Replacing it is how a deck changes the whole scoring vocabulary.,on_score,Shipped as the poker evaluator plus the line detector.,draft:298,implemented
Rule deck metagame,Meta,global,none,no,1,-,meta;rule,"Over a run the player adds cards to and removes cards from the rule deck, permanently changing that run's game.",design,The long-term content engine. Ascensions and blinds are both writes to this deck.,draft:299-300,carried
Boss effects are rule cards,Blind,global,none,no,1,-,blind;rule,"A blind is a temporary card added to the rule deck, defined as destroying itself when the show ends.",on_game_start,"The whole blinds category rides on this - no new system, just cards with a lifetime.",draft:301,carried
The Universal Deck,Rule,global,none,no,1,-,rule;naming,"Names considered for the rule deck - Universal, Fundamental, Rule.",design,Rule Deck won in the code. Keep one name.,draft:302,carried
Vouchers go in the play deck,Rule,global,deck,no,1,-,rule;economy,"Voucher-style permanent upgrades sit in the main deck rather than the rule deck, so they can be drawn and seen.",shop,Keeps the rule deck for rules and the play deck for cards.,draft:303,carried
Label type,Type,global,none,no,1,Uncommon,type;info,A rule card carrying this type announces its effect on the board even while the rule deck is invisible.,on_game_start,"Baba-is-you legibility. Without it, hidden rules read as bugs.",draft:304,carried
Everything is a card,Meta,global,none,no,1,-,pillar;architecture,"Every rule, button, hazard and zone in the game is a card with modifiers.",design,The second pillar. It is why blinds cost almost nothing to add.,draft:305,carried
Rule deck resolves last,Rule,global,none,no,1,-,order;rule,"The rule deck is the final collection in dispatch order, so rules see what every card has already done.",on_anything,Shipped. A rule that resolved first could not react to the board it governs.,draft:306,implemented
Rule cards carry pips,Rule,global,none,no,1,-,rule;pip,Rule cards are given a random rank and suit so they behave sanely if an effect ever pulls one onto the board.,on_game_start,Cheap insurance against a card with no pips reaching a scoring line.,draft:307,carried
Decks as solitaire boards,Meta,global,deck,no,1,-,vetoed;variant,Every deck would itself be a small solitaire board the player could play to reorder or extract rules.,design,"VETOED in the draft - the player cannot lay out those boards, so most would be unsolvable.",draft:310,vetoed
Immutable card anatomy,Rule,global,none,no,1,-,architecture;card,"A card always has a suit, a rank, a stamp slot, a skill slot and a type. Nothing removes those slots.",design,"Shipped. The flip moved where they are drawn, not what they are.",draft:313-314,implemented
One parent one child,Rule,grid-local,h,yes,1,-,architecture;stacking,"A card has at most one card below it and one above it, which is what makes a stack a list.",design,"Shipped, and the reason height is a single integer rather than a tree.",draft:315,implemented
Immutable collections,Rule,global,none,no,1,-,architecture;board,"The board, the draw deck, the discard and the rule deck always exist; only their contents change.",design,Now the board is a list of grids plus the Entrance rather than two zones.,draft:316,carried
Layout parsed from rules,Rule,grid-local,grid,no,2+,-,architecture;rule,"The board's shape is read out of the rule deck at game creation, not hard-coded.",on_game_start,Shipped as SkillGridAllotment plus SkillGridCreator - deck size decides grid count.,draft:317,implemented
Scoring section is not a card,Rule,grid-local,line,no,1,-,ruling;scoring,The scoring section itself stays engine-side; only what it evaluates is card-driven.,on_score,Owner ruling with an explicit escape hatch - functionality that can be duplicated or removed may become a card.,draft:318,carried
Entrance cards are abilities,Rule,global,x,no,1,-,rule;entrance,Even the Entrance slots are cards whose skill hands their contents to the board and draws a replacement.,on_refill,"Shipped as TypeInput. Five of them, one per column.",draft:321,implemented
Dynamic column count,Rule,grid-local,x,no,2+,-,architecture;rule,"The number of Entrance slots and board columns is decided by counting rule cards, so five is a default and not a constant.",on_game_start,Effects must never assume five. The grid tests sweep ragged widths for exactly this reason.,draft:324-325,carried
Linked trigger card,Skill,grid-local,h,yes,1,Rare,combo;charges,"Cue this card to force the card it is stacked with to trigger, whatever that card's own condition is.",on_trigger,"Turns conditional effects into on-demand ones, which is powerful enough to want a charge limit.",draft:328,carried
Rulesets pack,Meta,global,none,no,1,-,pack;rule,An unlockable card pack whose contents are rule cards rather than performers.,shop,The endgame pack. Only sensible once the rule deck is visible to the player.,draft:331,carried
Custom rule decks,Meta,global,none,no,1,-,deferred;rule,A rule deck expressive enough to rebuild classic solitaire inside the game.,design,"Acknowledged scope creep in the draft itself; kept as an aspiration, not a milestone.",draft:332,carried
Prestige points,Meta,global,none,no,1,-,meta;progression,"Wins grant points spent in a between-run menu to shift card and event odds, or to take debuffs for more points.",design,"Vampire Survivors' shape. Overlaps ascensions, so the two need one shared currency or none.",draft:335,carried
Charge halo,View,grid-local,cell,no,1,-,ui;charges,A cueable card wears a halo divided by black gaps into as many segments as it has charges remaining.,on_trigger,"Fixed radius, changing divisions - readable at a glance without a number.",draft:338-339,carried
Eye stamp art,View,grid-local,h,yes,1,-,ui;stamp,"The always-active stamp shows a miniature of the skill's own art inside the eye, so a covered card still says what it does.",design,"Small, and it removes a tooltip.",draft:342,carried
Rules-in-the-deck variant,Deck,global,deck,no,1,-,deck;variant,A starting deck whose rule deck is empty because every rule card has been shuffled into the play deck.,on_game_start,"Chaos deck. Every rule is drawable, discardable and stealable.",draft:345,carried
Packs on the map,Map,global,none,no,1,-,map;pack,"Map nodes hold card packs rather than single cards, and the map may have holes in it.",map,Packs beat singles for pacing - a choice inside a choice.,draft:350,carried
The card spreadsheet,Meta,global,none,no,1,-,catalog;tooling,"One spreadsheet holds every card - title, rarity, cost in cards, description, tags.",design,This file's ancestor. The catalog now carries the grid axes as well.,draft:353,carried
Rarity borders,View,global,none,no,1,-,ui;rarity,"Rarer cards carry different borders and different shine treatments, holographic at the top end.",design,Cheap perceived value; the shader work is already in the FX plan.,draft:354,carried
Power-sorted chains,Meta,global,none,no,1,-,balance;rarity,"Design a common base effect, then print stronger versions of it as separate cards; rarity is where a card sits on its own chain.",design,Makes rarity mean something measurable instead of a vibe.,draft:357,carried
Stack-payment shop,Economy,global,deck,no,1,-,economy;shop,"Cards for sale sit above; the price is a stack of cards drawn from your deck below, and paying removes them.",shop,Makes thinning and buying the same action. Reroll prices climb per use.,draft:360,carried
Progression systems essay,Meta,global,none,no,1,-,design;retention,Progression systems retain players whether or not money is involved; go deep on few systems rather than wide on many.,design,The owner's own brake on system multiplication. Cite it before adding a system.,draft:363,carried
QOL for time sinks,Meta,global,none,no,1,-,design;retention,Add convenience to the parts that cost time rather than to the parts that are fun.,design,The rule that justifies the compress-board and show-actives buttons.,draft:364,carried
Card unlocks,Meta,global,none,no,1,-,meta;progression,"Common cards unlock on generic progress; rare cards unlock on specific deeds, tracked on one shared pass so order never matters.",design,The order-independent pass is the good idea here - it removes checklist anxiety.,draft:367-368,carried
Prestige spending,Meta,global,none,no,1,-,meta;progression,"Prestige buys odds changes, extra rerolls, starting cards, true vision of the rule deck, and eventually a custom deck editor.",design,Odds manipulation is the version that respects the map; flat power is the version that does not.,draft:369,carried
Deck unlocks,Meta,global,deck,no,1,-,meta;deck,Unlockable starting decks that double as the gimmick-run mode rather than living in a separate tab.,design,Folding gimmick runs into decks avoids a whole second progression surface.,draft:370,carried
Ascensions,Meta,global,none,no,1,-,meta;difficulty,Each ascension adds one negative card to the run's deck or rule deck - the permanent home for retired hazard cards.,design,Ascension cards and blind cards are the same object with different lifetimes.,draft:371,carried
Lore and secrets,Meta,global,none,no,1,-,meta;secret,Wins unlock scraps of lore and cosmetics; secrets need no answer to drive engagement.,design,"Deferred, but secrets are cheap - the Erdnase cipher costs one signature field.",draft:372,carried
Eye of God,Skill,global,deck,no,1,Legendary,info;secret,Reveals every deck and every true description including the rule deck.,on_game_start,"Global. The information ceiling of the game, and a prestige unlock in card form.",draft:375,carried
Hand of God,Skill,global,x,yes,2+,Legendary,movement;deck-manip,"Move any card to any coordinate on any grid, and reorder the draw deck at will.",on_trigger,The four-coordinate move in one card. Needs a charge limit or it plays the game for you.,draft:376,carried
Foot of God,Skill,global,x,yes,2+,Legendary,movement,"Swap this card's position with any other card on screen, including cards in other grids and the Entrance.",on_trigger,The cheapest of the three because a swap preserves the board's card count.,draft:377,carried
Third eye motif,Meta,global,none,no,1,-,flavor;art,"The god trio can be drawn as third eye, third hand and third foot rather than as deities.",design,"Keeps the circus register - a sideshow prodigy, not a pantheon.",draft:378,carried
Community channel,Meta,global,none,no,1,-,meta;community,"Ship a direct community link in the game, as Balatro did, and manage the community personally.",design,"Reference only, no mechanic.",draft:381,carried
Exponential cost curve,Meta,global,none,no,1,-,balance;economy,"Card cost rises slower than card power, because flexibility is part of a card's budget - cheap cards must stay weak because they always fit.",design,The costing rule the catalog's cost column should be audited against.,draft:384,carried
Scoring contextualises everything,Meta,global,line,no,1,-,design;scoring,Scoring is the most important system because it tells every other card what to aim at.,design,The argument for settling the economy before printing more cards.,draft:387,carried
Score as damage,Meta,global,none,no,1,-,design;scoring,Reframe points as damage against the audience so that effects read as attacks.,design,Adopted as framing only - the audience is the antagonist and the goal score is its health.,draft:388,carried
Effects are points melds are mult,Rule,grid-local,line,no,1,-,scoring;economy,Card effects supply the flat points; row and column melds supply the multipliers.,on_after_score,The combo reframe. It is why a board with no effects scores honestly low.,draft:389-390,carried
Avalanche,Skill,grid-local,board,yes,1,Epic,scoring;destruction,"At show end every card left on the board attacks the goal, reducing the fame required by one per card.",on_game_end,Attacks the target instead of the total - the only card that moves the goalpost.,draft:393,carried
Static stylised look,Meta,global,none,no,1,-,art;direction,"Less 3D motion, no idle hover except a slow side-to-side; 3D reserved for special cases, with the budget spent on sound instead.",design,"The direction the flip followed. Cards still feel alive, through sound and anticipation.",draft:400,carried
Card art as background,FX,global,none,no,1,-,background;art,The background is built from the art of the cards currently in play.,background,"Free variety, and it makes a deck feel like a troupe.",draft:403,carried
Status array,Rule,grid-local,cell,no,1,-,architecture;status,"Cards carry a status dictionary of name to value, processed by a rule card rather than by the card itself.",on_board_mutated,Shipped for Burning and Juggling. Injury and Exhaust want the same slot.,draft:406,carried
Game-laws button,View,global,none,no,1,-,ui;rule,A question-mark button that shows the rules; greyed out with a hint until the player has earned rule-deck vision.,design,Teases the rule deck before revealing it - the mystery is the point.,draft:409,carried
Cards rise while attacking,FX,grid-local,h,yes,1,-,vfx;juice,Every card rises and hovers while a score is being resolved.,on_score,The show-is-happening state. Cheap and legible.,draft:412,carried
Tornado into the deck,FX,global,board,yes,1,-,vfx;flow,At show end every card everywhere spirals back into the draw deck.,on_game_end,Closes the loop visually and hides the state reset.,draft:415,carried
Crunchy sound and cursor attraction,FX,grid-local,cell,no,1,-,audio;juice,Inscryption-style crunch on every interaction; cards lean slightly toward the cursor and active cards breathe.,design,The compensation for cutting 3D motion.,draft:418,carried
Data drives view,Rule,grid-local,grid,yes,1,-,architecture;view,One data layer feeds both the UI layer and the card layer; the view never holds truth.,design,"Shipped, and it is why the grid geometry could become pure arithmetic over cached inputs.",draft:419,implemented
Party effects,FX,global,none,no,1,-,vfx;juice,"Confetti, streamers and crowd noise scaled to the size of the score.",on_after_score,The applause curve. Bigger scores earn louder rooms.,draft:420,carried
Effect art pop-up,FX,global,none,no,1,-,vfx;juice,"When an effect fires, its art blooms in the background as though the act were being performed.",on_trigger,The single strongest juice idea in the notes; it makes a trigger feel like a performance.,draft:423,carried
Grand Entrance and The Ring,Meta,grid-local,grid,no,1,-,theme;naming,The upper zone is the Grand Entrance and the play board is The Ring.,design,Shipped in the vocabulary. The Entrance is row -1 of whichever grid it is attached to.,draft:426,implemented
Performers and feats,Meta,global,none,no,1,-,theme;naming,"Cards are performers, skills are feats, the player is the Ringmaster.",design,Shipped in the vocabulary.,draft:427,carried
Fame and tips,Economy,global,none,no,1,-,theme;economy,Scoring excites the audience; the goal is fame and overscoring earns tips.,on_after_score,The rename that turns a number into a fiction without changing a formula.,draft:428,carried
Circus suits,Suit,grid-local,line,no,1,-,suit;theme,"The suits are clowns, dancers, flames, juggling balls, hoops and knives, with aces as the headline performers.",design,Settled at four base suits plus specials; clowns and dancers became classes instead.,draft:429,carried
Traveling troupe menu,View,global,none,no,1,-,ui;theme,The main menu is the troupe's wagon between towns.,menu,Diegetic menu that costs one scene.,draft:430,carried
Circus skills index,Meta,global,none,no,1,-,reference;research,The Wikipedia list of circus skills as the source index for feat names.,design,Reference only; DESIGN_REFERENCES.md supersedes it with sourced detail.,draft:431,carried
Performance rings,Rule,grid-local,y,yes,1,-,scoring;ring,"Scores are banded by ring - the first five rows score once over, the next band twice over, and so on outward.",on_score,The reward for building outward and upward. Now expressed as a height band multiplier.,draft:434,carried
Three acts,Rule,global,none,no,1,-,superseded;flow,"Three submits per show, themed as three acts.",on_next,SUPERSEDED - a show is one continuous performance that ends when the player presses End.,draft:437,superseded
Leader cards,Leader,grid-local,cell,no,1,Legendary,leader;identity,Starts the show already on the board or in the Entrance and does not leave when a line scores.,on_game_start,The deck's face. Its survival rule is the only thing that makes it structurally different.,draft:440,carried
The Ringmaster,Leader,grid-local,cell,no,1,Legendary,leader;rule,"No suit and no rank; starts in the Entrance, may always be picked up, may be placed anywhere with nothing on top, and stays after scoring.",on_game_start,The tutorial leader. Its rulelessness is what teaches the rules.,draft:441,carried
Flavour debuffs,Rule,grid-local,cell,no,1,-,leader;restriction,Leaders may carry a phobia - a fear of flames or knives that forbids placing them on that suit.,on_can_place_stack,"Makes a leader a constraint as well as a bonus, which is what stops leaders being pure upside.",draft:442,carried
Leaders define decks,Deck,global,deck,no,1,-,leader;deck,"Each starting deck ships a different leader, and the leader is the build the deck wants.",on_game_start,The cleanest identity hook the game has.,draft:443,carried
Magician class,Meta,global,deck,no,1,-,class;creation,Card creation and deletion.,design,Class taxonomy. Global by nature - it writes to collections rather than to cells.,draft:444,carried
Acrobat class,Meta,grid-local,x,yes,1,-,class;movement,Card movement across the grid and up and down stacks.,design,Class taxonomy. The class the fourth coordinate most enlarged.,draft:445,carried
Animal Trainer class,Meta,grid-local,h,yes,1,-,class;stacking,"Stacking, eating, and cards that move themselves around the field.",design,Class taxonomy.,draft:446,carried
Clown class,Meta,grid-local,cell,no,1,-,class;pip,Pip manipulation - changing ranks and suits after placement.,design,Class taxonomy. The fixer class that rescues a mis-placed line.,draft:447,carried
Dancer class,Meta,grid-local,x,no,1,-,class;formation,Formation focus - effects that care about the shape cards make rather than their values.,design,Class taxonomy. The class that most needs the diagonal bucket.,draft:448,carried
Escape Artist class,Meta,grid-local,cell,no,1,-,class;protection,"Negative effects, insurance, and getting out of them.",design,Class taxonomy. The counterplay class blinds exist to give work to.,draft:449,carried
Fortune Teller class,Meta,global,deck,no,1,-,class;deck-manip,Deck manipulation and information.,design,Class taxonomy. Global by definition.,draft:450,carried
Special Effects class,Meta,grid-local,line,no,1,-,class;scoring,Points and combo manipulation - the fireworks family.,design,"Class taxonomy. The most inflationary class, so cost it hardest.",draft:451,carried
Concessions class,Meta,grid-local,cell,no,1,-,class;buff,"Positive effects, buffs and food.",design,Class taxonomy.,draft:452,carried
Costume Designer class,Meta,grid-local,cell,no,1,-,class;stamp,"Equipment, clothing and stamps.",design,Class taxonomy. The class that edits other cards rather than the board.,draft:453,carried
Producer class,Meta,global,deck,no,1,-,class;economy,"Token cards - gold, basics, and the machinery of paying for things.",design,Class taxonomy.,draft:454,carried
Group synergy,Rule,grid-local,line,no,1,-,class;combo,Cards belong to groups and a leader boosts its own group; a group in one grid is what an effect counts.,on_score,The autochess import lands here - copies of a class in one grid scale that class's effect.,draft:457,carried
Hats not stamps,Meta,global,none,no,1,-,naming;stamp,"Rename stamps as hats, or as costume pieces generally.",design,Stamp stayed in the code; hat is the player-facing word. One extra slot type was judged overkill.,draft:460,carried
Type taxonomy,Meta,global,deck,no,1,-,type;taxonomy,"Types are structural - materials, deck behaviour and act ordering.",design,"Distinct from skills, which are effects, and stamps, which modify a card.",draft:463;random:1-3,carried
First Act type,Type,global,deck,no,1,Uncommon,type;order,Appears alone in the Entrance before any other card is drawn.,on_refill,Guaranteed opener. Turns one card into a plan.,draft:464,carried
Second Act type,Type,global,deck,no,1,Uncommon,type;order,Appears alone once half the deck has been drawn.,on_refill,A midpoint pivot the player can build toward.,draft:465,carried
Final Act type,Type,global,deck,no,1,Rare,type;order,Appears alone after every other card has been drawn.,on_refill,The closer. Pairs with any end-of-show payout effect.,draft:466,carried
Presentation-stage preview,View,global,none,no,1,-,ui;preview,"The card preview is a lit stage - the text scrolls, the card does not.",design,Shipped. Keeps the card still so the art can be read.,draft:469,carried
Attraction packs,Meta,global,none,no,1,-,naming;pack,"Card packs are attractions, not expansions.",shop,Vocabulary.,draft:470,carried
Cue not tap,Meta,global,none,no,1,-,naming;charges,Activating a card is cueing it.,on_trigger,Vocabulary. The code still says trigger; the player sees cue.,draft:471,carried
Peeking skills,FX,grid-local,h,yes,1,-,vfx;spotlight,A covered card with a skill idly leans out from under the card above it.,design,Makes covered-but-active visible without a UI element.,draft:474,carried
Half-art visibility,View,grid-local,h,yes,1,-,view;readability,A covered active card is offset enough that at least the upper half of its art shows.,design,The reveal offset. Implemented as the reveal stack in the grid layout.,draft:475,implemented
Carnival meta shop,Meta,global,none,no,1,-,meta;shop,The between-run hub is a carnival midway.,design,"Renamed Winter Quarters in the recommendations, which is the better history.",draft:478,carried
Suit props,Prop,grid-local,line,no,1,-,prop;suit,"A scored basic card spawns props of its suit, count from its rank, which travel its scored row or column and interact with what they pass.",on_score,Shipped for all four base suits. The single best-realised idea in the notes.,draft:481,implemented
Prop travel axes,Prop,grid-local,x,no,1,-,prop;suit,Knives and hoops travel horizontally along the scored row; balls and flames fall down the column.,on_score,Shipped. The axis split is what makes suit choice a placement decision.,draft:482,implemented
Prop interaction table,Prop,grid-local,line,no,1,-,prop;combo,"Hoops pay for passing talents, knives pay for missing them, balls buff talents, flames buff everything else.",on_score,Shipped. Two suits reward a talent-rich row and two reward a talent-poor one.,draft:483,implemented
Fireworks suit,Suit,grid-local,y,no,1,Rare,suit;scoring,"A firework rises up its column and banks points into the column directly, scaled by its rank.",on_score,Shipped as PipSuitFirework. The only suit that scores without a prop interaction.,draft:484,implemented
Prop balance split,Prop,grid-local,line,no,1,-,prop;balance,Horizontal props are chosen at random between knives and hoops so a row cannot be farmed by one suit.,on_score,The balance note behind the shipped split; keep it when adding a fifth suit.,draft:485,carried
Living feat cards,Meta,global,none,no,1,-,art;prop,"Feat cards should be alive and individually animated, since props physically interact with them.",design,The art budget that props imply. Prop-art verification is its own gate.,draft:486,carried
Jump and duck,FX,grid-local,x,no,1,-,vfx;prop,Cards jump to pass through a hoop and duck under a passing knife.,on_score,Shipped. It is what makes the prop pass legible rather than decorative.,draft:487,implemented
Electric suit,Suit,grid-local,x,yes,1,Rare,suit;combo,"Buffs cards connected to it in an unbroken chain, following adjacency through height as well as across the grid.",on_score,The suit that most wants the fourth coordinate. Chain length is its rank equivalent.,draft:490,carried
Reuse card art,Meta,global,none,no,1,-,art;budget,Reuse art aggressively across cards rather than commissioning one image per card.,design,The constraint that keeps a 400-card catalog affordable.,draft:493,carried
Game laws as text,View,global,none,no,1,-,ui;rule,"Before the rule deck is unlocked, the rules are readable as plain text so prop behaviour can be explained at all.",design,Necessary - prop rules are invisible otherwise.,draft:496-497,carried
Prop cards,Meta,grid-local,cell,no,1,-,naming;prop,A card with no feat is a prop card; props are what knives miss and hoops ignore.,design,"Vocabulary, and a real mechanical class - the knife and hoop split keys off it.",draft:498,carried
Odds buying raises the goal,Meta,global,none,no,1,-,meta;balance,Prestige spending that improves your odds also raises the fame each show demands - more attractions draw a bigger crowd.,on_game_start,The self-balancing prestige system. It is the reason prestige can be generous.,draft:501-502,carried
Optimisation essay,Meta,global,none,no,1,-,design;balance,"A deckbuilder chasing one rising number collapses into hyperfocus, and the most fun stretch is before the deck is optimal.",design,The argument blinds answer. Keep it in view when costing any multiplicative card.,draft:505,carried
Formation win conditions,Meta,grid-local,line,no,1,-,design;win,"Alternate win conditions built on formations do not scale - flushes have a hard ceiling, and a good enough deck guarantees them.",design,Measured dead end. It is why objectives became per-level blinds rather than run-long win conditions.,draft:506-508,vetoed
Blinds as resilience tests,Blind,global,none,no,1,-,blind;design,"Negative level effects test whether a deck can handle anything, punishing hyperfocus the way Slay the Spire enemies do.",on_game_start,The founding argument for the blinds category. Every blind should threaten a different pillar.,draft:509,carried
Towns with tastes,Blind,global,line,no,1,-,blind;suit,"Each town has a taste - knifetown is unimpressed by knife melds and pays nothing for them, and the same for fire, juggling and hoops.",on_score,"The suit-resistance family. Four blinds from one idea, each hitting a different deck.",draft:510-511,carried
Funnelled routes,Map,global,none,no,1,-,map;balance,Limit how freely the player can dodge hazards by funnelling the route through mountains and forests.,map,"The counter to hazard-shopping. Without it, blinds become optional.",draft:512,carried
Reroll grants irreversibility,Skill,global,none,no,1,Uncommon,meta-effect;gamble,"Grants an extra reroll, and for the rest of the show a repeated action never gives the same result twice.",on_game_start,A drawback that is also a fantasy - the show cannot be rehearsed.,draft:515,carried
One-way activation,Rule,global,none,no,1,-,rule;persistence,"Once switched on, an effect stays on for the rest of the show and cannot be switched off again.",on_trigger,Removes toggle micro-management and makes activation a decision instead of a routine.,draft:516,carried
Spotlight naming,Meta,grid-local,h,yes,1,-,naming;spotlight,Active is renamed Spotlight - an unblocked card is in the spotlight.,design,Shipped in the vocabulary and the code.,draft:519,implemented
Spotlight icon in text,View,grid-local,cell,no,1,-,ui;spotlight,"Every description states whether its trigger needs the spotlight, so cards that fire regardless are obvious.",design,"Without this the spotlight is invisible rules. It also devalues the always-active stamp, which is fine.",draft:520-521,carried
Zone expand on hover,View,grid-local,cell,no,1,-,superseded;ui,"Hovering a held stack over a zone expanded the zone control, pushing the cards below down.",design,"SUPERSEDED - a grid cell is a fixed slot, and the row grows only when a stack actually gets taller.",draft:526-527,superseded
Narrow drag controls,View,grid-local,cell,no,1,-,ui;input,Card controls are narrower than the card art so the board behind can still be grabbed and panned.,design,Now solved by the pan and zoom modes instead; kept as an input note.,draft:528,carried
Cannon-fired background,FX,global,none,no,1,-,background;vfx,"Card art from every card in play is fired across the background from cannons at the screen edges, fruit-ninja style.",background,Ties the background to the deck without a second art pass.,draft:531,carried
Double Everything deck,Deck,global,deck,no,2+,-,deck;variant,"Ranks are doubled, which doubles the deck, which doubles the Entrance slots, the grids and the fame required.",on_game_start,The grid allotment rule makes this nearly free - a doubled deck simply unlocks more grids.,draft:534,carried
Slot-machine pack opening,View,global,none,no,1,-,ui;pack,"A pack opening shows every card the pack could have contained behind the ones it did, reel-style; results stay seed-fixed.",shop,"Near-miss presentation, the strongest reinforcement schedule available. Show what you almost pulled.",draft:537,carried
No single digits,Meta,global,none,no,1,-,balance;score,Never show a single-digit score - big numbers are the genre's language.,on_after_score,The reason BigNumber exists and the reason base scores start in the tens.,draft:540,carried
Custom deck as endgame,Deck,global,deck,no,1,-,meta;deck,"The deck editor is the last unlock, not the first.",design,Protects the discovery curve; a custom deck answers questions the player has not asked yet.,draft:543,carried
Goofy travel animations,FX,grid-local,x,no,2+,-,vfx;juice,"Cards spin and bounce across the screen when an effect moves them, and slot into place like a filing drawer.",on_board_mutated,"Cross-grid moves are long journeys now, which makes this more valuable than it was.",draft:546-548,carried
Cards are alive,Meta,global,none,no,1,-,art;direction,"Every motion choice should support the idea that cards are performers, not tokens.",design,The direction that survived the cut of 3D motion.,draft:549,carried
Mana cards,Rule,global,deck,no,1,-,vetoed;economy,"Any card can be spent as a resource, as in Magic, instead of a mana bar.",design,"Deferred - the game already pays for things in cards at the shop, and two card economies is one too many.",draft:552,carried
Mystery Box,Skill,grid-local,cell,no,1,Uncommon,random;meta-effect,"At show start, becomes a random skill for that show.",on_game_start,"The cheapest variance card. Its value is the reroll, not the payoff.",draft:555,carried
Pandora Box,Skill,grid-local,cell,no,1,Rare,random;meta-effect,At show start becomes a random skill; at show end reverts to Pandora Box.,on_game_start,"Same card with the reset stated, so it never becomes permanently good or permanently dead.",draft:556,carried
Utter Chaos,Skill,grid-local,cell,no,1,Epic,random;meta-effect,Becomes a different random skill on every Entrance refill.,on_refill,"The refill is the new heartbeat, so this rerolls several times a show.",draft:557,carried
Escalating act multiplier,Rule,global,none,no,1,-,superseded;scoring,"Each act multiplied harder than the last, with the final act worth most.",on_next,SUPERSEDED with acts. The height band multiplier took over the same job spatially.,draft:560,superseded
Card debuffs,Status,grid-local,cell,no,1,-,status;hazard,Cards accumulate lasting debuffs - Exhausted loses rank at show end if it was on the board.,on_game_end,The status dictionary already supports it. Blinds are the natural source.,draft:563,carried
Reward speed with cards,Meta,global,deck,no,1,-,balance;economy,"Rewarding a fast win risks rewarding min-maxing, so pay for speed in cards and buffs rather than in score.",design,Owner's own correction. Keep speed rewards off the score axis.,draft:564,carried
Cheat Day,Skill,global,deck,no,1,Uncommon,deck-manip;growth,"At show end, every card still in the draw deck gains a rank.",on_game_end,"Rewards ending early, which is exactly the pressure the End button needs.",draft:565,carried
Rarity chain cards,Skill,global,none,no,1,-,vetoed;meta,"A common card that doubles the chance of rares, and so on up the chain.",shop,VETOED by the recommendations - dead cards that only touch the meta layer and fight the cards-as-currency economy.,draft:568-570,vetoed
Level rules,Blind,global,none,no,1,-,blind;rule,"Rules specific to one level, standing in for the rule deck - needed for shop levels and hazard levels.",on_game_start,"Settled as blinds written into the rule deck rather than a separate level deck, which would be scope creep.",draft:573,carried
Global rule type,Type,global,none,no,1,Rare,type;rule,"A card type whose skill is always in the global spotlight, which is what makes a rule card a rule card.",on_game_start,"Makes rule cards ordinary cards with one type, so a player can eventually hold one.",draft:576,carried
Homing types,Type,global,deck,no,1,Uncommon,type;deck-manip,Types that return a card to a named deck when something happens to it.,on_discard,The mechanism behind consumables that come back and blinds that expire.,draft:577,carried
Selection override,Rule,global,none,no,1,-,architecture;input,"Selecting a card must be overridable by effects, since what a click does is itself a rule.",on_can_grab_stack,Shipped through the grabber and placer rule cards.,draft:580,implemented
Carry-over scoring,Rule,global,none,no,1,-,persistence;score,Points banked outside the main show carry into the next one.,on_game_end,Lives on RunState. The Storyteller card is the player-facing version.,draft:583,carried
Buttons defined by rules,Rule,global,none,no,1,-,rule;flow,"What the End button does is defined by the rule deck, so a scenario can redefine it and the change persists for the run.",on_game_end,"Shipped in shape - End now only fires hooks, which is itself a rule card decision.",draft:586,carried
Genie scenario,Event,global,deck,no,1,-,event;creation,Make a wish - copy any one card into your deck on the spot.,map,The wish framing lets an event grant something huge without breaking the shop economy.,draft:589,carried
Flexible game class,Rule,global,none,no,1,-,architecture;flow,"The game class must host scenarios that differ in board, rules and buttons without forking.",design,"Vindicated by the grid overhaul, which reused the class wholesale.",draft:592,carried
Retire button,View,global,none,no,1,-,ui;flow,A settings button that ends a run early and banks whatever the run earned.,menu,Removes the dead-run slog. Cheap and kind.,draft:593,carried
Storyteller,Skill,global,none,no,1,Rare,persistence;score,Preserves a portion of this show's score into the next one.,on_game_end,The clean way to make a lost show still worth playing out.,draft:596,carried
Score screen shake,FX,global,none,no,1,-,vfx;juice,"Scoring shakes the screen, and a large score pans the camera onto the cards and away from the buttons.",on_after_score,"Now doubly useful - the board is wide, so a pan is already the camera's language.",draft:599,carried
Retirement condition,Rule,global,deck,no,1,-,rule;deck-manip,A card cannot be retired from the deck until it has scored or triggered at least once.,on_discard,Stops instant culling of every card the player did not immediately understand.,draft:602,carried
Shared charge system,Rule,grid-local,cell,no,1,-,charges;architecture,"Every effect with charges draws on one shared charge system, so any source can add or spend charges on anything.",on_trigger,"One system, many cards. Unspent charges should carry into the next refill.",draft:605-606,carried
Pack mulligans,View,global,none,no,1,-,pack;gamble,"A pack's contents can be rerolled arena-style rather than picked from, with a previewable pool and an upgradeable mulligan count.",shop,Turns opening a pack into a small game with its own decisions.,draft:609-611,carried
Entrance mulligan card,Skill,global,x,no,1,Uncommon,entrance;deck-manip,"Cue to mulligan the Entrance, drawing a fresh set into the empty slots.",on_trigger,"The card version of the free discard, and the reason the discard need not be free.",draft:612,carried
Upgraded pack results,View,global,none,no,1,-,pack;rarity,"Pack results can roll upgraded, arriving with a bonus type or stamp already attached.",shop,"Needs its own viewer, since a card with two extra modifiers no longer reads at pack size.",draft:613,carried
Unseen effects hidden,View,global,none,no,1,-,pack;info,An effect the player has never seen shows as a question mark in the pack preview.,shop,Preserves discovery without hiding the whole pack.,draft:614,carried
Loose rare on the map,Map,global,none,no,1,-,map;rarity,Some map nodes hold a single high-rarity card instead of a pack.,map,"Route-planning bait, and a reason to detour.",draft:617,carried
Encounters as minigames,Event,global,none,no,1,-,event;variant,Some encounters are small solitaire games in their own right.,map,"Deferred with the other minigame ideas, but events are the right host.",draft:620,carried
Rooted cards,Type,grid-local,cell,no,1,Uncommon,type;protection,"A card that resists being moved by effects, its own or anyone's.",on_can_grab_stack,Rosin in the recommendations. Commitment in exchange for a bonus.,draft:623,carried
Info toggle,View,global,none,no,1,-,ui;input,"Reading full descriptions needs a held button or an info toggle, because left and right click are already spoken for.",design,Middle click on mouse; the toggle is what controllers and touch use.,draft:626,carried
HONK,Skill,grid-local,cell,no,1,Common,joke;charges,Cue to honk. Unlimited uses. Does nothing else.,on_trigger,Sincerely worth printing - a free joke card teaches the cue verb painlessly.,draft:629,carried
Secret melds,Rule,grid-local,line,no,1,-,secret;meld,Melds that are not documented anywhere and are added to the rule deck by cards as they enter the deck.,on_score,The engagement engine. The 42-point meld from the recommendations is the model.,draft:632,carried
Disaster packs,Map,global,none,no,1,-,map;hazard,"Packs on the board offering only negative cards, taken for a reward.",map,"The ascension-card delivery mechanism, chosen rather than imposed.",draft:635,carried
Literal spotlights,FX,grid-local,cell,no,1,-,vfx;spotlight,"Actives are lit by an actual stage spotlight rather than a generic glow, with the rest of the board dimmed.",on_spotlight,The theme and the mechanic finally being the same object.,draft:638,carried
Biome worlds,Map,global,none,no,1,-,map;generation,"The tour runs through biomes, each generating the map differently.",map,One Step From Eden's structure over the worldgen graph.,draft:641,carried
Fame gates,Map,global,none,no,1,-,map;progress,Every ten levels the run demands a fame threshold to continue.,map,Umamusume's gate. A hard checkpoint that makes the wager decisions real.,draft:642,carried
Fog of war on the route,Map,global,none,no,1,-,map;reveal,"The tour ahead is fogged, so only the nearest choices are legible.",map,The newest draft narrows this to seeing only as far as the closest city.,draft:643,carried
The show must go on,Blind,global,none,no,1,-,blind;weather,Weather hazards are framed as adversity the troupe performs through rather than as punishment.,on_game_start,"The tone rule for every negative blind - never say no, say harder.",draft:644,carried
Constellation tour map,Map,global,none,no,1,-,map;structure,"An FTL-style constellation map with no backtracking, threading cities around the world.",map,Shipped in shape by the worldgen graph.,draft:645,carried
Tour planning,Map,global,none,no,1,-,map;planning,Before the run the player traces the intended route; longer routes unlock as tours are finished.,map,The Route Book. Deviating from the plan should cost fame.,draft:646,carried
Packs or singles as node rewards,Map,global,none,no,1,-,map;pack,Every reward node offers either a pack or a rarer single card.,map,Two reward shapes is enough variety; three would blur.,draft:647,carried
Temporary prestige events,Event,global,none,no,1,-,event;meta,"An event grants prestige points to spend immediately, reusing the prestige screen mid-run.",map,Recycles a whole UI for one event type.,draft:650,carried
Consequence events,Event,global,deck,no,1,-,event;narrative,Events fire based on what the run has done - sacrifice too many talents and the troupe strikes; hoard too many cards and the taxman calls.,map,Makes the run's history visible without a narrative system.,draft:653,carried
Puzzle events,Event,global,line,no,1,-,event;objective,"Events whose win condition is a puzzle rather than a score - trigger five times, fill one column, score nothing at all.",map,"The same objective vocabulary the blinds use, pointed at a reward instead of a threat.",draft:654,carried
World tour structure,Map,global,none,no,1,-,map;structure,Cross the world building fame; clearing a city raises the next city's requirement; the final city wins the run and unlocks endless.,map,The run's shape. Endless repeats the final city with guaranteed offers between shows.,draft:657,carried
Fame improves rarity,Map,global,none,no,1,-,map;rarity,Total fame raises the odds of better cards appearing.,map,Ties the score axis to the collection axis without a second currency.,draft:658,carried
Endless mode,Meta,global,none,no,1,-,meta;endless,"After the final city, repeat it until you lose, chasing a high score.",map,"The score-attack outlet, which lets the main run stop being one.",draft:659,carried
Circular tour,Map,global,none,no,1,-,map;structure,"Instead of a final city, circle the map and return to the start once enough time has passed.",map,Alternative to the linear tour; makes revisits meaningful.,draft:660,carried
Maximum Effort stamp,Stamp,grid-local,cell,no,1,Rare,stamp;gamble,"Doubles this card's points when it scores, then refuses to refresh unless the card sits out the next show entirely.",on_score,Glass-like risk with a rest mechanic rather than a destruction one.,draft:663,carried
Complexity gates,Meta,global,none,no,1,-,balance;difficulty,"The high scores that gate progress require either luck or genuinely complicated card chains, which pushes players toward dynamic decks.",design,The argument for large boards and long chains being the aspirational play.,draft:666,carried
Talent packs,Meta,global,none,no,1,-,naming;pack,Booster packs are talent packs.,shop,Vocabulary.,draft:669,carried
Discard as the engine,Rule,global,none,no,1,-,entrance;discard,Discarding from the Entrance repeatedly until the right cards appear is the main way a board gets built; the discard count is upgradeable.,on_refill,The single biggest tempo lever. Start at one discard and sell more.,draft:672,carried
Procedural biome fill,Map,global,none,no,1,-,map;generation,Fill the generated map's biomes with wave-function-collapse or min-conflicts after the towns are placed.,map,"Towns first, scenery second - the route must be authored, the scenery need not be.",draft:675,carried
Extruded heightmap map,View,global,none,no,1,-,map;render,Build the top-down 3D relief map from one flat biome image plus a heightmap through an extrude shader.,map,"One image, one shader, a whole diorama. Slopes come from eroding one pixel per layer.",draft:676-677,carried
Forbidden solitaire event,Event,global,none,no,1,-,event;variant,A click-to-stack solitaire variant used as an event minigame.,map,Small enough to be an event and not a mode.,draft:680,carried
Effect-order deck view,View,global,deck,no,1,-,ui;deck,"The deck viewer shows the order effects will fire in even when the card order is hidden, using question-mark pips for anything that does not affect that.",deck,Only shows cards that can trigger from the deck. Reveals the pip when only one card could be meant.,draft:683,carried
Rank-identified rule cards,Rule,global,none,no,1,-,rule;architecture,Duplicate rule cards are told apart by rank - zone adder one has rank one.,on_game_start,Shipped. It is how five identical Entrance cards stay addressable.,draft:686,implemented
Free undo per turn,Rule,global,none,no,1,-,rule;undo,"One free undo per turn, not carried forward.",design,"Baked in by default. Extra undos are earned, and going back in time must not re-grant them.",draft:689,carried
Biome unlocks,Meta,global,none,no,1,-,meta;map,Playing unlocks more biomes and longer possible routes.,design,Flagged in the draft as the Mewgenics problem - gating content behind grind. Endless mode is the mitigation.,draft:692,carried
Press Bribery,Skill,global,none,no,1,Legendary,protection;meta,An extra life - fail a city and continue as though you had won.,on_game_end,"Saved for the end it is a guaranteed win, which is why it must be findable at most once.",draft:695,carried
Node preview,View,global,none,no,1,-,ui;map,Clicking a map node previews it; a separate button commits to travelling there.,map,Prevents the misclick that ends a run.,draft:698,carried
Own RNG,Rule,global,none,no,1,-,architecture;determinism,"Ship a hand-written generator the engine cannot change, with seeded per-stream offsets rather than one shared seed.",on_game_start,Correlated randomness is the failure mode; per-stream offsets are the fix.,draft:701,carried
The yak shave,Meta,global,none,no,1,-,design;retention,A run should seduce the player into abandoning their plan for a better one they did not expect.,design,The pivot loop. Every run wants one card that offers it.,draft:704,carried
Precomputed maps,Rule,global,none,no,1,-,architecture;performance,"Generate maps on a background thread while the player is still in the menu, one per size.",menu,Hides the only long load the run has.,draft:707,carried
Hype wager,Rule,global,none,no,1,-,gamble;economy,Choose to double the fame the next show demands in exchange for better rewards.,on_game_start,"The Booking, in its simplest form. It is the alternative to bigger numbers.",draft:710-711,carried
Presentation card,Skill,grid-local,x,no,1,Uncommon,formation;movement,Moving cards in ascending rank order during one turn grants a multiplier.,on_board_mutated,"Rewards the order of play rather than the final board, which nothing else does.",draft:714,carried
Guaranteed pack preview,View,global,none,no,1,-,ui;pack,A map node shows at least one card the pack definitely contains.,map,"Enough information to plan a route around, not enough to remove the surprise.",draft:717,carried
Branching campaign paths,Map,global,none,no,1,-,map;structure,"Themed paths of escalating levels, where clearing one path unlocks tools that help on another.",map,Battle Cats' structure. Splits cleanly into roguelike tours and authored puzzle levels.,draft:720-721,carried
Chess pawn,Skill,grid-local,h,yes,1,Uncommon,movement;formation,Swaps with the card directly above it; from the bottom of a stack it may swap two up; a diagonal move upward captures.,on_trigger,The clearest use of height as a chess rank. Capture must swap rather than delete or one piece eats a grid.,draft:724-725,carried
Chess pieces,Skill,grid-local,x,yes,1,Rare,movement;formation,"Other pieces may move to any cell their chess movement allows, swapping with whatever is there.",on_trigger,"Swap not capture, so the board's card count is preserved and the piece cannot run away with the show.",draft:726,carried
Chess king,Skill,grid-local,x,no,1,Epic,movement;protection,"Moves one cell in any direction, never captures, and automatically flees any cell a chess card threatens; enormous points if it is ever captured.",on_board_mutated,"An alternate win condition in card form, and the piece that makes the others tactical.",draft:727,carried
Freakshow class,Meta,grid-local,cell,no,1,-,class;rank,Every card whose rank is not an ordinary number belongs to the freakshow.,design,"The home for Blank, Wild, Half-step, Roman and the negative ranks.",draft:730,carried
Digital type,Type,grid-local,cell,no,1,Uncommon,type;protection,Cannot be discarded off the board once placed.,on_discard,"Anti-removal. Turns a good placement into a permanent one, for better and worse.",draft:733,carried
Audience patience,Rule,global,none,no,1,-,resource;flow,"The audience has a patience meter; moving cards spends it, triggering a new effect refunds some, and at zero the show ends.",on_board_mutated,Bounds a show in actions rather than turns and makes every move cost something.,draft:736,carried
Clown patience,Skill,grid-local,cell,no,1,Uncommon,collection;resource,Each distinct clown card on the board raises maximum patience by one; a full set can spend a move for free.,on_card_placed,"The autochess set bonus, arriving before autochess was named as the source.",draft:737,carried
Patience display,View,global,none,no,1,-,ui;resource,"Patience shows as a bar, never as a fraction, so one remaining action reads as one.",design,A fraction invites an off-by-one misread; a bar does not.,draft:738,carried
Warm foreground,Meta,global,none,no,1,-,art;palette,"Warm colours advance and cold recede, so the art is warm and the UI is cold.",design,The palette rule the whole interface obeys.,draft:743-745,carried
Mika Pikazo study,Meta,global,none,no,1,-,art;reference,The compiled technique list kept as the art-direction source for the card and background treatment.,design,Reference. The eight techniques below are the actionable half.,draft:748,carried
Street-art palette,FX,global,none,no,1,-,art;palette,"Hyper-saturated neon pinks, cyans and yellows to recreate the visual noise of street murals.",design,The maximal end of the palette. The Seuss fusion is the restrained alternative.,draft:749-751,carried
Chromatic aberration,FX,global,none,no,1,-,art;shader,Split the RGB channels at the outer edges of the frame so the subject steps forward.,design,"A frame effect, not a card effect - it belongs to the picture wall.",draft:752-754,carried
Chromatic contrast,FX,global,none,no,1,-,art;palette,"Pair colour-wheel opposites, hot magenta against bright cyan, to exploit how warm advances and cold recedes.",design,"The same physics as the warm-foreground rule, applied within one image.",draft:755-757,carried
Hard-edge shading,FX,global,none,no,1,-,art;shader,Sharp posterised shading with hard brushes across most of the artwork.,design,Cheap to author and it matches the flat card-art style already in the project.,draft:758-759,carried
Poster graphic punch,FX,global,none,no,1,-,art;palette,"Flat hard-edged shading reads as commercial poster art, which is exactly the circus lithograph register.",design,"The style and the theme agree here, which is rare and worth exploiting.",draft:760,carried
Blending-mode glow,FX,global,none,no,1,-,art;shader,"Layer ultra-bright secondary colours into shadow borders so surfaces look self-illuminating, like neon signage.",design,"The midway-at-night look. Cheap as a shader, expensive if hand-painted.",draft:761-763,carried
Reverse-contrast isolation,FX,global,none,no,1,-,art;composition,"Surround a flat, lightly shaded face with hyper-dense background detail so the eye rests on the face.",design,"The reason card art can be simple while the background is busy - it is a feature, not a saving.",draft:764-766,carried
Rhythmic asymmetry,FX,global,none,no,1,-,art;composition,"Pack scenes with floating debris, geometry and halftones so a still image carries carnival motion.",design,"Applies to the picture-wall frames more than to cards, which must stay readable at small size.",draft:767-769,carried
Canvas noise,FX,global,none,no,1,-,art;shader,"Overlay film grain, screen tone and analog texture at the frame edge.",design,"Frame-level, so it costs one full-screen pass and never touches card legibility.",draft:770-772,carried
Neo-vintage fusion,Meta,global,none,no,1,-,art;palette,"Pikazo's dense digital structure with a muted Dr Seuss ink palette - high fidelity, low saturation.",design,"The chosen direction. Off-white ground, three or four muted flats, one unmuted accent.",draft:773-775,carried
Muted flat palette,FX,global,none,no,1,-,art;palette,"Avocado green, dusty mustard, soft sky blue on an off-white paper ground, with high-energy motion on top.",design,The palette entry the palette database should encode as a named ramp.,draft:779-783,carried
Seussian shading fit,Meta,global,none,no,1,-,art;palette,"Seuss used flat unshaded fills inside ink lines, which suits hard-brush shading exactly - the result reads as silk-screened streetwear.",design,Why the two references combine instead of fighting.,draft:786-787,carried
Anachronistic aberration,FX,global,none,no,1,-,art;shader,RGB splitting over a muted palette reads as a misregistered mid-century printing press rather than as an LED screen.,design,"The same shader, a different century, because the palette changed. Good cheap flavour.",draft:788-789,carried
Amplified focus,Meta,global,none,no,1,-,art;composition,"Desaturated backgrounds let the eye navigate dense composition faster, so chaos stops being overload.",design,"The readability argument for the muted direction, which matters on a board of seventy-five cards.",draft:790-791,carried
Art execution formula,Meta,global,none,no,1,-,art;process,"Off-white ground, three or four flats, one iconic accent used only for eyes or one garment, crisp black outlines, hard-edged shading, aberration plus paper-fibre grain to finish.",design,The step-by-step brief any card commission should carry.,draft:795-802,carried
Film-grain transitions,FX,global,none,no,1,-,vfx;transition,Scenes enter as grainy film that resolves into the real moment; transitions look like a film strip slowing then speeding up.,design,"Undo becomes a rewind, and if new scenes arrive from above, undo arrives from below.",draft:803,carried
Record scratch,FX,global,none,no,1,-,audio;juice,A record-scratch sting on an illegal move or a cancelled action.,design,One sound that removes the need for an error message.,draft:804,carried
Undo accrual,Rule,global,none,no,1,-,rule;undo,"Undos accrue every few turns, tracked against the turn number they were earned at, so rewinding time cannot re-grant them.",design,"The bookkeeping that stops undo farming; without it, going back is free power.",draft:807,carried
Rock-paper-scissors suits,Suit,grid-local,cell,no,1,Rare,suit;stacking,A card may only be placed on another if its suit would not lose the matchup; ties resolve by higher rank.,on_can_place_stack,"An elemental cycle would be the natural flavour. It rewrites placement legality wholesale, so it is a rule card.",draft:810-812,carried
Effect-order deck section,View,global,deck,no,1,-,ui;deck,"The deck view's top section lists every effect in firing order, hiding pips that do not affect whether the effect applies.",deck,Question-mark pips collapse duplicates; the pip is revealed when only one card could be meant.,draft:815,carried
Suit variety combo,Rule,grid-local,line,no,1,-,scoring;combo,"Every distinct suit effect that fires adds to the combo, so a rainbow board beats a mono board on multiplier.",on_trigger,The anti-flush pressure that keeps four suits worth playing.,draft:818,carried
Negative ranks,Rank,grid-local,cell,no,1,Rare,rank;gamble,"Ranks below zero, drawn under an inverting shader; props scoring a negative card subtract points but still add combo.",on_score,"Trades points for multiplier, which is a real decision rather than a strict downside.",draft:821,carried
Stacking is a pip rule,Rule,grid-local,cell,no,1,-,architecture;stacking,"Stacking legality is decided by the topmost held card's own suit rule, the same way scoring cascade is decided by the scored card.",on_can_grab_stack,Shipped. It is what lets a single exotic suit carry its own placement rules.,draft:824,carried
Pick up from anywhere,Rule,grid-local,cell,yes,1,-,rule;movement,"Consider dropping pickup rules entirely, since exotic suits make a general pickup rule hard to state.",on_can_grab_stack,Open question in the draft. The grid's answer is that placement is one-way unless an effect says otherwise.,draft:825,carried
Scoring grants spotlight,Rule,grid-local,line,no,1,-,spotlight;scoring,Cards being scored are automatically in the spotlight as the score passes over them.,on_score,Shipped as the section's card list being the spotlight set. Scoring rules cards are live while their hand resolves.,draft:828,implemented
Card art outlines,View,global,none,no,1,-,art;readability,Card art needs outlines because the card background colour is set by type and is not predictable.,design,"A hard art constraint, not a preference.",draft:831,carried
Randomised scoring card,Rule,grid-local,line,no,1,-,scoring;variant,"A rule card that changes which melds are legal each show, American-mahjong style.",on_game_start,"The single best replayability lever the rule deck offers, and a natural blind.",draft:834,carried
Trending talents,Rule,global,none,no,1,-,scoring;variant,"Each show names talents or abilities that score extra, changing what a deck wants that night.",on_game_start,Same idea pointed at cards rather than melds. Pairs with the tastes-of-the-town blinds.,draft:835,carried
Game inspirations index,Meta,global,none,no,1,-,reference;research,"The card-game survey that follows is the mining ground for melds, restrictions and blind objectives.",design,Every game below yields at least one mechanic; that is what the survey is for.,draft:838,carried
Mahjong melds,Meld,grid-local,line,no,1,-,meld;mahjong,"Classic mahjong hands as an extension of the poker vocabulary - small straights of three, triplets and pairs.",on_score,Fits the five-card line better than fourteen-tile hands do.,draft:839-841,carried
Dragon suits,Suit,grid-local,line,no,1,Rare,suit;mahjong,"Non-standard suits stand in for dragons, which implies more than three ranked suits and more than three dragons.",on_score,"Winds are rejected in the draft as too directional - though the grid now has directions, so they are worth revisiting.",draft:842,carried
Mini hands,Meld,grid-local,line,no,1,Uncommon,meld;mahjong,"A hand is one triplet plus a pair, scaling upward with each extra triplet, rather than a full fourteen-tile hand.",on_score,Sized to a five-card line. Four triplets and a pair is a whole-grid objective instead.,draft:843,carried
Unsorted melds,Rule,grid-local,line,no,1,-,meld;ruling,Mahjong-style melds do not require the cards to be in order within the line.,on_score,"Distinguishes them from runs, which do. A useful second axis for line design.",draft:844,carried
Mahjong discard,Skill,grid-local,cell,no,1,Uncommon,discard;movement,Discard any card in a grid that belongs to no meld - a card with no connection to anything in its column.,on_trigger,"The half-the-fun-is-discarding note, made spatial. Only fires on genuinely dead cards.",draft:845,carried
Themed meld rotation,Rule,grid-local,line,no,1,-,scoring;variant,"Each run names a few themed melds that score extra, so a different strategy is favoured each time.",on_game_start,"Same shape as trending talents, aimed at melds. Both belong in the rule deck.",draft:846,carried
Cloud swirl shader,FX,global,none,no,1,-,vfx;shader,Swirling cloud shaders as reference for the map's weather and the wall's backdrops.,design,Reference. Clouds can double as a picture frame on the map.,draft:849,carried
Gaussian glow with grain,FX,global,none,no,1,-,vfx;shader,"Colour-shifted Gaussian glow with grain, as reference for the lighting treatment.",design,Reference. Pairs with the blending-mode glow entry.,draft:852,carried
Cork-board map UI,View,global,none,no,1,-,ui;map,"The map reads as a pinned cork board, but the pins are circus posters.",map,Diegetic and it makes route planning feel like planning.,draft:855,carried
Frame-reveal transitions,FX,global,none,no,1,-,vfx;transition,Zooming out reveals the full frame around the image; transitions pan between differently framed images and zoom back in.,design,Shipped in shape by the picture wall. Undo reuses the same motion in reverse.,draft:858,carried
Confetti cone,FX,global,none,no,1,-,vfx;juice,"Confetti fired in a cone, with long streamers dropping from above.",on_after_score,The score celebration; scale it with the size of the score.,draft:859,carried
Diegetic UI wall,View,global,none,no,1,-,ui;wall,"All UI is one 2D space the camera pans around, like looking at a wall of framed photographs; the hub is a museum.",design,Shipped as the picture wall. The wide grid board is exactly what its saved pan exists for.,draft:862-863,carried
Framed start screen,View,global,none,no,1,-,ui;wall,The start screen is itself a framed picture that zooms out when a tent is chosen; three tents are offered.,menu,"Three tents is the run-start choice - deck, difficulty and route in one gesture.",draft:864-865,carried
Living photographs,FX,global,none,no,1,-,vfx;wall,"Framed images on the wall are animated, not static.",design,Cheap life for a static hub.,draft:866,carried
Floating info cards,View,global,none,no,1,-,ui;info,"In info mode, descriptions appear as floating notecards along the bottom of the screen.",design,"Keeps explanation off the board, which matters on a board this wide.",draft:867,carried
Info card history,View,global,none,no,1,-,ui;info,"Each info card opened goes into its own tab, so several can be compared side by side.",design,The right answer for a game where a combo spans four cards' text.,draft:868,carried
Back-tween motion,FX,global,none,no,1,-,vfx;juice,Every motion overshoots slightly and anticipates before it starts.,design,Shipped in the grid's growth ease and spring.,draft:871,implemented
Mult is one per effect,Rule,grid-local,line,no,1,-,scoring;combo,The multiplier is simply plus one per distinct effect activated.,on_trigger,Shipped. The simplicity is the feature - every card visibly matters.,draft:874,implemented
Clockwork theme,Meta,global,none,no,1,-,theme;magic,Robert-Houdin's impossible clockwork machines as a design register for automata cards.,design,The Roman-numeral rank and the time-advancing effects belong to this family.,draft:877,carried
Mystery Clock,Skill,grid-local,cell,no,1,Rare,info;time,A card with no visible mechanism that nonetheless announces when the next scoring line will complete.,on_board_mutated,"Robert-Houdin's glass clock. Information as a card, which the game has too little of.",draft:880,carried
Singing Lesson,Skill,grid-local,x,no,1,Uncommon,buff;combo,Teaches an adjacent card one of its own triggers for the rest of the show.,on_card_placed,Copying a trigger rather than an effect keeps it from being a strict upgrade.,draft:881,carried
Marvelous Orange Tree,Skill,grid-local,y,no,1,Epic,growth;creation,"Grows over successive refills - budding, flowering, then fruiting a card into its own column.",on_refill,Robert-Houdin's masterpiece. A card that pays out only if you protect its column for the whole show.,draft:882,carried
Pastrycook of Palais-Royal,Skill,grid-local,cell,no,1,Rare,creation;economy,Cue to order a card by name from the discard; it is delivered to the Entrance next refill.,on_trigger,The automaton that fetched pastries on request. Targeted recursion with a delay.,draft:883,carried
Ethereal Suspension,Skill,grid-local,h,yes,1,Rare,movement;protection,The card above this one floats - it neither blocks the spotlight nor counts toward stack height.,on_stack_cards,"Robert-Houdin's levitation, and a direct counter to the cost of building tall.",draft:884,carried
The Bullet Catch,Skill,grid-local,cell,no,1,Legendary,gamble;scoring,"Scores ten times its rank while spotlit, with a one-in-thirteen chance of destroying itself instead.",on_score,The trick that killed Chung Ling Soo. The purest near-miss in the design.,draft:887;recs:167,carried
Endless Bag,Skill,global,deck,no,1,Rare,creation;economy,Cue to pull a random basic card out of nowhere into the Entrance; never runs out.,on_trigger,Infinite chaff is a real resource in a game where placement is the constraint.,draft:888,carried
Eating Contest,Skill,grid-local,cell,yes,1,Uncommon,destruction;growth,Consumes every card in its own stack at show end and scores their combined rank.,on_game_end,A stack-capper that pays for building tall and then dismantles it.,draft:889,carried
Dog of 113 Tricks,Skill,grid-local,cell,no,1,Epic,combo;meta-effect,"Each time a distinct effect fires anywhere this show, this card gains a permanent point, up to 113.",on_trigger,Rewards a rainbow board over a whole run rather than a whole line.,draft:890,carried
Free Pigs,Skill,global,deck,no,1,Uncommon,economy;creation,Gives a random card away to the audience - remove it from the deck and gain two tokens.,on_trigger,Barnum's giveaways. A thinning effect that pays instead of costing.,draft:891,carried
Ventriloquist,Skill,grid-local,x,no,1,Rare,meta-effect;copy,"An adjacent card's skill triggers as though it were this card's, from this card's position.",on_trigger,Relocating a trigger is a placement puzzle disguised as a copy effect.,draft:892,carried
Spirit Medium,Skill,grid-local,h,yes,1,Rare,movement;secret,"Cards stack themselves - at each refill, one loose card moves to a legal stack on its own.",on_refill,"Auto-moving cards give the board a life of its own, which is unnerving in the right way.",draft:893,carried
Teleport Boxes,Skill,grid-local,x,no,2+,Rare,movement;formation,"Cue to swap the contents of two cells, in any grids.",on_trigger,The cross-grid swap. Its whole value comes from there being more than one grid.,draft:894,carried
Levitation,Skill,grid-local,h,yes,1,Uncommon,movement,"Cue to raise this card one height level, leaving a gap beneath it that the next placement fills.",on_trigger,A verb only the fourth coordinate could support.,draft:895,carried
Narrative acts,Meta,global,none,no,1,-,theme;narrative,Presentation framed as plays and stories rather than as isolated tricks.,design,The scaffolding for quest-shaped effects that must fire in order.,draft:896,carried
Fake props,Type,grid-local,cell,no,1,Common,type;secret,"A set-piece card that looks like a real card until it is scored, then reveals itself as worthless.",on_score,The Gaff. Its value is entirely in what an opponent or a blind believes about it.,draft:897,carried
Illusion film,Meta,global,none,no,1,-,theme;narrative,Melies-style combination of illusion and narrative as the register for the game's own presentation.,design,The film-grain transitions belong to this idea.,draft:898,carried
Golden Witch,Skill,grid-local,cell,no,1,Epic,economy;destruction,Spawns Gold cards onto the board through the show; every one of them detonates at show end.,on_refill,Free money with a timer - the board fills with wealth you must spend before it goes off.,draft:901,carried
Narrative cards,Skill,grid-local,x,no,1,Legendary,narrative;formation,"Protagonist and villain cards that play out a story across the board, scoring when their scenes complete in order.",on_card_placed,"The quest-shaped effect. Expensive to author, memorable when it lands.",draft:902,carried
The Dead List,Rule,global,deck,no,1,-,architecture;destruction,"A separate collection for cards removed from play entirely, distinct from the discard, with its own board.",on_discard,Naming it gives removal effects somewhere to point and a card family somewhere to fish from.,draft:905,carried
Poltergeist,Skill,grid-local,cell,no,1,Rare,movement;pip,"Vanishes an object - removes a card's suit, or repaints it to another suit already on the board.",on_trigger,The colour-changing half is the useful half; the vanishing half is the Clown class's job.,draft:906,carried
Crystal Ball,Skill,global,deck,no,1,Rare,info;deck-manip,"Reveals the next several cards of the deck, as though the answers had been researched in advance.",on_trigger,The mitt-camp research gag makes the information feel earned rather than magical.,draft:907,carried
Self-Help Books,Skill,global,deck,no,1,Uncommon,economy,Sell copies between shows - gain tokens scaled to how much fame the last show earned.,on_game_end,Turns a good show into money without touching the score axis.,draft:908,carried
Snake Charmer,Skill,grid-local,y,no,1,Uncommon,movement;formation,Cards in this column drift one cell toward this card at each refill.,on_refill,"Slow gravity, which lets a player set up a formation over several refills.",draft:909,carried
Tax Evasion,Event,global,deck,no,1,-,event;economy,Hold too many cards and the authorities take a cut of the deck; bribery and blackmail are the alternatives offered.,map,"The consequence event for hoarding, and the counterweight to cards-as-currency.",draft:910,carried
Disappearing Birdcage,Skill,grid-local,cell,no,1,Uncommon,creation;destruction,"Cue to remove this card and a neighbour from the board, returning both to the deck.",on_trigger,"A reset button for a bad placement, which the one-way grid badly needs.",draft:913,carried
The Vanishing Chair,Skill,grid-local,cell,no,1,Rare,movement;protection,At the end of each refill this card vanishes and reappears in a different empty cell of its grid.,on_refill,"Unpredictable but grid-local, so it never leaves the plan you built it into.",draft:914,carried
Multiplying Balls,Skill,grid-local,y,no,1,Rare,creation;suit,"When a Balls card scores in this column, add a copy of it to the Entrance.",on_score,"The suit-specific engine card, and the reason to commit a grid to one suit.",draft:915,carried
Expanding Dice,Skill,grid-local,cell,no,1,Uncommon,growth;rank,"Grows a rank each time a line containing it scores, without limit.",on_score,"Simple, visible growth. The cap is how long you can protect the cell.",draft:916,carried
Nested Boxes,Skill,grid-local,h,yes,1,Epic,combo;h,"Scores once for each card beneath it in its stack, each time multiplying rather than adding.",on_score,"The card that most rewards a tall stack, and therefore the one that most needs a cost.",draft:919,carried
Self-Playing Instrument,Skill,grid-local,cell,no,1,Rare,meta-effect;charges,Triggers itself once per refill without being cued.,on_refill,Automation as a card. It makes charges accumulate rather than expire.,draft:920,carried
Floating Head,Skill,grid-local,h,yes,1,Rare,movement;spotlight,"This card's skill detaches and floats over its grid, staying spotlit wherever it is buried.",on_spotlight,"The theatrical version of the always-active stamp, with the art to justify it.",draft:921,carried
The Band,Skill,grid-local,line,no,1,Uncommon,combo;class,Scores extra for every distinct class present in its own line.,on_score,The rainbow reward at line scale rather than board scale.,draft:922,carried
Velocipede,Skill,grid-local,x,no,1,Uncommon,movement,"Cue to roll this card along its row until it hits an occupied cell, scoring each empty cell it crosses.",on_trigger,"Movement that pays for empty space, which nothing else does.",draft:925,carried
Human Cannonball,Skill,grid-local,x,yes,2+,Rare,movement;formation,Cue to fire the bottom card of any stack into another grid's matching cell.,on_trigger,Reaches the unreachable card - the solitaire fantasy - and crosses grids doing it.,draft:926;recs:187,carried
Vaudeville reference,Meta,global,none,no,1,-,reference;research,"The vaudeville bill as a structure - seven to ten unrelated acts ordered to open safe, calm the middle and finish enormous.",design,Reference for pacing a show and for how a run's nodes should be ordered.,draft:927,carried
The Bill,Rule,global,none,no,1,-,structure;flow,"A show is ordered like a vaudeville bill - a silent opener that survives latecomers, novelty in the middle, the star second from last, and a closer that clears the room.",design,A pacing template for node ordering within a city.,draft:928,carried
Noah's Ark Box,Skill,global,deck,no,1,Epic,creation;class,"Cue to pour out a flood of animal-class cards into the deck, one per Animal Trainer card already owned.",on_trigger,"Scales with commitment, which is the right shape for a legendary payoff.",draft:931,carried
Flower Cards,View,global,none,no,1,-,art;cosmetic,Cards cut into flower shapes as a cosmetic card back or a pack variant.,design,"Cosmetic only, but it is a strong pack identity.",draft:934,carried
Sleight of Hand,Skill,grid-local,x,no,1,Rare,movement;secret,"Cards moved by effects sometimes land one cell off on purpose, and this card profits when they do.",on_board_mutated,"Deliberate imprecision as a mechanic - risky, funny, and only viable with an undo.",draft:937,carried
Bricks from Hats,Skill,grid-local,cell,no,1,Uncommon,creation;stamp,Cue to convert this card's stamp into a token card placed in an empty cell.,on_trigger,"Turns equipment back into material, which gives stamps a floor value.",draft:940,carried
Roast to Live Chicken,Skill,global,deck,no,1,Rare,creation;deck-manip,Cue to bring one card back from the discard as a fresh copy at full rank.,on_trigger,Recursion with a transformation attached so it never feels like a plain undo.,draft:941,carried
Blindfold Knife Throw,Skill,grid-local,x,no,1,Epic,gamble;destruction,Cue to name a rank; a knife destroys one random card in the row and scores hugely if it was that rank.,on_trigger,Called-shot gambling. The showmanship is in naming it out loud before the throw.,draft:942,carried
The Shuffle,Skill,grid-local,grid,yes,1,Epic,movement;gamble,"Flips every card in a grid face down, randomises their positions, then reveals the topmost of each stack.",on_trigger,"Total spatial reset. Terrifying, occasionally exactly what a stuck board needs.",draft:943,carried
Planted Props,Skill,global,deck,no,1,Rare,deck-manip;secret,"Cue to plant a card at a chosen depth in the draw deck, to be produced at exactly the right moment.",on_trigger,Prepping hours in advance is the actual trick; the card is just bookkeeping for it.,draft:946,carried
Fake Book Cover,Stamp,grid-local,cell,no,1,Uncommon,stamp;secret,This card displays another card's name and art until it scores.,on_score,"Misdirection as a stamp, and the mechanical partner of the Gaff.",draft:947,carried
Linking Rings,Skill,grid-local,x,no,2+,Rare,formation;combo,Cards of the Hoops suit in the same row across separate grids count as one continuous line.,on_score,The long-row rule as a card. Directly rewards playing several grids at once.,draft:950,carried
Straitjacket over Spikes,Skill,grid-local,cell,no,1,Rare,protection;gamble,Starts immobilised over a hazard; frees itself and pays double if its line scores before the show ends.,on_score,The escape is the payoff. A self-solving problem with a deadline.,draft:951,carried
Niagara Crate,Skill,grid-local,h,yes,1,Epic,protection;movement,"Cue to seal this card and everything above it; the stack is out of play until the next refill, then returns intact.",on_trigger,Protects a built stack from a hazard at the cost of a refill's scoring.,draft:952,carried
Tornado of Fire,Skill,grid-local,y,no,1,Epic,hazard;suit,"Cue to set a column alight - every card in it gains Burning, and any card placed there this show gains it too.",on_trigger,Turns a column into a commitment. Pairs with anything that pays for Burning.,draft:953,carried
Escapology suite,Meta,global,none,no,1,-,class;research,"Jails, crates, safes, chains and manacles as the vocabulary for the Escape Artist class's restraint cards.",design,Each restraint is a different immobilisation with a different release condition.,draft:956,carried
Prince of the Air,Leader,grid-local,h,yes,1,Legendary,leader;movement,Leader whose cards may always move upward through a stack regardless of stacking rules.,on_game_start,The Acrobat leader. Height is its whole identity.,draft:957,carried
King of Cards,Leader,global,deck,no,1,Legendary,leader;deck-manip,Leader who may look at and reorder the top of the deck every refill.,on_game_start,The Fortune Teller leader. Information rather than power.,draft:958,carried
Lockpicking,Skill,grid-local,cell,no,1,Uncommon,protection;rule,"Cue to free any one immobilised or restricted card, including one restricted by a blind.",on_trigger,"The counterplay card blinds need to exist for. Without it, restriction blinds are pure tax.",draft:959,carried
Buried Alive,Skill,grid-local,h,yes,1,Rare,gamble;h,"Scores enormously if it is buried under three or more cards when the show ends, and nothing otherwise.",on_game_end,Inverts every instinct the spotlight system trains. A deliberate contrarian card.,draft:960,carried
Timed Consumption,Rule,grid-local,cell,no,1,-,rule;destruction,"Removing a card from play for a fixed number of refills, after which it returns, rather than removing it forever.",on_refill,"The mechanic behind Milk Can and the crate. Removal with a return is a tempo tool, not a loss.",draft:961,carried
Metamorphosis,Skill,grid-local,x,no,2+,Rare,movement;deck-manip,"Cue to swap this card with any card in the draw deck, seen or unseen.",on_trigger,Houdini and Bess's substitution trunk. A controlled gamble with a body.,draft:962;recs:166,carried
Vanishing Elephant,Skill,grid-local,grid,yes,1,Legendary,destruction;h,Cue to remove the entire contents of one cell's stack from play; score for every card removed.,on_trigger,"The largest single removal in the game, which is exactly what makes it a headline act.",draft:963,carried
Water Torture Cell,Skill,grid-local,cell,no,1,Epic,gamble;time,"Cue to start a three-refill timer; if this card's line has not scored by then, it is destroyed - if it has, it scores triple.",on_refill,A deadline the player sets themselves. Tension without randomness.,draft:964,carried
Walking Through Walls,Skill,grid-local,x,no,2+,Epic,movement;formation,"This card may be placed into an occupied cell, pushing its occupant into the neighbouring grid's matching cell.",on_can_place_stack,"The clearest cross-grid verb, and it needs the row alignment rule to be legible at all.",draft:965,carried
Rising Cards,Skill,global,deck,no,1,Uncommon,deck-manip;creation,Named cards rise out of the deck on their own and arrive in the Entrance at the next refill.,on_refill,"The classic effect, and a clean tutor.",draft:968,carried
Disembodied Princess,Skill,grid-local,h,yes,1,Rare,spotlight;h,Only the top half of this card is ever covered - it stays spotlit no matter how tall its stack grows.,on_spotlight,"The illusion and the mechanic are the same picture, which is the ideal for this game.",draft:969,carried
Floating Ball,Skill,grid-local,y,no,1,Uncommon,suit;prop,"Cue to send a hoop prop around a Balls card to prove it is unsupported, scoring both.",on_trigger,A two-suit combo card that reads as an actual trick.,draft:970,carried
Fake Blood,Skill,grid-local,cell,no,1,Rare,gamble;secret,"Appears to destroy an adjacent card; it is only hidden and returns next refill, scoring for the fright.",on_trigger,Payoff for the audience believing something went wrong - the risk essay in one card.,draft:971,carried
Indian Rope Trick,Skill,grid-local,h,yes,1,Epic,movement;h,"Cue to raise a column of cards into a new stack in a single cell, climbing them all upward.",on_trigger,"Converts spread into height, which is a whole strategy pivot in one action.",draft:974,carried
Tire Trick,Skill,grid-local,h,yes,1,Rare,movement;protection,"Cue to dismantle a stack, hiding its cards; rebuilding the stack later returns them all.",on_trigger,Storage that reads as a trick. Pairs with any hazard that targets a stack.,draft:975,carried
Everlasting Flame,Skill,grid-local,cell,no,1,Rare,status;suit,"Burning applied by this card is not removed by anything, including effects that clear statuses.",on_score,"The counter to status removal, and a reason to keep a Flames build honest.",draft:978,carried
Human Card Index,Skill,global,deck,no,1,Legendary,deck-manip;info,"Cue to name any rank and suit; if that card exists anywhere in your collections, it arrives in the Entrance.",on_trigger,"The perfect tutor, and the historical act is exactly this - over forty pockets and hundreds of items.",draft:981-982,carried
Bullfight,Skill,grid-local,x,no,1,Rare,hazard;gamble,"A charging prop crosses the row; cards that dodge score, cards that do not are destroyed.",on_score,A prop that can lose you cards is the risk-reward shape hazards should have.,draft:985,carried
The Sawing,Skill,grid-local,cell,no,1,Uncommon,creation;rank,"Cue to split a card into two cards of half its rank, same suit, placed in adjacent cells.",on_trigger,Rank arithmetic as a tool - fabricate a run on demand.,draft:986,carried
The Expert at the Card Table,Skill,global,deck,no,1,Legendary,secret;deck-manip,Signed by an author nobody can identify; collecting every card bearing the signature unlocks something never explained.,on_game_start,"The Erdnase cipher. One field on a card, and the community does the rest.",draft:987,carried
Signed Card,Stamp,global,deck,no,1,Rare,stamp;persistence,"When this card leaves the board, the next card created anywhere is this exact card instead.",on_discard,"Identity that survives destruction, which no other effect provides.",draft:988,carried
Misdirection,Skill,grid-local,x,no,1,Uncommon,spotlight;formation,"While spotlit, the lowest covered card in each adjacent column is also spotlit.",on_spotlight,A spatial aura - one placement relights a whole region of the board.,draft:991;recs:169,carried
Cups and Balls,Skill,grid-local,x,no,1,Common,movement;secret,Cue to shuffle the positions of three adjacent face-down cards.,on_trigger,"The oldest trick recorded, and a fine cheap tutorial for the hidden-card rules.",draft:992,carried
Collection names,Meta,global,none,no,1,-,naming;architecture,"The collections are named - the Dead List for removed cards with its own board, Backstage, the Grand Entrance, the Ring, and the Magic Deck for rules.",design,Vocabulary that the code partly adopted; the Dead List is still unbuilt.,draft:995-999,carried
Rest Area,Rule,global,none,no,1,-,naming;flow,A named between-shows collection where cards recover from statuses and exhaustion.,on_game_end,Gives rest-based costs like Maximum Effort somewhere to point.,draft:1000,carried
Mentalist,Skill,global,deck,no,1,Rare,info;gamble,"Cue to predict a future board state; if it comes true this show, score enormously.",on_board_mutated,"Rewards reading the deck and the grid together, which nothing else asks for.",draft:1003,carried
Magic musicals,Meta,global,none,no,1,-,theme;narrative,"Magic staged as a musical number rather than as a trick, as a presentation register.",design,"Supports the effect-art pop-up idea - a fired effect is a number, not a notification.",draft:1004,carried
Turning Back Time,Skill,global,none,no,1,Epic,undo;protection,"Cue to undo the last placement without spending an undo, framed as covering an accident.",on_trigger,Undo as a card is powerful precisely because the grid commits placements.,draft:1005,carried
Ground acrobatics,Meta,grid-local,cell,no,1,-,class;research,"Hand-walking, cartwheels, contortion, splits and somersaults as the Acrobat class's art vocabulary.",design,Art reference for a class whose cards are all movement verbs.,draft:1008,carried
Arena spectacle,Meta,global,none,no,1,-,theme;research,"Chariot races, gladiators, animal baiting - the Roman ancestor of the ring, and the source of the word circus.",design,"The oldest layer of the theme, and the reason Roman numerals are a rank skin.",draft:1009,carried
Medieval troupe,Meta,global,none,no,1,-,theme;research,"Tumblers, dancers, musicians, jesters, caravans and aerialists travelling together as one company.",design,"The troupe-as-deck framing, sourced.",draft:1010,carried
Funambulist,Skill,grid-local,x,no,1,Rare,movement;gamble,"Crosses its row one cell per refill; if it reaches the far end it scores hugely, and any disturbance drops it.",on_refill,Rope walking as a multi-turn commitment the opponent - or a blind - can interrupt.,draft:1011,carried
Slack Rope,Skill,grid-local,x,no,1,Uncommon,movement;formation,"This card may be placed between two occupied cells, shifting both outward.",on_can_place_stack,"Mountebanks walked slack ropes. An insertion verb, which the grid otherwise lacks.",draft:1012,carried
Hubris,Status,grid-local,cell,no,1,-,status;gamble,A card that has scored hugely gains Hubris and risks a penalty on its next score.,on_after_score,"The bad-luck-for-hubris tradition, and a soft cap on repeat scoring.",draft:1013,carried
Endurance feats,Skill,grid-local,cell,no,1,Rare,gamble;status,"Coal walking, boiling oil, fire swallowing - cards that score for surviving a hazard they were placed into deliberately.",on_card_placed,The template for any card that wants a blind to exist.,draft:1014,carried
Animal novelty,Skill,grid-local,x,no,1,Common,class;formation,"Upright dogs, costumed monkeys, dancing turkeys - low-rarity Animal Trainer cards that score for adjacency to their trainer.",on_score,The common tier of a class needs cheap adjacency cards like these.,draft:1015,carried
Costumed Acrobat,Skill,grid-local,cell,no,1,Uncommon,class;copy,An Acrobat dressed as a beast counts as an Animal card as well as an Acrobat.,on_score,Class splashing with a historical excuse. The Greasepaint stamp generalises it.,draft:1016,carried
Trained Bear,Skill,grid-local,h,yes,1,Uncommon,stacking;destruction,Eats the card directly above it at each refill and gains its rank.,on_refill,"Height gives the bear a queue to work through, which paces it naturally.",draft:1017,carried
Puppet,Skill,grid-local,x,no,1,Uncommon,copy;meta-effect,Copies the skill of the card to its left for as long as that card remains in play.,on_board_mutated,Puppetry as a copy effect with a visible string - the dependency is the drama.,draft:1018,carried
Potion Seller,Skill,global,deck,no,1,Common,economy;consumable,Cue to sell a card from the deck for tokens; the buyer is never seen again.,on_trigger,Saltimbanque economics. A thinning outlet inside a show rather than at a shop.,draft:1019,carried
Pickpocket,Skill,global,deck,no,1,Uncommon,economy;deck-manip,"If this card ends the show without ever scoring, it adds a stolen card to the deck.",on_game_end,"Rewards not playing a card, which almost nothing else does.",draft:1020,carried
Commedia playlet,Meta,global,none,no,1,-,theme;research,Short pantomimes and playlets predate clowning and are its source; commedia dell'arte is the ancestor.,design,Sourcing for the Clown class and for the narrative-cards idea.,draft:1021,carried
Head in the Lion's Mouth,Skill,grid-local,cell,no,1,Epic,gamble;class,"Place adjacent to an Animal card to score triple; if that Animal is ever destroyed, this card is too.",on_score,Risk stated as a dependency rather than as a dice roll.,draft:1022,carried
National styles,Meta,global,none,no,1,-,theme;research,"French trapeze, German Icarian games, Anglo-Saxon horseback, Spanish lightness, Japanese balancing, Arab fire - the historical specialisms.",design,A ready-made way to give card families visual and mechanical identity.,draft:1023,carried
Diversity as combo,Rule,grid-local,line,no,1,-,scoring;combo,Circus managers sold the world in one tent; the game's equivalent is that variety on the board scores better than sameness.,on_score,The framing that makes the anti-flush pressure thematic rather than arbitrary. Handle the historical framing carefully.,draft:1024,carried
Troupe insularity,Meta,global,none,no,1,-,theme;narrative,Performers kept to themselves and did not mingle with the towns they played.,design,Flavour for the union-strike and consequence events.,draft:1025,carried
The Ring is Freedom,Meta,global,none,no,1,-,theme;flavor,The ring has neither beginning nor end - the line worth putting on the title screen.,menu,Flavour. It also happens to describe a grid with wrapping movement.,draft:1026,carried
Running away to the circus,Meta,global,none,no,1,-,theme;narrative,"The dream of glamour, adventure and escape that the game's fiction sells.",design,The run's implicit premise; worth one line of framing at run start.,draft:1027,carried
Injury stacks,Status,grid-local,cell,no,1,-,status;hazard,Each trigger risks an injury stack; enough stacks retire the card permanently. Sitting out a show clears one.,on_trigger,The real history of the no-net era. It makes over-triggering a card a genuine cost.,draft:1028,carried
Applause curve,FX,global,none,no,1,-,audio;score,"Applause scales with the score, with individual gasps for individual high-scoring cards.",on_after_score,The audience-as-antagonist made audible. Cheap and enormously effective.,draft:1029,carried
Military Riders,Skill,grid-local,x,no,1,Common,formation;class,"Scores extra when in a row with two or more cards of its own class, standing in formation.",on_score,"The plainest class-count card, and the tutorial for the autochess rule.",draft:1032,carried
Playing Dead,Skill,grid-local,cell,no,1,Uncommon,protection;secret,This card is skipped by every destructive effect while it is face down.,on_board_mutated,Protection that costs the card its own scoring while it hides.,draft:1033,carried
Canvas cover,Blind,global,none,no,1,-,blind;weather,Rain stops the show unless the tent is covered - a weather blind that disables scoring until a condition is met.,on_game_start,A blind with an on-switch rather than a permanent tax.,draft:1034,carried
Automaton and magnet,Skill,grid-local,x,no,1,Rare,movement;secret,Cue to pull the nearest card of a chosen suit one cell toward this one.,on_trigger,"Mechanical attraction as a targeted move, with the magnet as the honest explanation.",draft:1035,carried
Long Hair,Skill,grid-local,y,no,1,Uncommon,movement;h,Hangs from the card above it - counts as part of the stack above rather than below when a line is read.,on_score,"Iron-jaw-by-hair, and a genuinely odd geometry effect.",draft:1036,carried
Ring and stage,Meta,grid-local,grid,no,2+,-,theme;view,"A full ring at the centre and a theatre stage at the side, for combination spectacles.",design,The historical precedent for several performance spaces at once - which is the multi-grid board.,draft:1037,carried
Leaping the Horse,Skill,grid-local,x,no,1,Rare,movement;combo,"Cue to jump this card back and forth over a neighbour, scoring once per crossing, until it fails.",on_trigger,Forty crossings without stopping is the record; the card should tempt the player to push one more.,draft:1038,carried
Standing Split,Skill,grid-local,y,no,1,Rare,formation;gamble,"Scores double while it is the only card in its column, and nothing at all once it is not.",on_score,"A card that wants an empty column, which fights every other incentive.",draft:1039,carried
The Whip,Blind,global,none,no,1,-,blind;hazard,"Performers and animals are driven harder - every card triggers an extra time, and every card gains an injury stack.",on_trigger,"Upside and downside in the same clause, which is the shape every blind should have.",draft:1040,carried
Eight-Horse Platform,Skill,grid-local,x,no,1,Epic,formation;combo,Scores once per card in its row that is directly supporting it - every card below in the same column counts.,on_score,"Reads the board in two axes at once, which is the grid's signature shape.",draft:1041,carried
Catching Oranges,Skill,grid-local,x,no,1,Uncommon,combo;prop,"Cue to catch the next prop that would pass this card, scoring it instead of letting it continue.",on_trigger,Prop interception - a defensive verb in a system that had only offence.,draft:1042,carried
Juggling Variety,Skill,grid-local,y,no,1,Uncommon,suit;combo,"Scores once per distinct object type juggled in its column - fruit, bottles, glasses, hoops.",on_score,A per-column variety reward to sit beside the per-line one.,draft:1043,carried
Human Pyramid,Skill,grid-local,h,yes,1,Epic,formation;h,"Scores for a stack whose ranks strictly decrease upward, once per card in the stack.",on_score,The formation card the fourth coordinate exists for.,draft:1044,carried
Shipwreck Spectacle,Event,global,none,no,1,-,event;narrative,Grand staged productions - shipwrecks and battles - as large event nodes with their own boards.,map,"The set-piece node type, distinct from a shop or a fight.",draft:1045,carried
The Infirmary,Rule,global,none,no,1,-,status;flow,A between-shows space that clears injury and exhaustion from cards left there.,on_game_end,Amphitheatres doubled as hospitals. Gives the injury system an off-ramp.,draft:1046,carried
Hippodrama,Skill,grid-local,x,no,1,Rare,class;narrative,"Animal cards may take the leading role - while this is in play, Animal cards count as performers for every class check.",on_score,Horses treated as actors with billing. A class-wide unlock in one card.,draft:1047,carried
The Drunk Spectator,Skill,global,x,no,1,Rare,secret;creation,Enters as an ordinary basic card and reveals itself as a performer after it has scored once.,on_after_score,"The oldest gag in the ring, and a genuinely good surprise the second time you see it.",draft:1048,carried
Ordered quests,Rule,grid-local,line,no,1,-,objective;narrative,Some effects require a sequence - the next stage unlocks only when the previous one has fired.,on_trigger,The quest-shaped effect. It is also exactly how a multi-part blind objective should read.,draft:1049,carried
Costume appeal,Meta,global,none,no,1,-,theme;research,"Skin-coloured bodysuits, cross-dressed performers and dominatrix framing all sold tickets historically.",design,Historical record. Handle with care in art direction; the reference file has the caveats.,draft:1050-1053,carried
Carried Talent,Skill,grid-local,h,yes,1,Rare,formation;h,"A talent card stacked on another talent card scores extra, scaling with how many talents are beneath it.",on_score,Tricks performed atop other performers. The most direct height reward in the notes.,draft:1054,carried
Water Ring,Blind,grid-local,grid,no,1,-,blind;hazard,The floor floods - the bottom row of every grid cannot be used until a diving card is placed.,on_game_start,"A blind that removes space rather than points, and sells a specific card as its answer.",draft:1057,carried
Iron Jaw,Skill,grid-local,h,yes,1,Epic,h;protection,Supports the entire stack above it - cards above cannot be destroyed or moved while this card holds.,on_stack_cards,Holding weight between the teeth. Anchors a tall stack against hazards.,draft:1058,carried
One act at a time,Meta,global,none,no,1,-,design;pacing,Three rings at once was too noisy; a single act allowed the audience to follow performers and their careers.,design,The argument for the focused single-grid view being the default over the zoomed-out one.,draft:1059,carried
The Parade,Rule,global,none,no,1,-,flow;juice,The troupe parades through the town while the tent goes up - the show's opening animation.,on_game_start,Free spectacle over an unavoidable load.,draft:1060,carried
Why there are rings,Meta,grid-local,grid,no,2+,-,design;theme,"Extra rings existed to seat more people without putting anyone too far from an act; every seat has a nearest ring, but can still see the others.",design,The best possible justification for the multi-grid board and its two view modes.,draft:1061,carried
Stuffed titles,Meta,global,none,no,1,-,flavor;generation,Circus names were absurd accretions of claims; generate them procedurally.,menu,"Free procedural flavour, and it makes each run's troupe feel named.",draft:1062,carried
Four tents one ticket,Map,global,none,no,1,-,map;node,"A city node contains several attractions - menagerie, museum, minstrels, main ring - visited on one ticket.",map,Turns a city into a small map of its own rather than a single encounter.,draft:1063,carried
Troupe roles,Meta,global,none,no,1,-,theme;research,"Manager, advertiser, treasurer, equestrian director, band leader, lion performer, elephant man, doorkeeper, ostler, grooms, tent men.",design,A ready-made name list for Producer-class cards.,draft:1064,carried
Lion Act,Skill,grid-local,x,no,1,Rare,class;formation,"Lions form pedestals, seesaws and bicycles - scores for each distinct formation shape completed in its row.",on_score,"A card that reads shapes, which the diagonal bucket makes possible.",draft:1065,carried
Hippodrome Track,Rule,grid-local,y,no,1,-,rule;movement,A track outside the ring - a row beneath the grid that cards can race along without occupying cells.,on_board_mutated,"The Entrance is already row -1; this is its mirror at the bottom, and a natural home for props.",draft:1066,carried
Ringling Modesty,Blind,global,none,no,1,-,blind;restriction,"A respectable town - flashy cards score nothing, and only common and uncommon cards pay.",on_score,"The blind that punishes a deck of legendaries, which is the deck most players build.",draft:1067,carried
Electric Light,Rule,global,none,no,1,-,flow;theme,"Generators allow night shows - a second show at the same node, with different rules.",map,Doubles a node's content for the cost of a palette swap.,draft:1068,carried
Ballet of Elephants,Skill,grid-local,x,no,1,Legendary,formation;class,Scores for every Animal card in the grid that shares its row or column with a Dancer card.,on_score,Fifty ballerinas on fifty elephants. A whole-grid formation payoff.,draft:1069,carried
Clown Fire House,Skill,grid-local,y,no,1,Rare,class;hazard,"When a column burns, clown cards rush in - each Clown in the grid scores and clears one Burning stack.",on_score,The slapstick skit as counterplay to the game's own fire.,draft:1070,carried
Mud Show,Blind,global,none,no,1,-,blind;economy,An unpaved route - picking up any card costs a discard.,on_can_grab_stack,"Taxes movement rather than scoring, which hits an entirely different deck.",draft:1071;recs:263,carried
Concessions vendors,Skill,grid-local,x,no,1,Common,class;economy,"Peanut, candy, popcorn, balloon and lemonade sellers - common cards that pay tokens when adjacent cards score.",on_score,"The common tier of the Concessions class, and the economy's trickle.",draft:1072,carried
Flamboyant pseudonyms,Meta,global,none,no,1,-,flavor;generation,"Equescurriculum, hippolymiad, cirqzooladon - invented grandiose words for the name generator.",menu,"Pure flavour, and the funnier for being real.",draft:1073,carried
Jungle Cats,Skill,grid-local,x,no,1,Uncommon,class;hazard,Panthers and leopards - an Animal card that destroys an adjacent card if no Animal Trainer shares its line.,on_card_placed,"An animal that needs handling, which makes the trainer cards matter.",draft:1074,carried
The Calliope,Skill,grid-local,line,no,1,Uncommon,combo;class,Adds to the combo for every distinct class that scored this show.,on_score,Heard for miles before the circus arrived. The rainbow reward at show scale.,draft:1075;recs:219,carried
Flaming Cauldron,Skill,grid-local,y,no,1,Epic,gamble;suit,"Cue to dive this card down its whole column, destroying it and scoring for every Burning card it passes.",on_trigger,A finisher that spends the card and the column together.,draft:1076,carried
Pyrotechnics,FX,grid-local,y,no,1,-,vfx;suit,"Roman candles, rockets, pinwheels and coloured fire as the Fireworks suit's visual language.",on_score,Art direction for the suit that already ships.,draft:1077,carried
Automaton Procession,Skill,grid-local,x,no,1,Rare,formation;movement,"Mechanical gymnasts and trapezists parade across a row at each refill, triggering each card they pass.",on_refill,A prop that walks the row on a schedule rather than on a score.,draft:1078,carried
Limelight,Meta,grid-local,cell,no,1,-,naming;spotlight,"Limelight is the older word for spotlight, and calcium light lit the night parades.",design,Vocabulary with a source; worth using in the tutorial text.,draft:1079,carried
Niagara Crossing,Skill,grid-local,x,no,2+,Legendary,movement;gamble,"Cue to walk this card across every grid in one move, scoring for each cell it crosses and falling if any is occupied.",on_trigger,"A thousand feet of cable, and the longest single move the board allows.",draft:1082,carried
Balance Pole,Stamp,grid-local,cell,no,1,Uncommon,stamp;protection,The card this is attached to cannot fail a risk check.,on_trigger,"The insurance stamp for every gamble card, and the thing a blind should be able to remove.",draft:1083,carried
Trapeze Chain,Skill,grid-local,x,no,1,Epic,combo;formation,"Requires a catcher and a returner - three cards in a row, each triggering the next, scoring more per link.",on_score,The trapeze act's real structure as a three-card combo.,draft:1084,carried
The Net,Skill,grid-local,grid,no,1,Rare,protection;gamble,"Cards in this grid cannot be destroyed, but every card scores less while it hangs.",on_game_start,"Nets turned fear into awe, and audiences valued the act less. The mechanic says exactly that.",draft:1085;recs:204,carried
Balloon Craze,Meta,global,none,no,1,-,theme;research,Aerialist popularity rode the balloon craze - fashions in spectacle move together.,design,Justifies trending-talent rotation as a historical fact rather than a game-ism.,draft:1086,carried
Deliberate Wobble,Skill,grid-local,cell,no,1,Rare,gamble;combo,"Cue to fake a mistake - lose points now, and score triple if this card's line completes anyway.",on_trigger,The risk essay's thesis card. Performers wobbled on purpose because the gasp was the act.,draft:1087,carried
The Web,Skill,grid-local,y,no,1,Rare,formation;movement,Dangling ropes - cue to hang a card from the top of its column down to the first empty cell.,on_trigger,"Aerial ballet as a placement verb, and a use for empty cells low in a column.",draft:1088-1089,carried
The Plange,Skill,grid-local,cell,no,1,Legendary,combo;gamble,Repeats its own trigger as many times as you dare; each repeat after the first risks an injury stack.,on_trigger,"Leitzel's one-arm planges, which dislocated her shoulder every performance. Push-your-luck with a real cost.",draft:1090-1091,carried
The Triple,Skill,grid-local,x,no,1,Epic,combo;gamble,"Scores triple if it completes a run of exactly three assembled this refill, and blacks out - skipping its next trigger.",on_score,"The salto mortale, including the blackout after the second turn.",draft:1092;recs:186,carried
The Low Wire,Skill,grid-local,x,no,1,Uncommon,movement;formation,"Only seven feet up but twice as long - moves two cells along its row instead of one, but never changes height.",on_trigger,A cheap movement card that trades the fourth coordinate away for reach.,draft:1093,carried
Forward Somersault,Skill,grid-local,h,yes,1,Rare,movement;gamble,Moves upward through its stack blind - the destination is not shown until the move resolves.,on_trigger,"Harder than backwards because the wire cannot be seen. Risk from information, not dice.",draft:1094,carried
Human Pyramid on the Wire,Skill,grid-local,h,yes,1,Legendary,formation;h,"Scores for a stack of seven or more, and collapses the whole stack if any card in it is removed.",on_score,Seven men on one wire. The largest formation payoff with the largest fragility.,draft:1095,carried
Wire Bicycle,Skill,grid-local,x,no,1,Rare,movement;prop,Carries the card above it along the row as it moves.,on_trigger,Transporting a passenger is a distinct verb from moving alone.,draft:1096,carried
The Fake Leg,Stamp,grid-local,cell,no,1,Uncommon,stamp;protection,A card wearing this ignores one restriction placed on it by a blind.,on_game_start,Wire walking after an amputation. Counterplay stated as equipment.,draft:1096,carried
Slipped Straps,Skill,grid-local,h,yes,1,Rare,gamble;h,"Cue to drop this card to the bottom of its stack, scoring for each card it falls past.",on_trigger,The faked free fall. A downward verb on a board that otherwise only builds upward.,draft:1097,carried
Twenty Tigers,Skill,grid-local,grid,no,1,Legendary,class;gamble,"Scores for every Animal card in the grid, and gives this card an injury stack for each one.",on_score,Wounds flaunted rather than hidden - the scar is the credential.,draft:1100,carried
Menagerie,Skill,global,deck,no,1,Rare,collection;class,Scores for each distinct Animal card you have ever owned this run.,on_score,The oddity collection as a long-run reward.,draft:1101,carried
Elephants,Type,global,deck,no,1,Legendary,type;economy,Only affordable to a wealthy troupe - costs upkeep in tokens every show it stays in the deck.,on_game_start,Historically true and mechanically sound: the best cards should cost rent.,draft:1102,carried
Lion Pyramid,Skill,grid-local,h,yes,1,Epic,formation;class,"Scores for a stack made entirely of Animal cards, scaling with its height.",on_score,The class-specific height formation.,draft:1103,carried
Fake Blood Spectacle,Skill,grid-local,cell,no,1,Uncommon,gamble;secret,"Appears to be destroyed when a hazard hits it; it returns at the next refill, and the fright scores.",on_refill,"The gorier the better, historically. A survivable destruction is more exciting than a real one.",draft:1104,carried
Enraged Beast,Skill,grid-local,x,no,1,Rare,class;hazard,"Grows more dangerous each refill until an Animal Trainer card is placed in its line, then scores everything it built.",on_refill,Manufactured rage subdued by mastery - a threat that becomes a payoff.,draft:1105,carried
Lamb in the Lion Cage,Skill,grid-local,x,no,1,Rare,protection;class,"A rank-1 card placed beside an Animal card cannot be destroyed, and both score.",on_card_placed,Peace as the trick. A defensive card that pays.,draft:1106,carried
Peaceful Menagerie,Skill,grid-local,grid,no,1,Epic,class;combo,"If no card was destroyed this show, every Animal card scores double at the end.",on_game_end,"The pacifist run condition, and a real strategic fork.",draft:1107,carried
Animal Tricks,Skill,grid-local,x,no,1,Common,class;movement,"Globes, tightropes, bicycles and seesaws - common Animal cards that each move one specific way.",on_trigger,"The common tier of movement, one verb per card.",draft:1108,carried
The Animal King,Leader,grid-local,cell,no,1,Legendary,leader;class,Leader whose Animal cards never gain injury stacks and never turn on their trainer.,on_game_start,The Animal Trainer leader.,draft:1109,carried
Wrestling the Tiger,Skill,grid-local,cell,no,1,Epic,gamble;class,"Cue to fight an adjacent Animal card - the higher rank wins, the loser is destroyed, the winner scores both ranks.",on_trigger,"A duel inside a solitaire game, which is a genuinely novel verb.",draft:1110,carried
Tarzan,Skill,grid-local,x,no,1,Rare,movement;class,"Swings across the row from Animal card to Animal card, scoring at each.",on_trigger,"Movement that requires a prepared path, which makes the setup the play.",draft:1111,carried
Concrete skill art,Meta,global,none,no,1,-,art;ruling,"Skill art must depict a real circus prop or performer, never an abstraction - a mahjong ruleset becomes a dragon, American mahjong an eagle.",design,"Owner ruling, and the reason every card in this file carries a real referent.",draft:1114,carried
Risk scales with reward,Rule,grid-local,cell,no,1,-,balance;gamble,"Higher-tier tricks fail more often; risk-lowering cards are the counterplay, and doubling points is the opt-in.",on_trigger,The costing rule for the whole gamble family.,draft:1115,carried
Clown entree,Rule,grid-local,grid,no,1,-,class;flow,Clowns get extended solo acts in the centre of the ring - a Clown card may take a whole refill for itself.,on_refill,Gives the Clown class a structural privilege rather than a numeric one.,draft:1118,carried
Soul of the circus,Meta,global,none,no,1,-,theme;class,"Clowns are the soul of the circus and the most technically demanding role, not the simplest.",design,The argument for the Clown class being the rules-bending class rather than the joke class.,draft:1119-1121,carried
Three clown types,Meta,grid-local,cell,no,1,-,class;taxonomy,"Whiteface, Auguste and the grotesque - three clown archetypes with three different mechanical registers.",design,"Three sub-families inside one class, which is enough identity for a whole set.",draft:1122-1125,carried
Commedia archetypes,Meta,global,none,no,1,-,class;research,"The innocent, the devious cheat, the buffoon, the yokel and the comic servant as clown prototypes.",design,"Five named characters, five card personalities.",draft:1126,carried
Satire and sympathy,Meta,global,none,no,1,-,theme;narrative,Commedia skits worked because the audience recognised themselves; laughing at the clown is laughing at yourself.,design,"The tonal rule for clown card text - open about intent, vulnerable, never cruel.",draft:1127,carried
Named clowns,Meta,global,none,no,1,-,class;research,"Grimaldi, Deburau, Harlequin, Merry Andrew and Pierrot as the historical roster.",design,"Names with real biographies attached, which is free flavour text.",draft:1128-1129,carried
Little man in a confusing world,Meta,global,none,no,1,-,theme;narrative,"The enduring clown theme, and the register the game's failure states should adopt.",design,"Losing a show should feel like a Weary Willie bit, not a game-over.",draft:1130-1131,carried
Exaggerated makeup,Meta,global,none,no,1,-,art;readability,Clown makeup exists to project emotion across a large theatre - the same problem card art has at small size.,design,A historical argument for the game's own readability rules.,draft:1132,carried
Colour-themed clowns,Skill,grid-local,cell,no,1,Uncommon,class;pip,Whiteface clowns keyed to colour - each changes a neighbour's suit to its own.,on_card_placed,"The Clown class's core verb, split across a colour-coded set.",draft:1133,carried
Clown as any character,Skill,grid-local,cell,no,1,Rare,class;copy,"A Clown card may count as any class for one check per refill, since clowns caricature everyone.",on_score,Class wildcarding with a strong historical justification.,draft:1134,carried
Clown as the story,Meta,global,none,no,1,-,theme;narrative,"The clown is the story he enacts - adoration, devotion, crucifixion.",design,Tone reference for the narrative cards.,draft:1135,carried
Circular flow,Meta,global,none,no,1,-,theme;pacing,The circus as circular forms unrolling without pause - flow rather than reflection.,design,The argument for a show that never stops to ask the player to confirm anything.,draft:1136,carried
Clown Parody,Skill,grid-local,x,no,1,Uncommon,class;copy,Copies the effect of a card in the same row and scores half of what it scored.,on_score,Clowns spoofed the rope walkers and the riders. Copying is the class's other verb.,draft:1137,carried
Speaking Clown,Skill,grid-local,cell,no,1,Common,class;info,"Announces the next scoring line aloud, revealing what would complete it.",on_board_mutated,"Information as banter. Cheap, and it teaches the game.",draft:1138,carried
Auguste and Whiteface,Skill,grid-local,x,no,1,Rare,class;combo,The Auguste scores when it fails; the Whiteface scores when it succeeds; together in a row both always score.,on_score,"The defeated clown and the aspiring one, and a two-card engine that always fires.",draft:1139-1140,carried
Dan Rice,Leader,grid-local,cell,no,1,Legendary,leader;class,"Leader whose Clown cards may cue twice per refill, talking, singing and dancing through the show.",on_game_start,"The Clown leader, and the historical superstar clown of American circus.",draft:1141,carried
The Successful Clown,Meta,global,none,no,1,-,class;flavor,"A clown must be mimic, elocutionist and satirist - a fool to the ringmaster and a wise man to the audience.",design,The best available flavour text for the Clown leader card.,draft:1142,carried
Slapstick,Skill,grid-local,x,no,1,Common,class;pip,Cue to swap the ranks of this card and one adjacent card.,on_trigger,The literal battacio of commedia. The cheapest and most useful pip fixer.,draft:1143;recs:176,carried
Grock,Skill,grid-local,cell,no,1,Epic,class;copy,"Copies the last effect that triggered anywhere on the board, whatever it was.",on_trigger,"The funniest clown in the world, and an infinitely mobile effect to match the face.",draft:1144,carried
Weary Willie,Skill,grid-local,cell,no,1,Rare,class;growth,Gains a permanent rank every time one of your cards is destroyed or a show is failed.,on_game_end,Emmett Kelly's tramp. A loss-compensator that turns a bad run into a souvenir.,draft:1145;recs:178,carried
New Clowning,Meta,global,none,no,1,-,class;narrative,"Modern clowning aims to make the audience think rather than laugh, seeking connection over gags.",design,"Justifies clown cards that do strange, quiet things rather than loud ones.",draft:1146,carried
Transgressive Clown,Skill,grid-local,grid,no,1,Epic,class;rule,"While in play, one rule card in the rule deck is suspended.",on_game_start,Jesters upset the rules of everyday life. The most dangerous card family in the game.,draft:1147,carried
The Shortchanging Clown,Skill,grid-local,cell,no,1,Rare,class;economy,Pays out tokens now and takes more back at the end of the show.,on_game_end,"Krusty, the clown who shortchanges the rube. A loan with a face.",draft:1148,carried
Cannon Chain,Skill,grid-local,x,no,2+,Epic,movement;combo,"A card fired into a cell containing another cannon is fired again from there, chaining across grids.",on_trigger,Explicitly asked for in the newest draft; the cross-grid chain is the payoff.,draft:1151,carried
The Great Fall,Skill,grid-local,h,yes,1,Rare,movement;gamble,"Cue to drop this card from the top of its stack to the board, scoring for the height it fell.",on_trigger,Falling as an act in itself. The mirror of every upward verb.,draft:1152,carried
Cannon Woman,Skill,grid-local,x,no,2+,Rare,movement;class,Cue to fire this card to the matching cell of an adjacent grid.,on_trigger,"The clean single-hop cross-grid move, cheaper than the chain.",draft:1153,carried
Hair Hang,Skill,grid-local,h,yes,1,Rare,h;combo,"While hanging beneath another card, this card may still be cued, and scores for the cards above it.",on_trigger,Hanging by braided hair while juggling - an act performed from underneath.,draft:1154,carried
Strongman Feats,Skill,grid-local,h,yes,1,Uncommon,h;protection,Supports any number of cards above it without the stack becoming unstable.,on_stack_cards,Granite on the torso. The enabler for very tall stacks.,draft:1155,carried
Risley Act,Skill,grid-local,h,yes,1,Epic,h;movement,Juggles the cards above it - at each refill their order is reversed.,on_refill,Foot juggling of people. Reordering a stack without dismantling it is a rare verb.,draft:1156,carried
Juggling Objects,Prop,grid-local,line,no,1,-,prop;suit,"Plates, hoops, knives, clubs, fruit and the famously impossible eggs - the prop vocabulary and its difficulty ladder.",on_score,"Prop art reference, and a natural rarity ladder for prop cards.",draft:1157,carried
Exotic Jugglers,Meta,global,none,no,1,-,theme;research,"Japanese, Indian and Chinese jugglers dominated the discipline and were marketed as exotic.",design,Historical record; the reference file carries the framing caveats.,draft:1158,carried
Sword Swallower,Skill,grid-local,h,yes,1,Rare,h;destruction,"Cue to swallow the card directly above it - removed from play, and this card scores its rank.",on_trigger,"Consumption upward instead of downward, which the flip made possible.",draft:1159,carried
India-Rubber Man,Skill,grid-local,cell,no,1,Rare,movement;formation,May be placed in any cell regardless of any placement restriction.,on_can_place_stack,Elastic and incomprehensible. The universal answer to restriction blinds.,draft:1160,carried
Ladder Violinist,Skill,grid-local,y,no,1,Uncommon,movement;combo,"Moves up and down its column each refill, triggering the card it lands on.",on_refill,"Two acts at once, which is the joke and the mechanic.",draft:1161,carried
Human Corkscrew,Skill,grid-local,cell,no,1,Rare,movement;h,Cue to move this card through an occupied cell to the empty cell beyond it.,on_trigger,Going through the keyhole. Passing through occupation is a genuinely new movement rule.,draft:1162,carried
Prodigies,Meta,grid-local,cell,no,1,-,class;research,"The sideshow performers - conjoined, limbless, hirsute, tiny, tall - called prodigies rather than freaks.",design,The Freakshow class's roster. The reference file's handle-with-care section governs the treatment.,draft:1163-1166,carried
Sideshow bill,Meta,global,none,no,1,-,class;research,"The full historical bill - snake trainer, giants, comedy jugglers, sword swallower, tattooed strongman, magician, rubber-armed man, living skeleton, midget musician, human dynamo.",design,A complete named roster for one card set.,draft:1167,carried
Fun House Mirror,Skill,grid-local,x,no,1,Rare,meta-effect;copy,"Distorts adjacent effects - each neighbour's effect fires at double or half strength, chosen at placement.",on_card_placed,The meta-effect card that the draft itself proposes in the same line.,draft:1168,carried
Human Cigarette Factory,Skill,grid-local,cell,no,1,Uncommon,creation;charges,Produces one token card per refill using nothing but itself.,on_refill,"A self-sufficient generator, priced low because tokens are cheap.",draft:1169,carried
Roller Skating,Skill,grid-local,x,no,1,Common,movement,Cue to slide this card one cell along its row into an empty cell.,on_trigger,"The cheapest movement card in the game, and the one that teaches the verb.",draft:1170,carried
Contemporary register,Meta,global,none,no,1,-,art;direction,Rock and roll in the modern circus - the historical material need not sound historical.,design,Licence for the soundtrack to be contemporary while the art is not.,draft:1171,carried
Injury and retirement,Rule,grid-local,cell,no,1,-,status;hazard,Each trigger risks injury; injury stacks raise the chance of permanent retirement; a show spent idle clears one stack.,on_trigger,"The full loop, stated once. The Net raises injury and lowers retirement, which is exactly what nets did.",draft:1174-1176,carried
Critical hits,Rule,grid-local,line,no,1,-,scoring;gamble,"Scores can crit, multiplying a single line's payout.",on_score,Variance on the upside to match injury's variance on the downside.,draft:1177,carried
Five base suits,Rule,grid-local,line,no,1,-,suit;balance,Five suits rather than four - flushes get harder and an anti-flush hand becomes possible.,on_score,"Directly contradicts the recommendations' four-suit argument. Owner's call, and the newer line.",draft:1180,carried
Solitaire vocabulary,Meta,global,none,no,1,-,reference;solitaire,"Layout, tableau, pile, building, legal move, foundation, space, stock, waste, redeal, merci - the standard terms.",design,The shared language the design docs should use for anything solitaire-shaped.,draft:1183-1192,carried
Merci,Skill,grid-local,cell,no,1,Rare,movement;protection,"One free illegal move per show, from the solitaire tradition of a single permitted cheat.",on_trigger,"A named, historical, once-per-show escape hatch. Perfect as a starting-deck card.",draft:1192,carried
Accordion combining,Skill,grid-local,x,no,1,Rare,formation;combo,"Cards three apart in a row, or directly adjacent, may be merged if they match by rank or suit.",on_trigger,"Accordion solitaire's whole game, as one card. The three-apart rule is the interesting half.",draft:1193-1198,carried
Calculation counting,Rule,grid-local,y,no,1,-,meld;variant,"Columns score for arithmetic sequences - ones, twos, threes and fours, wrapping around the rank range.",on_score,Calculation solitaire's foundations. A completely different column reading to runs.,draft:1199-1204,carried
Reserve pile,Rule,grid-local,cell,no,1,-,rule;cell,A face-up reserve of cards outside the grid that may be played to any legal cell.,on_refill,"Canfield's demon. A second Entrance with different rules, and a real strategic resource.",draft:1205-1206,carried
Foundation building,Rule,grid-local,cell,no,1,-,meld;variant,Four foundation cells that must be built up in suit from a base rank set at show start.,on_card_placed,"Canfield and Klondike's shared goal, offered as an alternate win condition.",draft:1207-1212,carried
Klondike layout,Rule,grid-local,y,no,1,-,variant;layout,Seven columns of increasing depth with only the top card visible.,on_game_start,An alternate grid shape for an event or a puzzle level.,draft:1213-1219,carried
Fan layout,Rule,grid-local,cell,no,1,-,variant;layout,"Seventeen small piles of three cards plus one single - only top cards are playable, with three redeals.",on_game_start,"La Belle Lucie. A wide shallow board, the opposite of the tall grid.",draft:1220-1227,carried
Poker Squares,Rule,grid-local,grid,no,1,-,core;poker,Twenty-five cards in a five-by-five square make ten poker hands from five rows and five columns.,on_card_placed,The core the whole overhaul is named for. Shipped.,draft:1228-1229,implemented
Adjacency placement,Rule,grid-local,cell,no,1,-,rule;placement,"Each card must be placed adjacent or diagonal to one already placed, so the first card can end up anywhere.",on_can_place_stack,"Not the default here, but exactly the newest draft's boss-entrance restriction.",draft:1230,carried
Flushes are easy here,Meta,grid-local,line,no,1,-,balance;poker,"Flushes are rare in poker but common in poker patience, which is why the payout table differs.",design,The reason the game uses Barry scoring rather than poker odds.,draft:1231,carried
Barry scoring target,Rule,grid-local,grid,no,1,-,balance;score,Two hundred points across all rows and columns is the traditional win in Barry scoring.,on_score,The historical benchmark the goal curve should be sanity-checked against.,draft:1232,carried
Long diagonals,Rule,grid-local,grid,no,1,-,meld;diagonal,The two long diagonals score as an optional variation.,on_score,"Adopted, and extended - every diagonal family banks into the one special bucket.",draft:1233,implemented
Same-cards PvP,Meta,global,deck,no,1,-,pvp;variant,Both players build their own square from the same cards in the same order.,design,Free PvP from a deterministic deck; the grid makes it trivially implementable.,draft:1234,carried
Poker payout table,Rule,grid-local,line,no,1,-,balance;score,"The UK and Barry payout tables for each hand, from pair through straight flush.",on_score,The two reference tables the economy should be tuned against.,draft:1235-1239,carried
Two Pair payout,Rule,grid-local,line,no,1,-,balance;score,Two pair pays 3 under UK scoring and 5 under Barry.,on_score,Reference row of the payout table.,draft:1240-1243,carried
Three of a kind payout,Rule,grid-local,line,no,1,-,balance;score,Three of a kind pays 6 under UK scoring and 10 under Barry.,on_score,Reference row of the payout table.,draft:1244-1246,carried
Straight payout,Rule,grid-local,line,no,1,-,balance;score,"A straight pays 12 under UK scoring and 25 under Barry - Barry rates straights above flushes, unlike poker.",on_score,"The single most important row: Barry scoring is tuned for the grid's odds, not poker's.",draft:1247-1249,carried
Flush payout,Rule,grid-local,line,no,1,-,balance;score,"A flush pays 5 under UK scoring and 15 under Barry, well below a straight.",on_score,Because flushes are easy on a grid you build yourself.,draft:1250-1252,carried
Full House payout,Rule,grid-local,line,no,1,-,balance;score,A full house pays 10 under UK scoring and 50 under Barry.,on_score,Reference row of the payout table.,draft:1253-1255,carried
Four of a Kind payout,Rule,grid-local,line,no,1,-,balance;score,Four of a kind pays 16 under UK scoring and 70 under Barry.,on_score,Reference row of the payout table.,draft:1256-1258,carried
Straight Flush payout,Rule,grid-local,line,no,1,-,balance;score,A straight or royal flush pays 30 under UK scoring and 100 under Barry.,on_score,The ceiling the game's own top hand should be measured against.,draft:1259-1261,carried
Poker Patience replaces the tableau,Rule,grid-local,grid,no,1,-,core;overhaul,"The Entrance keeps its five cards, but the player chooses where each one goes in a five-by-five grid below.",on_card_placed,The decision that produced this whole document. Shipped.,draft:1262,implemented
Three grids,Rule,grid-local,grid,no,2+,-,core;grid,"A show fills several grids side by side; effects can reach across them, and committing to one grid commits the whole Entrance to it.",on_refill,Shipped. Free grid-hopping is rejected because a fixed deck would let you replay the same placements.,draft:1263,implemented
Long rows across grids,Rule,grid-local,x,no,2+,-,meld;grid,A row may be read as one continuous line across every open grid.,on_score,"The reason cross-grid row alignment had to be exact, and why it has its own setting.",draft:1264,carried
Order matters,Meta,grid-local,grid,no,1,-,design;order,"The format shifts the game's difficulty from stack management to the order cards are placed in, Noita-style.",design,The honest description of what the overhaul changed about play.,draft:1265,carried
Cross-grid bounce,Skill,grid-local,x,no,2+,Rare,movement;grid,"Effects that throw a card into another grid, or swap two cards between grids.",on_trigger,The card family the third coordinate exists to serve.,draft:1266,carried
Placement freedom,Rule,grid-local,cell,no,1,-,rule;placement,Cards may be placed in any empty cell with no adjacency requirement.,on_can_place_stack,Shipped as the default. The adjacency variant survives as a blind.,draft:1267,implemented
Grids per deck size,Rule,grid-local,grid,no,2+,-,rule;grid,"Every twenty-five cards of deck unlocks another grid, capped so a huge deck does not become unmanageable.",on_game_start,"Shipped as SkillGridAllotment. A deck the same size as one grid would let you place perfectly, so the ratio matters.",draft:1268,implemented
Stacking on a full grid,Rule,grid-local,h,yes,1,-,rule;h,"Cards may be stacked on placed cards, adding rows and columns above the flat grid.",on_can_place_stack,Shipped. It is the answer to every card being visible from the start.,draft:1269,implemented
Grid-local or global,Rule,grid-local,grid,no,2+,-,architecture;scope,Every effect declares whether it acts within its own grid or across the whole board.,design,"The axis this entire file is sorted by, and the owner's standing instruction for new effects.",draft:1270,carried
Cross-grid triggers,Rule,global,grid,no,2+,-,rule;order,Whether an effect in one grid may fire while the player is placing in another.,on_card_placed,Open. Global effects say yes by definition; grid-local ones say no.,draft:1271,carried
Reuse the zone architecture,Rule,grid-local,grid,yes,1,-,architecture;grid,"A five-by-five grid is five stacked zones, each allowing stacking, reusing the existing covering mechanic.",design,The insight that made the overhaul affordable. High card stays because rank is not always ordinary.,draft:1272,implemented
Alternative grid layouts,Rule,grid-local,grid,no,1,-,rule;layout,"Grids need not be five by five, and cells may be pre-filled with cards or hazards.",on_game_start,The mechanical basis for most of the blinds category.,draft:1273,carried
Score on completion,Rule,grid-local,line,no,1,-,scoring;timing,A line scores the instant it completes rather than at the end of the show.,on_card_placed,Shipped. Cards may still hook the completion event to reward finishing early or late.,draft:1274,implemented
Triggers stay the multiplier,Rule,grid-local,line,no,1,-,scoring;combo,Effect triggers continue to supply the multiplier.,on_trigger,"Unchanged by the overhaul, which is why the economy survived it.",draft:1275,implemented
Built-in PvP,Meta,global,deck,no,1,-,pvp;variant,Two players start with the same deck and race for the higher score.,design,Nearly free once the deck is deterministic and placement is the only decision.,draft:1276,carried
Unused entrance cards persist,Rule,global,x,no,1,-,rule;entrance,Cards left in the Entrance stay there and are not replaced until the whole Entrance empties.,on_refill,Shipped. It is what makes holding a card for later a real option.,draft:1277,implemented
AI feasibility,Meta,grid-local,grid,no,1,-,tooling;ai,Fixed cells make the game far easier to write an AI for than a stack-dependent tableau.,design,Useful for balance simulation long before it is useful for an opponent.,draft:1278,carried
Whole-grid mahjong hands,Meld,grid-local,grid,no,1,Rare,meld;mahjong,"A grid scores if its five rows, or its five columns, contain four triplets and a pair between them.",on_score,A meld read across a grid rather than a line - the special bucket's natural home.,draft:1279,carried
Mancala cells,Rule,grid-local,cell,no,1,-,rule;cell,"An empty cell can be given a rule of its own - it raises or lowers the rank of whatever is placed there, showing the modifier before you commit.",on_card_placed,"The single most reusable blind mechanic, and it is already visible in the cell.",draft:1280,carried
Poker squares reference,Meta,global,none,no,1,-,reference;poker,"The Wikipedia entry for poker squares, the game's direct ancestor.",design,Reference.,draft:1283,carried
Poker Shuffle,Skill,grid-local,grid,no,1,Legendary,movement;formation,"Cue to rearrange any cards already placed, before the grid is full.",on_trigger,"Explicitly game-breaking - it makes a perfect grid inevitable. Print it once, price it as a legendary.",draft:1284,carried
Communal foundation,Rule,global,deck,no,1,-,variant;pvp,"A shared foundation both players build into, ace through queen, king wild, four at a time.",design,Spite and Malice's core. The natural shape for a co-op or versus mode.,draft:1286-1290,carried
Personal waste pile,Rule,global,deck,no,1,-,variant;discard,"A personal discard that may only be stacked downward or level, whose top card is playable.",on_discard,A discard with rules is a resource; a discard without them is a bin.,draft:1291-1293,carried
Forfeit ranks,Rule,grid-local,cell,no,1,-,variant;rank,"Face cards demand a forfeit from the next card placed - four cards for an ace, three for a king, two for a queen, one for a jack.",on_card_placed,"Beggar My Neighbor's escalation, and a fine blind: face cards tax the next placement.",draft:1296-1303,carried
Snap match,Skill,grid-local,x,no,1,Common,combo;rank,"When a card is placed matching the rank of the last card placed, both score.",on_card_placed,"Snap, Slapjack and War in one line - reward for consecutive placements matching.",draft:1304-1308,carried
Go Fish tutor,Skill,global,deck,no,1,Uncommon,deck-manip;rank,Cue to name a rank you already hold; every copy of it in the deck comes to the Entrance.,on_trigger,"Go Fish's ask, and the requirement to already hold one keeps it honest.",draft:1309-1312,carried
Bluffed cards,Rule,grid-local,cell,no,1,-,variant;secret,Cards may be placed face down claiming to be something else; an effect can call the bluff and punish a lie.,on_card_placed,"Cheat, as a mechanic. Only meaningful with an opponent or a suspicious blind.",draft:1313-1316,carried
Old Maid,Type,global,deck,no,1,Uncommon,type;hazard,A card that cannot be discarded normally and penalises you for holding it at show end; pairs it off to be rid of it.,on_game_end,"A hot-potato card, which the deck economy currently has no example of.",draft:1317-1318,carried
Speed stacking,Rule,grid-local,cell,no,1,-,variant;timing,A no-turn-order mode where both players place simultaneously onto shared cells.,design,Spit. A real-time variant the grid could host without new rules.,draft:1319-1320,carried
Rummy melds,Meld,grid-local,line,no,1,-,meld;rummy,"Three of a suit in sequence, or three to four of a rank, as an alternative meld vocabulary.",on_score,"Close enough to poker to be swappable, different enough to change what a deck wants.",draft:1323-1327,carried
Laying off,Rule,grid-local,line,no,1,-,meld;risk,"Score a partial meld early to bank it, at the risk that another card completes it for someone else's benefit.",on_score,"The bank-now-or-build decision, which the immediate-scoring grid already half-implements.",draft:1328,carried
Wild card designation,Rule,grid-local,cell,no,1,-,rule;rank,A named rank is wild for the whole show.,on_game_start,Rummy's option and Canasta's twos. A trivially good blind or event reward.,draft:1329,carried
Going out early,Rule,global,none,no,1,-,flow;gamble,Declare the show over while ahead and take a bonus for finishing with the board incomplete.,on_game_end,Gin Rummy's knock. It gives the End button a reason to be pressed early.,draft:1330-1331,carried
Steal a meld,Skill,grid-local,line,no,2+,Rare,combo;grid,"Cue to add a card to a line that has already scored, rescoring the whole line.",on_trigger,"500 Rummy's out-of-turn steal. Rescoring is the strongest verb in the game, so charge for it.",draft:1332-1334,carried
Wild stand-ins,Rank,grid-local,cell,no,1,Uncommon,rank;copy,A named low rank stands in for any card in a meld.,on_score,"Canasta's twos. Simple, and it makes low ranks worth keeping.",draft:1337-1338,carried
Crazy Eights placement,Rule,grid-local,cell,no,1,-,variant;placement,"A card may only be placed adjacent to a card matching its suit or rank, and eights are wild and choose the suit.",on_can_place_stack,"Uno's rule as a placement restriction, which is a strong blind.",draft:1339-1340,carried
Draw until playable,Rule,global,deck,no,1,-,variant;entrance,"If nothing in the Entrance can be legally placed, draw until something can.",on_refill,"Mau Mau's rule, and the anti-softlock guarantee any restriction blind needs.",draft:1341-1344,carried
Chained penalties,Rule,grid-local,cell,no,1,-,variant;hazard,"Certain ranks force the next placement to add extra cards, and the penalty chains if the next card is also one of them.",on_card_placed,Switch's twos and fours. Escalating pressure that a player can pass along.,draft:1345-1346,carried
Sevens as foundations,Rule,grid-local,cell,no,1,-,variant;placement,Sevens are the only cards placeable in an empty grid; everything else must build outward from them by rank in suit.,on_can_place_stack,Fan Tan. A complete alternate placement ruleset in two sentences.,draft:1349-1351,carried
Trump suit,Rule,grid-local,line,no,1,-,variant;suit,One suit is named trump for the show; trump cards beat higher ranks of other suits in any comparison.,on_game_start,"Whist's engine, and the cleanest way to make one suit matter for one night.",draft:1352-1353,carried
Trick taking,Rule,grid-local,line,no,1,-,variant;meld,The highest card of the leading suit in a line takes it - an alternate way to decide which card in a line scores.,on_score,Whist. A completely different reading of a five-card line.,draft:1356-1362,carried
The Booking,Rule,global,none,no,1,-,gamble;objective,"Declare before the show exactly how many melds you will score; hit it exactly for a large bonus, miss it for nothing.",on_game_start,"Oh Hell's bid, and the owner's own note that it belongs in this game. The alternative to bigger numbers.",draft:1365-1369,carried
Variable hand size,Rule,global,x,no,1,-,variant;entrance,"Each show deals a different Entrance size, and the declaration scales with it.",on_refill,Romanian Whist. Varies the whole texture of a show with one number.,draft:1370-1371,carried
Discard to bid,Rule,global,deck,no,1,-,gamble;objective,Discard three cards to set your declaration - their suits determine the number you have committed to.,on_game_start,Ninety-Nine's elegant bid. The bid costs you the cards that made it.,draft:1372-1373,carried
Partner scoring,Meta,global,none,no,1,-,variant;pvp,"Two-versus-two scoring, with special payouts for the pair.",design,Euchre and Spades. Only relevant if a co-op mode is ever built.,draft:1374-1375,carried
Auction for the trump,Rule,global,none,no,1,-,variant;gamble,Bid for the right to name the trump suit; the winner plays against everyone else.,design,"Bridge's attacker-defender split, which suits an event more than a show.",draft:1376-1377,carried
Passing cards,Rule,global,x,no,2+,-,variant;entrance,Pass cards from one grid's Entrance to another before placement begins.,on_refill,Hearts' pass. A cross-grid verb available before any card is committed.,draft:1378-1379,carried
Negative melds,Blind,grid-local,line,no,1,-,blind;suit,"A named suit scores zero, or negative, when it appears in a scored meld.",on_score,"Hearts' queen of spades, and the owner's own note that this is a boss mechanic.",draft:1380-1381,carried
Pinochle melds,Meld,grid-local,line,no,1,Uncommon,meld;pinochle,"Marriages of king and queen, the pinochle pairing, and sets of four - melds that care about specific cards, not shapes.",on_score,A different kind of meld: named cards rather than patterns.,draft:1382-1384,carried
Adjacency melds,Meld,grid-local,x,no,1,Uncommon,meld;formation,A marriage that requires the two cards to be exactly adjacent rather than merely in the same line.,on_score,"Adjacency is a stronger constraint than line membership, and the grid makes it readable.",draft:1385,carried
Priest and Clown marriage,Meld,grid-local,x,no,1,Rare,meld;class,A themed adjacency meld between two specific classes.,on_score,Named melds give the class system something to aim at beyond counting.,draft:1385,carried
Bid winner scores,Rule,global,none,no,1,-,variant;gamble,Only the declaring player may score melds; everyone else is defending.,design,Auction Pinochle. An asymmetric mode rather than a show rule.,draft:1386-1387,carried
Point cards,Rule,grid-local,line,no,1,-,variant;score,"Specific cards are worth specific points, and the bid is about capturing those.",on_score,Setback's structure. It makes individual cards matter more than shapes.,draft:1388-1389,carried
Cribbage counting,Rule,grid-local,line,no,1,-,meld;cribbage,"Build a running total to thirty-one - ace one, faces ten, numbers face value - scoring for fifteens, pairs, and runs of three or more that need not be adjacent.",on_score,"The full cribbage phase one, and the source of the rank-sum objectives.",draft:1392-1395,carried
Cribbage hand scoring,Meld,grid-local,line,no,1,-,meld;cribbage,"Score the finished hand for fifteens, pairs, runs, four-card and five-card flushes, and a jack.",on_score,Phase two. The four-card flush is a meld the poker table has no equivalent of.,draft:1396-1397,carried
Climbing ranks,Rule,grid-local,y,no,1,-,variant;placement,"Each card placed in a column must equal or exceed the rank of the one before it, with twos highest.",on_can_place_stack,"President's climb, and an excellent column restriction blind.",draft:1398-1399,carried
Matched multiples,Rule,grid-local,cell,no,1,-,variant;placement,"If the first placement of a refill is several cards of a rank, every later placement must match that count.",on_card_placed,President's set-matching. Turns one choice into a constraint on the whole refill.,draft:1400,carried
Saving low cards,Meta,global,deck,no,1,-,strategy;deck,Holding pairs and triplets back to lead the next round is the real skill in climbing games.,design,A strategy note worth designing toward - the Entrance already permits it.,draft:1401,carried
Scum tax,Rule,global,deck,no,1,-,variant;economy,The loser hands their two best cards to the winner before the next show.,design,"President's scum rule. A brutal, memorable between-shows consequence.",draft:1402,carried
Palace layout,Rule,grid-local,h,yes,1,-,variant;layout,"Three private cards, three face up and three face down, each set only playable once the previous is spent.",on_game_start,Palace. A three-tier reserve that suits the height coordinate exactly.,draft:1403,carried
Twenty-one,Meld,grid-local,line,no,1,Uncommon,meld;blackjack,A line whose ranks total exactly twenty-one scores hugely; over twenty-one scores nothing.,on_score,"Blackjack's bust rule as a line meld. Simple, tense and instantly understood.",draft:1406-1407,carried
Betting on the entrance,Rule,global,x,no,1,-,gamble;entrance,"Bet on the current Entrance against the next one, sight unseen.",on_refill,"Poker's real variety is information and betting, not melds - so import the betting.",draft:1408-1410,carried
Board game study,Meta,global,none,no,1,-,reference;research,The board-game channel survey that produced the entries below.,design,Reference.,draft:1413,carried
Toll cells,Blind,grid-local,cell,no,1,-,blind;economy,Certain cells must be paid for with a sacrificed card before they can be used.,on_card_placed,Monopoly's properties. A blind that costs cards rather than points.,draft:1414-1415,carried
Tetromino melds,Meld,grid-local,x,no,1,Rare,meld;formation,"Score for cards forming tetromino shapes, matched by suit or rank.",on_score,"A shape meld that is neither row, column nor diagonal - the special bucket earns its keep.",draft:1416-1417,carried
Shape-request cells,Blind,grid-local,cell,no,1,-,blind;formation,"Some cells display a shape they want built on and around them, rotatable, and pay out when it is completed.",on_card_placed,"A cell objective the player can see and plan around, which is what a good blind does.",draft:1418,carried
Pairs to thirteen,Rule,grid-local,x,no,1,-,variant;destruction,"Remove two adjacent cards whose ranks sum to thirteen, or which match.",on_trigger,Pyramid solitaire. A removal verb the one-way grid badly needs.,draft:1419-1420,carried
Entrance-matched removal,Rule,grid-local,cell,no,1,-,variant;destruction,Remove a placed card if it is one rank above or below a card in the Entrance.,on_refill,"Golf solitaire's rule, which makes the Entrance a tool rather than a queue.",draft:1421,carried
Free cells,Rule,grid-local,cell,no,1,-,variant;cell,Reserve cells outside the grid that hold one card each and can be reclaimed at any time.,on_can_grab_stack,FreeCell. The single most useful quality-of-life addition available.,draft:1422-1423,carried
Devil's Grip stacking,Rule,grid-local,h,yes,1,-,variant;stacking,"Stacks build strictly by plus three in rank, and which row a card is in decides where its sequence starts.",on_can_place_stack,An alternate stacking rule where position changes the arithmetic - unusually spatial.,draft:1424-1425,carried
Beehive swarm,Rule,grid-local,grid,no,1,-,variant;destruction,Four of a kind anywhere in a grid may be removed together for a bonus.,on_score,Beehive solitaire. A grid-wide set that ignores lines entirely.,draft:1426-1427,carried
Extreme rank values,Rank,grid-local,cell,no,1,Rare,rank;score,"Ranks with bespoke point values - an ace worth one or eleven, a ten worth minus ten, a king worth ninety-nine.",on_score,The 31/99 family. Rank stops being a position and becomes a payout.,draft:1428-1429,carried
Loaned cards,Type,global,deck,no,1,Uncommon,type;economy,"A temporary card that lasts a few shows and then leaves, or costs to keep.",on_game_end,Game of Life's loans. Rentals give the shop a cheap tier.,draft:1430-1431,carried
Sets of three,Meld,grid-local,grid,no,1,Uncommon,meld;formation,"Any three matching cards in a grid may be cashed for an escalating effect, such as a rank increase.",on_trigger,Risk's card sets. Escalation is what makes them worth saving for.,draft:1432-1433,carried
Sudoku bonus,Meld,grid-local,grid,no,1,Epic,meld;formation,A grid whose ranks never repeat in any row or column scores an enormous bonus.,on_score,"A whole-grid objective that fights every other incentive in the game, which is why it pays so much.",draft:1434-1435,carried
Minesweeper cells,Blind,grid-local,cell,no,1,-,blind;hazard,"Grids are seeded with hidden bombs; cells show how many neighbours are mined, and placing on a bomb devalues the card.",on_card_placed,Information as the counterplay. The best pure-hazard blind in the notes.,draft:1436-1437,carried
Hopping cards,Skill,grid-local,x,no,1,Uncommon,movement,Cue to hop this card over an adjacent occupied cell into the empty one beyond.,on_trigger,Checkers. The frog card the draft names.,draft:1438-1439,carried
Decoder,Skill,grid-local,cell,no,1,Rare,info;objective,"Sets a secret rank and suit; each placement reports whether it was wrong, right value in the wrong place, or exact.",on_card_placed,Wordle in a grid. The first line to guess it correctly wins the bonus.,draft:1440-1441,carried
Three Ring Circus reference,Meta,global,none,no,1,-,reference;research,The board game whose cards care about their left and right neighbours and their types.,design,The nearest published relative of this game's adjacency scoring.,draft:1444,carried
Neighbour typing,Skill,grid-local,x,no,1,Uncommon,formation;combo,Scores based on the types of the cards immediately left and right of it.,on_score,Three Ring Circus's core. The cheapest possible adjacency effect.,draft:1445,carried
Ring class counts,Rule,grid-local,grid,no,1,-,combo;class,Several copies of one class or type in a single grid produce a special effect that scales with the count.,on_score,"The autochess import, and the newest structural idea in the draft.",draft:1448,carried
Effects read the board,Rule,grid-local,grid,no,1,-,architecture;combo,"Rather than a separate class-bonus system, each effect checks the board itself and changes its own behaviour - the class synergy emerges from the cards.",on_board_mutated,"The owner's own refinement, and the right one - no new system, and every card can carry its own scaling clause.",draft:1449,carried
Adjacent-only entrance,Blind,grid-local,cell,no,1,-,blind;placement,A boss Entrance that only permits placing a card next to a card already on the grid.,on_can_place_stack,"Poker Squares' own historical rule, weaponised. It makes the first placement enormously consequential.",draft:1452,carried
Unique-line entrance,Blind,grid-local,x,no,1,-,blind;placement,"A boss Entrance that requires every card to go in a column, or a row, no previously placed card has used.",on_can_place_stack,The mirror restriction - it forces spread where the adjacent-only blind forces clumping.,draft:1452,carried
Replay the show,View,global,none,no,1,-,ui;flow,"At show end, replay the whole round at speed as a highlight reel.",on_game_end,"Cheap from the event log, and it turns a finished board into a story.",draft:1453,carried
Cannon into cannon,Skill,grid-local,x,no,2+,Epic,movement;combo,"A card fired into a cell holding another cannon is fired again, chaining launches across grids until it lands somewhere empty.",on_trigger,"The explicit ask. The chain is the fun, and cross-grid alignment is what makes it readable.",draft:1456,carried
Piston,Skill,grid-local,x,no,1,Rare,movement;formation,"Cue to push the entire row or column of cards one cell along, shunting whatever is at the end into the next grid.",on_trigger,Redstone-style pushing. The first effect that moves many cards with one verb.,draft:1456,carried
Observer,Skill,grid-local,x,no,1,Uncommon,meta-effect;combo,"Fires whenever the card it faces changes - placed on, scored, moved or destroyed.",on_board_mutated,The trigger-on-neighbour-change primitive every chain machine needs.,draft:1456,carried
Sticky piston,Skill,grid-local,x,no,1,Rare,movement;formation,Pushes a line of cards and pulls them back at the next refill.,on_refill,"Reversible movement, which makes a temporary formation possible.",draft:1456,carried
The card flip,Rule,grid-local,h,yes,1,-,core;view,"Talent and art move to the top of the card and the pips to the bottom, so stacks build upward and scrolling rises with height.",design,Shipped as Phase 0. It puts the emphasis on the art and makes height read correctly.,draft:1459,implemented
Flipped score gutters,View,grid-local,y,yes,1,-,hud;score,"Column and height scores flip with the card - columns read below the grid, heights above their own stacks.",on_after_score,Shipped. A height label sits above the stack it describes and rises as the stack grows.,draft:1459,implemented
Second pip row,Rank,grid-local,cell,no,1,-,rank;card,"A second rank and suit beneath the art, with a second stamp slot for shoe or trouser equipment that never overlaps hat stamps.",design,"Judged likely overkill in the same line - one item slot is enough, as Pokemon shows. Recorded, not adopted.",draft:1460,vetoed
Lion,Skill,grid-local,cell,no,1,Uncommon,rank;class,"Always counts as a king, whatever its printed rank.",on_score,A rank override with a face. Makes any card a face card for meld purposes.,draft:1463,carried
Mirror Deck,Blind,global,deck,no,1,-,blind;destruction,"On entering the show, the deck doubles with temporary mirror copies of every card; a mirror placed next to its original destroys both.",on_game_start,A blind that doubles your resources and punishes you for using them carelessly. Excellent risk-reward shape.,draft:1466,carried
Shy Clown,Skill,grid-local,cell,no,1,Uncommon,class;movement,"May be returned to an empty Entrance slot, but only while the Entrance is attached to the grid it stands in.",on_trigger,"The first card to make Entrance attachment mechanically visible, which is a genuinely new hook.",draft:1469,carried
Show summary,View,global,none,no,1,-,ui;flow,An end-of-show summary that records the best single play of the round.,on_game_end,Pairs with the replay. Naming your best play is what makes a run worth retelling.,draft:1472,carried
Surrounding capture,Rule,grid-local,x,no,1,-,variant;destruction,"Cards fully surrounded by another suit or class are captured, Go-style.",on_card_placed,"A whole second way to interact with a placed board, and it needs no new coordinate.",draft:1475,carried
Othello flipping,Rule,grid-local,x,no,1,-,variant;pip,Bracketing a line of cards between two of your own suit flips every card between them to that suit.,on_card_placed,Reversi in a grid. The most dramatic single placement effect available.,draft:1478,carried
Additional goals,Blind,global,none,no,1,-,blind;objective,"Every show carries an objective on top of the fame goal, and the number of objectives rises with difficulty alongside the score required.",on_game_start,"The founding rule of the blinds category, stated by the owner.",draft:1478,carried
Objective vocabulary,Blind,grid-local,grid,yes,1,-,blind;objective,"The objective set - one empty tile, five pairs, a line summing between twenty and thirty, a matching rank in every grid, a row with no flush, one column ordered top to bottom, cards face down until placed.",on_game_end,"The seven named objectives, each of which becomes its own blind row.",draft:1479,carried
One effect per blind,Blind,global,none,no,1,-,blind;structure,A blind chooses one effect; a boss blind gets one more. An effect may be a hazard rather than an objective.,on_game_start,The structural rule that keeps blinds composable instead of bespoke.,draft:1479,carried
Candy-crush cells,Blind,grid-local,cell,no,1,-,blind;cell,Some cells add to or subtract from the rank of whatever is placed on them.,on_card_placed,"The mancala cell, now with a blind to deploy it. The modifier is visible before you commit.",draft:1479,carried
Suit-forcing cells,Blind,grid-local,cell,no,1,-,blind;cell,"Some cells demand a specific suit, or convert whatever is placed on them to that suit.",on_card_placed,Two readings of the same cell - a restriction or a tool - and both are worth printing.,draft:1479,carried
Auto-fill empty grids,Blind,grid-local,grid,no,2+,-,blind;hazard,A grid you place nothing in this refill has a random card placed in it for you.,on_refill,"Punishes ignoring a grid, which is the dominant strategy without it.",draft:1480,carried
Hidden opener,Blind,grid-local,cell,no,1,-,blind;secret,The show begins with one face-down card already placed at random; it is only revealed when something is placed beside it.,on_game_start,"Turns the empty grid into a question. Cheap, and it changes the first five placements.",draft:1481,carried
Negative effects cost two,Blind,grid-local,grid,no,2+,-,blind;balance,"A heavy negative such as losing a grid counts as two blind effects, and in exchange the remaining grids score double.",on_game_start,"The weighting rule, and the owner's own alternative - losing score per cell used - is the more granular version.",draft:1482,carried
Hazards must pay,Blind,global,none,no,1,-,blind;design,Every hazard must reward the player for playing into it rather than merely being a different level with no upside.,design,The design ruling every blind in the blinds file is written against.,draft:1483,carried
Blinds per difficulty,Blind,global,none,no,1,-,blind;difficulty,"Difficulty adds one blind per three levels, so at difficulty four the third level of a set carries two.",on_game_start,"The escalation formula, stated exactly.",draft:1483,carried
Nuzlocke challenge,Meta,global,deck,no,1,-,meta;challenge,A run-long challenge where every card added after the starting deck is locked in and can never be traded away.,on_game_start,"Challenges sit above blinds - a blind is one level, a challenge is the whole run.",draft:1484,carried
Named starting decks,Deck,global,deck,no,1,-,deck;identity,"Specific decks the player chooses between at run start, restored as a first-class choice.",menu,"Restated in the newest lines, so it outranks the earlier ambivalence about deck unlocks.",draft:1487,carried
Three node options,Map,global,none,no,1,-,map;structure,"Each step offers a talent pack, a trading hall or a special event.",map,Three is enough to choose between and few enough to read.,draft:1490,carried
Vision to the nearest city,Map,global,none,no,1,-,map;reveal,"The route is visible only as far as the closest city, so the player is never paralysed; effects extend the view.",map,"The final word on fog of war, and it makes vision a purchasable advantage.",draft:1490,carried
Balatro mod wikis,Meta,global,none,no,1,-,reference;research,The Balatro modding wiki and the Balatro wiki as sources for blind and joker design patterns.,design,Reference for the blinds category specifically - the newest draft names them for that reason.,draft:1493,carried
Art-brief section breaks,Meta,global,none,no,1,-,art;process,"The rule lines separating the art brief's three parts - how the styles interact, why, and how to execute the fusion.",design,"Document structure, kept so the brief stays readable as three sections rather than one wall.",draft:776;draft:792,carried
Overhaul mandate,Meta,global,none,no,1,-,process;overhaul,"The core-gameplay overhaul is done in its own worktree, with commits permitted there.",design,The working agreement for the whole stream.,braindump:1,carried
The old system,Rule,grid-local,y,no,1,-,superseded;core,Five cards drawn into the Entrance dropped into six zones; the player built Klondike stacks and scoring ran at Submit over rows then columns.,on_next,SUPERSEDED in full. Recorded so the catalog can be audited against what actually changed.,braindump:3,superseded
The pivot,Rule,grid-local,grid,no,2+,-,core;overhaul,A five-by-five grid replaces the zones; cards are placed by hand into empty cells; a filled row or column scores immediately; the five long diagonals count; every twenty-five to fifty cards of deck unlocks another grid; committing to a grid commits the whole Entrance to it.,on_card_placed,The overhaul in one paragraph. Shipped.,braindump:5,implemented
Two view modes,View,grid-local,grid,no,2+,-,view;grid,Each grid gets its own panel; the player switches between a zoomed-out view of every grid and a focused view of one. The Entrance follows the focused grid until placement commits it.,design,"Phase 6 work, not yet built. The geometry it pans over is now stable.",braindump:6,carried
Wide picture,View,global,grid,no,2+,-,view;wall,"The scene must be wide enough for three grids, centred, so the picture on the wall is very wide and the camera sees only part of it.",design,Shipped in the wall's picture sizing.,braindump:7,implemented
Panning between grids,View,grid-local,grid,no,2+,-,view;input,"Left and right buttons, swipes or shoulder buttons pan between grids, always snapping a grid to centre with none cut off; the all-grids view hides the wall and its frame, and the wall's saved pan is treated as a camera position in real space.",design,Phase 6. The saved pan is what makes the picture wall and the board agree.,braindump:8,carried
End without scoring,Rule,global,none,no,1,-,core;flow,"Submit becomes End - it fires its hooks and finishes the show without a scoring round, and may be pressed with the board unfinished. Cards bow or jump on the way out.",on_game_end,"Shipped, minus the bow animation, which is still a todo.",braindump:9,implemented
Placement is one-way,Rule,grid-local,cell,no,1,-,core;placement,"Once placed, a card cannot be moved or stacked on by default; both are reserved for effects.",on_can_place_stack,Shipped. Every movement card in this file is an exception the player buys.,braindump:10,implemented
Rows align across grids,Rule,grid-local,x,no,2+,-,core;grid,"Row one of every grid sits at the same y across the whole screen, which is what lets an effect say move five cells left and land in the same cell of the grid to the left.",design,"Shipped, with a setting to keep grids aligned when one grows taller than another.",braindump:11,implemented
The four-coordinate,Rule,grid-local,grid,yes,2+,-,core;architecture,"A board position is grid, x, y and height.",design,"Shipped as BoardCoord. Comparison is by equals, never by the identity operator.",braindump:12,implemented
Total in the HUD,View,global,none,no,1,-,hud;score,"The running total stays in the HUD as the grid labels update, so the player never has to add up.",on_after_score,Shipped.,braindump:13,implemented
Compaction,Rule,grid-local,h,yes,1,-,core;h,Removing a card from a stack drops everything above it down one.,on_board_mutated,Shipped. Dropping down never retriggers scoring.,braindump:14,implemented
Rescoring on rebuild,Rule,grid-local,line,no,1,-,core;scoring,Removing a card from a completed line and replacing it fires the scoring event again.,on_card_placed,Shipped. It is why rescoring effects have to be costed carefully.,braindump:15,implemented
The test mandate,Meta,grid-local,grid,yes,1,-,testing;fuzz,"Build one grid a card at a time up to a full fifteen-high stack in all twenty-five cells, detect every line of five, in many orders, with random moves, removals and fuzz.",design,Shipped as the grid test suites. Stacking rules are ignored in these tests on purpose.,braindump:16,implemented
Misalignment setting,Rule,grid-local,grid,yes,2+,-,view;setting,A setting that makes every grid expand its rows when one grid grows taller.,design,"Shipped, defaulting off, with a test proving the same board scores identically either way.",braindump:18,implemented
Standard test deck,Meta,global,deck,no,1,-,testing;deck,A plain fifty-two card deck exists for testing the new setup.,design,Shipped.,braindump:19,implemented
Recycle everything,Meta,global,none,no,1,-,overhaul;architecture,"The overhaul updates state and rules cards rather than deleting systems, because few effects were hardcoded to the tableau and the old design survives as stacking on top of the grid.",design,Vindicated - the class survived the pivot intact.,braindump:21-22,carried
Scoring after every move,Rule,grid-local,line,no,1,-,core;scoring,"Scoring runs after every card move, driven by a rule card that checks for a new completed line containing the moved card's position.",on_card_placed,Shipped as SkillLineDetector.,braindump:24-25,implemented
Drop-down removed,Rule,grid-local,y,no,1,-,superseded;flow,"No drop-down logic, whether by zone or by the Next button.",on_next,Shipped - removed.,braindump:26,implemented
New state arrays,Rule,grid-local,grid,yes,2+,-,architecture;save,"State gains the arrays it needs to track grids of cells of cards, and the score trackers to match.",design,Shipped as GridData plus the coordinate-keyed score buckets.,braindump:27,implemented
No Next button,View,global,none,no,1,-,view;flow,The Next button goes with the drop-down.,design,Shipped.,braindump:29-30,implemented
Entrance follows then sticks,View,grid-local,x,no,2+,-,view;entrance,"Entrance cards follow the focused grid until a card is placed, then stay attached to that grid.",on_card_placed,Shipped in the data; the follow animation is Phase 6.,braindump:31-32,carried
Grid allotment card,Rule,global,grid,no,2+,-,rule;grid,A rule card that counts the deck at game start and adds one grid-creation card per twenty-five cards.,on_game_start,Shipped as SkillGridAllotment.,braindump:34-35,implemented
Grid creation card,Rule,grid-local,grid,no,1,-,rule;grid,"When active it creates the twenty-five cell cards it owns; when inactive it removes them and discards their contents, following the zone-creation card's logic.",on_game_start,Shipped as SkillGridCreator.,braindump:36,implemented
Random entrance refill,Rule,global,x,no,1,-,rule;entrance,"Five Entrance cards as before, but a refill fills slots in random order rather than left to right, so the first slot is not always first.",on_refill,Shipped. The first Entrance card still aligns with the first column.,braindump:37,implemented
Line detector card,Rule,grid-local,line,no,2+,-,rule;scoring,A rule card that detects a new line of five anywhere across the grids and scores it.,on_card_placed,Shipped as SkillLineDetector.,braindump:38,implemented
Art frame reuse,Meta,global,none,no,1,-,art;budget,New rule cards use unused frames from the existing art sheets; cards that no longer work are archived rather than deleted.,design,"Shipped, and the archive is what the catalog's superseded rows are for.",braindump:39,implemented
Iterator across grids,Rule,global,grid,yes,2+,-,architecture;order,"The iterator walks Entrance cards left to right, then each grid in turn - leftmost first, left slot of the top row, down the rows - then the discard and the rule deck.",on_anything,"Shipped, with the order pinned by tests.",braindump:41,implemented
Retire stale rule cards,Rule,global,none,no,1,-,rule;overhaul,Rule cards that no longer apply are removed from the deck.,on_game_start,Shipped. The zone-only cards remain in a ratcheted test list rather than in the deck.,braindump:43,implemented
Ask what was missed,Meta,global,none,no,1,-,process;design,The design must say plainly what high-level changes the braindump did not mention.,design,The instruction that produced the gap protocol.,braindump:44,carried
The documentation mandate,Meta,global,none,no,1,-,process;docs,"Alternate updated versions of every design document and CSV, the draft re-read and appended, a new accepted-ideas CSV mined from the design docs, the catalog's seen column reset, and no other doc left describing the old design.",design,"This file, the blinds file, the accepted-ideas file and the catalog rewrite are the deliverable.",braindump:46,carried
Sandwich,Skill,grid-local,h,yes,1,Uncommon,combo;h,"When this card scores, gain a point for every card between it and the nearest same-suit card further down its stack.",on_score,Renamed Sliced Bread in the draft. Height is what makes it visible.,random:2-6,carried
Selection Sort,Skill,grid-local,h,yes,1,Uncommon,movement;h,Moves up one place in its stack whenever the card above it has a lower rank.,on_board_mutated,A stack that sorts itself over several refills. Deeply satisfying to watch.,random:2-7,carried
More Poker,Skill,grid-local,line,no,1,Rare,scoring;poker,Poker hands score double.,on_score,"The plainest amplifier in the game, and the one every costing model should be calibrated against.",random:2-8,carried
Spaceship,Skill,grid-local,cell,no,1,Rare,placement;rule,"May be placed in the void - outside any grid, where it still counts for cross-grid lines.",on_can_place_stack,The void is now a real place: the gap between grids. This card lives in it.,random:2-9,carried
Self-Placing Card,Skill,global,deck,no,1,Rare,deck-manip;movement,"While in the deck, if a legal empty cell ever exists, this card moves itself there.",on_board_mutated,"A card that plays itself, which is unsettling in exactly the right way.",random:2-10,carried
Recycler,Skill,global,deck,no,1,Uncommon,discard;deck-manip,"On score, put two random cards from the discard back into the deck; Exhaust cards do not return.",on_score,"Anti-thinning, which is a real cost in an economy that pays in cards.",random:2-11,carried
Egg,Skill,grid-local,cell,no,1,Uncommon,random;growth,"When this card scores, it becomes a completely different random card of higher rank.",on_score,"A card that is worth more after you use it, which nothing else does.",random:2-12,carried
Champion,Skill,grid-local,h,yes,1,Rare,destruction;rank,Cards of the same rank directly above or below this card in its stack are discarded.,on_stack_cards,"Anti-pair, which fights the pair objectives directly. Good tension.",random:2-13,carried
All In,Skill,global,none,no,1,Epic,gamble;score,"On the next score, double the total - and double the fame the next show demands.",on_score,"Borrowing against the future, which is the Hype wager as a card.",random:2-15,carried
Deja Vu,Skill,grid-local,cell,no,1,Rare,movement;persistence,"Remembers the cell it was placed in; the next time that cell is empty, it returns there from anywhere.",on_board_mutated,A card with a home. The grid gives it a coordinate to remember at last.,random:2-16,revived
Rabbit,Skill,grid-local,x,no,1,Uncommon,movement;joke,"If this card is grabbed, it bolts to the furthest orthogonal cell instead.",on_can_grab_stack,"Comic, and a genuine obstacle - you have to plan around a card that will not be caught.",random:2-18,carried
Robber,Blind,global,deck,no,1,-,blind;destruction,"Between refills, robbers steal the highest-value card from the board.",on_refill,"A recurring theft the player can bait with a decoy, which is the counterplay.",random:2-19,carried
Trap,Skill,grid-local,h,yes,1,Rare,placement;h,"Creates an extra empty cell; the next card placed there goes underneath this card instead, and the extra cell disappears.",on_can_place_stack,"Insertion beneath, which the upward stack makes strange and useful.",random:3-7,carried
Goalpost,Skill,grid-local,line,no,1,Rare,scoring;random,"Enhances a random viable meld type, chosen fresh each show.",on_game_start,The trending-meld idea as a card rather than a rule.,random:3-8,carried
Distancing,Skill,grid-local,h,yes,1,Rare,spotlight;h,"Hovers at the top of its stack without blocking the card beneath it, and cannot be clicked.",on_spotlight,"The Ghost Light stamp's ancestor, and it may count as its own row.",random:3-9,carried
Pot of Greed,Skill,grid-local,cell,no,1,Uncommon,creation;deck-manip,"When this card is alone in its grid's row, discard it and draw two.",on_board_mutated,"Conditional on isolation, which the empty-tile objective loves and everything else hates.",random:3-10,carried
Rewrite,Skill,grid-local,h,yes,1,Epic,creation;h,Remembers the cards beneath it when placed; at show end it replaces that many cards below it with fresh draws.,on_game_end,"A delayed board rewrite. Expensive to reason about, which is why it is Epic.",random:3-13,carried
Paintbrush,Skill,grid-local,h,yes,1,Uncommon,pip;h,Cards this one is placed on take its suit.,on_card_placed,"The Clown class's suit fixer, applied downward through a stack.",random:3-14,carried
The One Ring,Skill,global,deck,no,1,Legendary,secret;win,You always know exactly where this card is; destroy it permanently and win the show outright.,on_discard,An alternate win condition that the destruction family has to work for.,random:3-18,carried
Lightning,Blind,grid-local,grid,no,1,-,blind;hazard,"Lightning strikes the highest-value card on the board, shocking it and everything adjacent.",on_refill,"Punishes concentrating value in one cell, which is otherwise always correct.",random:3-19,carried
No Part of Any Hand,Skill,grid-local,line,no,1,Uncommon,scoring;formation,"If this card is in no scoring hand at all, it pays a large flat bonus.",on_after_score,"The anti-meld card, and the empty-chair objective's best friend.",random:4-6,carried
Parasite,Skill,grid-local,h,yes,1,Rare,destruction;h,Attaches to the next card placed on top of it; at show end it replaces its host entirely.,on_stack_cards,"Slow theft. The host is visible the whole time, which makes it a decision.",random:4-7,carried
Cheering Team,Skill,grid-local,line,no,1,Uncommon,combo;suit,Every scored card sharing this card's suit pays extra.,on_score,The mono-suit reward that balances the rainbow rewards.,random:4-8,carried
Open House,Skill,grid-local,cell,no,1,Uncommon,rule;stacking,"Any card may be stacked on this one, regardless of the stacking rules.",on_can_place_stack,Already in the draft's TODO list. The simplest rule-bending card there is.,random:4-9,carried
Future Sight,Skill,global,deck,no,1,Rare,info;deck-manip,See the next five cards of the deck at all times.,on_refill,"Information equal to one whole Entrance ahead. Quiet, and enormously strong.",random:4-10,carried
Snake,Skill,grid-local,h,yes,1,Rare,destruction;h,"Consumes lower-ranked cards beneath it in its stack, leaving a temporary body card of the same rank behind.",on_stack_cards,"Eats downward and leaves a trail, so the stack keeps its height.",random:4-13,carried
Sniper,Skill,grid-local,cell,no,1,Uncommon,rank;destruction,"At each refill, lower the rank of the last card you interacted with by one; at rank one it is discarded.",on_refill,"A slow, aimed decline. The targeting rule makes it a real decision.",random:4-14,carried
Jenga,Skill,grid-local,h,yes,1,Epic,movement;h,Clicking a card that is not on top moves it to the top of the next smallest stack and leaves a gap; clicking a top card does nothing.,on_can_grab_stack,"A whole minigame inside one card, and it only works because stacks have heights to compare.",random:4-18,carried
Hurricane,Blind,grid-local,grid,no,2+,-,blind;weather,Cards in a ring shape get soaked; the storm starts at a random category from one to five and weakens as it moves.,on_refill,"A moving hazard with a visible track, so it can be played around rather than merely suffered.",random:4-19,carried
Stowaway,Skill,grid-local,cell,no,1,Uncommon,movement,"After scoring, moves itself to a free cell if one is open.",on_after_score,"Survives its own scoring, which is a leader's privilege made common.",random:5-7,carried
Combo Memory,Skill,grid-local,line,no,1,Rare,scoring;combo,"During scoring, each card gains temporary points equal to the hand it scored in.",on_score,"Compounds with everything, so it belongs at Rare or higher.",random:5-8,carried
Connect Four,Meld,grid-local,x,no,1,Uncommon,meld;formation,"Four of a suit in a line, including diagonals, scores as its own meld.",on_score,A four-length diagonal meld the special bucket can hold.,random:5-18,carried
Tsunami,Blind,grid-local,h,yes,1,-,blind;weather,"A wave washes up from the bottom row, lowering the maximum stack height, then recedes.",on_refill,The only hazard that attacks the fourth coordinate directly.,random:6-19,carried
Point Per Trigger,Skill,grid-local,line,no,1,Common,scoring;combo,"Whenever any card triggers an effect, gain a point.",on_trigger,"The floor of the effects-as-points economy, and a good common.",random:6-6,carried
Tunneler,Skill,grid-local,h,yes,1,Uncommon,movement;h,A single card placed on this one sinks to the bottom of the stack instead.,on_stack_cards,"Placement that goes the wrong way, which is disorienting and useful.",random:6-7,carried
Noble Family,Skill,grid-local,line,no,1,Uncommon,combo;rank,Each scored face card raises the value of the next scored face card.,on_score,"Escalation within one show, and a reason to hold face cards back.",random:6-8,carried
Fishing,Skill,global,deck,no,1,Rare,deck-manip;minigame,Place this card over the deck to open a fishing minigame that pulls a card out of it.,on_trigger,The one minigame small enough to survive the deferral of minigames.,random:6-18,carried
Column Card,Rule,grid-local,y,no,1,-,scoring;rule,Gives points to its whole column when it scores.,on_score,Shipped in spirit as the column bucket.,random:7-3,implemented
Turntable,Skill,grid-local,grid,no,1,Epic,movement;formation,Cue to flip an entire grid vertically.,on_trigger,"One action, twenty-five cards moved. The largest single rearrangement available.",random:7-7,carried
Blackjack Meld,Meld,grid-local,line,no,1,Uncommon,meld;blackjack,A line totalling exactly twenty-one scores as its own meld.,on_score,Already deployed as a blind objective; also a fine printed meld.,random:7-6,carried
FEMA Mode,Blind,global,none,no,1,-,blind;weather,"Once enough weather hazards have struck, disaster relief arrives - the fame goal drops for the rest of the run.",map,"Compensation that accumulates, so a run of bad levels becomes a good story.",random:8-19,carried
Row Card,Rule,grid-local,x,no,1,-,scoring;rule,Gives points to its whole row when it scores.,on_score,Shipped in spirit as the row bucket.,random:8-3,implemented
Score the Entrance,Rule,global,x,no,1,-,scoring;entrance,Cards still in the Entrance when the show ends are scored too.,on_game_end,Turns held cards into value instead of waste. A good rule card.,random:8-6,carried
Earthquake,Blind,grid-local,grid,no,1,-,blind;hazard,The board is scrambled - every placed card moves to a different cell in its own grid.,on_refill,Total spatial reset as a hazard rather than as a card.,random:10-19,carried
Tornado,Blind,grid-local,grid,no,1,-,blind;weather,A tornado of a random scale lifts a square area of cards and drops them elsewhere.,on_refill,"Scaled damage, so the same blind can be small or enormous.",random:12-19,carried
Eruption,Blind,grid-local,grid,no,1,-,blind;weather,Burning spreads outward in an expanding snake with no way to stop it.,on_refill,"The unanswerable hazard - the counterplay is to score fast, not to prevent it.",random:14-19,carried
Monopoly Rule,Blind,global,deck,no,1,-,blind;rule,Scoring a flush of a rank removes that rank from future generation for the rest of the run.,on_score,Self-limiting play - your best line becomes unavailable by using it.,random:16-19,carried
Wildfire,Blind,grid-local,x,no,1,-,blind;weather,Fire spreads through flammable cards and is stopped by cards of a named blocking type.,on_refill,Terrain matters - the player builds firebreaks out of their own cards.,random:17-19,carried
Windy Day,Blind,grid-local,grid,no,1,-,blind;weather,Cards shift one row or column at random because it is too windy to hold them.,on_refill,"Small, constant, and it makes exact formations expensive.",random:19-19,carried
Mini Metro Mode,Meta,grid-local,grid,no,2+,-,variant;meld,"Completed straights become metro lines whose ends are stations, and the lines must carry passengers over several refills.",design,A whole alternate mode built on the meld the game already detects.,random:21-19,carried
Boss Fight,Blind,global,none,no,1,-,blind;boss,"A boss appears that must be beaten with specific hands or with raw points, and it breathes fire on your score while you work.",on_refill,"A score that goes down as well as up, which changes the whole pacing of a show.",random:24-19,carried
Vampires,Blind,grid-local,grid,no,1,-,blind;hazard,Vampires begin eating cards from the edge of the board inward and must all be played over to be removed.,on_refill,"Attacks the edges, which is where the diagonals and the long rows live.",random:26-19,carried
The Impostor,Blind,grid-local,cell,no,1,-,blind;secret,"One card in the deck is fake - it loses you score when played, and on some refills it ignores the rules entirely. Find it and remove it.",on_card_placed,Deduction as counterplay. The best hazard in the list.,random:28-19,carried
Timeline Clash,Meta,grid-local,grid,yes,2+,-,variant;undo,"Send a card into the past and replay that board forward to the present, where the timelines clash and only the differences survive.",design,"Absurd, memorable, and the undo system already stores the history it would need.",random:30-19,carried
Earth type,Type,global,deck,no,1,Common,type;deck-manip,Stays at the bottom of the deck.,on_game_start,One of the four elemental deck-position types.,random:2-3,carried
Air type,Type,global,deck,no,1,Common,type;deck-manip,Stays at the top of the deck.,on_game_start,One of the four elemental deck-position types.,random:3-3,carried
Water type,Type,global,deck,no,1,Common,type;deck-manip,Moves one position down the deck each refill.,on_game_start,"Remapped from the drop-down version, which is superseded in the catalog.",random:4-3,revived
Fire type,Type,global,deck,no,1,Common,type;deck-manip,Moves one position up the deck each refill.,on_game_start,The fourth elemental deck-position type.,random:5-3,carried
Money suit,Suit,global,deck,no,1,Rare,suit;economy,Gold cards act as money at shops and are worth their full trade value.,shop,Shipped as the Gold type after the owner's ruling that it works better as a type than a suit.,random:6-3,implemented
Discard-deck verbs,Meta,global,deck,no,1,-,taxonomy;discard,"Ways to reach into the discard - recur a card, reorder it, or score from it.",on_discard,"The one taxonomy family the draft names only in the effects grid, not in the draft prose.",random:1-11,carried
Card-gain verbs,Meta,global,deck,no,1,-,taxonomy;creation,"Ways to gain cards mid-show, as opposed to buying them.",on_refill,Distinct from the shop; these are the effects that make a deck grow during play.,random:1-12,carried
Seals family,Meta,grid-local,none,no,1,-,taxonomy;stamp,"The seal family, renamed stamps and then hats - modifiers attached to a card rather than replacing its skill.",on_trigger,"Three shipped: Double Trigger, Revealing, Global.",random:1-0,implemented
Disaster brainstorm provenance,Meta,global,none,no,1,-,reference;blind,"The disaster column of the random-effects sheet is a pasted chat brainstorm, timestamps and all - weather, bosses and mode ideas that became most of the hazard blinds.",design,"The timestamps and handles are transcript artefacts, not ideas. Recorded so the empty-looking cells are explained rather than lost.",random:5-19;random:22-19;random:23-19,carried
Recommendations companion,Meta,global,none,no,1,-,docs;design,"A companion to the design record holding interpretation and invention, kept separate so it never contaminates what the owner actually designed. Its implementation remarks predate the shipped spotlight, map, props and combo formula.",design,The separation is the reason this file exists too - mined ideas stay labelled as mined.,recs:1-11,carried
Spatial deckbuilding pillar,Meta,grid-local,x,no,1,-,pillar;design,"Position is the game's differentiator - every card should ask a placement question, not just a selection question.",design,"The grid overhaul is this pillar taken seriously. Spiderweb, rings, props and formations are its best expressions.",recs:13-20,carried
Rule deck as content engine,Meta,global,none,no,1,-,pillar;rule,"The rule deck is not architectural elegance, it is where boss debuffs, ascensions, secret melds and unlocks all live.",design,"Confirmed by the blinds category, which needed no new system at all.",recs:22-24,carried
Tour fantasy pillar,Meta,global,none,no,1,-,pillar;map,"A route is a story, which solves the campaign-for-Tetris problem - the map is the narrative layer.",design,"The third pillar, and the reason the map is worth its cost.",recs:25-28,carried
Deferred systems,Meta,global,none,no,1,-,design;scope,"Deferred - quests, event-recycled prestige, lore scraps, cosmetics, the empty-rule-deck deck, mana cards.",design,"All fine, none needed for the core loop, per the owner's own retention essay.",recs:29-31,carried
Cut the rarity chain,Skill,global,none,no,1,-,vetoed;meta,"Cut - cards that only raise the odds of other rarities. They are dead cards touching only the meta layer, and they fight the cards-as-currency economy.",shop,"Fold luck manipulation into the Fortune Teller class, where it has a face.",recs:32-35,vetoed
Summary-card rulings,Meta,global,none,no,1,-,design;ruling,"Adopt Ghost Card as a stamp, The Acrobat, and Searing Knife; reject The Anarchist and Sliced Reality.",design,The Anarchist becomes a blind rather than a player card; column-count changes are already ZoneAdder's job.,recs:36-42,carried
The combo reframe,Rule,grid-local,line,no,1,-,scoring;economy,"Effects supply the points and melds supply the multiplier, keeping both axes - show score is the sum of effect points times one plus the row combo times one plus the column combo.",on_after_score,Adopted in shape. The shipped three-bucket product is this formula with the special bucket added.,recs:45-59,carried
The audience is the antagonist,Meta,global,none,no,1,-,theme;scoring,"Do not add an enemy with a health bar - the goal score already is one. Fame needed, tips for overscoring, cheers per combo.",on_after_score,The Slay the Spire feel for zero new systems.,recs:60-62,carried
Rings as depth multipliers,Rule,grid-local,h,yes,1,-,scoring;ring,"Performance rings multiply the column combo by depth, rewarding the riskiest behaviour - covering your own cards.",on_score,The tension between deep columns and the spotlight is named here as the game itself. Protect it.,recs:63-67,carried
Formalise The Booking,Rule,global,none,no,1,-,gamble;objective,"A tour is won by fulfilling contracts, not by maximum score - score X with no knife melds, finish in two acts, trigger twelve unique feats.",on_game_start,"Unifies mini-game events, boss blinds and the optimisation essay into one diegetic object.",recs:68-75,carried
Fix the spotlight first,Meta,grid-local,h,yes,1,-,process;spotlight,"Every skill is dead until active-while-unblocked works, and covered becomes a resource once it does.",design,Shipped since. The advice to re-evaluate the whole catalog afterwards is what this rewrite is doing.,recs:76-81,carried
Four suits plus specials,Rule,grid-local,line,no,1,-,suit;balance,"Four base suits - Knives, Hoops, Balls, Flames - with Clowns and Dancers as classes and Fireworks and Electric as special suits found only through packs.",on_score,"CONTRADICTED by the newer draft line calling for five base suits. The draft is newer, so five wins unless the owner says otherwise.",recs:82-90,carried
The Joey rank,Rank,grid-local,line,no,1,Common,rank;class,Jacks become Joeys and count as Clown-class cards.,on_score,"Vetoed in the catalog - a rank that is always eleven is boring, and the Joey should be a clown token with a real effect.",recs:99,vetoed
The Ringmistress rank,Rank,grid-local,line,no,1,Common,rank;class,Queens become Ringmistresses and count as Producer-class cards.,on_score,Vetoed in the catalog; the historical reference can be recycled onto a real card.,recs:100,vetoed
The Impresario rank,Rank,grid-local,line,no,1,Common,rank;economy,"Kings become Impresarios, count as Producer cards and add trade value at shops.",on_score,Vetoed in the catalog; the reference can be recycled.,recs:101,vetoed
The Headliner rank,Rank,grid-local,line,no,1,Uncommon,rank;meld,"Aces count high or low in runs, decided in your favour at evaluation.",on_score,"Vetoed as a rank rename, but the high-or-low duality is a real spatial decision worth keeping on some card.",recs:102,vetoed
Harlequin pip,Rank,grid-local,line,no,1,Rare,rank;suit,"Counts as two suits at once for every comparison, meld and suit effect, firing both props.",on_score,"Vetoed by the owner as boring. The multi-suit stub in the comparator remains, so the mechanism survives the veto.",recs:103,vetoed
The Gaff,Rank,grid-local,cell,no,1,Rare,rank;secret,"Shows a fixed rank and suit until it scores, then reveals its true random value.",on_score,"Sideshow slang for a faked exhibit. The reveal is the payoff, and the Prepared Town blind is its counter.",recs:104,carried
Half-step rank,Rank,grid-local,h,yes,1,Common,rank;stacking,Rank five and a half - stacks between five and six but never melds.,on_can_place_stack,"Owner note - it makes more sense as a hat than as a rank. Same effect, different slot.",recs:105,carried
The Fifteen rank,Rank,grid-local,x,no,1,Uncommon,rank;cribbage,Also melds with any neighbours whose ranks sum to fifteen with it.,on_score,"Made into a talent rather than a rank, per the owner. It is the demoted cribbage rule given a home.",recs:106,carried
Roman numeral rank,Rank,grid-local,none,no,1,Uncommon,rank;cosmetic,Cosmetic rank skin that melds normally.,on_score,"Accepted. Circus Maximus is where the word circus comes from, so the skin is on-theme.",recs:107,carried
The Blank rank,Rank,grid-local,cell,no,1,Common,rank;stacking,"No rank, no suit - stacks on anything, anything stacks on it, and it scores nothing.",on_can_place_stack,Accepted. Free spatial glue that teaches position is not points.,recs:108,carried
Canvas type,Type,global,deck,no,1,Common,type;material,"The sturdy default for circus-born cards, an upgrade of Paper.",on_game_start,Establishes a material progression rather than a single default.,recs:118,carried
Sawdust type,Type,grid-local,cell,no,1,Uncommon,type;cell,"When discarded, leaves a marker on its cell; the next card placed there scores extra.",on_discard,"Makes discarding spatial, which the discard-engine essay needs.",recs:119,carried
Rosin type,Type,grid-local,cell,no,1,Uncommon,type;protection,"Sticky - cards placed on it can never be picked up again, but score deeper into the ring bands.",on_can_grab_stack,"The cards-that-resist-being-moved note, given a reason to exist: commitment for reward.",recs:120,carried
Tintype type,Type,global,deck,no,1,Rare,type;copy,"On acquisition, permanently copies the pips of the card it was made from.",shop,Duplication with lineage. Collectors will chase photographs of photographs.,recs:121,carried
Lithograph type,Type,global,x,no,1,Rare,type;spotlight,"While in the Entrance rather than in a grid, this card broadcasts its skill globally.",on_refill,"A card that wants not to be played, which inverts the whole game's incentive. The Entrance is row -1, so this still works exactly as written.",recs:122,carried
Glass type,Type,grid-local,cell,no,1,Uncommon,type;gamble,Double points when scored; shatters after three scores.,on_score,"Balatro-proven risk and reward, and the timer creates a last-show-for-this-card moment.",recs:123,carried
Wax type,Type,grid-local,y,no,1,Uncommon,type;hazard,Melts near Flames - loses rank each show it shares a column with a Flames card.,on_game_end,"Anti-synergy as flavour, and the waxworks really did burn down twice.",recs:124,carried
Ticket Stub type,Type,global,deck,no,1,Common,type;economy,Spent as currency at shops for a discount; worthless in the Ring.,shop,Gives cards-as-currency a small denomination.,recs:125,carried
Flash type,Type,grid-local,line,no,1,Rare,type;timing,"Scores triple, but only the first time it would score in a show.",on_score,Juggling slang for throwing every prop once. Rewards choreographing when a card enters scoring.,recs:126,carried
Spangle stamp,Stamp,grid-local,line,no,1,Common,stamp;combo,Adds to the combo when this card is part of any meld.,on_score,The common-tier workhorse every build wants.,recs:136,carried
Greasepaint stamp,Stamp,grid-local,cell,no,1,Uncommon,stamp;class,This card counts as a Clown in addition to its own class.,on_score,The class-splashing enabler every tribal system needs.,recs:137,carried
Top Billing stamp,Stamp,grid-local,line,no,1,Uncommon,stamp;order,This card always scores first within its meld.,on_score,Trigger order is invisible depth; this stamp makes it player-facing.,recs:138,carried
Understudy stamp,Stamp,grid-local,h,yes,1,Uncommon,stamp;copy,"If the card above it in the stack is destroyed or consumed, this card copies its skill.",on_stack_cards,Turns destruction effects into setup plays. The flip made above the correct direction.,recs:139,carried
Lloyd's Policy stamp,Stamp,grid-local,cell,no,1,Rare,stamp;protection,"The first time this card would be destroyed or debuffed, prevent it.",on_anything,"Insurance against the game's own debuff system, and performers really did insure body parts.",recs:140,carried
Ghost Light stamp,Stamp,grid-local,h,yes,1,Rare,stamp;spotlight,Does not block the spotlight of cards beneath it.,on_spotlight,The counterweight the ring-depth tension needs - build tall without killing your engines.,recs:141,carried
The Encore stamp,Stamp,grid-local,cell,no,1,Uncommon,stamp;gamble,"If this card's skill triggered this show, it has a chance to trigger once more at show end.",on_game_end,The end-of-show lottery tick.,recs:142,carried
Contract Ink stamp,Stamp,global,deck,no,1,Rare,stamp;economy,"Pays extra per show it is played, and leaves the deck if benched two shows running.",on_game_end,"Anti-autopilot pressure, and performers really did jump between rival shows.",recs:143,carried
The Egress,Skill,grid-local,cell,no,1,Uncommon,destruction;economy,Cue to send any card on the board straight to the discard and gain a Ticket Stub.,on_trigger,"Targeted removal plus an economy trickle, and the joke lands every time.",recs:156,carried
Humbug,Skill,grid-local,x,yes,1,Rare,secret;spotlight,"Counts as a copy of the most valuable card in its row while covered, and reveals as rank two when spotlit.",on_spotlight,Inverts the spotlight - a card you want covered. The best placement puzzle in the set.,recs:157,carried
White Elephant,Skill,global,deck,no,1,Rare,gamble;economy,"Huge points when scored, but eats a Gold card every show it stays in the deck.",on_game_end,A cost-over-time bomb; when to finally dump it is a real decision.,recs:158,carried
The Red Wagon,Skill,global,y,no,1,Epic,economy;scoring,"While spotlit, every Gold card in the deck counts as a wildcard toward every column run.",on_score,The economy-to-scoring pivot - the yak-shave moment in card form.,recs:159,carried
Pink Lemonade,Skill,grid-local,x,no,1,Common,combo;class,"When a Flames card and a Concessions card score in the same row, gain a bonus and draw.",on_score,"Teaches cross-class rows, and the origin legend is worth the flavour text.",recs:160,carried
Sawing in Half,Skill,grid-local,cell,no,1,Uncommon,creation;rank,"Cue to split a card into two cards of half rank, rounded apart, same suit.",on_trigger,Rank arithmetic as a tool - fabricate runs on demand.,recs:168,carried
Clown Car,Skill,grid-local,y,no,1,Epic,class;creation,"At each refill, draw an extra card into this card's column, and one more per Clown that scored last refill.",on_refill,An escalating tempo engine where the board literally overflows with clowns.,recs:175,carried
Custard Pie,Skill,grid-local,x,no,1,Uncommon,pip;class,"Cue to change a target card's suit to Balls; if that completes a flush row, gain a multiplier.",on_trigger,"Suit fixing with a payoff condition, which makes it feel like aiming.",recs:177,carried
The Leotard,Skill,grid-local,h,yes,1,Uncommon,movement;h,"Cue to move this card and everything above it to any cell, legal or not.",on_trigger,"Stack teleport, which breaks placement rules the way the trapeze breaks gravity.",recs:184,carried
Blondin's Crossing,Skill,grid-local,x,no,2+,Rare,movement;formation,"Once per show, move an entire row one cell left or right, wrapping.",on_trigger,"The biggest single spatial verb in the game, and wrapping now means crossing into the next grid.",recs:185,carried
Jumbo,Skill,grid-local,h,yes,1,Epic,h;stacking,"Heavy - nothing may be placed on Jumbo, Jumbo may be placed on anything, and it scores per card beneath it.",on_score,A stack-capper with weight you can feel. It ends a stack deliberately.,recs:193,carried
Flea Circus,Skill,grid-local,line,no,1,Common,combo;class,Counts as five cards of rank one for combo purposes.,on_score,"Tiny card, huge combo. The joke is the mechanic.",recs:194,carried
Liberty Horses,Skill,global,x,no,1,Uncommon,class;order,"At each refill, every Animal card in the Entrance rearranges itself into ascending order.",on_refill,"Auto-sorting is deeply satisfying, and the Entrance is exactly where order matters now.",recs:195,carried
Mabel's Tigers,Skill,grid-local,cell,yes,1,Rare,destruction;class,"Consumes the card it is dropped on, but only prop cards, gaining rank with each meal.",on_card_dropped_on,"A curved Gluttony - eats your chaff, thins the deck, respects feats.",recs:196,carried
Straitjacket,Skill,grid-local,cell,no,1,Common,protection;gamble,"Starts each show unable to be moved and frees itself, scoring, when its line scores.",on_score,A self-solving problem where the escape is the payoff.,recs:202,carried
Milk Can,Skill,grid-local,cell,no,1,Uncommon,protection;timing,Cue to put a card inside - it is out of play until you retrieve it on any later refill.,on_trigger,"A pocket dimension, which is a tempo tool for holding a combo piece.",recs:203,carried
Wall of Death,Skill,grid-local,y,no,1,Rare,scoring;hazard,"Adjacent columns gain a multiplier, and cards in them take an Exhaust debuff each show.",on_score,"An aura with a cost, where placement decides who pays it.",recs:204,carried
The Seance Buster,Skill,grid-local,grid,no,1,Rare,secret;info,"Reveals every Gaff, Humbug and disguised card on the board and scores per fake revealed.",on_trigger,Counterplay that makes fakes a real subgame. Houdini against the mediums is history's best rivalry.,recs:205,carried
The Tarot Reading,Skill,global,deck,no,1,Uncommon,deck-manip;info,Cue to look at the top five cards of the deck and reorder them.,on_trigger,"The scry every deck game needs, and here the order decides which cell each card can reach.",recs:211,carried
Madame Zora's Eye,Skill,global,deck,no,1,Rare,deck-manip;info,The next card to be drawn is always visible above the deck.,on_refill,Permanent information that changes every refill decision. Quiet and beloved.,recs:212,carried
The Major Arcana,Skill,global,deck,no,1,Legendary,consumable;collection,"Twenty-two unique one-shot consumables, each a spatial verb - destroy a column, reroll a row's ranks, flip a stack.",on_trigger,"A collectible sub-set, which is long-term chase content built from verbs the grid already has.",recs:213,carried
Grand Spec,Skill,grid-local,grid,no,1,Epic,scoring;formation,"If every column of a grid scored this show, double that show's combo.",on_score,"The perfect-show fantasy button, and the spec really was the whole company parading.",recs:220,carried
Drumroll,Skill,grid-local,line,no,1,Common,scoring;order,The last meld scored this refill gains a multiplier.,on_after_score,"Trigger order matters again, and it pairs directly with Top Billing.",recs:221,carried
Fairy Floss,Skill,grid-local,x,no,1,Common,buff;class,"When scored, adjacent cards gain a rank for the rest of the show.",on_score,Adjacency buff as a placement puzzle. Cotton candy was co-invented by a dentist.,recs:227,carried
The Grease Joint,Skill,global,deck,no,1,Uncommon,deck-manip;class,"At show start, feed the bottom card of the deck to the discard and draw one.",on_game_start,"Deck-bottom filtering, which no other effect touches.",recs:228,carried
Peanut Pitch,Skill,grid-local,cell,no,1,Common,buff;charges,"Cue with three charges to add points to any one card, thrown from anywhere.",on_trigger,The charge system's tutorial card.,recs:229,carried
The Equestrian,Leader,grid-local,y,yes,1,Legendary,leader;ring,Leader whose melds scored in the first ring band gain a multiplier.,on_game_start,"Philip Astley, who standardised the forty-two foot ring in 1768 and invented the modern circus.",recs:240,carried
The Showman,Leader,global,deck,no,1,Legendary,leader;economy,Leader whose shops offer an extra card and whose Gaff and Humbug cards cost nothing.,on_game_start,Barnum. The deception build's patron.,recs:241,carried
The Escapologist,Leader,global,none,no,1,Legendary,leader;protection,Leader who doubles your free undo and shortens every debuff by one show.,on_game_start,Houdini. The blind-resistant leader.,recs:242,carried
The Aerialist,Leader,grid-local,line,no,1,Legendary,leader;gamble,"Leader who rescores the topmost meld once per refill, and is destroyed if her column ever fails to score.",on_after_score,"Lillian Leitzel, Ringling's biggest star, killed by a rigging failure. The fragility is the history.",recs:244,carried
The Tiger Queen,Leader,grid-local,cell,yes,1,Legendary,leader;destruction,Leader for whom consumption effects have no cap.,on_game_start,"Mabel Stark, who worked big cats into her seventies.",recs:245,carried
The Sibyl,Leader,global,deck,no,1,Legendary,leader;deck-manip,Leader whose deck top is always revealed and whose first shop reroll is free.,on_game_start,The midway mitt-camp fortune teller.,recs:246,carried
The Cannon King,Leader,grid-local,x,no,1,Legendary,leader;suit,Leader whose Fireworks cards may score from inside the Entrance.,on_game_start,The Zacchini human-cannonball dynasty. Scoring from row -1 is a genuinely new privilege.,recs:247,carried
The Sweet Tooth,Leader,grid-local,cell,no,1,Legendary,leader;buff,Leader for whom every rank buff is permanent rather than per-show.,on_game_start,The cotton-candy dentist.,recs:248,carried
The Costumier,Leader,grid-local,cell,no,1,Legendary,leader;stamp,Leader whose cards may hold two stamps.,on_game_start,The wardrobe mistresses of the great shows.,recs:249,carried
The Sharpshooter,Leader,grid-local,line,no,1,Legendary,leader;rank,Leader who names a rank each show; that rank scores double.,on_game_start,"Annie Oakley shot holes through playing cards, and free tickets are still called Annie Oakleys.",recs:250,carried
The Route Book,View,global,none,no,1,-,map;planning,"The run's planning and summary screen, named for the route books circuses published each season; deviating from the planned path costs fame.",map,Gives the tour-planning idea a real object and a real cost.,recs:271-274,carried
The Advance Man,Skill,global,none,no,1,Rare,map;info,A map consumable that reveals fogged nodes ahead.,map,Billposters really did travel weeks ahead of the show. The counter to limited route vision.,recs:275-276,carried
Paper the House,Skill,global,none,no,1,Uncommon,map;economy,Auto-pass a town's fame check and earn no tips - free tickets to look popular.,map,"A skip button with a cost, which is exactly what a long tour needs.",recs:277-278,carried
Straw House,Rule,global,none,no,1,-,map;economy,"When tips exceed a threshold, the next node's offers gain a rarity tier.",on_game_end,"A sold-out show where straw was laid for extra seating. The overscore reward, named.",recs:279-280,carried
Winter Quarters,Meta,global,none,no,1,-,meta;hub,"The between-run hub, named for the Baraboo and Sarasota tradition where circuses rebuilt, trained and planned.",design,Better than Carnival - prestige spending becomes literally preparing next season.,recs:281-284,carried
The White Elephant War,Event,global,deck,no,1,-,event;economy,"A rival gifts you a White Elephant - take it, or insult them and face a harder Rival Show.",map,"Barnum against Forepaugh, 1884. A gift that is also a trap.",recs:291,carried
The Egress event,Event,global,none,no,1,-,event;map,"A mysterious sign. Follow it and skip this node entirely - no reward, no risk.",map,"Barnum's museum sign, and a genuinely useful escape hatch.",recs:292,carried
First of May,Event,global,deck,no,1,-,event;growth,A rookie joins - gain a random Common with a hidden growth condition that upgrades it once it has scored ten times.,map,Circus slang for a first-season performer. The hidden condition is the hook.,recs:293,carried
Cutting Up Jackpots,Event,global,deck,no,1,-,event;deck-manip,Old troupers swap tall tales - reroll any one card in your deck into another of the same class.,map,Slang for swapping exaggerated war stories.,recs:294,carried
Cherry Pie,Event,global,deck,no,1,-,event;gamble,Extra work for extra pay - take a debuff card for this show and gain Gold cards.,map,Slang for extra paid crew work. A blind you choose.,recs:295,carried
The Museum of Humbugs,Event,global,deck,no,1,-,event;gamble,"Buy a Gaff cheap - it might be real, with a small chance of being a Legendary.",map,"The Fiji Mermaid and the Cardiff Giant, and a sucker born every minute.",recs:296,carried
Seance Night,Event,global,none,no,1,-,event;secret,Pick the Gaff out of three face-down cards for a reward.,map,"Houdini against the spiritualists, as a small deduction game.",recs:297,carried
The Pie Car,Event,global,deck,no,1,-,event;gamble,"A rest node - heal one debuff, or gamble at the crew's rigged three-card monte.",map,The circus train's diner and social car.,recs:298,carried
The Erdnase Cipher,Skill,global,deck,no,1,Legendary,secret;collection,An author signature that appears on random cards across many runs; collecting and scoring all of them unlocks something never explained.,on_game_start,Erdnase wrote card handling's bible in 1902 and his identity is still unknown. Never explain it.,recs:307-310,carried
The Forty-Two Foot Ring,Meld,grid-local,grid,no,1,Rare,secret;meld,A secret meld that fires when a grid's row and column scores total exactly forty-two.,on_score,Astley's ring is forty-two feet because of horse physics. Hide the number everywhere.,recs:311-312,carried
The Three Rings,Meld,grid-local,grid,no,2+,Epic,secret;meld,Score three separate five-card rows in one show to permanently unlock an extra grid rule card.,on_score,"A secret meld whose reward is more board, which is the best reward this game has.",recs:313-315,carried
The Sword Swallower meld,Meld,grid-local,y,no,1,Rare,secret;meld,A column that is one perfect descending run from top to bottom.,on_score,A secret meld the player can stumble into and then chase deliberately.,recs:313-315,carried
The Ghost Show,Meta,global,none,no,1,-,secret;meta,"After midnight by the real clock, the menu wagon's lights are out and one secret card can be found only then.",menu,Spook shows - midnight horror performances in circus tents - are real history.,recs:316-319,carried
Variable-ratio rewards,Meta,global,none,no,1,-,design;retention,"Pack mulligans, The Encore, Bullet Catch, Gaff reveals and the Museum of Humbugs are all variable-ratio schedules; lean into near-miss presentation.",design,Show what you almost pulled. The strongest reinforcement schedule known.,recs:322-330,carried
Near-miss and loss aversion,Meta,global,none,no,1,-,design;retention,"Bookings make failure specific - missed by forty - rather than vague, manufacturing Balatro's one-hand-left panic every show.",design,The argument for The Booking being a headline feature rather than a card.,recs:331-333,carried
Spatial mastery,Meta,grid-local,x,no,1,-,design;retention,"A skilled player wins boards a weak player loses with the identical deck, which is replay depth no amount of content buys.",design,The reason effects should keep referencing position rather than raw arithmetic.,recs:334-337,carried
The pivot loop,Meta,global,none,no,1,-,design;retention,"Every run should offer one card that makes the player abandon their plan - leaders for identity, Greasepaint for splashing, The Red Wagon for the economy pivot, Calliope for rainbow.",design,"The yak-shave note, turned into a content requirement.",recs:338-341,carried
Collection and completion,Meta,global,none,no,1,-,design;retention,"The Major Arcana series, unlocked leaders, route-book stamps and the achievement pass retain players between runs.",design,Completion pressure is the between-session hook.,recs:342-344,carried
Narrative for free,Meta,global,none,no,1,-,design;flavor,"Every card ships with a true story, so flavour text supplies the lore without writing a campaign.",design,The circus already wrote it. This is why every row in this file names a referent.,recs:345-347,carried
Session shape,Meta,global,none,no,1,-,design;pacing,"Short shows, medium tours, long route book and hub - three interlocking loops make the one-more ladder.",design,The show length changed with the overhaul; the three-loop shape did not.,recs:348-351,carried
Build order,Meta,global,none,no,1,-,process;plan,"Spotlight, then the scoring formula, then the map, then a forty-card First Season set, then the economy, then the meta layer - each step makes the previous one testable in context.",design,The first three have shipped. The First Season set is what this CSV rewrite is feeding.,recs:354-376,carried
The Joey leader,Leader,grid-local,x,no,1,Legendary,leader;class,Leader granting one free Slapstick - a swap of two adjacent ranks - every refill.,on_refill,"Joseph Grimaldi, Regency London's superstar clown and the reason clowns are still called Joeys.",recs:243,carried
Recommendations document map,Meta,global,none,no,1,-,docs;structure,"The companion's section map - how the design reads, the resolved questions, then new suits and pips, types, stamps, skills by class, leaders, towns, events, secrets, the retention argument and the build order.",design,"Section headings and table headers, kept so the file's shape is legible without opening it.",recs:21;recs:43;recs:91;recs:93;recs:95;recs:97;recs:98;recs:110;recs:112;recs:114;recs:116;recs:117;recs:128;recs:130;recs:132;recs:134;recs:135;recs:144;recs:146;recs:148;recs:150,carried
Class table headers,Meta,global,none,no,1,-,docs;structure,"Each skill class gets its own table - Producer, Magician, Clown, Acrobat, Animal Trainer, Escape Artist, Fortune Teller, Special Effects and Concessions - with rarity, effect, source and why it is fun.",design,The nine class tables' headings and column rows. The class list itself is the taxonomy the catalog's groups column uses.,recs:152;recs:154;recs:155;recs:162;recs:164;recs:165;recs:171;recs:173;recs:174;recs:180;recs:182;recs:183;recs:189;recs:191;recs:192;recs:198;recs:200;recs:201;recs:207;recs:209;recs:210,carried
Roster table headers,Meta,global,none,no,1,-,docs;structure,"The leader roster, the towns and hazards table, the events table and the secrets list each carry their own heading and column row.",design,Structural lines from the second half of the companion.,recs:215;recs:217;recs:218;recs:223;recs:225;recs:226;recs:231;recs:233;recs:235;recs:236;recs:238;recs:239;recs:252;recs:254;recs:256;recs:257;recs:259;recs:260;recs:285;recs:287;recs:289;recs:290;recs:300;recs:302;recs:304;recs:305;recs:320;recs:352,carried
The compendium is a quarry,Meta,global,none,no,1,-,docs;research,"A worldwide reference file of circus, magic, sideshow, fairground, street performance, gambling and card culture, each entry mapped to the kind of effect it could become. Nothing in it is committed design.",design,"Its hook vocabulary matches the game's systems, which is what makes it minable rather than merely interesting.",refs:1-19,carried
Learned Pigs and Fireflies,Meta,global,none,no,1,-,reference;research,"Ricky Jay's compendium of history's strangest performers, named as the spiritual ancestor of the whole reference file.",design,"If one reference sends you further, let it be that one.",refs:21-25,carried
Beni Hasan jugglers,Skill,grid-local,line,no,1,Common,prop;suit,"The oldest depiction of juggling, from an Egyptian tomb around 1994 BCE - the origin card for the Balls suit.",on_score,The suit already ships; this is its provenance.,refs:27-33,carried
Dedi,Skill,grid-local,cell,no,1,Rare,creation;destruction,"The magician of the Westcar Papyrus, who reattached severed heads - a card that restores a destroyed card to the board intact.",on_trigger,Restoration is rarer than destruction and should stay that way.,refs:34,carried
Acetabularii,Skill,grid-local,x,no,1,Common,movement;secret,Rome's cups-and-balls performers - shuffle the positions of face-down cards.,on_trigger,The oldest continuously performed trick on Earth.,refs:35,carried
Bull-leaping,Skill,grid-local,x,no,1,Rare,movement;gamble,Minoan acrobats vaulting a charging bull - move over a hazard card and score for surviving it.,on_trigger,"Around 1500 BCE, and the earliest recorded danger act.",refs:36,carried
Circus Maximus,Blind,global,none,no,1,-,blind;naming,A chariot-racing arena for a quarter of a million spectators - the name the whole genre borrowed.,on_game_start,The fame-goal ceiling as a boss town.,refs:37,carried
Venationes,Blind,grid-local,grid,no,1,-,blind;hazard,Staged beast hunts and flooded arenas - a level whose board is prefilled with hazard cards.,on_game_start,"Roman state games, which is where spectacle-as-politics starts.",refs:38,carried
Bread and Circuses,Event,global,none,no,1,-,event;economy,"Give a free show to keep the town content - no fame, but the next node's prices drop.",map,"Juvenal's sneer, four words that still describe the business.",refs:39,carried
Hippodrome Factions,Blind,grid-local,x,no,1,-,blind;formation,"Blues and Greens - two factions in the crowd, each demanding a different half of the board score.",on_score,Chariot fandoms so powerful they became political parties and started a riot that burned the city.,refs:40,carried
Funambulus,Skill,grid-local,x,no,1,Uncommon,movement;naming,"The Latin for rope-walker, still the technical term - the wire-crossing card's proper name.",on_trigger,Petauristarii were the acrobats; funambulus the rope-walker.,refs:41,carried
Baixi,Meta,global,none,no,1,-,theme;research,"The Hundred Entertainments of Han China around 200 BCE - the umbrella spectacle of acrobatics, pole climbing and illusion.",design,"The oldest evidence that variety, not a single act, is the format.",refs:42,carried
Sword Swallowing origin,Skill,grid-local,h,yes,1,Rare,h;destruction,"Ascetic demonstrations of bodily control from India, by tradition around 2000 BCE - swallow the card above you.",on_trigger,The provenance for the Sword Swallower card.,refs:43,carried
Jongleurs,Skill,grid-local,line,no,1,Common,class;combo,Itinerant do-everything performers - a card that counts as three different classes at once but scores less in each.,on_score,"The medieval generalist, and the argument that variety predates specialisation.",refs:45-49,carried
The Fool's License,Skill,grid-local,grid,no,1,Rare,rule;class,"The one performer permitted to mock the king - while in play, one restriction from the blind is ignored.",on_game_start,"Truth wrapped in folly, and the cleanest counterplay card in the file.",refs:50,carried
The Marotte,Stamp,grid-local,cell,no,1,Uncommon,stamp;copy,The jester's sceptre topped with a miniature of his own head - this card carries a miniature copy of its own skill that triggers separately.,on_trigger,A stamp that duplicates rather than modifies.,refs:51,carried
Lord of Misrule,Blind,global,none,no,1,-,blind;rule,"Sanctioned role reversal - for one show, commons score as legendaries and legendaries as commons.",on_game_start,"The Feast of Fools, where a peasant was crowned and hierarchy inverted for a day.",refs:52,carried
Charivari,FX,grid-local,x,no,1,-,vfx;flow,"The clowns' opening tumbling rush, from the mock-parade of pot-banging - the show's opening animation across the board.",on_game_start,The word survived from folk ritual into circus vocabulary intact.,refs:53,carried
Commedia stock characters,Meta,grid-local,cell,no,1,-,class;research,"Arlecchino, Colombina, Pantalone and the rest - touring troupes of masked stock characters, the direct ancestor of clown archetypes.",design,A whole cast whose relationships are already written.,refs:54,carried
Mr Punch,Skill,grid-local,x,no,1,Rare,class;destruction,"The hook-nosed Neapolitan puppet who became England's Punch - destroys an adjacent card and scores, every time, without consequence.",on_trigger,That is the way to do it. A card that gets away with it is genuinely funny.,refs:55,carried
Till Eulenspiegel,Skill,grid-local,cell,no,1,Rare,rule;joke,The prankster who takes every instruction maliciously literally - this card fulfils the letter of a blind's objective in the least useful way and still scores.,on_score,"A card built on rules-lawyering, which the rule deck makes possible.",refs:56,carried
Pageant Wagons,Meta,global,none,no,1,-,map;structure,Bible plays staged on wagons rolling street to street - a mobile stage that carries its board between nodes.,map,"The tour structure, five centuries early.",refs:57,carried
Bartholomew Fair,Map,global,none,no,1,-,map;node,"Seven centuries of England's wildest fair - rope-dancers, monsters, puppets and every attraction at once.",map,The template for a city node containing several attractions.,refs:58,carried
Mountebanks,Skill,global,deck,no,1,Common,economy;consumable,Renaissance stage-medicine sellers - cue to sell a card whose effect is not what was advertised.,on_trigger,"The ancestors of the medicine show, and of the Potion Seller card.",refs:59,carried
Skomorokhi,Blind,global,deck,no,1,-,blind;restriction,"Russian minstrel-clowns with bears and gusli, banned and persecuted by church and tsar - a town where one class is outlawed outright.",on_game_start,The ban-workaround family's oldest entry.,refs:60,carried
Jacob Hall,Meta,global,none,no,1,-,naming;research,"The celebrity rope-dancer of Restoration London, name-dropped by Pepys - an early famous body.",design,Naming source for a wire card.,refs:61,carried
The Conjurer,Skill,grid-local,x,no,1,Rare,secret;economy,Bosch's painting of a cups-and-balls show where an accomplice picks the absorbed spectator's pocket - this card steals while an adjacent card holds attention.,on_score,A two-card combo painted in 1502.,refs:62,carried
The Discoverie of Witchcraft,Skill,grid-local,grid,no,1,Rare,info;secret,Reginald Scot exposed conjuring methods in 1584 to save accused witches from execution - reveal every hidden card on the board.,on_trigger,Exposure as mercy. Better history than any invented flavour.,refs:63,carried
Golden-age additions,Meta,global,none,no,1,-,docs;research,"Astley, Barnum, Bailey, Grimaldi, Leitzel, Kelly, Jacobs, the Wallendas and Oakley are placed in the recommendations; this section adds what those missed.",design,The two files divide the golden age between them deliberately.,refs:65-71,carried
John Bill Ricketts,Event,global,deck,no,1,-,event;narrative,"The first American circus, 1793 - George Washington attended and sold him a horse.",map,An event where a famous patron gifts you a card.,refs:72,carried
The Courier of St Petersburg,Skill,grid-local,x,no,2+,Epic,movement;formation,"Ducrow's signature act, standing astride multiple horses at once - this card occupies two adjacent cells and scores in both lines.",on_score,"A card that straddles two columns, which is a genuinely new geometry.",refs:73,carried
Pablo Fanque,Leader,global,none,no,1,Legendary,leader;naming,"The first Black British circus proprietor, whose 1843 poster the Beatles lifted verbatim for Mr Kite.",on_game_start,A leader whose poster is his signature - the billing itself is the effect.,refs:74,carried
Lord George Sanger,Skill,global,none,no,1,Uncommon,economy;joke,The showman who awarded himself a peerage in answer to Buffalo Bill's Honourable - this card promotes itself a rarity tier and charges accordingly.,shop,Self-conferred status as a mechanic.,refs:75,carried
Carl Hagenbeck,Leader,grid-local,cell,no,1,Legendary,leader;class,"Revolutionised animal acts with reward-based gentling instead of fear, and invented the cageless enclosure - a leader whose Animal cards never need a trainer adjacent.",on_game_start,"The humane alternative, and historically the more successful one.",refs:76,carried
Jenny Lind hype,Rule,global,none,no,1,-,economy;gamble,Barnum pre-sold a singer America had never heard into a national mania - declare a card as the headline before the show and it scores double if it scores at all.,on_game_start,"Advance hype as a wager, which is The Booking pointed at a card.",refs:77,carried
Tom Thumb's Wedding,Event,global,deck,no,1,-,event;narrative,The media event of 1863 - even Lincoln sent word.,map,"A wedding event pairing two cards permanently, so they always draw together.",refs:78,carried
Bailey's Electric Light,Rule,global,none,no,1,-,flow;theme,Bailey lit the circus with electricity before most towns had it - the show arrived carrying its own daylight.,map,"The night-show rule, sourced.",refs:79,carried
The Seven-Person Pyramid,Skill,grid-local,h,yes,1,Legendary,formation;h,"The Wallendas' seven-person pyramid, and its 1962 collapse - a stack of seven that scores enormously and falls entirely if any card is removed.",on_score,"The most famous formation in circus history, with its failure mode included.",refs:80,carried
Con Colleano,Skill,grid-local,x,no,1,Epic,movement;gamble,"The Wizard of the Wire, first to land a feet-to-feet forward somersault on the tightwire.",on_trigger,The forward somersault card's historical anchor.,refs:81,carried
Bird Millman,Skill,grid-local,x,no,1,Rare,class;movement,The Ziegfeld-era wire dancer - a Dancer-class card that moves along a row while scoring formations.,on_trigger,Naming source for the wire-dancer card.,refs:82,carried
Gargantua,Skill,grid-local,cell,no,1,Epic,class;secret,"Ringling's acid-scarred gorilla, whose forced grin was billed as ferocity - a card whose printed threat is entirely marketing and whose real effect is gentle.",on_score,Marketing genius and animal cruelty in the same act. Handle the framing carefully.,refs:83,carried
Chang and Eng Bunker,Skill,grid-local,x,no,1,Rare,formation;economy,"The original conjoined twins, who toured on their own terms and became successful businessmen - two cards that must be placed adjacent and score as one.",on_score,"They controlled their own billing, which is the part worth telling.",refs:84,carried
Anna Swan and Martin Bates,Skill,grid-local,h,yes,1,Rare,formation;h,The giantess and the giant who married - two cards that score for their combined height in a stack.,on_score,Nearly fifteen feet together.,refs:85,carried
Johnny Eck,Skill,grid-local,h,yes,1,Rare,h;movement,"The Amazing Half-Boy - performer, artist and illusion-builder with his twin. A card that occupies only the upper half of a cell, leaving room beneath.",on_can_place_stack,Half a cell is a new placement geometry.,refs:86,carried
Prince Randian,Skill,grid-local,cell,no,1,Rare,charges;class,"The Human Torso, who rolled and lit cigarettes with his lips across forty-five years - a card that produces a token every refill using nothing.",on_refill,The Human Cigarette Factory's real name.,refs:87,carried
Violet and Daisy Hilton,Skill,grid-local,x,no,1,Rare,combo;formation,Conjoined-twin vaudeville stars with saxophone and jazz - this card doubles an adjacent card's trigger when both score together.,on_score,Twin harmony as a mechanic.,refs:88,carried
Annie Jones,Event,global,none,no,1,-,event;meta,"Barnum's bearded lady, who led the performers' campaign to abolish the word freak.",map,"An event where the troupe renames itself, changing a class name for the rest of the run.",refs:89,carried
Betty Broadbent,Stamp,grid-local,cell,no,1,Rare,stamp;collection,The tattooed lady - five hundred and sixty-five tattoos across forty years. The Illustrated card holds several stamps at once.,on_score,"The multi-stamp card, with a real body behind it.",refs:90,carried
The Living Skeleton and the Fat Lady,Skill,grid-local,x,no,1,Uncommon,formation;rank,"Battersby and Perkins, the sideshow's beloved odd couple - two cards whose ranks average when they are adjacent.",on_score,Averaging is a verb nothing else in the game has.,refs:91,carried
Zip the Pinhead,Skill,grid-local,cell,no,1,Legendary,secret;persistence,Sixty years performing a mystery Barnum never explained - a card whose effect is never written on it and never told.,on_score,The purest secret card the game could print.,refs:92,carried
One of Us,Event,global,deck,no,1,-,event;narrative,The initiation chant from the 1932 film - the troupe accepts an outsider.,map,An event where a card gains a class it did not have.,refs:93,carried
The Talker and the Bally,Meta,global,none,no,1,-,naming;research,The talker - never barker - worked the bally platform outside; the blow-off was the extra-charge finale inside.,design,Precise vocabulary for the shop and the pack-opening screens.,refs:94,carried
Ten-in-One,Map,global,none,no,1,-,map;node,"Ten acts under one tent, a single-attraction show, or a continuous grind show - the three sideshow formats.",map,Three node shapes with historical names already attached.,refs:95,carried
The Durov Dynasty,Leader,grid-local,cell,no,1,Legendary,leader;class,Animal-trainer clowns famed for kindness-based training and political satire.,on_game_start,"A leader who is both Clown and Animal Trainer, which no other card is.",refs:97-101,carried
Moscow State Circus,Meta,global,none,no,1,-,meta;research,The USSR industrialised circus with state academies and guaranteed employment - the opposite of the touring gamble.,design,A meta-progression model where training replaces buying.,refs:102,carried
Oleg Popov,Skill,grid-local,grid,no,1,Rare,class;buff,"The Sunshine Clown, gentle and wordless, beloved across the Cold War divide - a card that removes one negative status from every card in its grid.",on_refill,"Kindness as a mechanic, which the game has too little of.",refs:103,carried
Yuri Nikulin,Leader,grid-local,cell,no,1,Legendary,leader;class,The clown so beloved he became a film star and ran the Moscow circus.,on_game_start,A Clown leader whose signature is fame rather than mischief.,refs:104,carried
Karandash,Skill,grid-local,x,no,1,Rare,class;creation,"The Pencil, the USSR's defining clown, with his dog Klyaksa - the Inkblot. A card that draws a permanent mark on a cell.",on_trigger,A clown who leaves marks on the board is a good fit for the cell-modifier family.,refs:105,carried
Bear Cycling,FX,grid-local,x,no,1,-,vfx;class,The iconic and now ethically fraught Soviet image of bears on bicycles.,design,"Visual reference only, with the ethical note kept attached.",refs:106,carried
Dzhigitovka,Skill,grid-local,x,no,1,Epic,movement;class,Cossack trick riding - hanging off the saddle at full gallop to pick objects off the ground. This card collects a card from a cell it passes without stopping.,on_trigger,Movement plus collection in one verb.,refs:107,carried
Wuqiao County,Meta,global,deck,no,1,-,deck;research,"The hometown of acrobatics, where the trade has been every family's for centuries.",design,"A starting deck whose cards all share one class, sourced to a real place.",refs:109-113,carried
Plate Spinning,Rule,grid-local,cell,no,1,-,resource;flow,Dozens of plates kept alive by returning to each in turn - a mechanic where cards decay unless revisited.,on_refill,"Attention as a resource, which the patience system also reaches for.",refs:114,carried
Hoop Diving and Chair Stacking,Skill,grid-local,h,yes,1,Rare,h;formation,"Precision diving through towers of hoops, and chairs balanced to the ceiling - a card that scores for the height of the stack it dives through.",on_score,The Chinese source for both the hoop suit and the height coordinate.,refs:115,carried
Diabolo,Skill,grid-local,x,no,1,Uncommon,movement;combo,"The Chinese yo-yo - a card juggled between two columns, scoring in both while it travels.",on_trigger,Centuries old and now global.,refs:116,carried
Lion Dance,Skill,grid-local,x,no,1,Rare,formation;class,"Two performers inside one lion, pole-jumping in the southern style - two cards that move as one unit.",on_trigger,"Paired movement, which is distinct from paired scoring.",refs:117,carried
The Dragon Meld,Meld,grid-local,x,no,2+,Epic,meld;formation,"A whole team animating one long dragon - a run that, once assembled, moves along the board as a single body.",on_score,"The longest meld in the game, and the only one that then moves.",refs:118,carried
Bian Lian,Skill,grid-local,cell,no,1,Legendary,pip;secret,"Sichuan face-changing - masks swapped in an instant, the technique so guarded it is passed only within families. A card that changes its suit and rank between one glance and the next.",on_board_mutated,"The secrecy is part of the act, so the card should never explain how.",refs:119,carried
Sun Wukong,Skill,grid-local,cell,no,1,Legendary,copy;class,"The Monkey King's seventy-two transformations - a card that becomes any other card on the board, once per refill.",on_refill,"The acrobat role of Chinese opera, and the best copy card available.",refs:120,carried
You Meng,Skill,grid-local,cell,no,1,Rare,copy;narrative,"The jester of Chu, who impersonated a dead minister so movingly the king restored his family's fortune - a card that copies a card removed from play.",on_trigger,"Impersonation as advocacy, around 600 BCE.",refs:121,carried
Hard Qigong,Skill,grid-local,cell,no,1,Rare,protection;gamble,Iron-head and spear-against-throat demonstrations - a card that cannot be destroyed while it is spotlit.,on_spotlight,Conditioning as armour.,refs:122,carried
Piyingxi,FX,global,none,no,1,-,vfx;art,"Chinese leather shadow puppets against lamplit screens, a thousand years old.",design,A visual treatment for the card-art pop-up.,refs:123,carried
The Leaf Game,Meta,global,deck,no,1,-,secret;naming,"The Tang dynasty yezi ge, the earliest known playing cards, ninth century.",design,"The First Deck as a secret - the oldest card in the game, findable once.",refs:124,carried
Money-Suited Cards,Suit,global,deck,no,1,Rare,suit;economy,"Early Chinese decks used currency as suits - coins, strings of coins, myriads.",shop,"The historical precedent for the Gold suit, and the reason it works.",refs:125,carried
Misemono,Map,global,none,no,1,-,map;naming,"Edo spectacle booths of curiosities, crafts and feats - Japan's own sideshow culture.",map,A node name with its own aesthetic.,refs:127-131,carried
Daikagura,Skill,grid-local,line,no,1,Rare,suit;buff,Lion dance and juggling as a Shinto blessing - juggling as literal purification. This card clears every negative status from the line it scores in.,on_score,"Sacred juggling, which recasts the Balls suit entirely.",refs:132,carried
Kyokugoma,Skill,grid-local,cell,no,1,Uncommon,movement;prop,Edo virtuoso top-spinning; Matsui Gensui toured the West in the 1860s. A spinning card that keeps its effect alive for several refills.,on_refill,A timed effect with a visible spin-down.,refs:133,carried
The Butterfly Trick,Skill,grid-local,x,no,1,Rare,movement;prop,Japan's most famous classical conjuring piece - paper butterflies kept aloft by a fan. A prop that stays airborne over the board until it lands.,on_refill,Sustained rather than instantaneous props.,refs:134,carried
Shokyokusai Tenkatsu,Leader,global,deck,no,1,Legendary,leader;class,"The superstar female magician of Meiji and Taisho Japan, who ran her own troupe.",on_game_start,The Magician leader.,refs:135,carried
Karakuri Ningyo,Type,grid-local,x,no,1,Rare,type;movement,Edo clockwork automata - the tea-serving doll that trundles to a guest and waits. A card type that moves itself to a target and stops.,on_refill,"Self-moving cards with a destination, not a direction.",refs:136,carried
Bunraku,Skill,grid-local,x,no,1,Epic,formation;combo,"Three visible operators animating one puppet, with total audience buy-in - three cards that jointly control a fourth.",on_score,A four-card formation that nothing else in the game resembles.,refs:137,carried
Kuroko,Stamp,grid-local,h,yes,1,Rare,stamp;spotlight,The black-clad stagehands the audience agrees not to see - this card does not block the spotlight beneath it and cannot itself be targeted.,on_spotlight,Already sketched in the pre-grid curated file. The agreement not to see is the mechanic.,refs:138,carried
Hikinuki,Skill,grid-local,cell,no,1,Rare,pip;secret,Kabuki quick-change - a costume ripped away mid-dance to reveal a new character. This card changes into a different card when its line scores.,on_score,Transformation timed to the moment of maximum attention.,refs:139,carried
Mie,FX,grid-local,cell,no,1,-,vfx;juice,"The frozen cross-eyed climax pose, held while the audience shouts the actor's name.",on_trigger,"The pose a card should strike when its effect fires - the effect-art pop-up, given a form.",refs:140,carried
Chindon'ya,Skill,global,none,no,1,Uncommon,economy;map,Costumed street bands hired to advertise shops - cue to raise the next node's rewards.,map,"Walking hype, purchasable.",refs:141,carried
Hanafuda,Deck,global,deck,no,1,-,deck;secret,"Flower cards born from repeated gambling bans - each ban spawned a new disguised design, and Nintendo began by printing them.",on_game_start,"The ban-workaround family's best story, and a deck whose identity is evasion.",refs:142,carried
Ya-Ku-Za,Meta,global,none,no,1,-,secret;naming,"Eight-nine-three, the worst hand in oicho-kabu, and the source of the word yakuza.",design,A secret meld that pays for scoring the worst possible hand.,refs:143,carried
Competitive Karuta,Event,global,none,no,1,-,event;minigame,Lightning-reflex card snatching to recited poetry.,map,"A timed duel event, and the one minigame with a real-world rulebook.",refs:144,carried
Sarumawashi,Skill,grid-local,h,yes,1,Uncommon,movement;token,"Street monkey-trainer performances, a thousand years old - a token that climbs the stack and returns.",on_refill,A token with a route rather than a target.,refs:145,carried
Mallakhamb,Skill,grid-local,y,no,1,Rare,h;formation,"The wrestler's pole - gymnastics performed wrapped around a wooden pole, which makes the column itself the apparatus.",on_score,The clearest historical argument that a column is a piece of equipment.,refs:147-151,carried
The Great Indian Rope Trick,Skill,grid-local,h,yes,1,Legendary,secret;h,"The most famous trick that probably never existed, largely a newspaper invention of 1890 - a card whose effect is only described, never seen.",on_score,A legendary whose whole point is that nobody can prove it happened.,refs:152,carried
The Basket Trick,Skill,grid-local,cell,no,1,Rare,protection;movement,A performer vanishes into a basket run through with swords and reappears unharmed in the crowd - a card removed from play that returns to a different cell.,on_refill,"Removal and return, with the swords as the reason it reads as risk.",refs:153,carried
The Mango Seed,Skill,grid-local,h,yes,1,Rare,growth;h,A seed grows into a fruiting tree in minutes under a cloth - a rank-one card that grows while covered.,on_stack_cards,An anti-spotlight card that wants to be buried.,refs:154,carried
Jadoo-Wallahs,Meta,global,none,no,1,-,class;research,Hereditary street conjurers performing without stage or lighting.,design,Naming and art source for the Magician class's street tier.,refs:155,carried
P C Sorcar,Skill,grid-local,cell,no,1,Legendary,gamble;narrative,"India's great showman-magician, whose 1956 BBC sawing ran past the broadcast cutoff and left a nation believing it had watched a death.",on_trigger,"A card whose effect resolves one refill later than expected, on purpose.",refs:156,carried
Snake Charming,Skill,grid-local,y,no,1,Uncommon,movement;class,"The been and the swaying cobra, which responds to motion rather than to music - a card that pulls another along its column by moving.",on_board_mutated,"The correction is the good detail: it follows the instrument, not the tune.",refs:157,carried
Bahurupiya,Skill,grid-local,cell,no,1,Rare,copy;class,"Of many forms - quick-change impersonators who arrive each day as a different god, animal or official.",on_refill,A card that is a different class every refill.,refs:158,carried
Nat and Dombari,Meta,global,none,no,1,-,naming;research,Hereditary acrobat communities and village tightrope traditions.,design,Naming source for the Acrobat class.,refs:159,carried
Kathputli,FX,global,none,no,1,-,vfx;art,Rajasthani string-puppet storytelling.,design,An idle animation set - cards moving as though on strings.,refs:160,carried
Ganjifa,Deck,global,deck,no,1,-,deck;suit,Mughal-era hand-painted circular playing cards; the Dashavatara version has ten suits.,on_game_start,"A ten-suit deck makes flushes nearly impossible, which is a whole game of its own.",refs:161,carried
Vidushaka,Skill,grid-local,grid,no,1,Rare,rule;class,"The Sanskrit-drama jester and Kerala's temple jester-narrator, licensed to mock anyone present.",on_game_start,"Another entry in the fool's-licence family, from a different tradition.",refs:162,carried
Bed of Nails,Skill,grid-local,h,yes,1,Uncommon,protection;h,"Ascetic endurance turned spectacle - fire walking and beds of nails recur across Greece, Fiji and India.",on_stack_cards,"A card that takes weight without breaking, which the tall-stack family needs.",refs:163,carried
Uran Nugaralt,Skill,grid-local,cell,no,1,Epic,movement;formation,"Mongolian contortion, a national art with the world's most celebrated lineage - a card that fits into any cell shape a blind imposes.",on_can_place_stack,The India-Rubber Man's better-sourced sibling.,refs:165-169,carried
Naadam,Event,global,none,no,1,-,event;map,The three manly games and a standing-gallop riding culture - a festival node with several contests.,map,A multi-contest event node.,refs:170,carried
Sema,FX,grid-local,cell,no,1,-,vfx;movement,"Sufi spinning meditation, frequently borrowed with varying respect by spectacle.",design,"Visual reference, with the borrowing caveat attached.",refs:171,carried
Rifa'i Demonstrations,Skill,grid-local,cell,no,1,Rare,protection;gamble,Skewers and blades passed through flesh without visible harm - faith as proof.,on_trigger,A protection card whose flavour is conviction rather than equipment.,refs:172,carried
Moroccan Acrobats,Skill,grid-local,h,yes,1,Rare,formation;h,"The Tazeroualt tumbling brotherhood, whose human pyramids and banquine throws toured the world.",on_score,The pyramid formation with a specific lineage.,refs:173,carried
The Gali-Gali Men,Skill,grid-local,cell,no,1,Uncommon,creation;prop,Egyptian street cups-and-balls masters famed for producing live baby chicks - a card that creates a token wherever it moves.,on_trigger,Production rather than transformation.,refs:174,carried
Karagoz and Hacivat,Skill,grid-local,x,no,1,Uncommon,formation;combo,"The Turkish shadow-play duo - the earthy trickster and the pompous scholar, bickering for five centuries. Two cards that score more when adjacent and argue when apart.",on_score,A pair whose whole value is the pairing.,refs:175,carried
Zurkhaneh,Skill,grid-local,h,yes,1,Rare,h;protection,The House of Strength - ritual club-swinging and drumming in an ancient athletic brotherhood.,on_stack_cards,"The Strongman family, sourced to a living tradition.",refs:176,carried
Darvoz Rope-Walkers,Skill,grid-local,x,no,2+,Rare,movement;formation,Central Asian high-rope dynasties performing at festivals for centuries.,on_trigger,A wire card that crosses between grids rather than within one.,refs:177,carried
Griots,Skill,global,deck,no,1,Epic,info;persistence,West African hereditary praise-singers and living archives - a card that remembers everything the run has done and scores for it.,on_game_end,"Memory as a mechanic, and the only card that reads the whole run's history.",refs:179-183,carried
Gnawa,FX,global,none,no,1,-,vfx;audio,Moroccan trance-music brotherhoods whose ceremonies include acrobatic dance.,design,"Audio and visual reference, treated as sacred rather than as spectacle.",refs:184,carried
Egungun,Meta,global,none,no,1,-,theme;research,"Yoruba ancestor masquerades, often on stilts, embodying returned spirits - sacred, not spectacle.",design,Recorded with its caveat: this is not a performance to mine casually.,refs:185,carried
Moko Jumbies,Skill,grid-local,h,yes,1,Rare,h;protection,Carnival stilt-walking guardians who see over evil - a card that sees and protects the whole column beneath it.,on_spotlight,Guardianship with a height requirement.,refs:186,carried
Circus Ethiopia,Meta,global,none,no,1,-,meta;research,"Youth circus as social work, spreading from Addis Ababa from 1991 onward.",design,"The modern social-circus movement, and a different reason for a troupe to exist.",refs:187,carried
Danza de los Voladores,Skill,grid-local,h,yes,1,Epic,h;formation,"Four flyers descend a thirty-metre pole on ropes, circling thirteen times each - a card that descends its stack scoring once per level.",on_trigger,"Thirteen circles times four is the solar year, which is a meld waiting to be printed.",refs:189-193,carried
Aztec Antipodism,Skill,grid-local,h,yes,1,Rare,h;movement,"Foot-jugglers spinning logs, documented in 1528 and taken to the court of Charles V - a card that supports and spins the card above it.",on_stack_cards,The Risley act's older name and better provenance.,refs:194,carried
Escaramuza,Skill,grid-local,x,no,1,Rare,formation;movement,Mexican women's precision team riding - several cards that move together in a fixed pattern and score for holding it.,on_board_mutated,Formation as choreography rather than as a static shape.,refs:195,carried
Carpas,Deck,global,deck,no,1,-,deck;naming,"Mexican family tent-shows, where Cantinflas began - the small-tent starting deck.",on_game_start,A small deck with one grid and everything sharpened.,refs:196,carried
Circo Criollo,Deck,global,deck,no,1,-,deck;narrative,"Argentina's creole circus, mixing acrobatics with gaucho melodrama - circus as national theatre.",on_game_start,A deck whose cards tell one story as they score.,refs:197-232,carried
Rodeo Clown,Skill,grid-local,x,no,1,Rare,protection;class,The clown whose real job is drawing the bull away from fallen riders - this card redirects a hazard onto itself.,on_board_mutated,The protection family's clearest single card.,refs:198,carried
Congress of Rough Riders,Skill,grid-local,line,no,1,Epic,combo;class,"Buffalo Bill's touring mega-show mixed cowboys, Cossacks and cavalry from everywhere - a card that scores for the number of distinct classes on the whole board.",on_score,"The rainbow reward at board scale, and the historical original of the variety show.",refs:199,carried
Sitting Bull's Season,Event,global,deck,no,1,-,event;economy,"The Lakota leader toured one season, charging for autographs and giving much of it away.",map,An event where a card joins for one show only and sets its own price. Handle the framing with care.,refs:200,carried
The Rattlesnake King,Skill,global,deck,no,1,Uncommon,economy;secret,"Clark Stanley's snake oil, which contained no snake oil - a card sold at a shop whose printed effect is not its real one.",shop,"The medicine show, and the origin of a phrase.",refs:201,carried
Chautauqua,Map,global,none,no,1,-,map;node,"Improving tent circuits of lectures, music and uplift - a node that grants no fame but permanently improves a card.",map,Teddy Roosevelt called them the most American thing in America.,refs:202,carried
Playing the Palace,Map,global,none,no,1,-,map;structure,"The Keith-Albee and Orpheum circuits, with the Palace as the summit every act was climbing toward.",map,"The tour's final city, with a real name.",refs:203,carried
The Hook,Blind,global,none,no,1,-,blind;flow,Amateur nights yanked bad acts offstage with a shepherd's crook - score too little in a refill and a card is pulled from the board.,on_refill,"A gentler Gong, applied to cards rather than to the show.",refs:204,carried
Wing Walkers,Skill,grid-local,x,no,2+,Epic,movement;gamble,Barnstormers and wing-walkers of the 1920s - a card that transfers between grids while both are in motion.,on_trigger,"A mid-flight transfer, which is the most dangerous move in the file and should score like it.",refs:205,carried
Annie Edson Taylor,Skill,grid-local,cell,no,1,Rare,gamble;protection,"A sixty-three-year-old teacher, first over Niagara in a barrel, who saw almost no money from it.",on_trigger,A card that survives an enormous risk and is paid almost nothing - which is worth printing honestly.,refs:206,carried
The Great Farini,Leader,grid-local,x,no,1,Legendary,leader;creation,The Niagara rope-crosser who became an impresario and designed the human-cannonball apparatus.,on_game_start,A leader who builds the props other cards use.,refs:207,carried
Steve Brodie,Skill,grid-local,cell,no,1,Rare,secret;economy,"Claimed, probably falsely, to have jumped off the Brooklyn Bridge, and became famous anyway - a card that scores for a feat it never performs, unless it is inspected.",on_score,"Fame from an unverified claim, which is the Gaff family's purest case.",refs:208,carried
High-Diving Horses,Skill,grid-local,h,yes,1,Epic,h;class,"The Steel Pier act, whose rider Sonora Webster continued after being blinded.",on_trigger,An Animal card that dives the full height of its stack.,refs:209,carried
Evel Knievel,Rule,global,none,no,1,-,gamble;objective,"The declared-jump daredevil - announce the impossible, and the crash is part of the show.",on_game_start,"The Booking's American cousin: the announcement is the product, whether or not you land it.",refs:210,carried
Luna Park,Map,global,none,no,1,-,map;node,"Coney Island's electric dream-cities, of which Dreamland burned in 1911.",map,A city node that can be destroyed and rebuilt across a run.,refs:211,carried
The Incubator,Skill,grid-local,h,yes,1,Rare,h;growth,"Dr Couney ran premature-infant incubators as a Coney Island sideshow for decades, saving thousands - a card that grows while enclosed and pays out when released.",on_stack_cards,An anti-spotlight card whose history is genuinely extraordinary.,refs:212,carried
Capoeira,Skill,grid-local,x,no,1,Epic,movement;secret,"A martial art disguised as dance by enslaved Afro-Brazilians - the roda circle, the berimbau, and a fight the authorities could not see.",on_trigger,The ban-workaround family's founding card. Treat the history with weight.,refs:214-218,carried
Samba Schools,Meta,global,deck,no,1,-,meta;progression,Neighbourhood schools spend a whole year building one judged parade.,design,A meta-progression where the whole run prepares a single show.,refs:219,carried
Parintins,Blind,grid-local,grid,no,2+,-,blind;formation,"Two ox-troupes, red Garantido and blue Caprichoso, battle across nights in a stadium split between them.",on_game_start,A two-faction level where each grid answers to a different judge.,refs:220,carried
Bumba Meu Boi,Skill,grid-local,cell,no,1,Rare,creation;narrative,The folk pageant beneath Parintins - the prize ox is killed and resurrected amid celebration.,on_discard,"A card that must die to pay out, and comes back.",refs:221,carried
Cordel,View,global,none,no,1,-,ui;art,"Ballad-pamphlets hung on strings in north-eastern Brazilian markets, with cheap woodcut covers.",design,An art treatment and a shop layout in one - cards hung from a line.,refs:222,carried
Repentistas,Event,global,none,no,1,-,event;duel,Improvised verse duelists trading stanzas until one falters.,map,The duel system's South American skin.,refs:223,carried
Danza de las Tijeras,Event,grid-local,cell,no,1,-,event;duel,"Peru's scissors dance, where competing danzaq trade increasingly acrobatic and dangerous feats.",map,Escalating one-upmanship - the duel system with a rising stake.,refs:224,carried
La Diablada,Blind,grid-local,grid,no,1,-,blind;narrative,"Oruro's carnival devil-dance, where the archangel defeats the Seven Deadly Sins in fabulous masks.",on_game_start,"A boss with seven named sub-effects, one per sin.",refs:225,carried
Diablos Danzantes,Blind,grid-local,grid,no,1,-,blind;narrative,Venezuelan red-masked devils dance through the town and then kneel in submission.,on_game_end,"A hazard that ends by surrendering, which is a genuinely different arc.",refs:226,carried
Tango,Skill,grid-local,x,no,1,Rare,formation;movement,"Born in dockside courtyards and brothels, then conquered Paris - the embrace, the lead and the follow.",on_board_mutated,"Two cards that move as a pair, one leading and one following.",refs:227,carried
Frevo,Skill,grid-local,x,no,1,Uncommon,movement;prop,Carnival music so frenetic that dancers invented the passo - acrobatics steadied by a tiny umbrella.,on_trigger,A prop that permits a move otherwise illegal. The umbrella is the enabler.,refs:228,carried
Murga,Blind,global,none,no,1,-,blind;narrative,Whiteface carnival choirs satirising the year's news - the annual reckoning.,on_game_start,A level whose effects are drawn from what the run itself has done.,refs:229,carried
Fuerza Bruta,FX,global,none,no,1,-,vfx;juice,Post-theatre spectacle - performers sprinting on treadmills through walls of the set.,design,A reference for what maximum kinetic presentation looks like.,refs:230,carried
Inti Raymi,Event,global,none,no,1,-,event;map,"The restaged Inca Festival of the Sun, solstice pageantry at Sacsayhuaman.",map,A calendar event that only appears at a certain point in a run.,refs:231,carried
Ashton's Circus,Meta,global,none,no,1,-,meta;research,"Australia's founding circus, from 1847, and one of the oldest continuously running family shows anywhere.",design,Lineage as meta-progression - a troupe that persists between runs.,refs:234-238,carried
May Wirth,Skill,grid-local,x,no,1,Legendary,movement;class,"The Australian equestrienne called the greatest ever, and the only performer landing a backward-backward somersault between horses.",on_trigger,A movement card whose whole claim is that only one person ever did it.,refs:239,carried
Sharman's Boxing Tent,Event,global,deck,no,1,-,event;duel,Sixty years of the sideshow-alley cry - who will take a glove - with locals challenging the troupe.,map,"The duel system's Australian skin, and the only one where the challenger is a stranger.",refs:240,carried
Sideshow Alley,Map,global,none,no,1,-,map;node,"Australia's agricultural-show circuit of rides, showbags and dagwood dogs.",map,A node that sells bundles rather than single cards.,refs:241,carried
Circus Oz,Deck,global,deck,no,1,-,deck;variant,"Collectivist, political and defiantly star-free - everyone rigs, everyone clowns, nobody headlines.",on_game_start,"A deck with no leader card, where every card is equal and slightly better for it.",refs:242,carried
Gravity and Other Myths,Meta,global,none,no,1,-,art;direction,"The Australian contemporary-acro wave - no apparatus, no glitter, just bodies.",design,An art direction for a stripped-back card set.,refs:243,carried
The Flying Fruit Fly Circus,Meta,global,none,no,1,-,meta;progression,"Australia's national youth circus, where children train as full performers.",design,A progression where cards start weak and are trained rather than bought.,refs:244,carried
Songlines,Map,global,none,no,1,-,map;structure,"Routes across the continent encoded as song - navigation, law and story in one form.",map,"Recorded with care: this is sacred knowledge, not a map mechanic to lift.",refs:245,carried
Haka and Kapa Haka,Skill,grid-local,line,no,1,Rare,formation;class,"The challenge dance, performed at welcomes, funerals and tests, and the competitive group form.",on_score,A whole-line card performed in unison. Treat the reference respectfully.,refs:246,carried
Siva Afi,Skill,grid-local,x,no,1,Rare,suit;prop,The Samoan fire-knife dance - the ailao war dance armed with a machete wrapped in burning towels.,on_score,"Knives and Flames in one card, which is the dual-suit idea with a real source.",refs:247,carried
Naghol,Skill,grid-local,h,yes,1,Epic,h;gamble,"Pentecost Island land diving - men dive from thirty-metre towers with vines tied to their ankles, calculated to stop just short.",on_trigger,"The Vine stamp: survive a fall from any height, exactly once.",refs:248,carried
Sing-Sing,Event,global,none,no,1,-,event;class,"Hundreds of clans gather to share dance, music and bodypaint at once.",map,An event that grants one card of every class you do not yet own.,refs:249,carried
Hula and the Halau,Meta,global,deck,no,1,-,deck;narrative,"Story told through the body, taught in schools under a kumu who keeps the lineage of each dance.",design,A deck whose cards must be learned in order.,refs:250,carried
Tangata Manu,Event,global,none,no,1,-,event;objective,The Rapa Nui birdman race - swim to an islet and retrieve the season's first egg.,map,A race event where the first objective completed wins and the rest score nothing.,refs:251,carried
Namsadang,Deck,global,deck,no,1,-,deck;class,"Korean itinerant commoner troupes, social outcasts performing six arts at once.",on_game_start,A six-class deck where no class may be dropped.,refs:253-257,carried
Jultagi,Skill,grid-local,x,no,1,Rare,movement;class,Korean tightrope walking with stand-up comedy - the walker jokes mid-wire and works the crowd.,on_trigger,"An Acrobat card that is also a Clown card, and better for it.",refs:258,carried
Talchum,Skill,grid-local,grid,no,1,Rare,rule;class,"Korean masked satire mocking aristocrats and monks, with licence to insult the powerful.",on_game_start,"Another fool's-licence card, from a tradition where the licence was explicit.",refs:259,carried
Sangmo,Skill,grid-local,x,no,1,Uncommon,movement;prop,Pungmul drummers spinning long ribbons from swivel-hats while drumming and leaping.,on_trigger,A prop that traces a path over several cells while its card stays put.,refs:260,carried
The Dalang,Skill,grid-local,grid,no,1,Legendary,copy;class,"One person voices every character in an all-night shadow epic, and runs the orchestra too.",on_trigger,A card that operates every other card in its grid for one refill.,refs:261,carried
Reog Ponorogo,Skill,grid-local,h,yes,1,Epic,h;protection,A dancer carries a fifty-kilogram lion-peacock mask gripped in his teeth.,on_stack_cards,The Iron Jaw card with the heaviest documented load.,refs:262,carried
Kuda Lumping,Skill,grid-local,cell,no,1,Rare,status;gamble,"Javanese trance horse-dancers on woven bamboo horses, who in trance eat glass.",on_trigger,A status that grants immunity and costs control.,refs:263,carried
Barong and Rangda,Blind,grid-local,grid,no,1,-,blind;balance,"The eternal Balinese battle between protective lion-spirit and witch, in which neither ever wins.",on_score,The Balance boss - equalise the row and column terms instead of maximising either.,refs:264,carried
Kecak,Skill,grid-local,line,no,1,Epic,formation;combo,"The monkey chant - a hundred bare-chested men as a single interlocking voice-orchestra, devised in the 1930s.",on_score,A line where every card contributes one interlocking part and none scores alone.,refs:265,carried
Water Puppetry,Skill,grid-local,h,yes,1,Rare,h;spotlight,Vietnamese puppets dance on a pond while the puppeteers stand waist-deep behind a screen.,on_spotlight,Hidden but active - the anti-spotlight family with the prettiest staging.,refs:266,carried
Yoke The,Meta,global,none,no,1,-,naming;research,Burmese marionette theatre so prestigious that puppets outranked human actors.,design,A hierarchy where the token outranks the card that made it.,refs:267,carried
Likay,Skill,grid-local,cell,no,1,Uncommon,economy;juice,"Glitter-drenched improvised Thai folk theatre, where audiences pin money on performers mid-scene.",on_score,Tips arriving during the act rather than after it.,refs:268,carried
Khon,Meta,global,none,no,1,-,naming;class,"The masked dance-drama of the Ramakien, with codified roles - hero, demon, monkey.",design,Three named roles that map cleanly onto card archetypes.,refs:269,carried
Balagtasan,Event,global,none,no,1,-,event;duel,"Staged Filipino poetic debates, named for the poet Balagtas - verse duels as public entertainment.",map,The duel system's Philippine skin.,refs:270,carried
Perya and Higantes,Map,global,none,no,1,-,map;node,"Travelling fairs with colour-wheel games, and Angono's festival of giants.",map,"A node built around a wheel of fortune, and a parade of enormous cards.",refs:271,carried
Wau Bulan,Skill,grid-local,y,no,1,Uncommon,prop;movement,Malaysian giant moon-kites with hummers that sing in the wind.,on_score,A prop that stays aloft over a column and hums until it lands.,refs:272,carried
Sbek Thom,FX,global,none,no,1,-,vfx;art,Cambodian sacred shadow-panels - whole scenes carved from a single hide and danced before a fire.,design,"One image containing a whole scene, which is what the effect pop-up wants to be.",refs:273,carried
Phare Ponleu Selpak,Meta,global,none,no,1,-,meta;research,"The circus school born in a refugee-camp drawing class, now Battambang's company.",design,"Social circus as a run's framing, and the most hopeful entry in the file.",refs:274,carried
Canboulay,Blind,global,none,no,1,-,blind;restriction,"Trinidad's carnival was born from emancipation celebrations, and the 1881 riots followed attempts to suppress it.",on_game_start,A ban level that the player breaks rather than endures.,refs:276-280,carried
Extempo,Event,global,none,no,1,-,event;duel,"Calypso's crowned annual champion, and improvised lyrical duels on stage.",map,The duel system's Trinidadian skin.,refs:281,carried
Steelpan,Skill,global,deck,no,1,Epic,creation;secret,"When drums were banned, Trinidadians hammered melody out of oil barrels and invented an instrument.",on_game_start,The ban-workaround family's best outcome - a restriction that produces something new.,refs:282,carried
Moko Jumbies cross-reference,Meta,global,none,no,1,-,docs;structure,The stilt guardians are catalogued under Africa and cross-referenced here.,design,"A pointer row, kept so the cross-reference resolves.",refs:283,carried
J'ouvert,Event,global,none,no,1,-,event;narrative,"The pre-dawn opening of carnival - mud, oil and paint. Get dirty before you get glorious.",map,An event that debuffs every card and pays for it later.,refs:284,carried
Dubplate,Skill,global,deck,no,1,Rare,economy;secret,"Jamaican sound systems battle for crowds, and the ammunition is the dubplate - an exclusive cut nobody else has.",shop,"A card that exists in one copy in one run, and is worth more for it.",refs:285,carried
Rara,Skill,grid-local,x,no,1,Uncommon,movement;combo,Haitian Lenten street processions with bamboo vaksin trumpets - bands walk for miles gathering crowds.,on_board_mutated,A card that collects other cards as it travels a row.,refs:286,carried
The Tropicana,Map,global,none,no,1,-,map;node,"Havana's open-air cabaret, paradise under the stars, from 1939.",map,The cabaret city - a node where presentation scores more than power.,refs:287,carried
Dia de los Muertos,Event,global,deck,no,1,-,event;persistence,"The dead honoured with ofrendas, marigolds and calaveras - festive remembrance rather than mourning.",map,An event that brings back a card removed earlier in the run.,refs:288,carried
Guelaguetza,Event,global,deck,no,1,-,event;economy,"The Oaxacan festival of reciprocal gift-giving, where regions exchange dances and goods.",map,An event where giving a card away returns a better one.,refs:289,carried
Castells,Skill,grid-local,h,yes,1,Legendary,h;formation,"Catalan human towers up to ten levels, crowned by the enxaneta - a small child who climbs to the very top and raises a hand.",on_score,The crown rule is the mechanic: the smallest card must top the tower for it to count.,refs:291-295,carried
Las Fallas,Skill,grid-local,grid,no,1,Epic,destruction;growth,"Valencian neighbourhoods spend a year building enormous satirical sculptures and then burn every one, except a single pardoned ninot.",on_game_end,"Build-to-burn, with one survivor chosen by vote. Investment that pays out on destruction.",refs:296,carried
Recortadores,Skill,grid-local,x,no,1,Rare,movement;gamble,Spanish bull-leaping - dodging and vaulting the bull with no harm done to it.,on_trigger,"The Minoan act, still performed, and the humane version of the Bullfight card.",refs:297,carried
Duende,Skill,grid-local,line,no,1,Legendary,scoring;combo,The untranslatable state when a performance stops being technique and becomes possession.,on_score,"A card that scores enormously but only once per run, when the conditions happen to align.",refs:298,carried
The Costaleros,Skill,grid-local,h,yes,1,Rare,h;formation,Monumental Holy Week floats carried through cities by hidden bearers sweating underneath.,on_stack_cards,Covered cards add their rank to the card they carry - the anti-spotlight family's best mechanic.,refs:299,carried
Fado,Skill,global,deck,no,1,Rare,persistence;narrative,"Portuguese song as performed longing - mourning what is gone, as public art.",on_game_end,A card that scores for what the run has lost rather than for what it holds.,refs:300,carried
Flyting,Event,global,none,no,1,-,event;duel,"Norse skalds whose praise made reputations, and the formal exchange of insults that could unmake them.",map,"The duel system's Norse skin, and the oldest documented one.",refs:301,carried
Glima,Event,global,none,no,1,-,event;duel,"Icelandic belt-wrestling, still practised - codified, courteous and ancient.",map,A friendly duel that costs nothing to lose.,refs:302,carried
Czech Marionettes,Skill,global,deck,no,1,Rare,secret;rule,"Under occupation, puppets kept the Czech language and its satire alive when people could not speak.",on_game_start,"The ban-workaround family, again, and its most literal case.",refs:303,carried
Vertep,Rule,grid-local,grid,no,1,-,layout;variant,Portable nativity puppet-theatres - a whole stage carried in a box.,on_game_start,A grid that folds up and travels with you between shows.,refs:304,carried
The Puszta Five,Skill,grid-local,x,no,1,Legendary,formation;movement,Hungarian csikos standing astride five galloping horses at once.,on_score,"One card belonging to all five columns simultaneously, which is the boldest geometry in the file.",refs:305,carried
Hopak,Skill,grid-local,h,yes,1,Uncommon,movement;h,"The Ukrainian squat-kick acrobatic dance - explosive, competitive and showy.",on_trigger,A burst move that launches a card upward one level.,refs:306,carried
Fasnacht,Event,global,none,no,1,-,event;narrative,"Basel's masked pre-dawn carnival - piccolos, drums and lantern floats satirising the year.",map,"Another annual-reckoning event, drawing on the run's own history.",refs:307,carried
The Bauta,Stamp,grid-local,cell,no,1,Rare,stamp;secret,The Venetian mask that let all classes mingle anonymously - nobles gambled beside servants.,on_score,"A stamp that hides a card's rarity, which several blinds care about.",refs:308,carried
Romani Performers,Meta,global,none,no,1,-,theme;research,"Centuries of virtuoso musicianship, horse expertise and fairground craft, carried across a Europe that persecuted them.",design,"Recorded with its caveat: credit the craft, never the caricature.",refs:309,carried
Gumboot Dance,Skill,grid-local,line,no,1,Rare,secret;combo,South African miners forbidden to speak invented a slap-and-stamp boot code.,on_score,A card that communicates with others in its line while an effect silences them.,refs:311-315,carried
Azmari,Skill,grid-local,cell,no,1,Rare,secret;info,Ethiopian wandering minstrels famed for wax and gold - lyrics with a surface meaning and a hidden one.,on_score,A card whose printed text says one thing and whose real effect is the other.,refs:316,carried
Sogo Bo,Skill,grid-local,x,no,1,Rare,creation;class,Malian puppet-masquerade festivals of animal spirits on the Niger - whole ecosystems danced.,on_trigger,A card that spawns a set of Animal tokens that interact with each other.,refs:317,carried
Tahtib,Event,global,none,no,1,-,event;duel,"Egyptian stick-fighting as game-dance, millennia old and shown on pharaonic reliefs.",map,The duel system's oldest documented skin.,refs:318,carried
Tanoura,FX,grid-local,cell,no,1,-,vfx;movement,"The secular Egyptian spinning dance, rainbow skirts blooming into discs of colour.",design,A spin animation that reads as a bloom rather than as a rotation.,refs:319,carried
Katajjaq,Event,global,none,no,1,-,event;duel,Inuit throat-singing games - two women face to face trading rhythmic patterns until one laughs.,map,"The duel system where losing means laughing, which is the friendliest version of it.",refs:320,carried
Ajaraaq,Skill,grid-local,x,no,1,Uncommon,formation;narrative,Inuit string figures - story-patterns woven between the hands.,on_score,A card that scores for the shape the board makes rather than for its values.,refs:321,carried
Greenlandic Drum Duels,Event,global,none,no,1,-,event;duel,"Disputes settled by song duel, with the community laughing the loser into submission.",map,"The duel system as a justice mechanism, which is a genuinely different framing.",refs:322,carried
Disciplines index,Meta,global,none,no,1,-,docs;structure,"Part B sorts the same material by discipline rather than by region - aerial and wire, juggling, strength, danger acts and clowning.",design,The second index into the same quarry.,refs:324-331,carried
Flyer and Catcher,Skill,grid-local,x,no,1,Epic,formation;combo,"The trapeze duet - one throws, one catches, and trust is the art form.",on_score,Two cards where one launches and the other must be in position to receive.,refs:332,carried
Iron Jaw and Hair Hang,Skill,grid-local,h,yes,1,Rare,h;protection,"Aerialists suspended by their teeth, or by braided hair in the Chinese tradition.",on_stack_cards,"Two support cards from one act, differing in what they can carry.",refs:333,carried
The Aerial Family,Skill,grid-local,y,no,1,Uncommon,movement;prop,"Cloud swing, corde lisse, Spanish web and silks - the rope-and-fabric family.",on_trigger,Four movement cards distinguished by how far and how controllably they descend.,refs:334,carried
Philippe Petit,Skill,grid-local,x,no,2+,Legendary,movement;secret,"The illegal 1974 wire-walk between the Twin Towers, prepared in secret for years.",on_trigger,A cross-grid walk that must be set up over several refills before it can be taken.,refs:335,carried
Karl Wallenda,Leader,grid-local,x,no,1,Legendary,leader;gamble,"The patriarch who walked until seventy-three and died on the wire - being on the wire is life, the rest is waiting.",on_game_start,"A leader who cannot stop performing, and is penalised for a refill spent idle.",refs:336,carried
Maria Spelterini,Skill,grid-local,x,no,1,Epic,movement;gamble,Crossed Niagara on a wire in 1876 with peach baskets strapped to her feet.,on_trigger,A movement card with a self-imposed handicap that multiplies the payout.,refs:337,carried
Enrico Rastelli,Leader,grid-local,line,no,1,Legendary,leader;suit,"The god of jugglers, who trained obsessively and died at thirty-four, and whose records are still argued about.",on_game_start,"The Balls-suit leader, whose signature is sheer count.",refs:339-343,carried
Paul Cinquevalli,Skill,grid-local,cell,no,1,Rare,suit;prop,The Victorian greatest juggler - billiard balls and everyday objects handled with elegance.,on_score,A card that treats any adjacent card as a prop it can juggle.,refs:344,carried
Gentleman Jugglers,Skill,grid-local,x,no,1,Uncommon,suit;prop,"Kara and the immaculate evening-dress school - hats, canes and cigars, the everyday made impossible.",on_score,Props drawn from ordinary cards rather than from the suit.,refs:345,carried
W C Fields,Skill,grid-local,cell,no,1,Rare,gamble;joke,The vaudeville tramp juggler whose fake mistakes got bigger laughs than his tricks.,on_trigger,The Deliberate Wobble card's American source.,refs:346,carried
Kris Kremo,Skill,grid-local,h,yes,1,Rare,h;movement,Cigar-box virtuosity - three boxes and decades of variations.,on_trigger,Rearrange three cards in a stack in a single action.,refs:347,carried
Michael Moschen,FX,grid-local,cell,no,1,-,vfx;prop,Contact juggling and crystal balls - his hands played Bowie's in Labyrinth.,design,The visual reference for a prop that never leaves the performer's hands.,refs:348,carried
Club Passing,Rule,grid-local,x,no,2+,-,combo;prop,Jugglers exchanging clubs in a shared pattern - two Juggler cards in different grids trading props between them.,on_score,"The cross-grid prop exchange, and a strong argument for playing several grids at once.",refs:349,carried
The Manipulation Family,Skill,grid-local,cell,no,1,Common,prop;suit,"Devil sticks, poi and staff - the object-manipulation family across cultures, poi from Maori tradition.",on_score,"Three common prop cards, with the poi entry carrying its provenance.",refs:350,carried
Thomas Topham,Meta,global,none,no,1,-,naming;research,"London's first celebrity strongman, who lifted three hogsheads of water.",design,A naming source for the Strongman tier.,refs:352-356,carried
Louis Cyr's Backlift,Skill,grid-local,h,yes,1,Epic,h;formation,The Canadian who back-lifted a platform of eighteen men - this card scores for every card resting above it.,on_score,The purest anti-spotlight card: it wants to be buried under as much as possible.,refs:357,carried
Eugen Sandow,Meta,global,none,no,1,-,design;theme,"The father of bodybuilding, and Ziegfeld's realisation that crowds paid to look rather than to see lifting.",design,"The presentation-over-substance insight, from the man it made famous.",refs:358,carried
Katie Sandwina,Skill,grid-local,h,yes,1,Rare,h;protection,Bent iron bars and lifted her husband overhead nightly for decades - carries one card without it counting as covering.,on_stack_cards,Support that does not block the spotlight.,refs:359,carried
The Mighty Atom,Skill,grid-local,cell,no,1,Rare,rank;protection,"A five-foot-four strongman who bit through nails, restrained aircraft and broke chains with his chest.",on_score,A low-rank card that behaves as a high one for every strength check.,refs:360,carried
Zishe Breitbart,Meta,global,none,no,1,-,naming;research,"The Jewish strongman folk hero of the 1920s, billed as the modern Samson.",design,A folk-hero naming source.,refs:361,carried
The Hunger Artist,Skill,global,deck,no,1,Rare,deck-manip;gamble,"Professional public fasters in barred cages, and Kafka's story about the last of them - a card that grows stronger the longer it stays undrawn.",on_refill,The deck-position family's most literary entry.,refs:362,carried
Flagpole Sitter,Skill,grid-local,h,yes,1,Rare,h;persistence,Weeks-long endurance perching above city crowds - a card that scores for every refill it remains the top of its stack.,on_refill,"Payment for doing nothing, provided nobody displaces you.",refs:363,carried
Dance Marathons,Blind,global,none,no,1,-,blind;flow,Depression-era endurance contests where couples shuffled for weeks for prize money.,on_refill,"The Marathon blind's source, including the grimness.",refs:364,carried
Pedestrianism,Event,global,none,no,1,-,event;objective,"Competitive long-distance walking, the biggest spectator sport of the 1870s.",map,A multi-node objective completed across several shows.,refs:365,carried
Hadji Ali,Skill,grid-local,y,no,1,Epic,suit;prop,"The regurgitation act - swallowed water and kerosene and fountained them separately, extinguishing and reigniting a fire.",on_trigger,A card that stores two effects and releases them in either order.,refs:366,carried
The Target Girl,Skill,grid-local,x,no,1,Rare,protection;suit,Knife and axe throwing around a human assistant - the thrower gets billing and the target takes the risk.,on_score,A card that stands in for another as the destination of every knife prop.,refs:368-372,carried
The Wheel of Death,Rule,grid-local,grid,no,1,-,hazard;movement,An assistant spinning on a disc while blades land around her.,on_refill,"A rotating grid, where the whole board turns one step per refill.",refs:373,carried
The Mirror Shot,Skill,grid-local,x,no,1,Rare,info;gamble,"Sharpshooters firing over the shoulder using a mirror, as Oakley and Topperwein did.",on_trigger,A card that targets by reflection - the cell mirrored across the grid's centre.,refs:374,carried
Bullet catch cross-reference,Meta,global,none,no,1,-,docs;structure,The bullet catch is specced in the recommendations and cross-referenced here.,design,A pointer row.,refs:375,carried
Buried Alive reference,Skill,grid-local,h,yes,1,Rare,h;gamble,"The fakir tradition and Houdini's last stunts - interment endurance, which Houdini nearly died failing.",on_game_end,"The Buried Alive card's source, with the failure included.",refs:376,carried
The Escape Chain,Skill,grid-local,cell,no,1,Epic,protection;timing,"The Water Torture Cell - upside down, ankles locked, and a series of restraints that must be undone in order.",on_refill,"Several restrictions removed one per refill, which is a quest inside one card.",refs:377,carried
Fire Acts,Skill,grid-local,y,no,1,Rare,suit;gamble,"Fire eating, fire breathing and full-body burns - vaporised-fuel plumes and stunt burns, the least forgiving discipline there is.",on_score,The Flames suit's most dangerous tier.,refs:378,carried
Edith Clifford,Skill,grid-local,h,yes,1,Epic,h;destruction,Swallowed a bayonet mounted on a rifle butt while the band played.,on_trigger,The Sword Swallower card's specific and astonishing source.,refs:379,carried
The Globe of Death,Skill,grid-local,y,no,1,Epic,movement;formation,Motorcyclists riding vertical walls and mesh spheres - a card that circles its column continuously without leaving it.,on_refill,"Centrifugal movement, which is a loop rather than a path.",refs:380,carried
Zazel,Skill,grid-local,x,no,2+,Rare,movement;prop,"The first human cannonball, 1877, and the Zacchini family who made it a dynasty with compressed air and faked smoke.",on_trigger,"The Human Cannonball card's source, including the fact that the explosion was theatre.",refs:381,carried
Human Blockhead,Skill,grid-local,cell,no,1,Common,joke;destruction,"Melvin Burkhart hammering a nail into his nasal cavity, with comedy timing rather than gore.",on_trigger,A cheap card whose delivery is the whole act.,refs:382,carried
The Lion's Bride,Skill,grid-local,x,no,1,Rare,class;gamble,"The caged-beauty tableaus of the menagerie era, and snake-handling acts alongside them.",on_score,A card scoring for standing adjacent to something that could destroy it.,refs:383,carried
Whiteface and Auguste,Meta,grid-local,x,no,1,-,class;research,"The elegant whiteface commands and the auguste bungles; by legend, Tom Belling created the auguste by accident.",design,The two-clown hierarchy that the paired clown card is built on.,refs:385-389,carried
The Entree,Rule,grid-local,grid,no,1,-,class;combo,Structured clown scenes built to a payoff gag - clown combos are scripted sequences rather than single triggers.,on_trigger,"Ordered quests, in the Clown class's own vocabulary.",refs:390,carried
Grock reference,Skill,grid-local,cell,no,1,Epic,class;copy,"The Swiss king of clowns, whose musical virtuosity was perpetually defeated by furniture.",on_trigger,Provenance for the Grock card.,refs:391,carried
Charlie Rivel,FX,global,none,no,1,-,audio;class,"Akrobat schoen - the chair, the guitar and the wail.",design,A clown card and its audio cue in one reference.,refs:392,carried
Slava's Snowshow,FX,global,none,no,1,-,vfx;event,The blizzard finale that buries the audience in snow and joy.,on_game_end,The best possible model for an end-of-show celebration.,refs:393,carried
Weary Willie cross-reference,Meta,global,none,no,1,-,docs;structure,The Depression hobo who never smiled is specced in the recommendations.,design,A pointer row.,refs:394,carried
Sacred Clowns,Meta,grid-local,cell,no,1,-,class;research,"Heyoka and Pueblo koshare - contrary ritual clowns who do everything backwards, sacred rather than comic.",design,"Recorded with its caveat: this is ceremony, not a gag to lift.",refs:395,carried
Kyogen,Rule,global,none,no,1,-,flow;pacing,Comic interludes between solemn Noh plays.,on_refill,"A small comic bonus round between shows, which paces a long tour.",refs:396,carried
Pierrot,Skill,grid-local,cell,no,1,Rare,class;time,The whitefaced moon-mad lover of French pantomime.,on_refill,"A card that buffs at night, on the alternate night-show rule.",refs:397,carried
Pagliacci,Skill,grid-local,cell,no,1,Epic,class;narrative,The clown who must perform while his heart breaks.,on_score,A card that scores more the worse the show is going.,refs:398,carried
Guignol,Blind,global,none,no,1,-,blind;restriction,"France's Punch, whose satire was sharp enough that police monitored the scripts.",on_game_start,A censored level where certain card text is redacted until played.,refs:399,carried
Rodeo clown cross-reference,Meta,global,none,no,1,-,docs;structure,The protector clown is catalogued under the Americas and cross-referenced here.,design,A pointer row.,refs:400-408,carried
Isaac Fawkes,Skill,global,deck,no,1,Rare,creation;economy,The 1720s fairground conjurer who died rich on the egg bag and the blooming apple tree.,on_trigger,A card that produces cards indefinitely and made its owner wealthy - the economy engine with a face.,refs:410,carried
Matthew Buchinger,Skill,grid-local,cell,no,1,Legendary,secret;art,"Born without hands or legs; a virtuoso magician, marksman and micrographic calligrapher who hid psalms inside the curls of his own portrait.",on_score,"A card with a secret written into its art, discoverable only by looking closely.",refs:411,carried
Robert-Houdin,Leader,grid-local,cell,no,1,Legendary,leader;class,"The watchmaker who invented modern magic - evening dress instead of robes, mechanical marvels, and the whole grammar of the stage.",on_game_start,"The Magician leader, and the clockwork theme's origin.",refs:412,carried
Magic as Statecraft,Event,global,none,no,1,-,event;narrative,Robert-Houdin was sent to Algeria in 1856 to out-miracle the marabouts.,map,"An event where your show is used politically, and you choose whether to play along.",refs:413,carried
The Great Wizard of the North,Skill,global,none,no,1,Rare,economy;gamble,"John Henry Anderson, a pioneer of publicity, ruined three times by theatre fires and rebuilding each time.",on_game_end,A card that returns stronger after each run it loses.,refs:414,carried
Egyptian Hall,Map,global,none,no,1,-,map;node,"Maskelyne and Cooke's England's Home of Mystery, which ran for three decades and exposed fake spiritualists as part of the act.",map,A permanent venue node that also disables deception cards.,refs:415,carried
All Done By Kindness,Meta,global,none,no,1,-,flavor;buff,"David Devant, the gentlest master, and his motto.",design,The flavour text for a card that only ever buffs.,refs:416,carried
Adelaide Herrmann,Leader,global,none,no,1,Legendary,leader;persistence,"The great Herrmann died mid-tour and Adelaide took over the show, performing for decades after.",on_game_end,"A leader who inherits - when your leader is lost, this one takes the run over.",refs:417,carried
The Royal Succession,Meta,global,deck,no,1,-,meta;progression,Kellar publicly passed his mantle to Thurston on stage - America's magic royal succession.,design,A meta-progression where a retired card names its heir.,refs:418,carried
Soo versus Foo,Blind,global,none,no,1,-,blind;economy,"The American imitator against the Chinese original, a rivalry of billing, imitation and challenge.",on_game_start,"The Rival Show blind, with the uncomfortable history intact.",refs:419,carried
Harry Blackstone Sr,Skill,grid-local,grid,no,1,Epic,protection;narrative,The vanishing birdcage and the floating lightbulb - and the night he calmly evacuated a burning theatre by pretending it was part of the act.,on_game_end,A card that turns a disaster into a performance and scores for it.,refs:420,carried
Cardini,Skill,grid-local,x,no,1,Epic,creation;class,"Endless fans of cards materialising at the fingertips of a bemused, tipsy gentleman.",on_refill,A card that produces another card every refill and appears surprised each time.,refs:421,carried
The Ambitious Card,Skill,global,deck,no,1,Rare,deck-manip;persistence,Dai Vernon fooled Houdini seven times in 1922 with a card that keeps returning to the top of the deck.,on_refill,"The deck-position family's signature card, and the best story in card magic.",refs:422,carried
The Bamberg Dynasty,Meta,global,none,no,1,-,meta;progression,"Six unbroken generations of magicians, from the seventeenth century to the twentieth.",design,A dynasty save file - a lineage that persists across runs.,refs:423,carried
The Zancigs,Skill,grid-local,x,no,2+,Rare,info;combo,Two Minds with but a Single Thought - a husband-and-wife second-sight code act.,on_score,Two cards in different grids that share information and score together.,refs:424,carried
Arthur Lloyd,Skill,global,deck,no,1,Legendary,deck-manip;info,"The Human Card Index, who could produce any requested card or document from his forty pockets.",on_trigger,"The perfect tutor, already drafted from the game notes and confirmed here.",refs:425,carried
P T Selbit,Skill,grid-local,cell,no,1,Rare,creation;movement,"Invented sawing a woman in half in 1921, and walking through a wall.",on_trigger,Provenance for two cards the draft already names.,refs:426,carried
Richiardi Jr,Blind,grid-local,grid,no,1,-,blind;narrative,"The sawing played as grand guignol - visible gore, stunned silence, then the reveal.",on_game_start,"A town that rewards showmanship at its most extreme, and punishes restraint.",refs:427,carried
Channing Pollock,Skill,grid-local,x,no,1,Rare,creation;class,The elegant dove worker who made bird production high art.,on_score,A card that produces an Animal token each time it scores.,refs:428,carried
The Wonder Era,Meta,global,none,no,1,-,meta;naming,"Doug Henning's 1970s revival, which framed magic as wonder and joy rather than as a challenge.",design,"A meta-set name, and a tonal alternative to the deception cards.",refs:429,carried
Vanishing the Statue,Skill,grid-local,grid,no,2+,Legendary,destruction;secret,Copperfield vanished the Statue of Liberty in 1983 - the largest illusion ever staged.,on_trigger,"Remove an entire grid from view for one refill, and bring it back untouched.",refs:430,carried
Penn and Teller principle,Meta,global,none,no,1,-,design;principle,Explaining the trick and still fooling you - the cups and balls performed with clear cups.,design,A design principle: full information can be more astonishing than concealment. It argues for showing the rules.,refs:431,carried
Ricky Jay,Skill,grid-local,x,no,1,Legendary,destruction;prop,"Card-throwing lethality, fifty-two assistants, and the scholarship of forgotten performers.",on_trigger,"A card thrown as a weapon along a row, which is the knife suit with a deck instead.",refs:432,carried
The Exposure Taboo,Rule,global,none,no,1,-,rule;secret,Magic's governing secrecy norm - exposure gets you expelled.,on_score,"A rule card that penalises revealing hidden cards, which gives the info family a real cost.",refs:433,carried
The Fox Sisters,Skill,grid-local,cell,no,1,Rare,secret;narrative,"Spiritualism was born in 1848 from two girls cracking their toe joints, and Margaret confessed forty years later.",on_score,"A card whose enormous effect is revealed as a trick, and stops working once exposed.",refs:435-439,carried
The Spirit Cabinet,Skill,grid-local,h,yes,1,Rare,h;spotlight,"The Davenport brothers, tied inside a cabinet while instruments played by spirits - and Maskelyne exposed it.",on_stack_cards,A card that works only while it is covered and bound.,refs:440,carried
Spirit Photography,Skill,grid-local,cell,no,1,Rare,copy;secret,"Mumler's double-exposure ghosts, and cheesecloth ectoplasm - a card that shows a faint copy of a card removed from play.",on_score,"Fakery that produces something genuinely useful, which is the Gaff family's best form.",refs:441,carried
The Ouija Board,Skill,global,deck,no,1,Uncommon,info;consumable,"The parlour talking board, patented in 1891, which became an industry.",on_trigger,"A consumable that answers one question about the deck, ambiguously.",refs:442,carried
Houdini versus Margery,Event,global,none,no,1,-,event;secret,"The Scientific American prize committee, the Boston medium, and magic's most famous investigation.",map,A deduction event with a prize for exposing the fake.,refs:443,carried
Midnight Spook Shows,Meta,global,none,no,1,-,secret;meta,"Travelling theatre ghost-blackout shows, before horror films took the audience.",menu,"The Ghost Show secret, sourced.",refs:444,carried
X-Ray Eyes,Skill,grid-local,h,yes,1,Rare,h;info,"Kuda Bux, the fire-walker whose blindfold act was billed as X-ray vision - this card sees the board while it is itself covered.",on_stack_cards,"Another anti-spotlight card, and information as the reward for being buried.",refs:445,carried
Clever Hans,Skill,grid-local,x,no,1,Rare,info;class,"The counting horse who was actually reading his questioner's body language, and gave his name to an experimental effect.",on_board_mutated,A card that answers correctly only while a specific other card is adjacent.,refs:446,carried
The Learned Pig,Skill,grid-local,cell,no,1,Rare,info;class,"Eighteenth and nineteenth century sensations - pigs that spelled, read minds and told the time.",on_trigger,"An Animal card that performs an information effect, which no other Animal card does.",refs:447,carried
The Turk,Skill,grid-local,h,yes,1,Legendary,h;secret,"Von Kempelen's chess automaton, which beat Napoleon and Franklin with a hidden operator inside.",on_stack_cards,A card whose effect is actually performed by the card hidden beneath it.,refs:449-453,carried
The Digesting Duck,Skill,grid-local,cell,no,1,Rare,secret;destruction,Vaucanson's mechanical duck that ate and digested - except the digestion was pre-loaded.,on_card_dropped_on,"A consumption card that does not really consume, and returns what it took.",refs:454,carried
Karakuri cross-reference,Meta,global,none,no,1,-,docs;structure,The Edo automata are catalogued under Japan.,design,A pointer row.,refs:455,carried
Phantasmagoria,FX,global,none,no,1,-,vfx;art,Magic-lantern ghosts projected on smoke in a Capuchin crypt in 1790s Paris - projection as terror.,design,The oldest ancestor of the effect-art pop-up.,refs:456,carried
Pepper's Ghost,FX,grid-local,cell,no,1,-,vfx;shader,"The 1862 angled-glass reflection illusion, still how holograms of dead musicians work.",design,A ghost-card visual that is a reflection rather than a sprite.,refs:457,carried
Pre-Cinema Spectacle,FX,global,none,no,1,-,vfx;art,"Magic lanterns, panoramas, cycloramas and the Eidophusikon - immersive picture-spectacles before film.",design,"The picture wall's ancestors, and a reason it is the right metaphor.",refs:458,carried
The Raree Box,Skill,global,none,no,1,Uncommon,info;consumable,Itinerant viewing-boxes offering a private glimpse for a coin.,shop,A consumable that reveals one thing to you alone.,refs:459,carried
Waxworks,Type,grid-local,y,no,1,Uncommon,type;hazard,"Madame Tussaud's death-mask realism as touring spectacle, and the Chamber of Horrors.",on_game_end,"The Wax type, sourced - it melts near Flames because wax does.",refs:460,carried
Zoltar,Skill,global,deck,no,1,Uncommon,info;consumable,Coin-op prophecy cabinets of the penny arcade.,shop,A machine that sells you one prediction per show.,refs:461,carried
Flea circus cross-reference,Meta,global,none,no,1,-,docs;structure,"Real harnessed fleas pulling chariots, already specced in the recommendations.",design,A pointer row.,refs:462-468,carried
Mamluk Cards,Meta,global,deck,no,1,-,suit;research,"Cups, swords, coins and polo-sticks crossed from Egypt into Europe's suits.",design,"The historical origin of suits, and a visual set for an alternate deck.",refs:470,carried
The French Suit Revolution,Meta,global,deck,no,1,-,meta;research,"Flat two-colour suits made cards cheap to print, and the pack was democratised.",design,Production cost as a design force - the reason four suits won.,refs:471,carried
Named Court Cards,Meta,global,deck,no,1,-,naming;rank,"French tradition names every face - the King of Spades is David, of Hearts Charlemagne.",design,"Face cards with individual identities, which the Joey and Ringmistress ideas reach for.",refs:472,carried
The Ace of Spades,Stamp,global,deck,no,1,Rare,stamp;economy,"English decks paid duty through an ornate official ace, and forging it was a hanging offence.",shop,"A stamp that proves a card is legitimate, and a Forged Ace that pretends.",refs:473,carried
The Joker,Rank,grid-local,line,no,1,Rare,rank;copy,"Born as Euchre's Best Bower, the deck's newest card, later adopted by magicians and printers as a signature.",on_score,"The wild rank, with its actual history rather than its assumed one.",refs:474,carried
Trionfi,Meta,global,deck,no,1,-,meld;research,Tarot trumps were a game for three hundred years before an invented Egyptian mythology turned them into fortune-telling.,design,"The Major Arcana consumables, with the honest history attached.",refs:475,carried
Card game cross-references,Meta,global,none,no,1,-,docs;structure,"Hanafuda, karuta and ganjifa are catalogued under Japan and India.",design,A pointer row.,refs:476,carried
The Holdout,Skill,global,deck,no,1,Rare,deck-manip;secret,The Kepplinger sleeve machine - a mechanical arm delivering palmed cards on cue.,on_trigger,A card held outside the deck and produced exactly when wanted.,refs:477,carried
The Cooler,Skill,global,deck,no,1,Epic,deck-manip;gamble,A pre-stacked deck swapped into play.,on_trigger,"Replace your remaining deck with a known order, once per run.",refs:478,carried
Marked,Stamp,global,deck,no,1,Uncommon,stamp;info,"Marked cards, shiners, second and bottom dealing - the card sharp's quiet arts.",on_refill,You always know where this card is in the deck.,refs:479,carried
Erdnase cross-reference,Meta,global,none,no,1,-,docs;structure,The unknown author of the card-handling bible is specced in the recommendations.,design,A pointer row.,refs:480,carried
Bucking the Tiger,Blind,global,deck,no,1,-,blind;gamble,"Faro, the Old West's dominant game, so widely rigged that honest faro was the exception.",on_game_start,"The Faro Bank blind, sourced.",refs:481,carried
Three-Card Monte,Event,global,none,no,1,-,event;gamble,"The eternal street hustle, in which the mark never wins.",map,Already specced as the Pie Car's game. The honest version is that you cannot win it.,refs:482,carried
George Devol,Leader,global,deck,no,1,Legendary,leader;gamble,"The Mississippi riverboat sharp of Forty Years a Gambler, who head-butted opponents like a battering ram.",on_game_start,A Gambler leader whose signature is that losses cost less.,refs:483,carried
Dead Man's Hand,Meld,grid-local,line,no,1,Epic,meld;secret,"Aces and eights, held by Wild Bill Hickok when he was shot in Deadwood in 1876.",on_score,A secret meld that pays enormously and destroys the card that completed it.,refs:484,carried
Poker Alice,Leader,global,deck,no,1,Legendary,leader;gamble,The frontier's famous female dealers - Poker Alice and Madame Moustache.,on_game_start,A Gambler leader for a gambling-focused deck.,refs:485,carried
Canfield's House Game,Rule,global,deck,no,1,-,economy;gamble,Richard Canfield sold the deck for fifty dollars and paid five per card placed - the house always won.,shop,"A shop where you buy your own deck back a card at a time. Brutal, historical and legible.",refs:486,carried
Klondike,Meta,global,none,no,1,-,naming;map,"The most famous solitaire, named for the gold fields.",map,A gold-rush biome name with a solitaire attached.,refs:487,carried
Napoleon's Patience,Meta,global,none,no,1,-,naming;research,"Legend has the exiled emperor playing patience on Saint Helena, and several patiences bear his name.",design,"A named deck, and a story about playing alone.",refs:488,carried
Escape Map Decks,Skill,global,deck,no,1,Legendary,secret;map,The US Playing Card Company hid escape maps inside cards sent to prisoner-of-war camps in the Second World War.,on_trigger,"A card that reveals a hidden route on the map when peeled apart, once.",refs:489,carried
Cardistry,FX,global,deck,no,1,-,vfx;juice,Card flourishing as pure visual art.,deck,"The shuffle and draw animations, elevated into their own reward.",refs:490,carried
The Mitt Camp,Skill,global,none,no,1,Uncommon,info;class,"Palmistry, tasseography and phrenology - the midway's pseudo-sciences.",map,"Fortune Teller class flavour, with the honest note that none of it worked.",refs:491-497,carried
The Brass Ring,Skill,grid-local,x,no,1,Rare,movement;economy,"Carousel riders grabbed at a brass ring for a free ride, an idea born from cavalry lance training.",on_trigger,Reach out from a moving card to claim a bonus - the origin of grabbing the brass ring.,refs:499,carried
The Midway,Map,global,none,no,1,-,map;naming,Both the Ferris wheel and the word midway come from the 1893 World's Columbian Exposition.,map,The shop row's proper name.,refs:500,carried
Ice Slides,Meta,global,none,no,1,-,naming;map,Catherine the Great's ice mountains became the scenic railway and then the roller coaster.,map,A biome name with a lineage.,refs:501,carried
The Ghost Train,Blind,global,none,no,1,-,blind;secret,The tunnel-of-fright fairground staple - a blind node whose effect is not revealed until you are inside.,map,"A blind you accept without seeing, for a larger reward.",refs:502,carried
Hall of Mirrors,Blind,grid-local,grid,no,2+,-,blind;grid,Distortion as delight - the boss show duplicates every effect into the mirrored grid.,on_score,Already written into the blinds file; this is its source.,refs:503,carried
The Arcade,Map,global,none,no,1,-,map;minigame,Penny arcades and mutoscopes - coin-operated amusement rows.,map,A node of minigames that reuse the solitaire engine.,refs:504,carried
The Lecture,Event,global,none,no,1,-,event;info,"Barnum-style storefront dime museums, with lecturers narrating the oddities.",map,An event that explains one hidden rule permanently.,refs:505,carried
Exposition City,Blind,global,none,no,1,-,blind;class,"The mega-expositions every showman orbited, from the Crystal Palace onward.",on_game_start,Already written into the blinds file; this is its source.,refs:506,carried
The Unicorn,Skill,grid-local,cell,no,1,Rare,secret;class,"Pre-zoo travelling menageries, including a one-horned rhinoceros billed as a unicorn.",on_score,"An Animal card billed as something it is not, and worth more for the billing.",refs:507,carried
Resort Towns,Map,global,none,no,1,-,map;node,"Blackpool, the piers and Tivoli - Europe's permanent pleasure grounds.",map,"Nodes with lower goals and better shops, for a run that needs a breather.",refs:508,carried
The Kickline,Skill,grid-local,x,no,1,Epic,formation;class,The Moulin Rouge cancan - the kickline as scandal and spectacle.,on_score,A full row of Dancer cards scoring in unison.,refs:509,carried
Wintergarten,Map,global,none,no,1,-,map;node,The Berlin variety palace where the Skladanowsky brothers premiered projected cinema in 1895.,map,The node where a new technology arrives and changes the rules.,refs:510,carried
The Rat Sheet,Skill,global,none,no,1,Uncommon,economy;map,Circuses printed attack-posters slandering rival shows ahead of them.,map,A consumable that weakens the next Rival Show.,refs:511,carried
Day and Date,Blind,global,none,no,1,-,blind;economy,Two rival circuses booking the same town on the same day - billing war at its hottest.,on_refill,Already written into the blinds file; this is its source.,refs:512,carried
The Patch,Skill,global,none,no,1,Uncommon,economy;protection,"The show's legal adjuster, smoothing and bribing local officials.",map,A consumable that cancels one blind before it applies.,refs:513,carried
The 24-Hour Man,Skill,global,none,no,1,Uncommon,map;info,The advance agent marking tomorrow's route on poles and fences.,map,Reveals the next node's blind a show early.,refs:514,carried
At Liberty,Rule,global,deck,no,1,-,economy;deck-manip,The trade-paper ad meaning a performer is unemployed and hireable.,shop,"A pool of cards other runs discarded, available cheap.",refs:515,carried
The Cookhouse Flag,Rule,global,none,no,1,-,flow;pacing,"When the flag flew, the lot ate - the day's heartbeat.",on_refill,A mid-show pause that restores a resource.,refs:516,carried
Working Slang,Meta,global,none,no,1,-,naming;research,"Cherry pie, cutting up jackpots, First of May, kinker, towner, gilly and jump - the trade's own vocabulary.",design,A whole naming layer that costs nothing and reads as authentic because it is.,refs:517,carried
The Candy Butcher,Skill,grid-local,x,no,1,Common,class;economy,"Aisle vendors, and lemonade sold as juice.",on_score,Concessions-class naming.,refs:518,carried
The Disaster March,FX,global,none,no,1,-,audio;flow,Stars and Stripes Forever was played only to signal catastrophe and start the evacuation.,on_game_end,"An audio cue the player learns to dread, which is the most efficient tension in the file.",refs:519,carried
Entrance of the Gladiators,FX,global,none,no,1,-,audio;theme,"The circus tune, originally a serious military march by Fucik in 1897.",on_game_start,"The theme, and the fact that it was not written as a joke.",refs:520,carried
Screamer Marches,FX,global,none,no,1,-,audio;pacing,"The breakneck circus-band genre, of which Barnum and Bailey's Favorite is the type specimen.",design,The tempo reference for the scoring animation.,refs:521,carried
The Band Organ,FX,global,none,no,1,-,audio;theme,"Steam-whistle music heard miles ahead, and punched-book fairground organs.",map,"The map's audio identity, and the Calliope card's instrument.",refs:522,carried
Showmen's Rest,Meta,global,none,no,1,-,secret;narrative,"The Woodlawn cemetery plot where the dead of the 1918 Hagenbeck-Wallace train wreck lie, ringed by elephant statues.",design,"The Dead List's real-world counterpart, and a secret worth finding once.",refs:523-531,carried
Deus ex Machina,Skill,grid-local,grid,no,1,Legendary,rule;protection,"The Greek crane lowering a god to untangle the plot, criticised as a cheat for two and a half thousand years.",on_game_end,"A card that resolves an unwinnable board, and is openly a cheat.",refs:533-537,carried
The Greek Chorus,Skill,grid-local,line,no,1,Rare,info;combo,"The ensemble that watches, comments and warns - inside the story and outside it.",on_score,A card that scores for what other cards do without ever acting itself.,refs:538,carried
Thalia and Melpomene,Skill,grid-local,cell,no,1,Rare,copy;narrative,"The comedy and tragedy masks, worn as one symbol.",on_score,"A card with two effects, one for a winning board and one for a losing one.",refs:539,carried
The City Dionysia,Event,global,none,no,1,-,event;objective,"Athens' playwright competition, where drama was a judged contest with civic prizes.",map,A judged event where several objectives are ranked rather than passed or failed.,refs:540,carried
The Claque,Skill,global,none,no,1,Uncommon,economy;score,"Professional paid applauders, institutionalised by the Paris opera, where chefs de claque sold applause by the row.",on_score,Already written into the blinds file; this is its source.,refs:541,carried
The Loggione,Blind,grid-local,line,no,1,-,blind;rarity,"La Scala's merciless connoisseur gallery, which has booed the world's greatest singers.",on_score,Already written into the blinds file; this is its source.,refs:542,carried
The Prima Donna,Skill,grid-local,grid,no,1,Epic,scoring;restriction,The diva whose demands reorganise the whole company - the strongest card scores double and every other card scores less.,on_score,A card that is worth building around and painful to build around.,refs:543,carried
The Scottish Play,Rule,global,none,no,1,-,secret;rule,"Saying Macbeth inside a theatre invites the curse, and the cleansing ritual is to spin three times and swear.",on_anything,A superstition rule card with a literal undo ritual attached.,refs:544,carried
The Whistling Ban,Rule,grid-local,grid,no,1,-,rule;hazard,"Stage rigging was run by ex-sailors on whistle codes, so a stray whistle could drop a sandbag.",on_trigger,"A rule where a specific action has a rare catastrophic consequence, for real historical reasons.",refs:545,carried
Break a Leg,Meta,global,none,no,1,-,naming;flavor,"The theatre's inverted luck-language - wishing good is bad, so wish bad.",design,The vocabulary for a card that pays out on failure.,refs:546,carried
The Encore Exit,Skill,grid-local,cell,no,1,Rare,timing;score,"Leave the stage, be called back, return bigger - voluntarily discard this card to have it return next refill at double value.",on_discard,The encore as a mechanic rather than as a chance.,refs:547,carried
The Standing Ovation,Meta,global,none,no,1,-,naming;score,The full house on its feet - the show's highest verdict.,on_game_end,The perfect-show reward's name.,refs:548,carried
He's Behind You,Skill,grid-local,x,no,1,Uncommon,info;class,British panto's sacred contract - the crowd screams warnings the performer pretends not to hear.,on_board_mutated,A card that is warned about an incoming hazard and may choose to ignore it.,refs:549,carried
Melodrama,Blind,global,none,no,1,-,blind;narrative,"Mustache-twirling villains, sawmills and train tracks - morality as spectacle, with the audience booing on cue.",on_game_start,A level with an explicit villain card the player must beat rather than outscore.,refs:550,carried
The Pledge the Turn the Prestige,Rule,grid-local,line,no,1,-,structure;scoring,"The three-act grammar of a trick - show the ordinary thing, make it extraordinary, bring it back.",on_score,"A three-stage scoring effect, which is the ordered-quest shape with a name everyone knows.",refs:551,carried
Kayfabe,Rule,global,deck,no,1,-,rule;secret,"The never-broken pretence that the show is real, protected for a century like a trade secret, and carnival cant by origin.",on_game_start,A rule card under which every Gaff and fake counts as genuine.,refs:553-561,carried
Faces and Heels,Rule,grid-local,cell,no,1,-,rule;class,"Heroes and villains as assigned, swappable roles - the crowd needs both.",on_card_placed,"An alignment axis orthogonal to class, and cheap to add.",refs:562,carried
Heat,Rule,global,none,no,1,-,economy;score,"Crowd hatred that sells tickets, and cheap heat earned by insulting the local team.",on_score,"A second currency earned by being disliked, which nothing else in the game produces.",refs:563,carried
The Heel Turn,Skill,grid-local,cell,no,1,Epic,narrative;class,The beloved hero's betrayal - the loudest story wrestling tells.,on_score,A card that flips alignment mid-run and rewrites its own effect.,refs:564,carried
The Cheap Pop,Skill,grid-local,line,no,1,Common,score;joke,"It is great to be here in your town - instant applause, every night, in every city.",on_score,A small guaranteed bonus that works once per node and never gets old.,refs:565,carried
The Belt,Stamp,global,deck,no,1,Legendary,stamp;persistence,"The championship as physical lineage - held, defended and taken.",on_game_end,"Exactly one exists per run, and it moves to whoever beats its holder.",refs:566,carried
The Jobber,Skill,grid-local,cell,no,1,Common,economy;class,The designated losers - the Washington Generals lost over thirteen thousand games to the Globetrotters.,on_score,"A card whose job is to lose, and which pays the card that beats it.",refs:567,carried
The Montreal Screwjob,Event,global,none,no,1,-,event;narrative,The scripted world broke live on air when the promoter really double-crossed the champion.,map,"An event where the game's own rules betray you once, deliberately.",refs:568,carried
The Blind Spot,Skill,grid-local,x,no,1,Rare,secret;rule,The folding chair behind the referee's back - cheating as choreography.,on_trigger,A card that may break one rule while a specific other card is not looking.,refs:569,carried
The Manager,Skill,grid-local,x,no,1,Uncommon,meta-effect;class,The talker who carries the silent monster's story - this card cues the card beside it.,on_trigger,"Delegated activation, which the charge system already supports.",refs:570,carried
Mascara contra Mascara,Event,global,deck,no,1,-,event;duel,"Mask against mask - the loser is unmasked forever, and El Santo was buried in his.",map,"A duel with a permanent stake, which is the highest one the game can offer.",refs:571,carried
Tecnicos and Rudos,Meta,global,none,no,1,-,naming;class,Lucha's alignment pair - clean technique against glorious cheating.,design,The alignment axis's better-sounding names.,refs:572,carried
The Streak,Rule,global,none,no,1,-,persistence;score,A win streak so mythic that its ending was the story of the decade.,on_game_end,A run-long counter whose value is entirely in not breaking it.,refs:573,carried
To Be the Man,Meta,global,none,no,1,-,naming;objective,"The title chase as philosophy - to be the man, you have to beat the man.",design,The belt-challenge objective's name.,refs:574,carried
The Crowd Surf,Skill,grid-local,x,no,2+,Rare,movement;h,Trust the crowd or eat the floor - pass a card across the tops of several stacks.,on_trigger,Traversal along the top of a board rather than through it.,refs:576-580,carried
Brown M and Ms,Skill,global,none,no,1,Rare,info;protection,Van Halen's rider clause existed to test whether venues had actually read the safety requirements.,on_game_start,A card that detects whether a blind was read - and warns you if it was not.,refs:581,carried
The Soundcheck,Rule,global,none,no,1,-,flow;info,The invisible crew and the empty-hall rehearsal before doors.,on_game_start,A preview turn where placements can be tried and taken back.,refs:582,carried
Encore cross-reference,Meta,global,none,no,1,-,docs;structure,The encore ritual is catalogued under theatre.,design,A pointer row.,refs:583,carried
Lighters Up,FX,global,none,no,1,-,vfx;score,The audience becomes the light show during the slow song.,on_after_score,A crowd visual that responds to the board rather than to the score.,refs:584,carried
Woodstock,Event,global,none,no,1,-,event;economy,"The fences fell, half a million came, nobody paid, and it became the legend of the century.",map,An event that costs you every token and pays you fame instead.,refs:585,carried
Fyre Festival,Blind,global,none,no,1,-,blind;economy,"The luxury festival that did not exist - influencer hype, relief tents and the sad cheese sandwich.",on_game_start,"The Scam Booking blind, sourced.",refs:586,carried
The Skip,Event,global,none,no,1,-,event;secret,"Milli Vanilli's lip-sync scandal, and the Grammy revoked after the tape skipped.",map,An event where a card is exposed as a copy and removed.,refs:587,carried
Eurovision,Map,global,none,no,1,-,map;node,"Bloc voting, douze points, and national camp as song-contest diplomacy.",map,"The international node, judged by several towns at once.",refs:588,carried
The Pitch Ballot,Event,global,none,no,1,-,event;map,Licensed buskers ballot for timeslots at Covent Garden's best pitches.,map,An event where you draw for position rather than for cards.,refs:589,carried
The Hat,Rule,global,none,no,1,-,economy;score,If you liked the show - the ask is a craft of its own.,on_game_end,"Converting combo into tips at the end of a show, by asking well.",refs:590,carried
Ball Culture,Map,global,none,no,1,-,map;class,"Competitive walking in judged categories, with houses as chosen families.",map,"A node judged by category rather than by score, and a class structure with real warmth.",refs:592-596,carried
Reading,Event,global,none,no,1,-,event;duel,The stylized roast - reading is the real art form.,map,The duel system's ballroom skin.,refs:597,carried
The Pose,Skill,grid-local,cell,no,1,Rare,formation;combo,"Voguing - battle dance built from magazine poses, frozen glamour as combat.",on_trigger,Hold a formation for a refill to score it again.,refs:598,carried
Lip Sync for Your Life,Event,global,deck,no,1,-,event;duel,"The bottom two duel, the winner stays, the loser sashays away.",map,An elimination duel between two of your own cards.,refs:599,carried
The Cypher,Event,global,none,no,1,-,event;duel,"Breaking crew battles in the circle, from the Bronx to the 2024 Olympics.",map,"The duel system's hip-hop skin, and its only competitive-sport form.",refs:600,carried
The Cutting Contest,Event,global,none,no,1,-,event;duel,Tap dancers trading escalating breaks - the Nicholas Brothers ended arguments by being better.,map,"The duel system's tap skin, and the escalation model for all of them.",refs:601,carried
Butoh,Skill,grid-local,cell,no,1,Rare,status;narrative,"The post-war dance of darkness - white-painted, glacially slow, transformative.",on_refill,A card that changes by one small degree every refill and is unrecognisable by the end.,refs:602,carried
Jugalbandi,Event,global,none,no,1,-,event;duel,"The virtuoso duet-duel - dancer answers drummer, call and response, neither yielding.",map,"The duel system's Indian skin, and the one that ends in harmony rather than a winner.",refs:603-609,carried
Marcel Marceau,Skill,grid-local,x,no,1,Legendary,protection;narrative,"Bip, the world's mime - and before that a Resistance member who used mime to keep hidden children silent as he led them to safety.",on_board_mutated,A card that escorts other cards safely past a hazard. One of the five stories worth full flavour text.,refs:609,carried
The Invisible Wall,Skill,grid-local,y,no,1,Rare,protection;formation,"The mime's constructed nothing - block one column against every effect, including your own.",on_can_place_stack,"A wall made of an agreement, which is the most theatrical protection in the file.",refs:610,carried
Edgar Bergen,Skill,global,none,no,1,Rare,joke;copy,"A ventriloquist who became the number one act on radio - a skill rendered pointless by the medium, and a star anyway.",on_score,A card whose stated advantage does not apply and which scores regardless.,refs:611,carried
The Throw,Skill,grid-local,x,no,2+,Rare,movement;meta-effect,Making the voice live somewhere else - cue a card's effect to resolve at a different cell.,on_trigger,Relocating an effect without relocating its card.,refs:612,carried
The Nantes Giants,Skill,grid-local,grid,no,2+,Legendary,movement;formation,Building-sized marionettes walked through cities by teams of Lilliputians on ropes.,on_refill,A card so large it occupies several cells and is moved by the cards around it.,refs:613,carried
War Horse,FX,grid-local,cell,no,1,-,vfx;art,Puppets so alive the audience grieves for plywood and cane.,design,The belief threshold - the animation target for making a card feel like a performer.,refs:614,carried
Bread and Puppet,Event,global,none,no,1,-,event;economy,Political parade puppetry that hands out free bread - art is cheap and everyone should have it.,map,An event that gives cards away for nothing and asks nothing back.,refs:615,carried
The Statue,Skill,grid-local,cell,no,1,Uncommon,persistence;score,The street performer who scores by not moving - this card gains points for every refill it is untouched.,on_refill,The counterweight to a board that rewards constant action.,refs:616,carried
The One-Man Band,Skill,grid-local,cell,no,1,Uncommon,combo;joke,"Cymbals between the knees and a harmonica in the rack - everything at once, none of it well.",on_score,"A card that fires several effects, each at reduced strength.",refs:617-623,carried
Keaton's Falling Wall,Blind,grid-local,grid,no,1,-,blind;hazard,"A two-ton facade falls on him and he survives through one open window, on a set measured to inches.",on_refill,"A hazard that destroys everything except one cell, which is shown in advance.",refs:623,carried
The Clock Hang,Skill,grid-local,x,no,1,Epic,movement;h,Harold Lloyd dangling from a clock face above the street - the defining image of silent comedy.,on_can_place_stack,"A card placed half off the edge of a grid, scoring in both the grid and the gap.",refs:624,carried
The Seven Little Fortunes,Meta,global,deck,no,1,-,meta;progression,"The brutal Peking Opera academy that forged Jackie Chan, Sammo Hung and Yuen Biao.",design,"The Academy meta-structure - cards trained rather than bought, at a cost.",refs:625,carried
The Stunt Double,Skill,grid-local,x,no,1,Rare,protection;copy,"Yakima Canutt invented modern stunt craft, including the Ben-Hur chariot race, so that stars could survive their own films.",on_board_mutated,A card that takes a destructive effect in another card's place.,refs:626,carried
The Demolition Show,Event,grid-local,grid,no,1,-,event;destruction,Monster trucks and demolition derby - destruction as the whole show.,map,A show scored entirely on cards destroyed rather than on lines completed.,refs:627,carried
Aquamusicals,Meta,global,none,no,1,-,art;research,Sonja Henie's ice shows and Esther Williams' aquamusicals rebuilt skating and swimming as spectacle industries.,design,Precedent for a whole alternate board surface - ice or water - with its own physics.,refs:628-638,carried
Guy Laliberte,Leader,global,none,no,1,Legendary,leader;economy,A fire-breathing stilt-walker busking in Quebec who built the world's biggest circus and then bought a seat on a rocket.,on_game_start,"The busker-to-space progression arc, as a leader whose scaling never stops.",refs:640,carried
Nouveau Cirque,Deck,global,deck,no,1,-,deck;variant,"Circus stripped of glitter and animals - chainsaws, narrative and rock music.",on_game_start,A deck with no Animal cards and a much harder edge.,refs:641,carried
David Blaine,Skill,grid-local,cell,no,1,Epic,persistence;gamble,"Buried alive, frozen in ice, forty-four days fasting in a box over the Thames - the hunger artist with a live feed.",on_refill,An endurance card that scores for refills survived doing nothing.,refs:642,carried
The System,Skill,global,none,no,1,Rare,secret;gamble,"Derren Brown's guaranteed tipster, revealed as survivorship bias - he filmed every branch and showed you only the winning one.",on_game_start,A card that appears infallible because you never see its failures.,refs:643,carried
The Million Dollar Challenge,Rule,global,none,no,1,-,rule;secret,"James Randi's standing prize for provable paranormal ability, never claimed.",on_game_end,"A run-long objective nobody has completed, kept as a genuine open bounty.",refs:644,carried
Controlled Props,Skill,grid-local,cell,no,1,Rare,protection;info,"Carson, an ex-magician briefed by Randi, supplied his own props and the spoon-bending did not happen.",on_card_placed,A card that neutralises a deception card by insisting on its own conditions.,refs:645,carried
Shin Lim,Skill,grid-local,cell,no,1,Legendary,class;score,Close-up card magic - just cards - winning the biggest talent show on television.,on_score,"A card with no props, no class synergies and an enormous ceiling.",refs:646,carried
The Golden Buzzer,Skill,global,none,no,1,Rare,map;consumable,"One judge's press sends an act straight through, with confetti falling.",map,Skip a node and take its reward.,refs:647,carried
The Gong Show,Blind,global,none,no,1,-,blind;flow,Gonged mid-act - failure as the entertainment.,on_refill,"The Gong blind, sourced.",refs:648,carried
The Masked Singer,Rule,grid-local,cell,no,1,-,secret;rule,"Celebrities perform masked, and the weekly unmasking is the show.",on_score,Hidden identity as a scheduled reveal rather than a permanent secret.,refs:649,carried
The Hologram,FX,grid-local,cell,no,1,-,vfx;copy,"Tupac at Coachella in 2012, which was Pepper's Ghost - the same angled glass from 1862.",design,The rhyme is the point: the modern trick is the old one with a bigger budget.,refs:650,carried
The Vocaloid,Skill,global,deck,no,1,Legendary,creation;collection,A synthetic idol whose songs are written by thousands of fans - a performer made of the audience.,on_game_start,A card whose effect is assembled from every other card you own.,refs:651,carried
The Avatar,Stamp,grid-local,cell,no,1,Rare,stamp;secret,Performers behind digital avatars - kayfabe reborn as a streaming industry.,on_score,"A stamp that shows a different card entirely, and never drops it.",refs:652,carried
Speedrun Categories,Meta,global,none,no,1,-,meta;endless,"Playing games as performance - any percent, hundred percent, glitchless - and marathons for charity.",design,"Endless mode with categories, which turns optimisation into its own scoreboard.",refs:653,carried
Twitch Plays,Meta,global,none,no,1,-,variant;chaos,Eighty thousand people sharing one controller - chaos as collective performance.,design,"A mode where the placement is decided by vote, which is either terrible or wonderful.",refs:654,carried
The Flash Mob,Skill,grid-local,grid,no,1,Rare,formation;creation,Sudden coordinated performance in public space - assembly is the trick.,on_trigger,Several token cards appear at once in a formation and vanish after one refill.,refs:655,carried
The Traceur,Skill,grid-local,h,yes,2+,Rare,movement;h,"Parkour and the Yamakasi - the city itself as apparatus, every wall a route.",on_trigger,"Moves across the tops of stacks, ignoring what is beneath them.",refs:656,carried
The 900,Skill,grid-local,cell,no,1,Epic,gamble;persistence,"Two and a half rotations, which took eleven public failures first.",on_trigger,"A card that must fail several times before it can succeed, and remembers how many.",refs:657,carried
Competitive Cheer,Skill,grid-local,h,yes,1,Rare,h;formation,Basket tosses and human pyramids under judging panels.,on_score,"The castell mechanic, judged - the formation must be held to be scored.",refs:658,carried
Drone Swarm,Skill,grid-local,grid,no,2+,Epic,formation;prop,"Thousands of drones replacing fireworks, drawing pictures on the night sky.",on_score,Props that arrange themselves into a shape above the whole board.,refs:659,carried
The Sphere,View,global,none,no,1,-,view;wall,The venue is the performance - a building-sized screen wrapping the audience.,design,"The picture wall, taken to its logical end.",refs:660,carried
Residency Mode,Meta,global,none,no,1,-,meta;endless,The tour that stops touring - the city comes to you.,design,An endless mode where one node repeats and escalates.,refs:661,carried
Sleep No More,Meta,global,none,no,1,-,variant;narrative,"Masked audiences roam a hotel choosing their own show, with the famous one-on-one scenes.",design,A run where the player chooses which parts of a node to see and misses the rest.,refs:662,carried
The Locked Room,Event,global,none,no,1,-,event;minigame,"Escape rooms - Houdini's challenge act, democratised into a global industry.",map,A timed puzzle event with the escape-artist framing already attached.,refs:663,carried
The ARG,Meta,global,none,no,1,-,secret;meta,Games that leak out of the screen into phone booths and ciphers.,design,"An out-of-game mystery, which is the deepest version of the secrets idea.",refs:664,carried
Meow Wolf,Meta,global,none,no,1,-,variant;map,Immersive art wandered with no fixed path - discovery as the show.,map,"A node with no objective, only things to find.",refs:665,carried
Love is in the Bin,Skill,global,deck,no,1,Epic,destruction;economy,"The painting that shredded itself the moment it was auctioned, and doubled in value.",shop,The Shredder card - self-destructs when sold and pays double for it.,refs:666,carried
Burning Man,Event,grid-local,grid,yes,1,-,event;destruction,"Build a city in the desert, burn the Man, and leave no trace.",on_game_end,"Build-to-burn, with the empty-board bonus attached.",refs:667,carried
Red Bull Stratos,Event,global,none,no,1,-,event;economy,"The jump from the stratosphere, with the patron's logo on every frame of it.",map,"A sponsored event - enormous reward, and the sponsor's mark on your deck afterwards.",refs:668,carried
Personal Bests,Meta,global,deck,no,1,-,meta;collection,The institution that turned feats into bookkeeping.,design,"A per-card personal best, tracked across every run.",refs:669,carried
Competitive Eating,Skill,grid-local,cell,yes,1,Rare,destruction;growth,Technique doubled the hot-dog record overnight - spectacle sport from pure method.,on_card_dropped_on,A consumption card that gets faster the more it eats.,refs:670,carried
The Fanchant,Skill,grid-local,line,no,1,Rare,combo;score,The audience answering the stage in synchronised script - the crowd as second performer.,on_score,A card that scores again when the line it is in scores in a specific order.,refs:671,carried
The Faire,Event,global,none,no,1,-,event;class,Audiences who come to perform - the crowd in costume.,map,An event where audience cards join your deck as performers.,refs:672,carried
Scare Acting,Skill,grid-local,x,no,1,Uncommon,timing;class,"A seasonal profession built on timing, safety and the art of the near-touch.",on_board_mutated,"A card that threatens an adjacent card without ever destroying it, and scores for the fright.",refs:673,carried
Found-Object Percussion,Skill,grid-local,line,no,1,Rare,prop;combo,Blue Man Group and Stomp - junk becomes the orchestra.,on_score,A card that turns every prop card in its line into a scoring instrument.,refs:674-680,carried
Handle with care,Meta,global,none,no,1,-,docs;ruling,"Real history includes exploitation and tragedy - these ground the tone precisely because the road was hard, and must be referenced with respect rather than turned into jokes or loot.",design,The governing rule for this whole quarry. Every entry below is a specific prohibition.,refs:680-683,carried
Human exhibits,Meta,global,none,no,1,-,docs;ruling,"Human ethnological exhibits - Ota Benga, Sarah Baartman - are never to be gamified. Full stop.",design,The only absolute prohibition in the file.,refs:684,carried
Animal cruelty,Meta,global,none,no,1,-,docs;ruling,"Topsy's electrocution, Mary the elephant, fear-based training - acknowledge this by making Hagenbeck's kindness mechanically superior to consumption.",design,A constructive ruling: the humane path should also be the strong one.,refs:685-687,carried
The Hartford fire,Meta,global,none,no,1,-,docs;ruling,The 1944 fire's legacy of fire marshals and flameproofing works as a town rule; the unidentified victim never becomes content.,design,The Fire Marshal blind is the permitted use.,refs:688-689,carried
Performer deaths,Meta,global,none,no,1,-,docs;ruling,"Leitzel, Codona, the Wallendas and the bullet-catch fatalities are usable as memorial framing - fragility stamps and act-retired-forever events - where the history is honoured, not punchlined.",design,Why the Aerialist leader's fragility is written as tribute rather than as a drawback.,refs:690-692,carried
Sacred performance,Meta,global,none,no,1,-,docs;ruling,"Heyoka, Egungun, dervishes and daikagura - borrow the concepts of contrariness, stilted guardianship, spin and blessing under generic names; never borrow regalia, deity names, or claim the ritual.",design,The rule every sacred entry in this file is filed under.,refs:693-695,carried
Songlines and corroboree,Meta,global,none,no,1,-,docs;ruling,"Knowledge systems and ceremony, not set dressing - the concept of a route remembered as a song is usable under a generic name; specific songlines, symbols and ceremony are not.",design,Why the Songlines row records the idea and refuses the mechanic.,refs:696-698,carried
Haka protocol,Meta,global,none,no,1,-,docs;ruling,"Specific haka belong to specific iwi and carry protocol - use the generic idea of a challenge-dance opener, never reproduce ka mate or specific choreography.",design,The constraint on the haka entry.,refs:699-701,carried
Ball culture lineage,Meta,global,none,no,1,-,docs;ruling,"Houses, categories and reading come from Black and Latino queer communities who built their own stage after exclusion from everyone else's - credit the lineage in flavour text, keep the joy, skip the caricature.",design,The constraint on the ballroom entries.,refs:702-704,carried
Romani contribution,Meta,global,none,no,1,-,docs;ruling,"Centuries of real contribution to European music, horse arts and fairground craft - credit the virtuosity and retire the costume-shop fortune-teller cliche. The class should read as midway mitt camp, not as ethnicity.",design,The constraint that shapes the Fortune Teller class's art direction.,refs:705-708,carried
Dia de los Muertos framing,Meta,global,none,no,1,-,docs;ruling,"Festive remembrance, not Halloween horror - the Ofrenda event should feel like a family reunion rather than a spook show.",design,The constraint on that event.,refs:709-710,carried
Kayfabe tragedies,Meta,global,none,no,1,-,docs;ruling,"Wrestling's real history includes exploited and broken performers behind the fiction - mine the tropes, never specific people's pain.",design,The constraint on the whole kayfabe layer.,refs:711-717,carried
New spatial verbs index,Meta,grid-local,x,yes,2+,-,index;movement,"The game's core currency, indexed - the Courier across two columns, the Contortionist sharing a cell, the Foot Juggler's sub-slot, Walking Through the Wall, the Wing Walker's mid-flight transfer, the High Dive, the Dragon meld, the Brass Ring, the Castell crown, Keaton's one safe cell, the Crowd Surf, the Invisible Wall, the Traceur, the Clock Hang, the Puszta Five, and flooded or iced rows.",design,The single most useful page in the file for a grid game. Every one of these is a placement or movement rule nothing else in the design provides.,refs:719-725,carried
Anti-spotlight index,Meta,grid-local,h,yes,1,-,index;spotlight,"Cards that want to be covered - the Mango Seed, Cyr's Backlift, the Turk, the Spirit Cabinet, X-Ray Eyes, Humbug, the Incubator, the costaleros who add their rank to their carrier, and the water-puppet operators.",design,"Height stacking made this whole family playable, and it is the counterweight the spotlight system needs.",refs:726-729,carried
Deck-position index,Meta,global,deck,no,1,-,index;deck-manip,"Extending Heavy, Light and the Act types - the Ambitious Card, the Marked stamp, the Bottom Deal, the Hunger Artist and the Holdout.",design,Five cards that all manipulate one number nothing else touches.,refs:730-731,carried
Economy index,Meta,global,deck,no,1,-,index;economy,"Canfield's house rules, money-suited cards, Ticket Stubs, the Forged Ace, Snake Oil, the Rat Sheet, brass checks, the Dubplate, the claque racket, Sponsorship, the Shredder and the Hat.",design,"Twelve economy hooks, none of which needs a second currency to work.",refs:732-735,carried
The duel system,Rule,global,none,no,1,-,index;duel,"One alternating one-upmanship minigame with twelve regional skins - flyting, repentistas and payadores, extempo, balagtasan, the scissors dance, cutting contests, reading, katajjaq, jugalbandi, lip sync, Sharman's boxing tent and Greenlandic drum duels.",map,Build it once and skin it globally. The best return on effort anywhere in the compendium.,refs:736-742,carried
The ban-workaround family,Rule,global,deck,no,1,-,index;secret,"Towns ban and cards adapt - capoeira, steelpan, the gumboot code, hanafuda, Czech puppets, frevo umbrellas and wrestling's blind spot. Oppression into invention is the most repeated story in world performance.",on_game_start,"A core mechanic loop rather than a card family, and the most thematically loaded thing in the file.",refs:743-748,carried
The protection family,Rule,grid-local,x,no,1,-,index;protection,"One bodyguard verb with many faces - the rodeo clown, the target girl, the stunt double, the mime escort, the Vine stamp and Lloyd's Policy.",on_board_mutated,"Six cards, one mechanic, and the counterplay layer every hazard blind needs.",refs:749-751,carried
Build-to-burn,Rule,grid-local,grid,yes,1,-,index;destruction,"Investment cards that pay out on destruction - Las Fallas with its pardoned ninot, and Burning Man with Leave No Trace as an empty-board bonus.",on_game_end,The only card family whose reward requires you to lose the board.,refs:752-753,carried
Boss and town batch two,Blind,global,none,no,1,-,index;blind,"Hall of Mirrors, the Marathon, Exposition City, jaded cities, the Riot of the Factions, the Faro Bank, the day-and-date Showdown, the Balance boss, the Prepared Town, the Gong, the Scam Booking, the two-faction city and the Loggione.",on_game_start,"Thirteen blinds already named here, and every one of them is in the blinds file.",refs:754-758,carried
The kayfabe layer,Rule,global,deck,no,1,-,index;secret,"Wrestling's gift taken wholesale - the Kayfabe rule card under which Gaffs count as real, face and heel alignment, Heat as a second currency, the Belt stamp, the Mask Wager, the Streak, the Screwjob once per profile, and the designated loser's one-in-a-thousand win.",on_game_start,"A complete subsystem, already coherent, and carnival-descended so it fits the theme exactly.",refs:759-762,carried
Secrets batch two,Meta,global,none,no,1,-,index;secret,"The four-by-thirteen Voladores calendar, the yakuza hand, the Dead Man's Hand, the Disaster March audio tell, Zip's unanswered question, the named court cards, the uncredited artist, Buchinger's micro-text, the rope trick that becomes real, the Scottish Play ritual, the rider's hidden clause, wax-and-gold double text, the out-of-game mystery, and duende as unpurchasable transcendence.",design,"Fourteen secrets, none of which needs an answer to work.",refs:763-767,carried
Meta structures index,Meta,global,none,no,1,-,index;meta,"The Academy, the dynasties, the Kellar to Thurston succession, the social-circus school, Winter Quarters, Residency mode, speedrun-category endless modes, the seasonal crown, per-card personal bests, and the busker-to-space arc.",design,"Ten meta-progression shapes, each with a real institution behind it.",refs:768-772,carried
Naming gifts,Meta,global,none,no,1,-,naming;index,"Call the acts The Pledge, The Turn and The Prestige; call the final city The Palace; call the discard Showmen's Rest.",design,Three free names. The first is now historical - the three acts are gone - but The Palace and Showmen's Rest still stand.,refs:773-774,carried
The five stories,Meta,global,none,no,1,-,flavor;index,"The stories worth full flavour-text treatment - Couney's incubators, Blackstone's calm evacuation, Adelaide Herrmann's bullet catch, Reginald Scot's merciful expose, Pablo Fanque's poster becoming a Beatles song, Marceau's silent children, the steelpan's invention, the Generals' 1971 win, the enxaneta's raised hand, and Love is in the Bin.",design,"Ten true stories, each of which makes a card memorable without a single invented word.",refs:775-779,carried
Reference table separators,Meta,global,none,no,1,-,docs;structure,"The column separators of the four reference tables that open Parts C, D, E and G.",design,"Markdown structure, recorded so every line of the compendium is accounted for.",refs:409;refs:469;refs:498;refs:639,carried
The organized record,Meta,global,none,no,1,-,docs;design,"The design document is the draft compiled into topics, cross-referenced against the code, preserving each topic's history as a mini-timeline that always ends with the latest state. Nothing is deleted, including abandoned ideas.",design,"The one doc that says what the owner decided rather than what an agent proposed. Its status legend - implemented, partial, designed, sketch, abandoned, summary-only - is what makes it auditable.",doc:1-21,carried
Identity and pitch,Meta,global,none,no,1,-,identity;design,"Solatro - Balatro, but the hand-play is solitaire. A circus deckbuilder where the Ringmaster arranges performers in the Ring to excite the audience, touring a generated world.",design,The pitch survived the overhaul word for word; only the shape of the Ring changed.,doc:23-35,carried
Stated references,Meta,global,none,no,1,-,reference;research,"Balatro, the Zachtronics collection, Hempuli, Deadman Wonderland, FTL, Slay the Spire, TFT, One Step From Eden, Umamusume, Vampire Survivors, Mewgenics, Inscryption, Steel Ball Run and Titanium Court.",design,"Each reference is attached to the system it informed, which is what makes the list usable rather than decorative.",doc:36-48,carried
Design philosophy one-liners,Meta,global,none,no,1,-,design;principle,Scoring contextualises every card; a run should yak-shave the player into a new plan; flexibility is part of a card's budget; do not multiply progression systems; secrets drive engagement without answers.,design,Five rulings that between them decide most balance arguments before they start.,doc:49-59,carried
Loop v1,Rule,grid-local,y,no,1,-,superseded;flow,"Deck-click drops with score slots on the right, mulliganable and rearrangeable incoming cards.",on_next,"Superseded twice - first by whole-board submit, then by the grid.",doc:61-68,superseded
Loop v2,Rule,grid-local,board,yes,1,-,superseded;flow,"Whole-board submit - draw continuously, press Submit to evaluate the entire board, which then clears and reseeds from the Entrance.",on_next,Superseded by the grid. Scoring now fires on completion and End clears nothing.,doc:69-79,superseded
Undo is always live,Rule,global,none,no,1,-,undo;flow,"Undo during a resolving act cancels it with nothing committed, and undo at the outcome screen rewinds the final Submit. Fame banks at Continue rather than at the outcome screen, so a win stays undoable until committed.",on_game_end,"Shipped, and the banking rule is the subtle part - it is what stops a resumed win double-banking.",doc:80-87,implemented
Loop implementation state,Rule,grid-local,grid,yes,2+,-,architecture;flow,"The game class with its draw deck, discard, Entrance and Ring, where the Entrance card drops stacks and refills from the deck, and one rule card performs the evaluation.",design,Every part survived the overhaul except the drop - the Entrance now hands cards over rather than dropping them.,doc:88-96,carried
Board and zones,Rule,grid-local,x,no,1,-,board;architecture,Five columns chosen so a full row is a poker hand; two zones renamed Grand Entrance and the Ring; the column count set by rule cards rather than hardcoded; duplicate rule cards identified by rank; null cards; expanding zone controls; the board as an array.,design,"The five-wide choice is the one decision the whole overhaul rests on. The immutability worry resolved itself - zones exist, but the count is five separate cards.",doc:98-119,carried
Stacking and movement,Rule,grid-local,h,yes,1,-,stacking;rule,"Illegal stacks could once only go to the submission spot; then only legal stacks could be lifted at all; the legal stack is an ascending or descending run of differing suits, decided by a resolver that gathers allow and deny votes.",on_can_place_stack,"The resolver survived the overhaul untouched, which is why stacking upward needed no new rules.",doc:121-142,carried
Scoring timeline,Rule,grid-local,line,no,1,-,scoring;economy,"Cribbage counting, then dual-axis rows and columns with the two totals multiplied, then the combo reframe where the payout is the row total times the column total times the combo.",on_after_score,"The three-bucket product is the fourth entry in this timeline, and the first one that had to account for diagonals.",doc:144-183,carried
Performance rings,Rule,grid-local,y,yes,1,-,scoring;ring,"Score zones by board depth - the first five rows at one multiple, the next band at two, and so on outward.",on_score,"Now a height band rather than a row band, because the board grows upward.",doc:184-186,carried
Trigger order,Rule,global,deck,no,2+,-,order;architecture,"Field effects, then the deck top-down, then the board left to right and top to bottom including the Entrance, then the discard newest first.",on_anything,Unchanged except that the board walk now covers every grid in turn.,doc:187-190,carried
Big numbers,Rule,global,none,no,1,-,score;architecture,"Planned from the start with an infinite number class, and never a single digit.",on_score,Shipped. The grid's score buckets are the newest thing that had to learn to pack them.,doc:191-194,implemented
Avalanche filed,Skill,grid-local,board,yes,1,Epic,scoring;destruction,"After scoring, every card on the board attacks the scoreboard, reducing the goal by the number of cards.",on_game_end,"The prototype for every goal-manipulating effect, and still the only one.",doc:195-199,carried
Card anatomy,Rule,global,none,no,1,-,architecture;card,"Suit, rank, stamp slot, skill slot and type; one parent and one child; a board of zones plus three decks; the layout parsed from the rules at creation; the scoring UI deliberately not card-implemented.",design,"The engine contract, all of it implemented, and none of it changed by the overhaul.",doc:201-212,implemented
Vocabulary timeline,Meta,global,none,no,1,-,naming;stamp,Seals became Stamps; card materials became Types; the stamp might yet become a diegetic hat or a piece of costume.,design,The newest draft weighed a second equipment slot and judged it overkill.,doc:213-216,carried
Pip architecture,Rule,grid-local,cell,no,1,-,architecture;pip,One comparator for every pip interaction with mods polled before any numeric fallback; each pip owning its visuals; pips able to register their own scoring methods; pip effects permanently active; the wild pip tracking what it copies.,on_can_place_stack,"Implemented as designed, which is unusual enough to be worth noting.",doc:217-231,implemented
Determinism,Rule,global,none,no,1,-,architecture;determinism,"Everything deterministic, with a hand-written generator the engine cannot change and per-seed random offsets rather than one shared seed.",on_game_start,The map side is fully seeded already; the game side is not.,doc:232-237,carried
Spotlight timeline,Rule,grid-local,h,yes,1,-,spotlight;rule,"From all revealed cards act, to abilities needing to be visible with a stamp exempting them, to the Spotlight rebrand where an unblocked card is in the spotlight.",on_spotlight,Implemented. Height stacking is what finally made covering a decision rather than an accident.,doc:239-255,implemented
Spotlight presentation,View,grid-local,h,yes,1,-,ui;spotlight,"Cards peeking over their blockers, literal spotlight beams instead of glow, the eye stamp showing a miniature of its skill art, the show-all-actives toggle and the compress-board view.",design,The reveal offset shipped as part of the grid layout; the two buttons are still wanted.,doc:256-268,carried
The rule deck,Rule,global,none,no,1,-,architecture;rule,"A hidden deck of cards defining the defaults, which the player can modify during a run; boss effects as temporary cards that destroy themselves; vouchers in the main deck; Baba-is-you visibility rules; rule cards carrying random pips; the rule deck resolving last; input slots as cards; game laws as plain text; true vision as a prestige unlock; a rules-in-hand deck variant; per-scenario rule decks; the level-deck idea rejected; a force-trigger card; a rulesets pack; and the vetoed playable-deck idea.",on_game_start,The single most productive idea in the document. The blinds category is its newest dividend.,doc:270-317,carried
Circus vocabulary table,Meta,global,none,no,1,-,naming;theme,"Grand Entrance and the Ring, performers and feats, prop cards, exciting the audience, the Ringmaster, conventions, spotlight, cue, talent packs, the presentation stage, the carnival, the traveling troupe, and shows at towns.",design,"Overscore and tips are marked retired in the table, which the newest economy work may reverse.",doc:319-345,carried
Suits and projectiles,Suit,grid-local,line,no,1,-,suit;prop,"Four standard suits today and a circus roster planned; scored cards spawning props of their suit by rank; knives and hoops travelling the row, balls and flames the column; then the balance pass giving knives the plain cards and hoops the talents.",on_score,"Shipped in full, including the balance pass.",doc:347-371,implemented
Suit-props contract,Prop,grid-local,line,no,1,-,architecture;prop,"Nominal suit subclasses with no ordering, factory switching with a random roster, firing once per meld membership, the knife kept as the hoop's mirror, fire as a count buff through the Burning status, the mancala walk for ballistic targeting, props as transient composed modifiers, no randomness inside the simulation, and a view layer that only interpolates.",on_score,"The tightest contract in the codebase, and the reason a fifth suit would be one file.",doc:372-405,implemented
Leaders and classes,Leader,grid-local,cell,no,1,-,leader;class,Leaders start on the board or in the Entrance and survive scoring; the Ringmaster is the example spec; eleven classes each with a mechanical identity; groups that leaders boost; and the three Act types controlling deck position.,on_game_start,The class list is the taxonomy every card in the catalog is filed under.,doc:407-451,carried
Cues and charges,Rule,grid-local,cell,no,1,-,charges;input,Right-click to cue with a glowing halo divided by remaining charges; one shared charge system; effects that latch on permanently; buttons built as cards; and an info toggle for full descriptions.,on_trigger,The halo's divided-not-resized design is the good detail here.,doc:453-472,carried
Special decks,Deck,global,deck,no,1,-,deck;variant,"The magic deck of elements, the survivor deck of supplies, Double Everything, rules-in-hand, the custom deck as the final unlock, and deck unlocks doubling as gimmick runs.",on_game_start,Double Everything is the deck the grid allotment rule most rewards.,doc:474-485,carried
The catalog,Meta,global,none,no,1,-,catalog;docs,"The card spreadsheet - skills, stamps, types, rule cards, and the summary-only cards that an auto-summary invented rather than the owner.",design,The catalog is now the file this rewrite gave axis columns to.,doc:487-496,carried
Catalog skills,Skill,grid-local,cell,no,1,-,catalog;skill,"Extra Point, Echoing Trigger, Hungry Hippo, Sin of Gluttony, Frankenstein, Sliced Bread, Gold, Exchange Voucher, the three God cards, Mystery Box, Pandora's Box, Utter Chaos, HONK, Avalanche, Storyteller, Presentation, Cheat Day, Press Bribery, the rarity chain, Spiderweb, Poker Crown, Column Poker, Genie's Wish, the discard joker, the charge acrobat, the reroll blessing, the Ringmaster and the Label rule card.",on_score,"Twenty-eight cards, of which six are implemented and the rest are restated for the grid in this file.",doc:497-528,carried
Catalog stamps,Stamp,grid-local,cell,no,1,-,catalog;stamp,"Double Trigger, Revealing, Global, Money on Trigger, Maximum Effort and the always-grabbable stamp.",on_trigger,"Three shipped, three still designed.",doc:530-539,carried
Catalog types,Type,global,deck,no,1,-,catalog;type,"Paper, Stone, Heavy, Light, the four elementals, Input, Booster, the three Acts, Leader and Immovable.",on_game_start,Water's elemental behaviour is the one entry the grid superseded outright.,doc:541-554,carried
Catalog rule cards,Rule,grid-local,grid,no,2+,-,catalog;rule,"The input adders, the zone adders, the OG grabber and placer, the cascade scorer, the poker evaluator, boss rules and swappable ruleset defaults.",on_game_start,The cascade scorer and the zone adder are the two the grid replaced; everything else carried over.,doc:556-567,carried
Summary-only cards,Meta,global,none,no,1,-,catalog;ruling,"Cards an auto-summary invented rather than the owner - Helium, The Acrobat, The Anarchist, Ghost Card, Searing Knife, Sliced Reality, the Tappable Clown, the Wildcard Pip, and Symmetrical Show, which turned out to be genuinely user-authored.",design,Flagging provenance like this is what let the recommendations adopt three and reject two on the record.,doc:569-583,carried
Map timeline,Map,global,none,no,1,-,map;structure,"The minesweeper board, then the triangle map that was actually built, then biome-world sketches, then the FTL constellation world tour.",map,"Only the last one survives, and the worldgen addon already renders it.",doc:585-624,carried
Map content and UX,Map,global,none,no,1,-,map;node,"Packs or rarer singles at nodes, a preview with a separate confirm, biome unlocks with the Mewgenics caution attached, pre-generated maps on a background thread, procedural biome fill and the star-wars scroll for card choice.",map,"The Mewgenics caution is the owner flagging their own idea as a risk, which is worth preserving.",doc:641-657,carried
Economy,Economy,global,deck,no,1,-,economy;shop,Cards are the currency with no abstract gold; the shop prices in stacks of your own cards; mana cards as an alternative; shops built from the board; the carnival as the meta shop; and an exponential power curve because flexibility is part of a budget.,shop,The pricing philosophy is the one line the catalog's cost column should be audited against.,doc:659-679,carried
Turn resources,Rule,global,none,no,1,-,resource;flow,"The discard essay, one free undo per turn baked in, an extra reroll per game, and cards that cannot be retired until they have scored or triggered.",on_refill,The discard essay is now the strongest argument for what the Entrance refill should cost.,doc:681-694,carried
Rarity and packs,Meta,global,none,no,1,-,rarity;pack,"The card spreadsheet plan, rarity borders and shines, power-sorted rarity chains, arena-style pack mulligans, slot-machine pack opening and secret melds added by cards as they enter the deck.",shop,Power-sorted rarity is the only definition of rarity here that can be checked mechanically.,doc:696-716,carried
Meta progression,Meta,global,none,no,1,-,meta;progression,"Card unlocks on a shared pass, prestige spent at the carnival, deck unlocks merged with gimmick runs, ascensions with their prestige overlap flagged, community and lore treated sceptically, event-recycled prestige, a retire button, and persistence hooks carrying score between shows.",design,The ascension-prestige overlap warning is the owner catching their own system multiplication.,doc:718-752,carried
The optimization essay,Meta,global,none,no,1,-,design;balance,Deckbuilders chasing one number collapse into hyperfocus; formation-based win conditions do not scale; and the answer is boss blinds - negative effects that test whether a deck can handle anything.,design,"The essay that produced the blinds category, and the reason every blind targets a different pillar.",doc:754-768,carried
Difficulty levers,Rule,global,none,no,1,-,difficulty;balance,"The goal increment per match, the fame wager, progress gates behind extreme scores, quests, and Mewgenics-style debuffs like Exhausted.",on_game_start,The goal curve's refit is still open as its own phase.,doc:769-784,carried
Events and encounters,Event,global,none,no,1,-,event;narrative,"The genie's wish, history-driven events like the union strike and the taxman, minigame events with puzzle win conditions, the forbidden-solitaire variant and temporary prestige.",map,History-driven events are the cheapest way to make a run feel like it happened.,doc:786-797,carried
Art direction,Meta,global,none,no,1,-,art;direction,"From 3D-ish hovering motion to the stylized static look, with the budget moved into sound.",design,The direction the card flip followed.,doc:799-806,carried
Visual ideas,FX,global,none,no,1,-,vfx;juice,"The starfield, card art as background, the end-of-round swirl into the score numerals, the tornado into the deck, cards rising while scoring, screen shake with a camera shift, goofy travel animations, crunchy sound and cursor attraction, the slot-machine pack, rarity shines and the star-wars scroll.",on_after_score,"The swirl and the tornado both belong to End now, which is the only moment the board empties.",doc:807-831,carried
The appended summary,Meta,global,none,no,1,-,docs;research,"The auto-summary added little to the vision and architecture sections, invented several cards, and contributed a genuinely useful seed-systems appendix - independent RNG streams per subsystem, predetermined queues for shareable seeds, roll-then-discard for profile-stable seeds, and anti-repeat weight decay.",design,Four concrete seeding rules that the determinism work should implement verbatim.,doc:833-851,carried
The vetoed registry,Meta,global,none,no,1,-,docs;ruling,"Cribbage scoring, the deck-click loop, the submission spot, the minesweeper map, the triangle map that was built, map-card seeding, playable decks, custom rule decks, the level deck, scoring-as-cards, formation win conditions, node parenting, 3D hover motion, fifteens as default, and the mana bar - each with the reason it was dropped.",design,"Fifteen dead ends with their reasons preserved, which is what stops them being reinvented. Several are now revivable under the grid.",doc:853-873,carried
The reality check,Meta,global,none,no,1,-,docs;audit,"The prototype TODO list tracked against the code, item by item, and an explicit list of where the dream and the build disagree.",design,The habit worth keeping - a doc that states its own gap with the code.,doc:875-897,carried
Where they disagree,Meta,global,none,no,1,-,docs;audit,"The spotlight shipped, the rule-deck architecture shipped, deterministic RNG streams did not, and the pack mulligan, shop, economy, meta progression, leaders, acts and circus vocabulary are all still design rather than code.",design,"The honest list of what remains, and mostly unchanged by the overhaul - which was about the board, not the run.",doc:899-908,carried
Map implementation state,Map,global,none,no,1,-,map;architecture,"The worldgen addon bakes a seeded heightmap world into a node graph with ferry edges and threaded loading; the game side drives token traversal, assigns node roles deterministically from the seed, launches shows with fame requirements from the goal curve, forces five-card packs at booster nodes, persists runs, and reverses the tour end to start for endless mode with goals scaling per lap.",map,"Shipped. Still unbuilt - tips, fog of war, the hype wager and tour planning. The addon is vendored, so never edit the copy inside the game project.",doc:623-639,implemented
